yield,base_dipole,base_homo_energy,ligand_dipole_MING,ligand_dipole_MAXG,ligand_dipole_STDEV,ligand_homo_energy_MING,ligand_homo_energy_MAXG,ligand_homo_energy_STDEV,ligand_lumo_energy_MING,ligand_lumo_energy_STDEV,ligand_atom1_NMR_shift_MING,ligand_atom1_NMR_shift_MAXG,ligand_atom1_NMR_shift_STDEV,ligand_atom1_NMR_anisotropy_MING,ligand_atom1_NMR_anisotropy_MAXG,ligand_atom1_NMR_anisotropy_STDEV,ligand_atom2_NMR_shift_MING,ligand_atom2_NMR_shift_STDEV,ligand_atom2_NMR_anisotropy_MING,ligand_atom3_NMR_shift_MING,ligand_atom3_NMR_shift_STDEV,ligand_atom3_NMR_anisotropy_MING,ligand_atom4_NMR_shift_MING,ligand_atom4_NMR_anisotropy_MING,ligand_atom4_NMR_anisotropy_STDEV,ligand_atom1_%VBur_MING,ligand_atom2_%VBur_MING,ligand_atom2_%VBur_STDEV,ligand_atom3_%VBur_MING,ligand_atom3_%VBur_STDEV,ligand_atom4_%VBur_MING,ligand_atom4_%VBur_STDEV,ligand_c_min_%VBur_MING,ligand_c_min_%VBur_STDEV,ligand_c_min+1_%VBur_MING,ligand_c_min+1_%VBur_MAXG,ligand_c_min+1_%VBur_STDEV,ligand_c_max_%VBur_MING,ligand_c_max-1_%VBur_MING,ligand_c_max-1_%VBur_STDEV,solvent_homo_energy
5.47,7.1686,-0.19743,3.8245,2.6753,0.4345836520384166,-0.19126,-0.1839,0.0040939076687194,-0.01526,0.0031844190619176,348.0845,338.7551,16.217524241433285,52.0536,47.8768,19.23902485195502,60.148,2.262744571974486,148.3333,150.3153,3.861431906936177,24.9874,156.7629,14.51,3.88289496852787,0.8408430885302834,0.8432382264004071,0.0154152017497205,0.8204544774108559,0.020549549864377,0.8381784976497709,0.0165083546647066,0.68590760755666,0.0096491573647638,0.7181521511331995,0.6548905721385586,0.041846017276907,0.8408430885302834,0.7638394060058081,0.0133268038159292,-0.2338
5.22,7.1686,-0.19743,3.8245,2.6753,0.4345836520384166,-0.19126,-0.1839,0.0040939076687194,-0.01526,0.0031844190619176,348.0845,338.7551,16.217524241433285,52.0536,47.8768,19.23902485195502,60.148,2.262744571974486,148.3333,150.3153,3.861431906936177,24.9874,156.7629,14.51,3.88289496852787,0.8408430885302834,0.8432382264004071,0.0154152017497205,0.8204544774108559,0.020549549864377,0.8381784976497709,0.0165083546647066,0.68590760755666,0.0096491573647638,0.7181521511331995,0.6548905721385586,0.041846017276907,0.8408430885302834,0.7638394060058081,0.0133268038159292,-0.2338
5.03,7.1686,-0.19743,3.8245,2.6753,0.4345836520384166,-0.19126,-0.1839,0.0040939076687194,-0.01526,0.0031844190619176,348.0845,338.7551,16.217524241433285,52.0536,47.8768,19.23902485195502,60.148,2.262744571974486,148.3333,150.3153,3.861431906936177,24.9874,156.7629,14.51,3.88289496852787,0.8408430885302834,0.8432382264004071,0.0154152017497205,0.8204544774108559,0.020549549864377,0.8381784976497709,0.0165083546647066,0.68590760755666,0.0096491573647638,0.7181521511331995,0.6548905721385586,0.041846017276907,0.8408430885302834,0.7638394060058081,0.0133268038159292,-0.2338
3.6,7.1686,-0.19743,3.8245,2.6753,0.4345836520384166,-0.19126,-0.1839,0.0040939076687194,-0.01526,0.0031844190619176,348.0845,338.7551,16.217524241433285,52.0536,47.8768,19.23902485195502,60.148,2.262744571974486,148.3333,150.3153,3.861431906936177,24.9874,156.7629,14.51,3.88289496852787,0.8408430885302834,0.8432382264004071,0.0154152017497205,0.8204544774108559,0.020549549864377,0.8381784976497709,0.0165083546647066,0.68590760755666,0.0096491573647638,0.7181521511331995,0.6548905721385586,0.041846017276907,0.8408430885302834,0.7638394060058081,0.0133268038159292,-0.2338
2.41,7.1686,-0.19743,3.8245,2.6753,0.4345836520384166,-0.19126,-0.1839,0.0040939076687194,-0.01526,0.0031844190619176,348.0845,338.7551,16.217524241433285,52.0536,47.8768,19.23902485195502,60.148,2.262744571974486,148.3333,150.3153,3.861431906936177,24.9874,156.7629,14.51,3.88289496852787,0.8408430885302834,0.8432382264004071,0.0154152017497205,0.8204544774108559,0.020549549864377,0.8381784976497709,0.0165083546647066,0.68590760755666,0.0096491573647638,0.7181521511331995,0.6548905721385586,0.041846017276907,0.8408430885302834,0.7638394060058081,0.0133268038159292,-0.2338
3.14,7.1686,-0.19743,3.8245,2.6753,0.4345836520384166,-0.19126,-0.1839,0.0040939076687194,-0.01526,0.0031844190619176,348.0845,338.7551,16.217524241433285,52.0536,47.8768,19.23902485195502,60.148,2.262744571974486,148.3333,150.3153,3.861431906936177,24.9874,156.7629,14.51,3.88289496852787,0.8408430885302834,0.8432382264004071,0.0154152017497205,0.8204544774108559,0.020549549864377,0.8381784976497709,0.0165083546647066,0.68590760755666,0.0096491573647638,0.7181521511331995,0.6548905721385586,0.041846017276907,0.8408430885302834,0.7638394060058081,0.0133268038159292,-0.2338
5.75,7.1686,-0.19743,3.8245,2.6753,0.4345836520384166,-0.19126,-0.1839,0.0040939076687194,-0.01526,0.0031844190619176,348.0845,338.7551,16.217524241433285,52.0536,47.8768,19.23902485195502,60.148,2.262744571974486,148.3333,150.3153,3.861431906936177,24.9874,156.7629,14.51,3.88289496852787,0.8408430885302834,0.8432382264004071,0.0154152017497205,0.8204544774108559,0.020549549864377,0.8381784976497709,0.0165083546647066,0.68590760755666,0.0096491573647638,0.7181521511331995,0.6548905721385586,0.041846017276907,0.8408430885302834,0.7638394060058081,0.0133268038159292,-0.2338
5.49,7.1686,-0.19743,3.8245,2.6753,0.4345836520384166,-0.19126,-0.1839,0.0040939076687194,-0.01526,0.0031844190619176,348.0845,338.7551,16.217524241433285,52.0536,47.8768,19.23902485195502,60.148,2.262744571974486,148.3333,150.3153,3.861431906936177,24.9874,156.7629,14.51,3.88289496852787,0.8408430885302834,0.8432382264004071,0.0154152017497205,0.8204544774108559,0.020549549864377,0.8381784976497709,0.0165083546647066,0.68590760755666,0.0096491573647638,0.7181521511331995,0.6548905721385586,0.041846017276907,0.8408430885302834,0.7638394060058081,0.0133268038159292,-0.2338
5.95,7.1686,-0.19743,3.8245,2.6753,0.4345836520384166,-0.19126,-0.1839,0.0040939076687194,-0.01526,0.0031844190619176,348.0845,338.7551,16.217524241433285,52.0536,47.8768,19.23902485195502,60.148,2.262744571974486,148.3333,150.3153,3.861431906936177,24.9874,156.7629,14.51,3.88289496852787,0.8408430885302834,0.8432382264004071,0.0154152017497205,0.8204544774108559,0.020549549864377,0.8381784976497709,0.0165083546647066,0.68590760755666,0.0096491573647638,0.7181521511331995,0.6548905721385586,0.041846017276907,0.8408430885302834,0.7638394060058081,0.0133268038159292,-0.2338
0.07,7.7731,-0.2019,3.8245,2.6753,0.4345836520384166,-0.19126,-0.1839,0.0040939076687194,-0.01526,0.0031844190619176,348.0845,338.7551,16.217524241433285,52.0536,47.8768,19.23902485195502,60.148,2.262744571974486,148.3333,150.3153,3.861431906936177,24.9874,156.7629,14.51,3.88289496852787,0.8408430885302834,0.8432382264004071,0.0154152017497205,0.8204544774108559,0.020549549864377,0.8381784976497709,0.0165083546647066,0.68590760755666,0.0096491573647638,0.7181521511331995,0.6548905721385586,0.041846017276907,0.8408430885302834,0.7638394060058081,0.0133268038159292,-0.2338
0.0,7.7731,-0.2019,3.8245,2.6753,0.4345836520384166,-0.19126,-0.1839,0.0040939076687194,-0.01526,0.0031844190619176,348.0845,338.7551,16.217524241433285,52.0536,47.8768,19.23902485195502,60.148,2.262744571974486,148.3333,150.3153,3.861431906936177,24.9874,156.7629,14.51,3.88289496852787,0.8408430885302834,0.8432382264004071,0.0154152017497205,0.8204544774108559,0.020549549864377,0.8381784976497709,0.0165083546647066,0.68590760755666,0.0096491573647638,0.7181521511331995,0.6548905721385586,0.041846017276907,0.8408430885302834,0.7638394060058081,0.0133268038159292,-0.2338
0.26,7.7731,-0.2019,3.8245,2.6753,0.4345836520384166,-0.19126,-0.1839,0.0040939076687194,-0.01526,0.0031844190619176,348.0845,338.7551,16.217524241433285,52.0536,47.8768,19.23902485195502,60.148,2.262744571974486,148.3333,150.3153,3.861431906936177,24.9874,156.7629,14.51,3.88289496852787,0.8408430885302834,0.8432382264004071,0.0154152017497205,0.8204544774108559,0.020549549864377,0.8381784976497709,0.0165083546647066,0.68590760755666,0.0096491573647638,0.7181521511331995,0.6548905721385586,0.041846017276907,0.8408430885302834,0.7638394060058081,0.0133268038159292,-0.2338
0.0,7.7731,-0.2019,3.8245,2.6753,0.4345836520384166,-0.19126,-0.1839,0.0040939076687194,-0.01526,0.0031844190619176,348.0845,338.7551,16.217524241433285,52.0536,47.8768,19.23902485195502,60.148,2.262744571974486,148.3333,150.3153,3.861431906936177,24.9874,156.7629,14.51,3.88289496852787,0.8408430885302834,0.8432382264004071,0.0154152017497205,0.8204544774108559,0.020549549864377,0.8381784976497709,0.0165083546647066,0.68590760755666,0.0096491573647638,0.7181521511331995,0.6548905721385586,0.041846017276907,0.8408430885302834,0.7638394060058081,0.0133268038159292,-0.2338
0.0,7.7731,-0.2019,3.8245,2.6753,0.4345836520384166,-0.19126,-0.1839,0.0040939076687194,-0.01526,0.0031844190619176,348.0845,338.7551,16.217524241433285,52.0536,47.8768,19.23902485195502,60.148,2.262744571974486,148.3333,150.3153,3.861431906936177,24.9874,156.7629,14.51,3.88289496852787,0.8408430885302834,0.8432382264004071,0.0154152017497205,0.8204544774108559,0.020549549864377,0.8381784976497709,0.0165083546647066,0.68590760755666,0.0096491573647638,0.7181521511331995,0.6548905721385586,0.041846017276907,0.8408430885302834,0.7638394060058081,0.0133268038159292,-0.2338
0.0,7.7731,-0.2019,3.8245,2.6753,0.4345836520384166,-0.19126,-0.1839,0.0040939076687194,-0.01526,0.0031844190619176,348.0845,338.7551,16.217524241433285,52.0536,47.8768,19.23902485195502,60.148,2.262744571974486,148.3333,150.3153,3.861431906936177,24.9874,156.7629,14.51,3.88289496852787,0.8408430885302834,0.8432382264004071,0.0154152017497205,0.8204544774108559,0.020549549864377,0.8381784976497709,0.0165083546647066,0.68590760755666,0.0096491573647638,0.7181521511331995,0.6548905721385586,0.041846017276907,0.8408430885302834,0.7638394060058081,0.0133268038159292,-0.2338
0.66,7.7731,-0.2019,3.8245,2.6753,0.4345836520384166,-0.19126,-0.1839,0.0040939076687194,-0.01526,0.0031844190619176,348.0845,338.7551,16.217524241433285,52.0536,47.8768,19.23902485195502,60.148,2.262744571974486,148.3333,150.3153,3.861431906936177,24.9874,156.7629,14.51,3.88289496852787,0.8408430885302834,0.8432382264004071,0.0154152017497205,0.8204544774108559,0.020549549864377,0.8381784976497709,0.0165083546647066,0.68590760755666,0.0096491573647638,0.7181521511331995,0.6548905721385586,0.041846017276907,0.8408430885302834,0.7638394060058081,0.0133268038159292,-0.2338
0.74,7.7731,-0.2019,3.8245,2.6753,0.4345836520384166,-0.19126,-0.1839,0.0040939076687194,-0.01526,0.0031844190619176,348.0845,338.7551,16.217524241433285,52.0536,47.8768,19.23902485195502,60.148,2.262744571974486,148.3333,150.3153,3.861431906936177,24.9874,156.7629,14.51,3.88289496852787,0.8408430885302834,0.8432382264004071,0.0154152017497205,0.8204544774108559,0.020549549864377,0.8381784976497709,0.0165083546647066,0.68590760755666,0.0096491573647638,0.7181521511331995,0.6548905721385586,0.041846017276907,0.8408430885302834,0.7638394060058081,0.0133268038159292,-0.2338
0.89,7.7731,-0.2019,3.8245,2.6753,0.4345836520384166,-0.19126,-0.1839,0.0040939076687194,-0.01526,0.0031844190619176,348.0845,338.7551,16.217524241433285,52.0536,47.8768,19.23902485195502,60.148,2.262744571974486,148.3333,150.3153,3.861431906936177,24.9874,156.7629,14.51,3.88289496852787,0.8408430885302834,0.8432382264004071,0.0154152017497205,0.8204544774108559,0.020549549864377,0.8381784976497709,0.0165083546647066,0.68590760755666,0.0096491573647638,0.7181521511331995,0.6548905721385586,0.041846017276907,0.8408430885302834,0.7638394060058081,0.0133268038159292,-0.2338
4.74,10.1478,-0.16646,3.8245,2.6753,0.4345836520384166,-0.19126,-0.1839,0.0040939076687194,-0.01526,0.0031844190619176,348.0845,338.7551,16.217524241433285,52.0536,47.8768,19.23902485195502,60.148,2.262744571974486,148.3333,150.3153,3.861431906936177,24.9874,156.7629,14.51,3.88289496852787,0.8408430885302834,0.8432382264004071,0.0154152017497205,0.8204544774108559,0.020549549864377,0.8381784976497709,0.0165083546647066,0.68590760755666,0.0096491573647638,0.7181521511331995,0.6548905721385586,0.041846017276907,0.8408430885302834,0.7638394060058081,0.0133268038159292,-0.2338
4.23,10.1478,-0.16646,3.8245,2.6753,0.4345836520384166,-0.19126,-0.1839,0.0040939076687194,-0.01526,0.0031844190619176,348.0845,338.7551,16.217524241433285,52.0536,47.8768,19.23902485195502,60.148,2.262744571974486,148.3333,150.3153,3.861431906936177,24.9874,156.7629,14.51,3.88289496852787,0.8408430885302834,0.8432382264004071,0.0154152017497205,0.8204544774108559,0.020549549864377,0.8381784976497709,0.0165083546647066,0.68590760755666,0.0096491573647638,0.7181521511331995,0.6548905721385586,0.041846017276907,0.8408430885302834,0.7638394060058081,0.0133268038159292,-0.2338
4.08,10.1478,-0.16646,3.8245,2.6753,0.4345836520384166,-0.19126,-0.1839,0.0040939076687194,-0.01526,0.0031844190619176,348.0845,338.7551,16.217524241433285,52.0536,47.8768,19.23902485195502,60.148,2.262744571974486,148.3333,150.3153,3.861431906936177,24.9874,156.7629,14.51,3.88289496852787,0.8408430885302834,0.8432382264004071,0.0154152017497205,0.8204544774108559,0.020549549864377,0.8381784976497709,0.0165083546647066,0.68590760755666,0.0096491573647638,0.7181521511331995,0.6548905721385586,0.041846017276907,0.8408430885302834,0.7638394060058081,0.0133268038159292,-0.2338
1.96,10.1478,-0.16646,3.8245,2.6753,0.4345836520384166,-0.19126,-0.1839,0.0040939076687194,-0.01526,0.0031844190619176,348.0845,338.7551,16.217524241433285,52.0536,47.8768,19.23902485195502,60.148,2.262744571974486,148.3333,150.3153,3.861431906936177,24.9874,156.7629,14.51,3.88289496852787,0.8408430885302834,0.8432382264004071,0.0154152017497205,0.8204544774108559,0.020549549864377,0.8381784976497709,0.0165083546647066,0.68590760755666,0.0096491573647638,0.7181521511331995,0.6548905721385586,0.041846017276907,0.8408430885302834,0.7638394060058081,0.0133268038159292,-0.2338
1.85,10.1478,-0.16646,3.8245,2.6753,0.4345836520384166,-0.19126,-0.1839,0.0040939076687194,-0.01526,0.0031844190619176,348.0845,338.7551,16.217524241433285,52.0536,47.8768,19.23902485195502,60.148,2.262744571974486,148.3333,150.3153,3.861431906936177,24.9874,156.7629,14.51,3.88289496852787,0.8408430885302834,0.8432382264004071,0.0154152017497205,0.8204544774108559,0.020549549864377,0.8381784976497709,0.0165083546647066,0.68590760755666,0.0096491573647638,0.7181521511331995,0.6548905721385586,0.041846017276907,0.8408430885302834,0.7638394060058081,0.0133268038159292,-0.2338
1.68,10.1478,-0.16646,3.8245,2.6753,0.4345836520384166,-0.19126,-0.1839,0.0040939076687194,-0.01526,0.0031844190619176,348.0845,338.7551,16.217524241433285,52.0536,47.8768,19.23902485195502,60.148,2.262744571974486,148.3333,150.3153,3.861431906936177,24.9874,156.7629,14.51,3.88289496852787,0.8408430885302834,0.8432382264004071,0.0154152017497205,0.8204544774108559,0.020549549864377,0.8381784976497709,0.0165083546647066,0.68590760755666,0.0096491573647638,0.7181521511331995,0.6548905721385586,0.041846017276907,0.8408430885302834,0.7638394060058081,0.0133268038159292,-0.2338
6.26,10.1478,-0.16646,3.8245,2.6753,0.4345836520384166,-0.19126,-0.1839,0.0040939076687194,-0.01526,0.0031844190619176,348.0845,338.7551,16.217524241433285,52.0536,47.8768,19.23902485195502,60.148,2.262744571974486,148.3333,150.3153,3.861431906936177,24.9874,156.7629,14.51,3.88289496852787,0.8408430885302834,0.8432382264004071,0.0154152017497205,0.8204544774108559,0.020549549864377,0.8381784976497709,0.0165083546647066,0.68590760755666,0.0096491573647638,0.7181521511331995,0.6548905721385586,0.041846017276907,0.8408430885302834,0.7638394060058081,0.0133268038159292,-0.2338
7.34,10.1478,-0.16646,3.8245,2.6753,0.4345836520384166,-0.19126,-0.1839,0.0040939076687194,-0.01526,0.0031844190619176,348.0845,338.7551,16.217524241433285,52.0536,47.8768,19.23902485195502,60.148,2.262744571974486,148.3333,150.3153,3.861431906936177,24.9874,156.7629,14.51,3.88289496852787,0.8408430885302834,0.8432382264004071,0.0154152017497205,0.8204544774108559,0.020549549864377,0.8381784976497709,0.0165083546647066,0.68590760755666,0.0096491573647638,0.7181521511331995,0.6548905721385586,0.041846017276907,0.8408430885302834,0.7638394060058081,0.0133268038159292,-0.2338
7.43,10.1478,-0.16646,3.8245,2.6753,0.4345836520384166,-0.19126,-0.1839,0.0040939076687194,-0.01526,0.0031844190619176,348.0845,338.7551,16.217524241433285,52.0536,47.8768,19.23902485195502,60.148,2.262744571974486,148.3333,150.3153,3.861431906936177,24.9874,156.7629,14.51,3.88289496852787,0.8408430885302834,0.8432382264004071,0.0154152017497205,0.8204544774108559,0.020549549864377,0.8381784976497709,0.0165083546647066,0.68590760755666,0.0096491573647638,0.7181521511331995,0.6548905721385586,0.041846017276907,0.8408430885302834,0.7638394060058081,0.0133268038159292,-0.2338
0.0,11.0112,-0.17387,3.8245,2.6753,0.4345836520384166,-0.19126,-0.1839,0.0040939076687194,-0.01526,0.0031844190619176,348.0845,338.7551,16.217524241433285,52.0536,47.8768,19.23902485195502,60.148,2.262744571974486,148.3333,150.3153,3.861431906936177,24.9874,156.7629,14.51,3.88289496852787,0.8408430885302834,0.8432382264004071,0.0154152017497205,0.8204544774108559,0.020549549864377,0.8381784976497709,0.0165083546647066,0.68590760755666,0.0096491573647638,0.7181521511331995,0.6548905721385586,0.041846017276907,0.8408430885302834,0.7638394060058081,0.0133268038159292,-0.2338
0.0,11.0112,-0.17387,3.8245,2.6753,0.4345836520384166,-0.19126,-0.1839,0.0040939076687194,-0.01526,0.0031844190619176,348.0845,338.7551,16.217524241433285,52.0536,47.8768,19.23902485195502,60.148,2.262744571974486,148.3333,150.3153,3.861431906936177,24.9874,156.7629,14.51,3.88289496852787,0.8408430885302834,0.8432382264004071,0.0154152017497205,0.8204544774108559,0.020549549864377,0.8381784976497709,0.0165083546647066,0.68590760755666,0.0096491573647638,0.7181521511331995,0.6548905721385586,0.041846017276907,0.8408430885302834,0.7638394060058081,0.0133268038159292,-0.2338
0.0,11.0112,-0.17387,3.8245,2.6753,0.4345836520384166,-0.19126,-0.1839,0.0040939076687194,-0.01526,0.0031844190619176,348.0845,338.7551,16.217524241433285,52.0536,47.8768,19.23902485195502,60.148,2.262744571974486,148.3333,150.3153,3.861431906936177,24.9874,156.7629,14.51,3.88289496852787,0.8408430885302834,0.8432382264004071,0.0154152017497205,0.8204544774108559,0.020549549864377,0.8381784976497709,0.0165083546647066,0.68590760755666,0.0096491573647638,0.7181521511331995,0.6548905721385586,0.041846017276907,0.8408430885302834,0.7638394060058081,0.0133268038159292,-0.2338
0.0,11.0112,-0.17387,3.8245,2.6753,0.4345836520384166,-0.19126,-0.1839,0.0040939076687194,-0.01526,0.0031844190619176,348.0845,338.7551,16.217524241433285,52.0536,47.8768,19.23902485195502,60.148,2.262744571974486,148.3333,150.3153,3.861431906936177,24.9874,156.7629,14.51,3.88289496852787,0.8408430885302834,0.8432382264004071,0.0154152017497205,0.8204544774108559,0.020549549864377,0.8381784976497709,0.0165083546647066,0.68590760755666,0.0096491573647638,0.7181521511331995,0.6548905721385586,0.041846017276907,0.8408430885302834,0.7638394060058081,0.0133268038159292,-0.2338
0.0,11.0112,-0.17387,3.8245,2.6753,0.4345836520384166,-0.19126,-0.1839,0.0040939076687194,-0.01526,0.0031844190619176,348.0845,338.7551,16.217524241433285,52.0536,47.8768,19.23902485195502,60.148,2.262744571974486,148.3333,150.3153,3.861431906936177,24.9874,156.7629,14.51,3.88289496852787,0.8408430885302834,0.8432382264004071,0.0154152017497205,0.8204544774108559,0.020549549864377,0.8381784976497709,0.0165083546647066,0.68590760755666,0.0096491573647638,0.7181521511331995,0.6548905721385586,0.041846017276907,0.8408430885302834,0.7638394060058081,0.0133268038159292,-0.2338
0.0,11.0112,-0.17387,3.8245,2.6753,0.4345836520384166,-0.19126,-0.1839,0.0040939076687194,-0.01526,0.0031844190619176,348.0845,338.7551,16.217524241433285,52.0536,47.8768,19.23902485195502,60.148,2.262744571974486,148.3333,150.3153,3.861431906936177,24.9874,156.7629,14.51,3.88289496852787,0.8408430885302834,0.8432382264004071,0.0154152017497205,0.8204544774108559,0.020549549864377,0.8381784976497709,0.0165083546647066,0.68590760755666,0.0096491573647638,0.7181521511331995,0.6548905721385586,0.041846017276907,0.8408430885302834,0.7638394060058081,0.0133268038159292,-0.2338
0.0,11.0112,-0.17387,3.8245,2.6753,0.4345836520384166,-0.19126,-0.1839,0.0040939076687194,-0.01526,0.0031844190619176,348.0845,338.7551,16.217524241433285,52.0536,47.8768,19.23902485195502,60.148,2.262744571974486,148.3333,150.3153,3.861431906936177,24.9874,156.7629,14.51,3.88289496852787,0.8408430885302834,0.8432382264004071,0.0154152017497205,0.8204544774108559,0.020549549864377,0.8381784976497709,0.0165083546647066,0.68590760755666,0.0096491573647638,0.7181521511331995,0.6548905721385586,0.041846017276907,0.8408430885302834,0.7638394060058081,0.0133268038159292,-0.2338
0.0,11.0112,-0.17387,3.8245,2.6753,0.4345836520384166,-0.19126,-0.1839,0.0040939076687194,-0.01526,0.0031844190619176,348.0845,338.7551,16.217524241433285,52.0536,47.8768,19.23902485195502,60.148,2.262744571974486,148.3333,150.3153,3.861431906936177,24.9874,156.7629,14.51,3.88289496852787,0.8408430885302834,0.8432382264004071,0.0154152017497205,0.8204544774108559,0.020549549864377,0.8381784976497709,0.0165083546647066,0.68590760755666,0.0096491573647638,0.7181521511331995,0.6548905721385586,0.041846017276907,0.8408430885302834,0.7638394060058081,0.0133268038159292,-0.2338
0.0,11.0112,-0.17387,3.8245,2.6753,0.4345836520384166,-0.19126,-0.1839,0.0040939076687194,-0.01526,0.0031844190619176,348.0845,338.7551,16.217524241433285,52.0536,47.8768,19.23902485195502,60.148,2.262744571974486,148.3333,150.3153,3.861431906936177,24.9874,156.7629,14.51,3.88289496852787,0.8408430885302834,0.8432382264004071,0.0154152017497205,0.8204544774108559,0.020549549864377,0.8381784976497709,0.0165083546647066,0.68590760755666,0.0096491573647638,0.7181521511331995,0.6548905721385586,0.041846017276907,0.8408430885302834,0.7638394060058081,0.0133268038159292,-0.2338
0.0,7.1686,-0.19743,1.1538,1.1539,8.16496580927e-05,-0.20814,-0.20815,9.574271077572956e-06,-0.0136,5.000000000000664e-06,318.9138,318.9524,0.0187941480253841,62.2462,62.18,0.0288015624576177,55.7799,0.0025748786379169,180.3811,151.1408,0.2625538214665098,17.6349,151.5965,19.4034,1.0220875859403311,0.8029699709589534,0.7883895691745755,7.33358205676e-05,0.8376395916289932,0.001202890037721,0.8396754588185982,0.0011498052099166,0.597347384808838,0.0001206888678228,0.5584862728660818,0.5584563336427053,3.86513711785e-05,0.8029699709589534,0.4296877339001826,2.86646240458e-05,-0.2338
0.0,7.1686,-0.19743,1.1538,1.1539,8.16496580927e-05,-0.20814,-0.20815,9.574271077572956e-06,-0.0136,5.000000000000664e-06,318.9138,318.9524,0.0187941480253841,62.2462,62.18,0.0288015624576177,55.7799,0.0025748786379169,180.3811,151.1408,0.2625538214665098,17.6349,151.5965,19.4034,1.0220875859403311,0.8029699709589534,0.7883895691745755,7.33358205676e-05,0.8376395916289932,0.001202890037721,0.8396754588185982,0.0011498052099166,0.597347384808838,0.0001206888678228,0.5584862728660818,0.5584563336427053,3.86513711785e-05,0.8029699709589534,0.4296877339001826,2.86646240458e-05,-0.2338
7.71,7.1686,-0.19743,1.1538,1.1539,8.16496580927e-05,-0.20814,-0.20815,9.574271077572956e-06,-0.0136,5.000000000000664e-06,318.9138,318.9524,0.0187941480253841,62.2462,62.18,0.0288015624576177,55.7799,0.0025748786379169,180.3811,151.1408,0.2625538214665098,17.6349,151.5965,19.4034,1.0220875859403311,0.8029699709589534,0.7883895691745755,7.33358205676e-05,0.8376395916289932,0.001202890037721,0.8396754588185982,0.0011498052099166,0.597347384808838,0.0001206888678228,0.5584862728660818,0.5584563336427053,3.86513711785e-05,0.8029699709589534,0.4296877339001826,2.86646240458e-05,-0.2338
0.0,7.1686,-0.19743,1.1538,1.1539,8.16496580927e-05,-0.20814,-0.20815,9.574271077572956e-06,-0.0136,5.000000000000664e-06,318.9138,318.9524,0.0187941480253841,62.2462,62.18,0.0288015624576177,55.7799,0.0025748786379169,180.3811,151.1408,0.2625538214665098,17.6349,151.5965,19.4034,1.0220875859403311,0.8029699709589534,0.7883895691745755,7.33358205676e-05,0.8376395916289932,0.001202890037721,0.8396754588185982,0.0011498052099166,0.597347384808838,0.0001206888678228,0.5584862728660818,0.5584563336427053,3.86513711785e-05,0.8029699709589534,0.4296877339001826,2.86646240458e-05,-0.2338
0.12,7.1686,-0.19743,1.1538,1.1539,8.16496580927e-05,-0.20814,-0.20815,9.574271077572956e-06,-0.0136,5.000000000000664e-06,318.9138,318.9524,0.0187941480253841,62.2462,62.18,0.0288015624576177,55.7799,0.0025748786379169,180.3811,151.1408,0.2625538214665098,17.6349,151.5965,19.4034,1.0220875859403311,0.8029699709589534,0.7883895691745755,7.33358205676e-05,0.8376395916289932,0.001202890037721,0.8396754588185982,0.0011498052099166,0.597347384808838,0.0001206888678228,0.5584862728660818,0.5584563336427053,3.86513711785e-05,0.8029699709589534,0.4296877339001826,2.86646240458e-05,-0.2338
2.13,7.1686,-0.19743,1.1538,1.1539,8.16496580927e-05,-0.20814,-0.20815,9.574271077572956e-06,-0.0136,5.000000000000664e-06,318.9138,318.9524,0.0187941480253841,62.2462,62.18,0.0288015624576177,55.7799,0.0025748786379169,180.3811,151.1408,0.2625538214665098,17.6349,151.5965,19.4034,1.0220875859403311,0.8029699709589534,0.7883895691745755,7.33358205676e-05,0.8376395916289932,0.001202890037721,0.8396754588185982,0.0011498052099166,0.597347384808838,0.0001206888678228,0.5584862728660818,0.5584563336427053,3.86513711785e-05,0.8029699709589534,0.4296877339001826,2.86646240458e-05,-0.2338
0.0,7.1686,-0.19743,1.1538,1.1539,8.16496580927e-05,-0.20814,-0.20815,9.574271077572956e-06,-0.0136,5.000000000000664e-06,318.9138,318.9524,0.0187941480253841,62.2462,62.18,0.0288015624576177,55.7799,0.0025748786379169,180.3811,151.1408,0.2625538214665098,17.6349,151.5965,19.4034,1.0220875859403311,0.8029699709589534,0.7883895691745755,7.33358205676e-05,0.8376395916289932,0.001202890037721,0.8396754588185982,0.0011498052099166,0.597347384808838,0.0001206888678228,0.5584862728660818,0.5584563336427053,3.86513711785e-05,0.8029699709589534,0.4296877339001826,2.86646240458e-05,-0.2338
0.0,7.1686,-0.19743,1.1538,1.1539,8.16496580927e-05,-0.20814,-0.20815,9.574271077572956e-06,-0.0136,5.000000000000664e-06,318.9138,318.9524,0.0187941480253841,62.2462,62.18,0.0288015624576177,55.7799,0.0025748786379169,180.3811,151.1408,0.2625538214665098,17.6349,151.5965,19.4034,1.0220875859403311,0.8029699709589534,0.7883895691745755,7.33358205676e-05,0.8376395916289932,0.001202890037721,0.8396754588185982,0.0011498052099166,0.597347384808838,0.0001206888678228,0.5584862728660818,0.5584563336427053,3.86513711785e-05,0.8029699709589534,0.4296877339001826,2.86646240458e-05,-0.2338
4.3,7.1686,-0.19743,1.1538,1.1539,8.16496580927e-05,-0.20814,-0.20815,9.574271077572956e-06,-0.0136,5.000000000000664e-06,318.9138,318.9524,0.0187941480253841,62.2462,62.18,0.0288015624576177,55.7799,0.0025748786379169,180.3811,151.1408,0.2625538214665098,17.6349,151.5965,19.4034,1.0220875859403311,0.8029699709589534,0.7883895691745755,7.33358205676e-05,0.8376395916289932,0.001202890037721,0.8396754588185982,0.0011498052099166,0.597347384808838,0.0001206888678228,0.5584862728660818,0.5584563336427053,3.86513711785e-05,0.8029699709589534,0.4296877339001826,2.86646240458e-05,-0.2338
0.0,7.7731,-0.2019,1.1538,1.1539,8.16496580927e-05,-0.20814,-0.20815,9.574271077572956e-06,-0.0136,5.000000000000664e-06,318.9138,318.9524,0.0187941480253841,62.2462,62.18,0.0288015624576177,55.7799,0.0025748786379169,180.3811,151.1408,0.2625538214665098,17.6349,151.5965,19.4034,1.0220875859403311,0.8029699709589534,0.7883895691745755,7.33358205676e-05,0.8376395916289932,0.001202890037721,0.8396754588185982,0.0011498052099166,0.597347384808838,0.0001206888678228,0.5584862728660818,0.5584563336427053,3.86513711785e-05,0.8029699709589534,0.4296877339001826,2.86646240458e-05,-0.2338
0.0,7.7731,-0.2019,1.1538,1.1539,8.16496580927e-05,-0.20814,-0.20815,9.574271077572956e-06,-0.0136,5.000000000000664e-06,318.9138,318.9524,0.0187941480253841,62.2462,62.18,0.0288015624576177,55.7799,0.0025748786379169,180.3811,151.1408,0.2625538214665098,17.6349,151.5965,19.4034,1.0220875859403311,0.8029699709589534,0.7883895691745755,7.33358205676e-05,0.8376395916289932,0.001202890037721,0.8396754588185982,0.0011498052099166,0.597347384808838,0.0001206888678228,0.5584862728660818,0.5584563336427053,3.86513711785e-05,0.8029699709589534,0.4296877339001826,2.86646240458e-05,-0.2338
28.53,7.7731,-0.2019,1.1538,1.1539,8.16496580927e-05,-0.20814,-0.20815,9.574271077572956e-06,-0.0136,5.000000000000664e-06,318.9138,318.9524,0.0187941480253841,62.2462,62.18,0.0288015624576177,55.7799,0.0025748786379169,180.3811,151.1408,0.2625538214665098,17.6349,151.5965,19.4034,1.0220875859403311,0.8029699709589534,0.7883895691745755,7.33358205676e-05,0.8376395916289932,0.001202890037721,0.8396754588185982,0.0011498052099166,0.597347384808838,0.0001206888678228,0.5584862728660818,0.5584563336427053,3.86513711785e-05,0.8029699709589534,0.4296877339001826,2.86646240458e-05,-0.2338
0.0,7.7731,-0.2019,1.1538,1.1539,8.16496580927e-05,-0.20814,-0.20815,9.574271077572956e-06,-0.0136,5.000000000000664e-06,318.9138,318.9524,0.0187941480253841,62.2462,62.18,0.0288015624576177,55.7799,0.0025748786379169,180.3811,151.1408,0.2625538214665098,17.6349,151.5965,19.4034,1.0220875859403311,0.8029699709589534,0.7883895691745755,7.33358205676e-05,0.8376395916289932,0.001202890037721,0.8396754588185982,0.0011498052099166,0.597347384808838,0.0001206888678228,0.5584862728660818,0.5584563336427053,3.86513711785e-05,0.8029699709589534,0.4296877339001826,2.86646240458e-05,-0.2338
0.0,7.7731,-0.2019,1.1538,1.1539,8.16496580927e-05,-0.20814,-0.20815,9.574271077572956e-06,-0.0136,5.000000000000664e-06,318.9138,318.9524,0.0187941480253841,62.2462,62.18,0.0288015624576177,55.7799,0.0025748786379169,180.3811,151.1408,0.2625538214665098,17.6349,151.5965,19.4034,1.0220875859403311,0.8029699709589534,0.7883895691745755,7.33358205676e-05,0.8376395916289932,0.001202890037721,0.8396754588185982,0.0011498052099166,0.597347384808838,0.0001206888678228,0.5584862728660818,0.5584563336427053,3.86513711785e-05,0.8029699709589534,0.4296877339001826,2.86646240458e-05,-0.2338
2.82,7.7731,-0.2019,1.1538,1.1539,8.16496580927e-05,-0.20814,-0.20815,9.574271077572956e-06,-0.0136,5.000000000000664e-06,318.9138,318.9524,0.0187941480253841,62.2462,62.18,0.0288015624576177,55.7799,0.0025748786379169,180.3811,151.1408,0.2625538214665098,17.6349,151.5965,19.4034,1.0220875859403311,0.8029699709589534,0.7883895691745755,7.33358205676e-05,0.8376395916289932,0.001202890037721,0.8396754588185982,0.0011498052099166,0.597347384808838,0.0001206888678228,0.5584862728660818,0.5584563336427053,3.86513711785e-05,0.8029699709589534,0.4296877339001826,2.86646240458e-05,-0.2338
0.0,7.7731,-0.2019,1.1538,1.1539,8.16496580927e-05,-0.20814,-0.20815,9.574271077572956e-06,-0.0136,5.000000000000664e-06,318.9138,318.9524,0.0187941480253841,62.2462,62.18,0.0288015624576177,55.7799,0.0025748786379169,180.3811,151.1408,0.2625538214665098,17.6349,151.5965,19.4034,1.0220875859403311,0.8029699709589534,0.7883895691745755,7.33358205676e-05,0.8376395916289932,0.001202890037721,0.8396754588185982,0.0011498052099166,0.597347384808838,0.0001206888678228,0.5584862728660818,0.5584563336427053,3.86513711785e-05,0.8029699709589534,0.4296877339001826,2.86646240458e-05,-0.2338
0.0,7.7731,-0.2019,1.1538,1.1539,8.16496580927e-05,-0.20814,-0.20815,9.574271077572956e-06,-0.0136,5.000000000000664e-06,318.9138,318.9524,0.0187941480253841,62.2462,62.18,0.0288015624576177,55.7799,0.0025748786379169,180.3811,151.1408,0.2625538214665098,17.6349,151.5965,19.4034,1.0220875859403311,0.8029699709589534,0.7883895691745755,7.33358205676e-05,0.8376395916289932,0.001202890037721,0.8396754588185982,0.0011498052099166,0.597347384808838,0.0001206888678228,0.5584862728660818,0.5584563336427053,3.86513711785e-05,0.8029699709589534,0.4296877339001826,2.86646240458e-05,-0.2338
0.0,7.7731,-0.2019,1.1538,1.1539,8.16496580927e-05,-0.20814,-0.20815,9.574271077572956e-06,-0.0136,5.000000000000664e-06,318.9138,318.9524,0.0187941480253841,62.2462,62.18,0.0288015624576177,55.7799,0.0025748786379169,180.3811,151.1408,0.2625538214665098,17.6349,151.5965,19.4034,1.0220875859403311,0.8029699709589534,0.7883895691745755,7.33358205676e-05,0.8376395916289932,0.001202890037721,0.8396754588185982,0.0011498052099166,0.597347384808838,0.0001206888678228,0.5584862728660818,0.5584563336427053,3.86513711785e-05,0.8029699709589534,0.4296877339001826,2.86646240458e-05,-0.2338
0.0,10.1478,-0.16646,1.1538,1.1539,8.16496580927e-05,-0.20814,-0.20815,9.574271077572956e-06,-0.0136,5.000000000000664e-06,318.9138,318.9524,0.0187941480253841,62.2462,62.18,0.0288015624576177,55.7799,0.0025748786379169,180.3811,151.1408,0.2625538214665098,17.6349,151.5965,19.4034,1.0220875859403311,0.8029699709589534,0.7883895691745755,7.33358205676e-05,0.8376395916289932,0.001202890037721,0.8396754588185982,0.0011498052099166,0.597347384808838,0.0001206888678228,0.5584862728660818,0.5584563336427053,3.86513711785e-05,0.8029699709589534,0.4296877339001826,2.86646240458e-05,-0.2338
0.0,10.1478,-0.16646,1.1538,1.1539,8.16496580927e-05,-0.20814,-0.20815,9.574271077572956e-06,-0.0136,5.000000000000664e-06,318.9138,318.9524,0.0187941480253841,62.2462,62.18,0.0288015624576177,55.7799,0.0025748786379169,180.3811,151.1408,0.2625538214665098,17.6349,151.5965,19.4034,1.0220875859403311,0.8029699709589534,0.7883895691745755,7.33358205676e-05,0.8376395916289932,0.001202890037721,0.8396754588185982,0.0011498052099166,0.597347384808838,0.0001206888678228,0.5584862728660818,0.5584563336427053,3.86513711785e-05,0.8029699709589534,0.4296877339001826,2.86646240458e-05,-0.2338
12.35,10.1478,-0.16646,1.1538,1.1539,8.16496580927e-05,-0.20814,-0.20815,9.574271077572956e-06,-0.0136,5.000000000000664e-06,318.9138,318.9524,0.0187941480253841,62.2462,62.18,0.0288015624576177,55.7799,0.0025748786379169,180.3811,151.1408,0.2625538214665098,17.6349,151.5965,19.4034,1.0220875859403311,0.8029699709589534,0.7883895691745755,7.33358205676e-05,0.8376395916289932,0.001202890037721,0.8396754588185982,0.0011498052099166,0.597347384808838,0.0001206888678228,0.5584862728660818,0.5584563336427053,3.86513711785e-05,0.8029699709589534,0.4296877339001826,2.86646240458e-05,-0.2338
0.0,10.1478,-0.16646,1.1538,1.1539,8.16496580927e-05,-0.20814,-0.20815,9.574271077572956e-06,-0.0136,5.000000000000664e-06,318.9138,318.9524,0.0187941480253841,62.2462,62.18,0.0288015624576177,55.7799,0.0025748786379169,180.3811,151.1408,0.2625538214665098,17.6349,151.5965,19.4034,1.0220875859403311,0.8029699709589534,0.7883895691745755,7.33358205676e-05,0.8376395916289932,0.001202890037721,0.8396754588185982,0.0011498052099166,0.597347384808838,0.0001206888678228,0.5584862728660818,0.5584563336427053,3.86513711785e-05,0.8029699709589534,0.4296877339001826,2.86646240458e-05,-0.2338
0.0,10.1478,-0.16646,1.1538,1.1539,8.16496580927e-05,-0.20814,-0.20815,9.574271077572956e-06,-0.0136,5.000000000000664e-06,318.9138,318.9524,0.0187941480253841,62.2462,62.18,0.0288015624576177,55.7799,0.0025748786379169,180.3811,151.1408,0.2625538214665098,17.6349,151.5965,19.4034,1.0220875859403311,0.8029699709589534,0.7883895691745755,7.33358205676e-05,0.8376395916289932,0.001202890037721,0.8396754588185982,0.0011498052099166,0.597347384808838,0.0001206888678228,0.5584862728660818,0.5584563336427053,3.86513711785e-05,0.8029699709589534,0.4296877339001826,2.86646240458e-05,-0.2338
1.62,10.1478,-0.16646,1.1538,1.1539,8.16496580927e-05,-0.20814,-0.20815,9.574271077572956e-06,-0.0136,5.000000000000664e-06,318.9138,318.9524,0.0187941480253841,62.2462,62.18,0.0288015624576177,55.7799,0.0025748786379169,180.3811,151.1408,0.2625538214665098,17.6349,151.5965,19.4034,1.0220875859403311,0.8029699709589534,0.7883895691745755,7.33358205676e-05,0.8376395916289932,0.001202890037721,0.8396754588185982,0.0011498052099166,0.597347384808838,0.0001206888678228,0.5584862728660818,0.5584563336427053,3.86513711785e-05,0.8029699709589534,0.4296877339001826,2.86646240458e-05,-0.2338
0.0,10.1478,-0.16646,1.1538,1.1539,8.16496580927e-05,-0.20814,-0.20815,9.574271077572956e-06,-0.0136,5.000000000000664e-06,318.9138,318.9524,0.0187941480253841,62.2462,62.18,0.0288015624576177,55.7799,0.0025748786379169,180.3811,151.1408,0.2625538214665098,17.6349,151.5965,19.4034,1.0220875859403311,0.8029699709589534,0.7883895691745755,7.33358205676e-05,0.8376395916289932,0.001202890037721,0.8396754588185982,0.0011498052099166,0.597347384808838,0.0001206888678228,0.5584862728660818,0.5584563336427053,3.86513711785e-05,0.8029699709589534,0.4296877339001826,2.86646240458e-05,-0.2338
0.0,10.1478,-0.16646,1.1538,1.1539,8.16496580927e-05,-0.20814,-0.20815,9.574271077572956e-06,-0.0136,5.000000000000664e-06,318.9138,318.9524,0.0187941480253841,62.2462,62.18,0.0288015624576177,55.7799,0.0025748786379169,180.3811,151.1408,0.2625538214665098,17.6349,151.5965,19.4034,1.0220875859403311,0.8029699709589534,0.7883895691745755,7.33358205676e-05,0.8376395916289932,0.001202890037721,0.8396754588185982,0.0011498052099166,0.597347384808838,0.0001206888678228,0.5584862728660818,0.5584563336427053,3.86513711785e-05,0.8029699709589534,0.4296877339001826,2.86646240458e-05,-0.2338
0.51,10.1478,-0.16646,1.1538,1.1539,8.16496580927e-05,-0.20814,-0.20815,9.574271077572956e-06,-0.0136,5.000000000000664e-06,318.9138,318.9524,0.0187941480253841,62.2462,62.18,0.0288015624576177,55.7799,0.0025748786379169,180.3811,151.1408,0.2625538214665098,17.6349,151.5965,19.4034,1.0220875859403311,0.8029699709589534,0.7883895691745755,7.33358205676e-05,0.8376395916289932,0.001202890037721,0.8396754588185982,0.0011498052099166,0.597347384808838,0.0001206888678228,0.5584862728660818,0.5584563336427053,3.86513711785e-05,0.8029699709589534,0.4296877339001826,2.86646240458e-05,-0.2338
0.0,11.0112,-0.17387,1.1538,1.1539,8.16496580927e-05,-0.20814,-0.20815,9.574271077572956e-06,-0.0136,5.000000000000664e-06,318.9138,318.9524,0.0187941480253841,62.2462,62.18,0.0288015624576177,55.7799,0.0025748786379169,180.3811,151.1408,0.2625538214665098,17.6349,151.5965,19.4034,1.0220875859403311,0.8029699709589534,0.7883895691745755,7.33358205676e-05,0.8376395916289932,0.001202890037721,0.8396754588185982,0.0011498052099166,0.597347384808838,0.0001206888678228,0.5584862728660818,0.5584563336427053,3.86513711785e-05,0.8029699709589534,0.4296877339001826,2.86646240458e-05,-0.2338
0.0,11.0112,-0.17387,1.1538,1.1539,8.16496580927e-05,-0.20814,-0.20815,9.574271077572956e-06,-0.0136,5.000000000000664e-06,318.9138,318.9524,0.0187941480253841,62.2462,62.18,0.0288015624576177,55.7799,0.0025748786379169,180.3811,151.1408,0.2625538214665098,17.6349,151.5965,19.4034,1.0220875859403311,0.8029699709589534,0.7883895691745755,7.33358205676e-05,0.8376395916289932,0.001202890037721,0.8396754588185982,0.0011498052099166,0.597347384808838,0.0001206888678228,0.5584862728660818,0.5584563336427053,3.86513711785e-05,0.8029699709589534,0.4296877339001826,2.86646240458e-05,-0.2338
1.31,11.0112,-0.17387,1.1538,1.1539,8.16496580927e-05,-0.20814,-0.20815,9.574271077572956e-06,-0.0136,5.000000000000664e-06,318.9138,318.9524,0.0187941480253841,62.2462,62.18,0.0288015624576177,55.7799,0.0025748786379169,180.3811,151.1408,0.2625538214665098,17.6349,151.5965,19.4034,1.0220875859403311,0.8029699709589534,0.7883895691745755,7.33358205676e-05,0.8376395916289932,0.001202890037721,0.8396754588185982,0.0011498052099166,0.597347384808838,0.0001206888678228,0.5584862728660818,0.5584563336427053,3.86513711785e-05,0.8029699709589534,0.4296877339001826,2.86646240458e-05,-0.2338
0.0,11.0112,-0.17387,1.1538,1.1539,8.16496580927e-05,-0.20814,-0.20815,9.574271077572956e-06,-0.0136,5.000000000000664e-06,318.9138,318.9524,0.0187941480253841,62.2462,62.18,0.0288015624576177,55.7799,0.0025748786379169,180.3811,151.1408,0.2625538214665098,17.6349,151.5965,19.4034,1.0220875859403311,0.8029699709589534,0.7883895691745755,7.33358205676e-05,0.8376395916289932,0.001202890037721,0.8396754588185982,0.0011498052099166,0.597347384808838,0.0001206888678228,0.5584862728660818,0.5584563336427053,3.86513711785e-05,0.8029699709589534,0.4296877339001826,2.86646240458e-05,-0.2338
0.0,11.0112,-0.17387,1.1538,1.1539,8.16496580927e-05,-0.20814,-0.20815,9.574271077572956e-06,-0.0136,5.000000000000664e-06,318.9138,318.9524,0.0187941480253841,62.2462,62.18,0.0288015624576177,55.7799,0.0025748786379169,180.3811,151.1408,0.2625538214665098,17.6349,151.5965,19.4034,1.0220875859403311,0.8029699709589534,0.7883895691745755,7.33358205676e-05,0.8376395916289932,0.001202890037721,0.8396754588185982,0.0011498052099166,0.597347384808838,0.0001206888678228,0.5584862728660818,0.5584563336427053,3.86513711785e-05,0.8029699709589534,0.4296877339001826,2.86646240458e-05,-0.2338
0.0,11.0112,-0.17387,1.1538,1.1539,8.16496580927e-05,-0.20814,-0.20815,9.574271077572956e-06,-0.0136,5.000000000000664e-06,318.9138,318.9524,0.0187941480253841,62.2462,62.18,0.0288015624576177,55.7799,0.0025748786379169,180.3811,151.1408,0.2625538214665098,17.6349,151.5965,19.4034,1.0220875859403311,0.8029699709589534,0.7883895691745755,7.33358205676e-05,0.8376395916289932,0.001202890037721,0.8396754588185982,0.0011498052099166,0.597347384808838,0.0001206888678228,0.5584862728660818,0.5584563336427053,3.86513711785e-05,0.8029699709589534,0.4296877339001826,2.86646240458e-05,-0.2338
0.0,11.0112,-0.17387,1.1538,1.1539,8.16496580927e-05,-0.20814,-0.20815,9.574271077572956e-06,-0.0136,5.000000000000664e-06,318.9138,318.9524,0.0187941480253841,62.2462,62.18,0.0288015624576177,55.7799,0.0025748786379169,180.3811,151.1408,0.2625538214665098,17.6349,151.5965,19.4034,1.0220875859403311,0.8029699709589534,0.7883895691745755,7.33358205676e-05,0.8376395916289932,0.001202890037721,0.8396754588185982,0.0011498052099166,0.597347384808838,0.0001206888678228,0.5584862728660818,0.5584563336427053,3.86513711785e-05,0.8029699709589534,0.4296877339001826,2.86646240458e-05,-0.2338
0.0,11.0112,-0.17387,1.1538,1.1539,8.16496580927e-05,-0.20814,-0.20815,9.574271077572956e-06,-0.0136,5.000000000000664e-06,318.9138,318.9524,0.0187941480253841,62.2462,62.18,0.0288015624576177,55.7799,0.0025748786379169,180.3811,151.1408,0.2625538214665098,17.6349,151.5965,19.4034,1.0220875859403311,0.8029699709589534,0.7883895691745755,7.33358205676e-05,0.8376395916289932,0.001202890037721,0.8396754588185982,0.0011498052099166,0.597347384808838,0.0001206888678228,0.5584862728660818,0.5584563336427053,3.86513711785e-05,0.8029699709589534,0.4296877339001826,2.86646240458e-05,-0.2338
0.0,11.0112,-0.17387,1.1538,1.1539,8.16496580927e-05,-0.20814,-0.20815,9.574271077572956e-06,-0.0136,5.000000000000664e-06,318.9138,318.9524,0.0187941480253841,62.2462,62.18,0.0288015624576177,55.7799,0.0025748786379169,180.3811,151.1408,0.2625538214665098,17.6349,151.5965,19.4034,1.0220875859403311,0.8029699709589534,0.7883895691745755,7.33358205676e-05,0.8376395916289932,0.001202890037721,0.8396754588185982,0.0011498052099166,0.597347384808838,0.0001206888678228,0.5584862728660818,0.5584563336427053,3.86513711785e-05,0.8029699709589534,0.4296877339001826,2.86646240458e-05,-0.2338
78.95,7.1686,-0.19743,0.6204,1.8969,0.5319408485121154,-0.1898,-0.18974,0.0014709738986556,-0.0168,0.0017038787793551,349.9173,306.6397,17.384206621964598,60.345,67.615,15.654294332505394,55.8007,1.8054842246756504,170.9014,55.4709,2.341285963356574,187.1462,152.2288,18.2583,1.304384203278757,0.8270710457770725,0.8594952246938714,0.0225759893373934,0.7847669231460136,0.0204296706095137,0.8353342714289991,0.0035377721489757,0.7881201161641866,0.0227038024952494,0.727343492709799,0.8194664830394299,0.0303586265417111,0.8270710457770725,0.7745277087512349,0.0082061014274112,-0.2338
47.03,7.1686,-0.19743,0.6204,1.8969,0.5319408485121154,-0.1898,-0.18974,0.0014709738986556,-0.0168,0.0017038787793551,349.9173,306.6397,17.384206621964598,60.345,67.615,15.654294332505394,55.8007,1.8054842246756504,170.9014,55.4709,2.341285963356574,187.1462,152.2288,18.2583,1.304384203278757,0.8270710457770725,0.8594952246938714,0.0225759893373934,0.7847669231460136,0.0204296706095137,0.8353342714289991,0.0035377721489757,0.7881201161641866,0.0227038024952494,0.727343492709799,0.8194664830394299,0.0303586265417111,0.8270710457770725,0.7745277087512349,0.0082061014274112,-0.2338
82.09,7.1686,-0.19743,0.6204,1.8969,0.5319408485121154,-0.1898,-0.18974,0.0014709738986556,-0.0168,0.0017038787793551,349.9173,306.6397,17.384206621964598,60.345,67.615,15.654294332505394,55.8007,1.8054842246756504,170.9014,55.4709,2.341285963356574,187.1462,152.2288,18.2583,1.304384203278757,0.8270710457770725,0.8594952246938714,0.0225759893373934,0.7847669231460136,0.0204296706095137,0.8353342714289991,0.0035377721489757,0.7881201161641866,0.0227038024952494,0.727343492709799,0.8194664830394299,0.0303586265417111,0.8270710457770725,0.7745277087512349,0.0082061014274112,-0.2338
57.27,7.1686,-0.19743,0.6204,1.8969,0.5319408485121154,-0.1898,-0.18974,0.0014709738986556,-0.0168,0.0017038787793551,349.9173,306.6397,17.384206621964598,60.345,67.615,15.654294332505394,55.8007,1.8054842246756504,170.9014,55.4709,2.341285963356574,187.1462,152.2288,18.2583,1.304384203278757,0.8270710457770725,0.8594952246938714,0.0225759893373934,0.7847669231460136,0.0204296706095137,0.8353342714289991,0.0035377721489757,0.7881201161641866,0.0227038024952494,0.727343492709799,0.8194664830394299,0.0303586265417111,0.8270710457770725,0.7745277087512349,0.0082061014274112,-0.2338
68.71,7.1686,-0.19743,0.6204,1.8969,0.5319408485121154,-0.1898,-0.18974,0.0014709738986556,-0.0168,0.0017038787793551,349.9173,306.6397,17.384206621964598,60.345,67.615,15.654294332505394,55.8007,1.8054842246756504,170.9014,55.4709,2.341285963356574,187.1462,152.2288,18.2583,1.304384203278757,0.8270710457770725,0.8594952246938714,0.0225759893373934,0.7847669231460136,0.0204296706095137,0.8353342714289991,0.0035377721489757,0.7881201161641866,0.0227038024952494,0.727343492709799,0.8194664830394299,0.0303586265417111,0.8270710457770725,0.7745277087512349,0.0082061014274112,-0.2338
88.89,7.1686,-0.19743,0.6204,1.8969,0.5319408485121154,-0.1898,-0.18974,0.0014709738986556,-0.0168,0.0017038787793551,349.9173,306.6397,17.384206621964598,60.345,67.615,15.654294332505394,55.8007,1.8054842246756504,170.9014,55.4709,2.341285963356574,187.1462,152.2288,18.2583,1.304384203278757,0.8270710457770725,0.8594952246938714,0.0225759893373934,0.7847669231460136,0.0204296706095137,0.8353342714289991,0.0035377721489757,0.7881201161641866,0.0227038024952494,0.727343492709799,0.8194664830394299,0.0303586265417111,0.8270710457770725,0.7745277087512349,0.0082061014274112,-0.2338
37.38,7.1686,-0.19743,0.6204,1.8969,0.5319408485121154,-0.1898,-0.18974,0.0014709738986556,-0.0168,0.0017038787793551,349.9173,306.6397,17.384206621964598,60.345,67.615,15.654294332505394,55.8007,1.8054842246756504,170.9014,55.4709,2.341285963356574,187.1462,152.2288,18.2583,1.304384203278757,0.8270710457770725,0.8594952246938714,0.0225759893373934,0.7847669231460136,0.0204296706095137,0.8353342714289991,0.0035377721489757,0.7881201161641866,0.0227038024952494,0.727343492709799,0.8194664830394299,0.0303586265417111,0.8270710457770725,0.7745277087512349,0.0082061014274112,-0.2338
57.33,7.1686,-0.19743,0.6204,1.8969,0.5319408485121154,-0.1898,-0.18974,0.0014709738986556,-0.0168,0.0017038787793551,349.9173,306.6397,17.384206621964598,60.345,67.615,15.654294332505394,55.8007,1.8054842246756504,170.9014,55.4709,2.341285963356574,187.1462,152.2288,18.2583,1.304384203278757,0.8270710457770725,0.8594952246938714,0.0225759893373934,0.7847669231460136,0.0204296706095137,0.8353342714289991,0.0035377721489757,0.7881201161641866,0.0227038024952494,0.727343492709799,0.8194664830394299,0.0303586265417111,0.8270710457770725,0.7745277087512349,0.0082061014274112,-0.2338
76.59,7.1686,-0.19743,0.6204,1.8969,0.5319408485121154,-0.1898,-0.18974,0.0014709738986556,-0.0168,0.0017038787793551,349.9173,306.6397,17.384206621964598,60.345,67.615,15.654294332505394,55.8007,1.8054842246756504,170.9014,55.4709,2.341285963356574,187.1462,152.2288,18.2583,1.304384203278757,0.8270710457770725,0.8594952246938714,0.0225759893373934,0.7847669231460136,0.0204296706095137,0.8353342714289991,0.0035377721489757,0.7881201161641866,0.0227038024952494,0.727343492709799,0.8194664830394299,0.0303586265417111,0.8270710457770725,0.7745277087512349,0.0082061014274112,-0.2338
28.64,7.7731,-0.2019,0.6204,1.8969,0.5319408485121154,-0.1898,-0.18974,0.0014709738986556,-0.0168,0.0017038787793551,349.9173,306.6397,17.384206621964598,60.345,67.615,15.654294332505394,55.8007,1.8054842246756504,170.9014,55.4709,2.341285963356574,187.1462,152.2288,18.2583,1.304384203278757,0.8270710457770725,0.8594952246938714,0.0225759893373934,0.7847669231460136,0.0204296706095137,0.8353342714289991,0.0035377721489757,0.7881201161641866,0.0227038024952494,0.727343492709799,0.8194664830394299,0.0303586265417111,0.8270710457770725,0.7745277087512349,0.0082061014274112,-0.2338
10.12,7.7731,-0.2019,0.6204,1.8969,0.5319408485121154,-0.1898,-0.18974,0.0014709738986556,-0.0168,0.0017038787793551,349.9173,306.6397,17.384206621964598,60.345,67.615,15.654294332505394,55.8007,1.8054842246756504,170.9014,55.4709,2.341285963356574,187.1462,152.2288,18.2583,1.304384203278757,0.8270710457770725,0.8594952246938714,0.0225759893373934,0.7847669231460136,0.0204296706095137,0.8353342714289991,0.0035377721489757,0.7881201161641866,0.0227038024952494,0.727343492709799,0.8194664830394299,0.0303586265417111,0.8270710457770725,0.7745277087512349,0.0082061014274112,-0.2338
68.33,7.7731,-0.2019,0.6204,1.8969,0.5319408485121154,-0.1898,-0.18974,0.0014709738986556,-0.0168,0.0017038787793551,349.9173,306.6397,17.384206621964598,60.345,67.615,15.654294332505394,55.8007,1.8054842246756504,170.9014,55.4709,2.341285963356574,187.1462,152.2288,18.2583,1.304384203278757,0.8270710457770725,0.8594952246938714,0.0225759893373934,0.7847669231460136,0.0204296706095137,0.8353342714289991,0.0035377721489757,0.7881201161641866,0.0227038024952494,0.727343492709799,0.8194664830394299,0.0303586265417111,0.8270710457770725,0.7745277087512349,0.0082061014274112,-0.2338
12.23,7.7731,-0.2019,0.6204,1.8969,0.5319408485121154,-0.1898,-0.18974,0.0014709738986556,-0.0168,0.0017038787793551,349.9173,306.6397,17.384206621964598,60.345,67.615,15.654294332505394,55.8007,1.8054842246756504,170.9014,55.4709,2.341285963356574,187.1462,152.2288,18.2583,1.304384203278757,0.8270710457770725,0.8594952246938714,0.0225759893373934,0.7847669231460136,0.0204296706095137,0.8353342714289991,0.0035377721489757,0.7881201161641866,0.0227038024952494,0.727343492709799,0.8194664830394299,0.0303586265417111,0.8270710457770725,0.7745277087512349,0.0082061014274112,-0.2338
18.42,7.7731,-0.2019,0.6204,1.8969,0.5319408485121154,-0.1898,-0.18974,0.0014709738986556,-0.0168,0.0017038787793551,349.9173,306.6397,17.384206621964598,60.345,67.615,15.654294332505394,55.8007,1.8054842246756504,170.9014,55.4709,2.341285963356574,187.1462,152.2288,18.2583,1.304384203278757,0.8270710457770725,0.8594952246938714,0.0225759893373934,0.7847669231460136,0.0204296706095137,0.8353342714289991,0.0035377721489757,0.7881201161641866,0.0227038024952494,0.727343492709799,0.8194664830394299,0.0303586265417111,0.8270710457770725,0.7745277087512349,0.0082061014274112,-0.2338
55.96,7.7731,-0.2019,0.6204,1.8969,0.5319408485121154,-0.1898,-0.18974,0.0014709738986556,-0.0168,0.0017038787793551,349.9173,306.6397,17.384206621964598,60.345,67.615,15.654294332505394,55.8007,1.8054842246756504,170.9014,55.4709,2.341285963356574,187.1462,152.2288,18.2583,1.304384203278757,0.8270710457770725,0.8594952246938714,0.0225759893373934,0.7847669231460136,0.0204296706095137,0.8353342714289991,0.0035377721489757,0.7881201161641866,0.0227038024952494,0.727343492709799,0.8194664830394299,0.0303586265417111,0.8270710457770725,0.7745277087512349,0.0082061014274112,-0.2338
8.5,7.7731,-0.2019,0.6204,1.8969,0.5319408485121154,-0.1898,-0.18974,0.0014709738986556,-0.0168,0.0017038787793551,349.9173,306.6397,17.384206621964598,60.345,67.615,15.654294332505394,55.8007,1.8054842246756504,170.9014,55.4709,2.341285963356574,187.1462,152.2288,18.2583,1.304384203278757,0.8270710457770725,0.8594952246938714,0.0225759893373934,0.7847669231460136,0.0204296706095137,0.8353342714289991,0.0035377721489757,0.7881201161641866,0.0227038024952494,0.727343492709799,0.8194664830394299,0.0303586265417111,0.8270710457770725,0.7745277087512349,0.0082061014274112,-0.2338
24.8,7.7731,-0.2019,0.6204,1.8969,0.5319408485121154,-0.1898,-0.18974,0.0014709738986556,-0.0168,0.0017038787793551,349.9173,306.6397,17.384206621964598,60.345,67.615,15.654294332505394,55.8007,1.8054842246756504,170.9014,55.4709,2.341285963356574,187.1462,152.2288,18.2583,1.304384203278757,0.8270710457770725,0.8594952246938714,0.0225759893373934,0.7847669231460136,0.0204296706095137,0.8353342714289991,0.0035377721489757,0.7881201161641866,0.0227038024952494,0.727343492709799,0.8194664830394299,0.0303586265417111,0.8270710457770725,0.7745277087512349,0.0082061014274112,-0.2338
45.01,7.7731,-0.2019,0.6204,1.8969,0.5319408485121154,-0.1898,-0.18974,0.0014709738986556,-0.0168,0.0017038787793551,349.9173,306.6397,17.384206621964598,60.345,67.615,15.654294332505394,55.8007,1.8054842246756504,170.9014,55.4709,2.341285963356574,187.1462,152.2288,18.2583,1.304384203278757,0.8270710457770725,0.8594952246938714,0.0225759893373934,0.7847669231460136,0.0204296706095137,0.8353342714289991,0.0035377721489757,0.7881201161641866,0.0227038024952494,0.727343492709799,0.8194664830394299,0.0303586265417111,0.8270710457770725,0.7745277087512349,0.0082061014274112,-0.2338
29.31,10.1478,-0.16646,0.6204,1.8969,0.5319408485121154,-0.1898,-0.18974,0.0014709738986556,-0.0168,0.0017038787793551,349.9173,306.6397,17.384206621964598,60.345,67.615,15.654294332505394,55.8007,1.8054842246756504,170.9014,55.4709,2.341285963356574,187.1462,152.2288,18.2583,1.304384203278757,0.8270710457770725,0.8594952246938714,0.0225759893373934,0.7847669231460136,0.0204296706095137,0.8353342714289991,0.0035377721489757,0.7881201161641866,0.0227038024952494,0.727343492709799,0.8194664830394299,0.0303586265417111,0.8270710457770725,0.7745277087512349,0.0082061014274112,-0.2338
17.74,10.1478,-0.16646,0.6204,1.8969,0.5319408485121154,-0.1898,-0.18974,0.0014709738986556,-0.0168,0.0017038787793551,349.9173,306.6397,17.384206621964598,60.345,67.615,15.654294332505394,55.8007,1.8054842246756504,170.9014,55.4709,2.341285963356574,187.1462,152.2288,18.2583,1.304384203278757,0.8270710457770725,0.8594952246938714,0.0225759893373934,0.7847669231460136,0.0204296706095137,0.8353342714289991,0.0035377721489757,0.7881201161641866,0.0227038024952494,0.727343492709799,0.8194664830394299,0.0303586265417111,0.8270710457770725,0.7745277087512349,0.0082061014274112,-0.2338
62.6,10.1478,-0.16646,0.6204,1.8969,0.5319408485121154,-0.1898,-0.18974,0.0014709738986556,-0.0168,0.0017038787793551,349.9173,306.6397,17.384206621964598,60.345,67.615,15.654294332505394,55.8007,1.8054842246756504,170.9014,55.4709,2.341285963356574,187.1462,152.2288,18.2583,1.304384203278757,0.8270710457770725,0.8594952246938714,0.0225759893373934,0.7847669231460136,0.0204296706095137,0.8353342714289991,0.0035377721489757,0.7881201161641866,0.0227038024952494,0.727343492709799,0.8194664830394299,0.0303586265417111,0.8270710457770725,0.7745277087512349,0.0082061014274112,-0.2338
31.18,10.1478,-0.16646,0.6204,1.8969,0.5319408485121154,-0.1898,-0.18974,0.0014709738986556,-0.0168,0.0017038787793551,349.9173,306.6397,17.384206621964598,60.345,67.615,15.654294332505394,55.8007,1.8054842246756504,170.9014,55.4709,2.341285963356574,187.1462,152.2288,18.2583,1.304384203278757,0.8270710457770725,0.8594952246938714,0.0225759893373934,0.7847669231460136,0.0204296706095137,0.8353342714289991,0.0035377721489757,0.7881201161641866,0.0227038024952494,0.727343492709799,0.8194664830394299,0.0303586265417111,0.8270710457770725,0.7745277087512349,0.0082061014274112,-0.2338
42.43,10.1478,-0.16646,0.6204,1.8969,0.5319408485121154,-0.1898,-0.18974,0.0014709738986556,-0.0168,0.0017038787793551,349.9173,306.6397,17.384206621964598,60.345,67.615,15.654294332505394,55.8007,1.8054842246756504,170.9014,55.4709,2.341285963356574,187.1462,152.2288,18.2583,1.304384203278757,0.8270710457770725,0.8594952246938714,0.0225759893373934,0.7847669231460136,0.0204296706095137,0.8353342714289991,0.0035377721489757,0.7881201161641866,0.0227038024952494,0.727343492709799,0.8194664830394299,0.0303586265417111,0.8270710457770725,0.7745277087512349,0.0082061014274112,-0.2338
66.84,10.1478,-0.16646,0.6204,1.8969,0.5319408485121154,-0.1898,-0.18974,0.0014709738986556,-0.0168,0.0017038787793551,349.9173,306.6397,17.384206621964598,60.345,67.615,15.654294332505394,55.8007,1.8054842246756504,170.9014,55.4709,2.341285963356574,187.1462,152.2288,18.2583,1.304384203278757,0.8270710457770725,0.8594952246938714,0.0225759893373934,0.7847669231460136,0.0204296706095137,0.8353342714289991,0.0035377721489757,0.7881201161641866,0.0227038024952494,0.727343492709799,0.8194664830394299,0.0303586265417111,0.8270710457770725,0.7745277087512349,0.0082061014274112,-0.2338
12.44,10.1478,-0.16646,0.6204,1.8969,0.5319408485121154,-0.1898,-0.18974,0.0014709738986556,-0.0168,0.0017038787793551,349.9173,306.6397,17.384206621964598,60.345,67.615,15.654294332505394,55.8007,1.8054842246756504,170.9014,55.4709,2.341285963356574,187.1462,152.2288,18.2583,1.304384203278757,0.8270710457770725,0.8594952246938714,0.0225759893373934,0.7847669231460136,0.0204296706095137,0.8353342714289991,0.0035377721489757,0.7881201161641866,0.0227038024952494,0.727343492709799,0.8194664830394299,0.0303586265417111,0.8270710457770725,0.7745277087512349,0.0082061014274112,-0.2338
20.73,10.1478,-0.16646,0.6204,1.8969,0.5319408485121154,-0.1898,-0.18974,0.0014709738986556,-0.0168,0.0017038787793551,349.9173,306.6397,17.384206621964598,60.345,67.615,15.654294332505394,55.8007,1.8054842246756504,170.9014,55.4709,2.341285963356574,187.1462,152.2288,18.2583,1.304384203278757,0.8270710457770725,0.8594952246938714,0.0225759893373934,0.7847669231460136,0.0204296706095137,0.8353342714289991,0.0035377721489757,0.7881201161641866,0.0227038024952494,0.727343492709799,0.8194664830394299,0.0303586265417111,0.8270710457770725,0.7745277087512349,0.0082061014274112,-0.2338
32.21,10.1478,-0.16646,0.6204,1.8969,0.5319408485121154,-0.1898,-0.18974,0.0014709738986556,-0.0168,0.0017038787793551,349.9173,306.6397,17.384206621964598,60.345,67.615,15.654294332505394,55.8007,1.8054842246756504,170.9014,55.4709,2.341285963356574,187.1462,152.2288,18.2583,1.304384203278757,0.8270710457770725,0.8594952246938714,0.0225759893373934,0.7847669231460136,0.0204296706095137,0.8353342714289991,0.0035377721489757,0.7881201161641866,0.0227038024952494,0.727343492709799,0.8194664830394299,0.0303586265417111,0.8270710457770725,0.7745277087512349,0.0082061014274112,-0.2338
7.62,11.0112,-0.17387,0.6204,1.8969,0.5319408485121154,-0.1898,-0.18974,0.0014709738986556,-0.0168,0.0017038787793551,349.9173,306.6397,17.384206621964598,60.345,67.615,15.654294332505394,55.8007,1.8054842246756504,170.9014,55.4709,2.341285963356574,187.1462,152.2288,18.2583,1.304384203278757,0.8270710457770725,0.8594952246938714,0.0225759893373934,0.7847669231460136,0.0204296706095137,0.8353342714289991,0.0035377721489757,0.7881201161641866,0.0227038024952494,0.727343492709799,0.8194664830394299,0.0303586265417111,0.8270710457770725,0.7745277087512349,0.0082061014274112,-0.2338
4.77,11.0112,-0.17387,0.6204,1.8969,0.5319408485121154,-0.1898,-0.18974,0.0014709738986556,-0.0168,0.0017038787793551,349.9173,306.6397,17.384206621964598,60.345,67.615,15.654294332505394,55.8007,1.8054842246756504,170.9014,55.4709,2.341285963356574,187.1462,152.2288,18.2583,1.304384203278757,0.8270710457770725,0.8594952246938714,0.0225759893373934,0.7847669231460136,0.0204296706095137,0.8353342714289991,0.0035377721489757,0.7881201161641866,0.0227038024952494,0.727343492709799,0.8194664830394299,0.0303586265417111,0.8270710457770725,0.7745277087512349,0.0082061014274112,-0.2338
17.43,11.0112,-0.17387,0.6204,1.8969,0.5319408485121154,-0.1898,-0.18974,0.0014709738986556,-0.0168,0.0017038787793551,349.9173,306.6397,17.384206621964598,60.345,67.615,15.654294332505394,55.8007,1.8054842246756504,170.9014,55.4709,2.341285963356574,187.1462,152.2288,18.2583,1.304384203278757,0.8270710457770725,0.8594952246938714,0.0225759893373934,0.7847669231460136,0.0204296706095137,0.8353342714289991,0.0035377721489757,0.7881201161641866,0.0227038024952494,0.727343492709799,0.8194664830394299,0.0303586265417111,0.8270710457770725,0.7745277087512349,0.0082061014274112,-0.2338
5.29,11.0112,-0.17387,0.6204,1.8969,0.5319408485121154,-0.1898,-0.18974,0.0014709738986556,-0.0168,0.0017038787793551,349.9173,306.6397,17.384206621964598,60.345,67.615,15.654294332505394,55.8007,1.8054842246756504,170.9014,55.4709,2.341285963356574,187.1462,152.2288,18.2583,1.304384203278757,0.8270710457770725,0.8594952246938714,0.0225759893373934,0.7847669231460136,0.0204296706095137,0.8353342714289991,0.0035377721489757,0.7881201161641866,0.0227038024952494,0.727343492709799,0.8194664830394299,0.0303586265417111,0.8270710457770725,0.7745277087512349,0.0082061014274112,-0.2338
7.33,11.0112,-0.17387,0.6204,1.8969,0.5319408485121154,-0.1898,-0.18974,0.0014709738986556,-0.0168,0.0017038787793551,349.9173,306.6397,17.384206621964598,60.345,67.615,15.654294332505394,55.8007,1.8054842246756504,170.9014,55.4709,2.341285963356574,187.1462,152.2288,18.2583,1.304384203278757,0.8270710457770725,0.8594952246938714,0.0225759893373934,0.7847669231460136,0.0204296706095137,0.8353342714289991,0.0035377721489757,0.7881201161641866,0.0227038024952494,0.727343492709799,0.8194664830394299,0.0303586265417111,0.8270710457770725,0.7745277087512349,0.0082061014274112,-0.2338
14.24,11.0112,-0.17387,0.6204,1.8969,0.5319408485121154,-0.1898,-0.18974,0.0014709738986556,-0.0168,0.0017038787793551,349.9173,306.6397,17.384206621964598,60.345,67.615,15.654294332505394,55.8007,1.8054842246756504,170.9014,55.4709,2.341285963356574,187.1462,152.2288,18.2583,1.304384203278757,0.8270710457770725,0.8594952246938714,0.0225759893373934,0.7847669231460136,0.0204296706095137,0.8353342714289991,0.0035377721489757,0.7881201161641866,0.0227038024952494,0.727343492709799,0.8194664830394299,0.0303586265417111,0.8270710457770725,0.7745277087512349,0.0082061014274112,-0.2338
3.55,11.0112,-0.17387,0.6204,1.8969,0.5319408485121154,-0.1898,-0.18974,0.0014709738986556,-0.0168,0.0017038787793551,349.9173,306.6397,17.384206621964598,60.345,67.615,15.654294332505394,55.8007,1.8054842246756504,170.9014,55.4709,2.341285963356574,187.1462,152.2288,18.2583,1.304384203278757,0.8270710457770725,0.8594952246938714,0.0225759893373934,0.7847669231460136,0.0204296706095137,0.8353342714289991,0.0035377721489757,0.7881201161641866,0.0227038024952494,0.727343492709799,0.8194664830394299,0.0303586265417111,0.8270710457770725,0.7745277087512349,0.0082061014274112,-0.2338
6.54,11.0112,-0.17387,0.6204,1.8969,0.5319408485121154,-0.1898,-0.18974,0.0014709738986556,-0.0168,0.0017038787793551,349.9173,306.6397,17.384206621964598,60.345,67.615,15.654294332505394,55.8007,1.8054842246756504,170.9014,55.4709,2.341285963356574,187.1462,152.2288,18.2583,1.304384203278757,0.8270710457770725,0.8594952246938714,0.0225759893373934,0.7847669231460136,0.0204296706095137,0.8353342714289991,0.0035377721489757,0.7881201161641866,0.0227038024952494,0.727343492709799,0.8194664830394299,0.0303586265417111,0.8270710457770725,0.7745277087512349,0.0082061014274112,-0.2338
9.96,11.0112,-0.17387,0.6204,1.8969,0.5319408485121154,-0.1898,-0.18974,0.0014709738986556,-0.0168,0.0017038787793551,349.9173,306.6397,17.384206621964598,60.345,67.615,15.654294332505394,55.8007,1.8054842246756504,170.9014,55.4709,2.341285963356574,187.1462,152.2288,18.2583,1.304384203278757,0.8270710457770725,0.8594952246938714,0.0225759893373934,0.7847669231460136,0.0204296706095137,0.8353342714289991,0.0035377721489757,0.7881201161641866,0.0227038024952494,0.727343492709799,0.8194664830394299,0.0303586265417111,0.8270710457770725,0.7745277087512349,0.0082061014274112,-0.2338
7.26,7.1686,-0.19743,1.1472,1.0986,0.0332546046025618,-0.2016,-0.2008,0.0007382608555985,0.05385,0.0020549395036439,354.7681,369.9001,13.330470595600962,83.7445,73.2185,18.84236308038111,157.8727,5.019573292911369,15.7077,152.6202,3.2967818542826373,19.6166,152.9891,20.0956,3.187319775325629,0.8231789467381215,0.8104248375797132,0.0069840940238335,0.8138379090446394,0.0118009680208351,0.8187479416783928,0.0128665868004957,0.8104248375797132,0.0056182580940854,0.8138379090446394,0.7971018831771504,0.0138188901445329,0.8231789467381215,0.5129187748869795,0.0045416493000341,-0.2338
1.71,7.1686,-0.19743,1.1472,1.0986,0.0332546046025618,-0.2016,-0.2008,0.0007382608555985,0.05385,0.0020549395036439,354.7681,369.9001,13.330470595600962,83.7445,73.2185,18.84236308038111,157.8727,5.019573292911369,15.7077,152.6202,3.2967818542826373,19.6166,152.9891,20.0956,3.187319775325629,0.8231789467381215,0.8104248375797132,0.0069840940238335,0.8138379090446394,0.0118009680208351,0.8187479416783928,0.0128665868004957,0.8104248375797132,0.0056182580940854,0.8138379090446394,0.7971018831771504,0.0138188901445329,0.8231789467381215,0.5129187748869795,0.0045416493000341,-0.2338
24.56,7.1686,-0.19743,1.1472,1.0986,0.0332546046025618,-0.2016,-0.2008,0.0007382608555985,0.05385,0.0020549395036439,354.7681,369.9001,13.330470595600962,83.7445,73.2185,18.84236308038111,157.8727,5.019573292911369,15.7077,152.6202,3.2967818542826373,19.6166,152.9891,20.0956,3.187319775325629,0.8231789467381215,0.8104248375797132,0.0069840940238335,0.8138379090446394,0.0118009680208351,0.8187479416783928,0.0128665868004957,0.8104248375797132,0.0056182580940854,0.8138379090446394,0.7971018831771504,0.0138188901445329,0.8231789467381215,0.5129187748869795,0.0045416493000341,-0.2338
3.4,7.1686,-0.19743,1.1472,1.0986,0.0332546046025618,-0.2016,-0.2008,0.0007382608555985,0.05385,0.0020549395036439,354.7681,369.9001,13.330470595600962,83.7445,73.2185,18.84236308038111,157.8727,5.019573292911369,15.7077,152.6202,3.2967818542826373,19.6166,152.9891,20.0956,3.187319775325629,0.8231789467381215,0.8104248375797132,0.0069840940238335,0.8138379090446394,0.0118009680208351,0.8187479416783928,0.0128665868004957,0.8104248375797132,0.0056182580940854,0.8138379090446394,0.7971018831771504,0.0138188901445329,0.8231789467381215,0.5129187748869795,0.0045416493000341,-0.2338
6.22,7.1686,-0.19743,1.1472,1.0986,0.0332546046025618,-0.2016,-0.2008,0.0007382608555985,0.05385,0.0020549395036439,354.7681,369.9001,13.330470595600962,83.7445,73.2185,18.84236308038111,157.8727,5.019573292911369,15.7077,152.6202,3.2967818542826373,19.6166,152.9891,20.0956,3.187319775325629,0.8231789467381215,0.8104248375797132,0.0069840940238335,0.8138379090446394,0.0118009680208351,0.8187479416783928,0.0128665868004957,0.8104248375797132,0.0056182580940854,0.8138379090446394,0.7971018831771504,0.0138188901445329,0.8231789467381215,0.5129187748869795,0.0045416493000341,-0.2338
18.38,7.1686,-0.19743,1.1472,1.0986,0.0332546046025618,-0.2016,-0.2008,0.0007382608555985,0.05385,0.0020549395036439,354.7681,369.9001,13.330470595600962,83.7445,73.2185,18.84236308038111,157.8727,5.019573292911369,15.7077,152.6202,3.2967818542826373,19.6166,152.9891,20.0956,3.187319775325629,0.8231789467381215,0.8104248375797132,0.0069840940238335,0.8138379090446394,0.0118009680208351,0.8187479416783928,0.0128665868004957,0.8104248375797132,0.0056182580940854,0.8138379090446394,0.7971018831771504,0.0138188901445329,0.8231789467381215,0.5129187748869795,0.0045416493000341,-0.2338
0.41,7.1686,-0.19743,1.1472,1.0986,0.0332546046025618,-0.2016,-0.2008,0.0007382608555985,0.05385,0.0020549395036439,354.7681,369.9001,13.330470595600962,83.7445,73.2185,18.84236308038111,157.8727,5.019573292911369,15.7077,152.6202,3.2967818542826373,19.6166,152.9891,20.0956,3.187319775325629,0.8231789467381215,0.8104248375797132,0.0069840940238335,0.8138379090446394,0.0118009680208351,0.8187479416783928,0.0128665868004957,0.8104248375797132,0.0056182580940854,0.8138379090446394,0.7971018831771504,0.0138188901445329,0.8231789467381215,0.5129187748869795,0.0045416493000341,-0.2338
5.25,7.1686,-0.19743,1.1472,1.0986,0.0332546046025618,-0.2016,-0.2008,0.0007382608555985,0.05385,0.0020549395036439,354.7681,369.9001,13.330470595600962,83.7445,73.2185,18.84236308038111,157.8727,5.019573292911369,15.7077,152.6202,3.2967818542826373,19.6166,152.9891,20.0956,3.187319775325629,0.8231789467381215,0.8104248375797132,0.0069840940238335,0.8138379090446394,0.0118009680208351,0.8187479416783928,0.0128665868004957,0.8104248375797132,0.0056182580940854,0.8138379090446394,0.7971018831771504,0.0138188901445329,0.8231789467381215,0.5129187748869795,0.0045416493000341,-0.2338
11.91,7.1686,-0.19743,1.1472,1.0986,0.0332546046025618,-0.2016,-0.2008,0.0007382608555985,0.05385,0.0020549395036439,354.7681,369.9001,13.330470595600962,83.7445,73.2185,18.84236308038111,157.8727,5.019573292911369,15.7077,152.6202,3.2967818542826373,19.6166,152.9891,20.0956,3.187319775325629,0.8231789467381215,0.8104248375797132,0.0069840940238335,0.8138379090446394,0.0118009680208351,0.8187479416783928,0.0128665868004957,0.8104248375797132,0.0056182580940854,0.8138379090446394,0.7971018831771504,0.0138188901445329,0.8231789467381215,0.5129187748869795,0.0045416493000341,-0.2338
10.44,7.7731,-0.2019,1.1472,1.0986,0.0332546046025618,-0.2016,-0.2008,0.0007382608555985,0.05385,0.0020549395036439,354.7681,369.9001,13.330470595600962,83.7445,73.2185,18.84236308038111,157.8727,5.019573292911369,15.7077,152.6202,3.2967818542826373,19.6166,152.9891,20.0956,3.187319775325629,0.8231789467381215,0.8104248375797132,0.0069840940238335,0.8138379090446394,0.0118009680208351,0.8187479416783928,0.0128665868004957,0.8104248375797132,0.0056182580940854,0.8138379090446394,0.7971018831771504,0.0138188901445329,0.8231789467381215,0.5129187748869795,0.0045416493000341,-0.2338
3.01,7.7731,-0.2019,1.1472,1.0986,0.0332546046025618,-0.2016,-0.2008,0.0007382608555985,0.05385,0.0020549395036439,354.7681,369.9001,13.330470595600962,83.7445,73.2185,18.84236308038111,157.8727,5.019573292911369,15.7077,152.6202,3.2967818542826373,19.6166,152.9891,20.0956,3.187319775325629,0.8231789467381215,0.8104248375797132,0.0069840940238335,0.8138379090446394,0.0118009680208351,0.8187479416783928,0.0128665868004957,0.8104248375797132,0.0056182580940854,0.8138379090446394,0.7971018831771504,0.0138188901445329,0.8231789467381215,0.5129187748869795,0.0045416493000341,-0.2338
47.58,7.7731,-0.2019,1.1472,1.0986,0.0332546046025618,-0.2016,-0.2008,0.0007382608555985,0.05385,0.0020549395036439,354.7681,369.9001,13.330470595600962,83.7445,73.2185,18.84236308038111,157.8727,5.019573292911369,15.7077,152.6202,3.2967818542826373,19.6166,152.9891,20.0956,3.187319775325629,0.8231789467381215,0.8104248375797132,0.0069840940238335,0.8138379090446394,0.0118009680208351,0.8187479416783928,0.0128665868004957,0.8104248375797132,0.0056182580940854,0.8138379090446394,0.7971018831771504,0.0138188901445329,0.8231789467381215,0.5129187748869795,0.0045416493000341,-0.2338
5.85,7.7731,-0.2019,1.1472,1.0986,0.0332546046025618,-0.2016,-0.2008,0.0007382608555985,0.05385,0.0020549395036439,354.7681,369.9001,13.330470595600962,83.7445,73.2185,18.84236308038111,157.8727,5.019573292911369,15.7077,152.6202,3.2967818542826373,19.6166,152.9891,20.0956,3.187319775325629,0.8231789467381215,0.8104248375797132,0.0069840940238335,0.8138379090446394,0.0118009680208351,0.8187479416783928,0.0128665868004957,0.8104248375797132,0.0056182580940854,0.8138379090446394,0.7971018831771504,0.0138188901445329,0.8231789467381215,0.5129187748869795,0.0045416493000341,-0.2338
10.98,7.7731,-0.2019,1.1472,1.0986,0.0332546046025618,-0.2016,-0.2008,0.0007382608555985,0.05385,0.0020549395036439,354.7681,369.9001,13.330470595600962,83.7445,73.2185,18.84236308038111,157.8727,5.019573292911369,15.7077,152.6202,3.2967818542826373,19.6166,152.9891,20.0956,3.187319775325629,0.8231789467381215,0.8104248375797132,0.0069840940238335,0.8138379090446394,0.0118009680208351,0.8187479416783928,0.0128665868004957,0.8104248375797132,0.0056182580940854,0.8138379090446394,0.7971018831771504,0.0138188901445329,0.8231789467381215,0.5129187748869795,0.0045416493000341,-0.2338
29.51,7.7731,-0.2019,1.1472,1.0986,0.0332546046025618,-0.2016,-0.2008,0.0007382608555985,0.05385,0.0020549395036439,354.7681,369.9001,13.330470595600962,83.7445,73.2185,18.84236308038111,157.8727,5.019573292911369,15.7077,152.6202,3.2967818542826373,19.6166,152.9891,20.0956,3.187319775325629,0.8231789467381215,0.8104248375797132,0.0069840940238335,0.8138379090446394,0.0118009680208351,0.8187479416783928,0.0128665868004957,0.8104248375797132,0.0056182580940854,0.8138379090446394,0.7971018831771504,0.0138188901445329,0.8231789467381215,0.5129187748869795,0.0045416493000341,-0.2338
2.52,7.7731,-0.2019,1.1472,1.0986,0.0332546046025618,-0.2016,-0.2008,0.0007382608555985,0.05385,0.0020549395036439,354.7681,369.9001,13.330470595600962,83.7445,73.2185,18.84236308038111,157.8727,5.019573292911369,15.7077,152.6202,3.2967818542826373,19.6166,152.9891,20.0956,3.187319775325629,0.8231789467381215,0.8104248375797132,0.0069840940238335,0.8138379090446394,0.0118009680208351,0.8187479416783928,0.0128665868004957,0.8104248375797132,0.0056182580940854,0.8138379090446394,0.7971018831771504,0.0138188901445329,0.8231789467381215,0.5129187748869795,0.0045416493000341,-0.2338
12.78,7.7731,-0.2019,1.1472,1.0986,0.0332546046025618,-0.2016,-0.2008,0.0007382608555985,0.05385,0.0020549395036439,354.7681,369.9001,13.330470595600962,83.7445,73.2185,18.84236308038111,157.8727,5.019573292911369,15.7077,152.6202,3.2967818542826373,19.6166,152.9891,20.0956,3.187319775325629,0.8231789467381215,0.8104248375797132,0.0069840940238335,0.8138379090446394,0.0118009680208351,0.8187479416783928,0.0128665868004957,0.8104248375797132,0.0056182580940854,0.8138379090446394,0.7971018831771504,0.0138188901445329,0.8231789467381215,0.5129187748869795,0.0045416493000341,-0.2338
24.11,7.7731,-0.2019,1.1472,1.0986,0.0332546046025618,-0.2016,-0.2008,0.0007382608555985,0.05385,0.0020549395036439,354.7681,369.9001,13.330470595600962,83.7445,73.2185,18.84236308038111,157.8727,5.019573292911369,15.7077,152.6202,3.2967818542826373,19.6166,152.9891,20.0956,3.187319775325629,0.8231789467381215,0.8104248375797132,0.0069840940238335,0.8138379090446394,0.0118009680208351,0.8187479416783928,0.0128665868004957,0.8104248375797132,0.0056182580940854,0.8138379090446394,0.7971018831771504,0.0138188901445329,0.8231789467381215,0.5129187748869795,0.0045416493000341,-0.2338
12.83,10.1478,-0.16646,1.1472,1.0986,0.0332546046025618,-0.2016,-0.2008,0.0007382608555985,0.05385,0.0020549395036439,354.7681,369.9001,13.330470595600962,83.7445,73.2185,18.84236308038111,157.8727,5.019573292911369,15.7077,152.6202,3.2967818542826373,19.6166,152.9891,20.0956,3.187319775325629,0.8231789467381215,0.8104248375797132,0.0069840940238335,0.8138379090446394,0.0118009680208351,0.8187479416783928,0.0128665868004957,0.8104248375797132,0.0056182580940854,0.8138379090446394,0.7971018831771504,0.0138188901445329,0.8231789467381215,0.5129187748869795,0.0045416493000341,-0.2338
4.02,10.1478,-0.16646,1.1472,1.0986,0.0332546046025618,-0.2016,-0.2008,0.0007382608555985,0.05385,0.0020549395036439,354.7681,369.9001,13.330470595600962,83.7445,73.2185,18.84236308038111,157.8727,5.019573292911369,15.7077,152.6202,3.2967818542826373,19.6166,152.9891,20.0956,3.187319775325629,0.8231789467381215,0.8104248375797132,0.0069840940238335,0.8138379090446394,0.0118009680208351,0.8187479416783928,0.0128665868004957,0.8104248375797132,0.0056182580940854,0.8138379090446394,0.7971018831771504,0.0138188901445329,0.8231789467381215,0.5129187748869795,0.0045416493000341,-0.2338
44.53,10.1478,-0.16646,1.1472,1.0986,0.0332546046025618,-0.2016,-0.2008,0.0007382608555985,0.05385,0.0020549395036439,354.7681,369.9001,13.330470595600962,83.7445,73.2185,18.84236308038111,157.8727,5.019573292911369,15.7077,152.6202,3.2967818542826373,19.6166,152.9891,20.0956,3.187319775325629,0.8231789467381215,0.8104248375797132,0.0069840940238335,0.8138379090446394,0.0118009680208351,0.8187479416783928,0.0128665868004957,0.8104248375797132,0.0056182580940854,0.8138379090446394,0.7971018831771504,0.0138188901445329,0.8231789467381215,0.5129187748869795,0.0045416493000341,-0.2338
8.04,10.1478,-0.16646,1.1472,1.0986,0.0332546046025618,-0.2016,-0.2008,0.0007382608555985,0.05385,0.0020549395036439,354.7681,369.9001,13.330470595600962,83.7445,73.2185,18.84236308038111,157.8727,5.019573292911369,15.7077,152.6202,3.2967818542826373,19.6166,152.9891,20.0956,3.187319775325629,0.8231789467381215,0.8104248375797132,0.0069840940238335,0.8138379090446394,0.0118009680208351,0.8187479416783928,0.0128665868004957,0.8104248375797132,0.0056182580940854,0.8138379090446394,0.7971018831771504,0.0138188901445329,0.8231789467381215,0.5129187748869795,0.0045416493000341,-0.2338
15.26,10.1478,-0.16646,1.1472,1.0986,0.0332546046025618,-0.2016,-0.2008,0.0007382608555985,0.05385,0.0020549395036439,354.7681,369.9001,13.330470595600962,83.7445,73.2185,18.84236308038111,157.8727,5.019573292911369,15.7077,152.6202,3.2967818542826373,19.6166,152.9891,20.0956,3.187319775325629,0.8231789467381215,0.8104248375797132,0.0069840940238335,0.8138379090446394,0.0118009680208351,0.8187479416783928,0.0128665868004957,0.8104248375797132,0.0056182580940854,0.8138379090446394,0.7971018831771504,0.0138188901445329,0.8231789467381215,0.5129187748869795,0.0045416493000341,-0.2338
35.61,10.1478,-0.16646,1.1472,1.0986,0.0332546046025618,-0.2016,-0.2008,0.0007382608555985,0.05385,0.0020549395036439,354.7681,369.9001,13.330470595600962,83.7445,73.2185,18.84236308038111,157.8727,5.019573292911369,15.7077,152.6202,3.2967818542826373,19.6166,152.9891,20.0956,3.187319775325629,0.8231789467381215,0.8104248375797132,0.0069840940238335,0.8138379090446394,0.0118009680208351,0.8187479416783928,0.0128665868004957,0.8104248375797132,0.0056182580940854,0.8138379090446394,0.7971018831771504,0.0138188901445329,0.8231789467381215,0.5129187748869795,0.0045416493000341,-0.2338
2.53,10.1478,-0.16646,1.1472,1.0986,0.0332546046025618,-0.2016,-0.2008,0.0007382608555985,0.05385,0.0020549395036439,354.7681,369.9001,13.330470595600962,83.7445,73.2185,18.84236308038111,157.8727,5.019573292911369,15.7077,152.6202,3.2967818542826373,19.6166,152.9891,20.0956,3.187319775325629,0.8231789467381215,0.8104248375797132,0.0069840940238335,0.8138379090446394,0.0118009680208351,0.8187479416783928,0.0128665868004957,0.8104248375797132,0.0056182580940854,0.8138379090446394,0.7971018831771504,0.0138188901445329,0.8231789467381215,0.5129187748869795,0.0045416493000341,-0.2338
10.25,10.1478,-0.16646,1.1472,1.0986,0.0332546046025618,-0.2016,-0.2008,0.0007382608555985,0.05385,0.0020549395036439,354.7681,369.9001,13.330470595600962,83.7445,73.2185,18.84236308038111,157.8727,5.019573292911369,15.7077,152.6202,3.2967818542826373,19.6166,152.9891,20.0956,3.187319775325629,0.8231789467381215,0.8104248375797132,0.0069840940238335,0.8138379090446394,0.0118009680208351,0.8187479416783928,0.0128665868004957,0.8104248375797132,0.0056182580940854,0.8138379090446394,0.7971018831771504,0.0138188901445329,0.8231789467381215,0.5129187748869795,0.0045416493000341,-0.2338
18.61,10.1478,-0.16646,1.1472,1.0986,0.0332546046025618,-0.2016,-0.2008,0.0007382608555985,0.05385,0.0020549395036439,354.7681,369.9001,13.330470595600962,83.7445,73.2185,18.84236308038111,157.8727,5.019573292911369,15.7077,152.6202,3.2967818542826373,19.6166,152.9891,20.0956,3.187319775325629,0.8231789467381215,0.8104248375797132,0.0069840940238335,0.8138379090446394,0.0118009680208351,0.8187479416783928,0.0128665868004957,0.8104248375797132,0.0056182580940854,0.8138379090446394,0.7971018831771504,0.0138188901445329,0.8231789467381215,0.5129187748869795,0.0045416493000341,-0.2338
8.85,11.0112,-0.17387,1.1472,1.0986,0.0332546046025618,-0.2016,-0.2008,0.0007382608555985,0.05385,0.0020549395036439,354.7681,369.9001,13.330470595600962,83.7445,73.2185,18.84236308038111,157.8727,5.019573292911369,15.7077,152.6202,3.2967818542826373,19.6166,152.9891,20.0956,3.187319775325629,0.8231789467381215,0.8104248375797132,0.0069840940238335,0.8138379090446394,0.0118009680208351,0.8187479416783928,0.0128665868004957,0.8104248375797132,0.0056182580940854,0.8138379090446394,0.7971018831771504,0.0138188901445329,0.8231789467381215,0.5129187748869795,0.0045416493000341,-0.2338
3.69,11.0112,-0.17387,1.1472,1.0986,0.0332546046025618,-0.2016,-0.2008,0.0007382608555985,0.05385,0.0020549395036439,354.7681,369.9001,13.330470595600962,83.7445,73.2185,18.84236308038111,157.8727,5.019573292911369,15.7077,152.6202,3.2967818542826373,19.6166,152.9891,20.0956,3.187319775325629,0.8231789467381215,0.8104248375797132,0.0069840940238335,0.8138379090446394,0.0118009680208351,0.8187479416783928,0.0128665868004957,0.8104248375797132,0.0056182580940854,0.8138379090446394,0.7971018831771504,0.0138188901445329,0.8231789467381215,0.5129187748869795,0.0045416493000341,-0.2338
27.93,11.0112,-0.17387,1.1472,1.0986,0.0332546046025618,-0.2016,-0.2008,0.0007382608555985,0.05385,0.0020549395036439,354.7681,369.9001,13.330470595600962,83.7445,73.2185,18.84236308038111,157.8727,5.019573292911369,15.7077,152.6202,3.2967818542826373,19.6166,152.9891,20.0956,3.187319775325629,0.8231789467381215,0.8104248375797132,0.0069840940238335,0.8138379090446394,0.0118009680208351,0.8187479416783928,0.0128665868004957,0.8104248375797132,0.0056182580940854,0.8138379090446394,0.7971018831771504,0.0138188901445329,0.8231789467381215,0.5129187748869795,0.0045416493000341,-0.2338
6.38,11.0112,-0.17387,1.1472,1.0986,0.0332546046025618,-0.2016,-0.2008,0.0007382608555985,0.05385,0.0020549395036439,354.7681,369.9001,13.330470595600962,83.7445,73.2185,18.84236308038111,157.8727,5.019573292911369,15.7077,152.6202,3.2967818542826373,19.6166,152.9891,20.0956,3.187319775325629,0.8231789467381215,0.8104248375797132,0.0069840940238335,0.8138379090446394,0.0118009680208351,0.8187479416783928,0.0128665868004957,0.8104248375797132,0.0056182580940854,0.8138379090446394,0.7971018831771504,0.0138188901445329,0.8231789467381215,0.5129187748869795,0.0045416493000341,-0.2338
11.52,11.0112,-0.17387,1.1472,1.0986,0.0332546046025618,-0.2016,-0.2008,0.0007382608555985,0.05385,0.0020549395036439,354.7681,369.9001,13.330470595600962,83.7445,73.2185,18.84236308038111,157.8727,5.019573292911369,15.7077,152.6202,3.2967818542826373,19.6166,152.9891,20.0956,3.187319775325629,0.8231789467381215,0.8104248375797132,0.0069840940238335,0.8138379090446394,0.0118009680208351,0.8187479416783928,0.0128665868004957,0.8104248375797132,0.0056182580940854,0.8138379090446394,0.7971018831771504,0.0138188901445329,0.8231789467381215,0.5129187748869795,0.0045416493000341,-0.2338
26.22,11.0112,-0.17387,1.1472,1.0986,0.0332546046025618,-0.2016,-0.2008,0.0007382608555985,0.05385,0.0020549395036439,354.7681,369.9001,13.330470595600962,83.7445,73.2185,18.84236308038111,157.8727,5.019573292911369,15.7077,152.6202,3.2967818542826373,19.6166,152.9891,20.0956,3.187319775325629,0.8231789467381215,0.8104248375797132,0.0069840940238335,0.8138379090446394,0.0118009680208351,0.8187479416783928,0.0128665868004957,0.8104248375797132,0.0056182580940854,0.8138379090446394,0.7971018831771504,0.0138188901445329,0.8231789467381215,0.5129187748869795,0.0045416493000341,-0.2338
2.53,11.0112,-0.17387,1.1472,1.0986,0.0332546046025618,-0.2016,-0.2008,0.0007382608555985,0.05385,0.0020549395036439,354.7681,369.9001,13.330470595600962,83.7445,73.2185,18.84236308038111,157.8727,5.019573292911369,15.7077,152.6202,3.2967818542826373,19.6166,152.9891,20.0956,3.187319775325629,0.8231789467381215,0.8104248375797132,0.0069840940238335,0.8138379090446394,0.0118009680208351,0.8187479416783928,0.0128665868004957,0.8104248375797132,0.0056182580940854,0.8138379090446394,0.7971018831771504,0.0138188901445329,0.8231789467381215,0.5129187748869795,0.0045416493000341,-0.2338
9.07,11.0112,-0.17387,1.1472,1.0986,0.0332546046025618,-0.2016,-0.2008,0.0007382608555985,0.05385,0.0020549395036439,354.7681,369.9001,13.330470595600962,83.7445,73.2185,18.84236308038111,157.8727,5.019573292911369,15.7077,152.6202,3.2967818542826373,19.6166,152.9891,20.0956,3.187319775325629,0.8231789467381215,0.8104248375797132,0.0069840940238335,0.8138379090446394,0.0118009680208351,0.8187479416783928,0.0128665868004957,0.8104248375797132,0.0056182580940854,0.8138379090446394,0.7971018831771504,0.0138188901445329,0.8231789467381215,0.5129187748869795,0.0045416493000341,-0.2338
13.88,11.0112,-0.17387,1.1472,1.0986,0.0332546046025618,-0.2016,-0.2008,0.0007382608555985,0.05385,0.0020549395036439,354.7681,369.9001,13.330470595600962,83.7445,73.2185,18.84236308038111,157.8727,5.019573292911369,15.7077,152.6202,3.2967818542826373,19.6166,152.9891,20.0956,3.187319775325629,0.8231789467381215,0.8104248375797132,0.0069840940238335,0.8138379090446394,0.0118009680208351,0.8187479416783928,0.0128665868004957,0.8104248375797132,0.0056182580940854,0.8138379090446394,0.7971018831771504,0.0138188901445329,0.8231789467381215,0.5129187748869795,0.0045416493000341,-0.2338
28.15,7.1686,-0.19743,1.413,1.413,0.0,-0.21146,-0.21146,0.0,-0.01885,0.0,361.4428,361.4428,0.0,39.667,39.667,0.0,56.1606,0.0,179.4228,56.1046,0.0,179.4567,56.1021,179.4687,0.0,0.7028831472111613,0.7320439507799167,0.0,0.7324331606838118,0.0,0.7329720667045896,0.0,0.7320439507799167,0.0,0.7324331606838118,0.7324331606838118,0.0,0.7028831472111613,0.5225891440376037,0.0,-0.2338
14.29,7.1686,-0.19743,1.413,1.413,0.0,-0.21146,-0.21146,0.0,-0.01885,0.0,361.4428,361.4428,0.0,39.667,39.667,0.0,56.1606,0.0,179.4228,56.1046,0.0,179.4567,56.1021,179.4687,0.0,0.7028831472111613,0.7320439507799167,0.0,0.7324331606838118,0.0,0.7329720667045896,0.0,0.7320439507799167,0.0,0.7324331606838118,0.7324331606838118,0.0,0.7028831472111613,0.5225891440376037,0.0,-0.2338
74.04,7.1686,-0.19743,1.413,1.413,0.0,-0.21146,-0.21146,0.0,-0.01885,0.0,361.4428,361.4428,0.0,39.667,39.667,0.0,56.1606,0.0,179.4228,56.1046,0.0,179.4567,56.1021,179.4687,0.0,0.7028831472111613,0.7320439507799167,0.0,0.7324331606838118,0.0,0.7329720667045896,0.0,0.7320439507799167,0.0,0.7324331606838118,0.7324331606838118,0.0,0.7028831472111613,0.5225891440376037,0.0,-0.2338
19.55,7.1686,-0.19743,1.413,1.413,0.0,-0.21146,-0.21146,0.0,-0.01885,0.0,361.4428,361.4428,0.0,39.667,39.667,0.0,56.1606,0.0,179.4228,56.1046,0.0,179.4567,56.1021,179.4687,0.0,0.7028831472111613,0.7320439507799167,0.0,0.7324331606838118,0.0,0.7329720667045896,0.0,0.7320439507799167,0.0,0.7324331606838118,0.7324331606838118,0.0,0.7028831472111613,0.5225891440376037,0.0,-0.2338
27.82,7.1686,-0.19743,1.413,1.413,0.0,-0.21146,-0.21146,0.0,-0.01885,0.0,361.4428,361.4428,0.0,39.667,39.667,0.0,56.1606,0.0,179.4228,56.1046,0.0,179.4567,56.1021,179.4687,0.0,0.7028831472111613,0.7320439507799167,0.0,0.7324331606838118,0.0,0.7329720667045896,0.0,0.7320439507799167,0.0,0.7324331606838118,0.7324331606838118,0.0,0.7028831472111613,0.5225891440376037,0.0,-0.2338
45.85,7.1686,-0.19743,1.413,1.413,0.0,-0.21146,-0.21146,0.0,-0.01885,0.0,361.4428,361.4428,0.0,39.667,39.667,0.0,56.1606,0.0,179.4228,56.1046,0.0,179.4567,56.1021,179.4687,0.0,0.7028831472111613,0.7320439507799167,0.0,0.7324331606838118,0.0,0.7329720667045896,0.0,0.7320439507799167,0.0,0.7324331606838118,0.7324331606838118,0.0,0.7028831472111613,0.5225891440376037,0.0,-0.2338
11.68,7.1686,-0.19743,1.413,1.413,0.0,-0.21146,-0.21146,0.0,-0.01885,0.0,361.4428,361.4428,0.0,39.667,39.667,0.0,56.1606,0.0,179.4228,56.1046,0.0,179.4567,56.1021,179.4687,0.0,0.7028831472111613,0.7320439507799167,0.0,0.7324331606838118,0.0,0.7329720667045896,0.0,0.7320439507799167,0.0,0.7324331606838118,0.7324331606838118,0.0,0.7028831472111613,0.5225891440376037,0.0,-0.2338
30.44,7.1686,-0.19743,1.413,1.413,0.0,-0.21146,-0.21146,0.0,-0.01885,0.0,361.4428,361.4428,0.0,39.667,39.667,0.0,56.1606,0.0,179.4228,56.1046,0.0,179.4567,56.1021,179.4687,0.0,0.7028831472111613,0.7320439507799167,0.0,0.7324331606838118,0.0,0.7329720667045896,0.0,0.7320439507799167,0.0,0.7324331606838118,0.7324331606838118,0.0,0.7028831472111613,0.5225891440376037,0.0,-0.2338
51.83,7.1686,-0.19743,1.413,1.413,0.0,-0.21146,-0.21146,0.0,-0.01885,0.0,361.4428,361.4428,0.0,39.667,39.667,0.0,56.1606,0.0,179.4228,56.1046,0.0,179.4567,56.1021,179.4687,0.0,0.7028831472111613,0.7320439507799167,0.0,0.7324331606838118,0.0,0.7329720667045896,0.0,0.7320439507799167,0.0,0.7324331606838118,0.7324331606838118,0.0,0.7028831472111613,0.5225891440376037,0.0,-0.2338
63.13,7.7731,-0.2019,1.413,1.413,0.0,-0.21146,-0.21146,0.0,-0.01885,0.0,361.4428,361.4428,0.0,39.667,39.667,0.0,56.1606,0.0,179.4228,56.1046,0.0,179.4567,56.1021,179.4687,0.0,0.7028831472111613,0.7320439507799167,0.0,0.7324331606838118,0.0,0.7329720667045896,0.0,0.7320439507799167,0.0,0.7324331606838118,0.7324331606838118,0.0,0.7028831472111613,0.5225891440376037,0.0,-0.2338
38.78,7.7731,-0.2019,1.413,1.413,0.0,-0.21146,-0.21146,0.0,-0.01885,0.0,361.4428,361.4428,0.0,39.667,39.667,0.0,56.1606,0.0,179.4228,56.1046,0.0,179.4567,56.1021,179.4687,0.0,0.7028831472111613,0.7320439507799167,0.0,0.7324331606838118,0.0,0.7329720667045896,0.0,0.7320439507799167,0.0,0.7324331606838118,0.7324331606838118,0.0,0.7028831472111613,0.5225891440376037,0.0,-0.2338
86.46,7.7731,-0.2019,1.413,1.413,0.0,-0.21146,-0.21146,0.0,-0.01885,0.0,361.4428,361.4428,0.0,39.667,39.667,0.0,56.1606,0.0,179.4228,56.1046,0.0,179.4567,56.1021,179.4687,0.0,0.7028831472111613,0.7320439507799167,0.0,0.7324331606838118,0.0,0.7329720667045896,0.0,0.7320439507799167,0.0,0.7324331606838118,0.7324331606838118,0.0,0.7028831472111613,0.5225891440376037,0.0,-0.2338
46.46,7.7731,-0.2019,1.413,1.413,0.0,-0.21146,-0.21146,0.0,-0.01885,0.0,361.4428,361.4428,0.0,39.667,39.667,0.0,56.1606,0.0,179.4228,56.1046,0.0,179.4567,56.1021,179.4687,0.0,0.7028831472111613,0.7320439507799167,0.0,0.7324331606838118,0.0,0.7329720667045896,0.0,0.7320439507799167,0.0,0.7324331606838118,0.7324331606838118,0.0,0.7028831472111613,0.5225891440376037,0.0,-0.2338
63.61,7.7731,-0.2019,1.413,1.413,0.0,-0.21146,-0.21146,0.0,-0.01885,0.0,361.4428,361.4428,0.0,39.667,39.667,0.0,56.1606,0.0,179.4228,56.1046,0.0,179.4567,56.1021,179.4687,0.0,0.7028831472111613,0.7320439507799167,0.0,0.7324331606838118,0.0,0.7329720667045896,0.0,0.7320439507799167,0.0,0.7324331606838118,0.7324331606838118,0.0,0.7028831472111613,0.5225891440376037,0.0,-0.2338
91.27,7.7731,-0.2019,1.413,1.413,0.0,-0.21146,-0.21146,0.0,-0.01885,0.0,361.4428,361.4428,0.0,39.667,39.667,0.0,56.1606,0.0,179.4228,56.1046,0.0,179.4567,56.1021,179.4687,0.0,0.7028831472111613,0.7320439507799167,0.0,0.7324331606838118,0.0,0.7329720667045896,0.0,0.7320439507799167,0.0,0.7324331606838118,0.7324331606838118,0.0,0.7028831472111613,0.5225891440376037,0.0,-0.2338
38.79,7.7731,-0.2019,1.413,1.413,0.0,-0.21146,-0.21146,0.0,-0.01885,0.0,361.4428,361.4428,0.0,39.667,39.667,0.0,56.1606,0.0,179.4228,56.1046,0.0,179.4567,56.1021,179.4687,0.0,0.7028831472111613,0.7320439507799167,0.0,0.7324331606838118,0.0,0.7329720667045896,0.0,0.7320439507799167,0.0,0.7324331606838118,0.7324331606838118,0.0,0.7028831472111613,0.5225891440376037,0.0,-0.2338
71.11,7.7731,-0.2019,1.413,1.413,0.0,-0.21146,-0.21146,0.0,-0.01885,0.0,361.4428,361.4428,0.0,39.667,39.667,0.0,56.1606,0.0,179.4228,56.1046,0.0,179.4567,56.1021,179.4687,0.0,0.7028831472111613,0.7320439507799167,0.0,0.7324331606838118,0.0,0.7329720667045896,0.0,0.7320439507799167,0.0,0.7324331606838118,0.7324331606838118,0.0,0.7028831472111613,0.5225891440376037,0.0,-0.2338
79.1,7.7731,-0.2019,1.413,1.413,0.0,-0.21146,-0.21146,0.0,-0.01885,0.0,361.4428,361.4428,0.0,39.667,39.667,0.0,56.1606,0.0,179.4228,56.1046,0.0,179.4567,56.1021,179.4687,0.0,0.7028831472111613,0.7320439507799167,0.0,0.7324331606838118,0.0,0.7329720667045896,0.0,0.7320439507799167,0.0,0.7324331606838118,0.7324331606838118,0.0,0.7028831472111613,0.5225891440376037,0.0,-0.2338
62.82,10.1478,-0.16646,1.413,1.413,0.0,-0.21146,-0.21146,0.0,-0.01885,0.0,361.4428,361.4428,0.0,39.667,39.667,0.0,56.1606,0.0,179.4228,56.1046,0.0,179.4567,56.1021,179.4687,0.0,0.7028831472111613,0.7320439507799167,0.0,0.7324331606838118,0.0,0.7329720667045896,0.0,0.7320439507799167,0.0,0.7324331606838118,0.7324331606838118,0.0,0.7028831472111613,0.5225891440376037,0.0,-0.2338
32.36,10.1478,-0.16646,1.413,1.413,0.0,-0.21146,-0.21146,0.0,-0.01885,0.0,361.4428,361.4428,0.0,39.667,39.667,0.0,56.1606,0.0,179.4228,56.1046,0.0,179.4567,56.1021,179.4687,0.0,0.7028831472111613,0.7320439507799167,0.0,0.7324331606838118,0.0,0.7329720667045896,0.0,0.7320439507799167,0.0,0.7324331606838118,0.7324331606838118,0.0,0.7028831472111613,0.5225891440376037,0.0,-0.2338
87.32,10.1478,-0.16646,1.413,1.413,0.0,-0.21146,-0.21146,0.0,-0.01885,0.0,361.4428,361.4428,0.0,39.667,39.667,0.0,56.1606,0.0,179.4228,56.1046,0.0,179.4567,56.1021,179.4687,0.0,0.7028831472111613,0.7320439507799167,0.0,0.7324331606838118,0.0,0.7329720667045896,0.0,0.7320439507799167,0.0,0.7324331606838118,0.7324331606838118,0.0,0.7028831472111613,0.5225891440376037,0.0,-0.2338
36.96,10.1478,-0.16646,1.413,1.413,0.0,-0.21146,-0.21146,0.0,-0.01885,0.0,361.4428,361.4428,0.0,39.667,39.667,0.0,56.1606,0.0,179.4228,56.1046,0.0,179.4567,56.1021,179.4687,0.0,0.7028831472111613,0.7320439507799167,0.0,0.7324331606838118,0.0,0.7329720667045896,0.0,0.7320439507799167,0.0,0.7324331606838118,0.7324331606838118,0.0,0.7028831472111613,0.5225891440376037,0.0,-0.2338
53.46,10.1478,-0.16646,1.413,1.413,0.0,-0.21146,-0.21146,0.0,-0.01885,0.0,361.4428,361.4428,0.0,39.667,39.667,0.0,56.1606,0.0,179.4228,56.1046,0.0,179.4567,56.1021,179.4687,0.0,0.7028831472111613,0.7320439507799167,0.0,0.7324331606838118,0.0,0.7329720667045896,0.0,0.7320439507799167,0.0,0.7324331606838118,0.7324331606838118,0.0,0.7028831472111613,0.5225891440376037,0.0,-0.2338
89.71,10.1478,-0.16646,1.413,1.413,0.0,-0.21146,-0.21146,0.0,-0.01885,0.0,361.4428,361.4428,0.0,39.667,39.667,0.0,56.1606,0.0,179.4228,56.1046,0.0,179.4567,56.1021,179.4687,0.0,0.7028831472111613,0.7320439507799167,0.0,0.7324331606838118,0.0,0.7329720667045896,0.0,0.7320439507799167,0.0,0.7324331606838118,0.7324331606838118,0.0,0.7028831472111613,0.5225891440376037,0.0,-0.2338
31.85,10.1478,-0.16646,1.413,1.413,0.0,-0.21146,-0.21146,0.0,-0.01885,0.0,361.4428,361.4428,0.0,39.667,39.667,0.0,56.1606,0.0,179.4228,56.1046,0.0,179.4567,56.1021,179.4687,0.0,0.7028831472111613,0.7320439507799167,0.0,0.7324331606838118,0.0,0.7329720667045896,0.0,0.7320439507799167,0.0,0.7324331606838118,0.7324331606838118,0.0,0.7028831472111613,0.5225891440376037,0.0,-0.2338
66.27,10.1478,-0.16646,1.413,1.413,0.0,-0.21146,-0.21146,0.0,-0.01885,0.0,361.4428,361.4428,0.0,39.667,39.667,0.0,56.1606,0.0,179.4228,56.1046,0.0,179.4567,56.1021,179.4687,0.0,0.7028831472111613,0.7320439507799167,0.0,0.7324331606838118,0.0,0.7329720667045896,0.0,0.7320439507799167,0.0,0.7324331606838118,0.7324331606838118,0.0,0.7028831472111613,0.5225891440376037,0.0,-0.2338
78.19,10.1478,-0.16646,1.413,1.413,0.0,-0.21146,-0.21146,0.0,-0.01885,0.0,361.4428,361.4428,0.0,39.667,39.667,0.0,56.1606,0.0,179.4228,56.1046,0.0,179.4567,56.1021,179.4687,0.0,0.7028831472111613,0.7320439507799167,0.0,0.7324331606838118,0.0,0.7329720667045896,0.0,0.7320439507799167,0.0,0.7324331606838118,0.7324331606838118,0.0,0.7028831472111613,0.5225891440376037,0.0,-0.2338
52.05,11.0112,-0.17387,1.413,1.413,0.0,-0.21146,-0.21146,0.0,-0.01885,0.0,361.4428,361.4428,0.0,39.667,39.667,0.0,56.1606,0.0,179.4228,56.1046,0.0,179.4567,56.1021,179.4687,0.0,0.7028831472111613,0.7320439507799167,0.0,0.7324331606838118,0.0,0.7329720667045896,0.0,0.7320439507799167,0.0,0.7324331606838118,0.7324331606838118,0.0,0.7028831472111613,0.5225891440376037,0.0,-0.2338
33.59,11.0112,-0.17387,1.413,1.413,0.0,-0.21146,-0.21146,0.0,-0.01885,0.0,361.4428,361.4428,0.0,39.667,39.667,0.0,56.1606,0.0,179.4228,56.1046,0.0,179.4567,56.1021,179.4687,0.0,0.7028831472111613,0.7320439507799167,0.0,0.7324331606838118,0.0,0.7329720667045896,0.0,0.7320439507799167,0.0,0.7324331606838118,0.7324331606838118,0.0,0.7028831472111613,0.5225891440376037,0.0,-0.2338
76.33,11.0112,-0.17387,1.413,1.413,0.0,-0.21146,-0.21146,0.0,-0.01885,0.0,361.4428,361.4428,0.0,39.667,39.667,0.0,56.1606,0.0,179.4228,56.1046,0.0,179.4567,56.1021,179.4687,0.0,0.7028831472111613,0.7320439507799167,0.0,0.7324331606838118,0.0,0.7329720667045896,0.0,0.7320439507799167,0.0,0.7324331606838118,0.7324331606838118,0.0,0.7028831472111613,0.5225891440376037,0.0,-0.2338
44.96,11.0112,-0.17387,1.413,1.413,0.0,-0.21146,-0.21146,0.0,-0.01885,0.0,361.4428,361.4428,0.0,39.667,39.667,0.0,56.1606,0.0,179.4228,56.1046,0.0,179.4567,56.1021,179.4687,0.0,0.7028831472111613,0.7320439507799167,0.0,0.7324331606838118,0.0,0.7329720667045896,0.0,0.7320439507799167,0.0,0.7324331606838118,0.7324331606838118,0.0,0.7028831472111613,0.5225891440376037,0.0,-0.2338
59.68,11.0112,-0.17387,1.413,1.413,0.0,-0.21146,-0.21146,0.0,-0.01885,0.0,361.4428,361.4428,0.0,39.667,39.667,0.0,56.1606,0.0,179.4228,56.1046,0.0,179.4567,56.1021,179.4687,0.0,0.7028831472111613,0.7320439507799167,0.0,0.7324331606838118,0.0,0.7329720667045896,0.0,0.7320439507799167,0.0,0.7324331606838118,0.7324331606838118,0.0,0.7028831472111613,0.5225891440376037,0.0,-0.2338
84.64,11.0112,-0.17387,1.413,1.413,0.0,-0.21146,-0.21146,0.0,-0.01885,0.0,361.4428,361.4428,0.0,39.667,39.667,0.0,56.1606,0.0,179.4228,56.1046,0.0,179.4567,56.1021,179.4687,0.0,0.7028831472111613,0.7320439507799167,0.0,0.7324331606838118,0.0,0.7329720667045896,0.0,0.7320439507799167,0.0,0.7324331606838118,0.7324331606838118,0.0,0.7028831472111613,0.5225891440376037,0.0,-0.2338
28.53,11.0112,-0.17387,1.413,1.413,0.0,-0.21146,-0.21146,0.0,-0.01885,0.0,361.4428,361.4428,0.0,39.667,39.667,0.0,56.1606,0.0,179.4228,56.1046,0.0,179.4567,56.1021,179.4687,0.0,0.7028831472111613,0.7320439507799167,0.0,0.7324331606838118,0.0,0.7329720667045896,0.0,0.7320439507799167,0.0,0.7324331606838118,0.7324331606838118,0.0,0.7028831472111613,0.5225891440376037,0.0,-0.2338
45.28,11.0112,-0.17387,1.413,1.413,0.0,-0.21146,-0.21146,0.0,-0.01885,0.0,361.4428,361.4428,0.0,39.667,39.667,0.0,56.1606,0.0,179.4228,56.1046,0.0,179.4567,56.1021,179.4687,0.0,0.7028831472111613,0.7320439507799167,0.0,0.7324331606838118,0.0,0.7329720667045896,0.0,0.7320439507799167,0.0,0.7324331606838118,0.7324331606838118,0.0,0.7028831472111613,0.5225891440376037,0.0,-0.2338
58.4,11.0112,-0.17387,1.413,1.413,0.0,-0.21146,-0.21146,0.0,-0.01885,0.0,361.4428,361.4428,0.0,39.667,39.667,0.0,56.1606,0.0,179.4228,56.1046,0.0,179.4567,56.1021,179.4687,0.0,0.7028831472111613,0.7320439507799167,0.0,0.7324331606838118,0.0,0.7329720667045896,0.0,0.7320439507799167,0.0,0.7324331606838118,0.7324331606838118,0.0,0.7028831472111613,0.5225891440376037,0.0,-0.2338
65.37,7.1686,-0.19743,1.0935,0.9283,0.0971362433021055,-0.20155,-0.19721,0.0032312838403515,-0.0138,0.0024626037025976,358.6186,336.0617,19.96752004577877,63.524,52.288,11.526095462392362,52.6306,1.2062278029823994,179.6306,157.2257,4.79223079534879,13.8836,151.933,21.9405,5.6734377040920645,0.8281189185952516,0.8438370108679379,0.0147870026560164,0.8263225651926589,0.0100367415902332,0.8206341127511152,0.0128719983958064,0.5313313972635549,0.0159419143824157,0.5294452261908326,0.5903715457621029,0.0272390268189839,0.8281189185952516,0.4858836561779587,0.0538216911651726,-0.2338
38.03,7.1686,-0.19743,1.0935,0.9283,0.0971362433021055,-0.20155,-0.19721,0.0032312838403515,-0.0138,0.0024626037025976,358.6186,336.0617,19.96752004577877,63.524,52.288,11.526095462392362,52.6306,1.2062278029823994,179.6306,157.2257,4.79223079534879,13.8836,151.933,21.9405,5.6734377040920645,0.8281189185952516,0.8438370108679379,0.0147870026560164,0.8263225651926589,0.0100367415902332,0.8206341127511152,0.0128719983958064,0.5313313972635549,0.0159419143824157,0.5294452261908326,0.5903715457621029,0.0272390268189839,0.8281189185952516,0.4858836561779587,0.0538216911651726,-0.2338
88.41,7.1686,-0.19743,1.0935,0.9283,0.0971362433021055,-0.20155,-0.19721,0.0032312838403515,-0.0138,0.0024626037025976,358.6186,336.0617,19.96752004577877,63.524,52.288,11.526095462392362,52.6306,1.2062278029823994,179.6306,157.2257,4.79223079534879,13.8836,151.933,21.9405,5.6734377040920645,0.8281189185952516,0.8438370108679379,0.0147870026560164,0.8263225651926589,0.0100367415902332,0.8206341127511152,0.0128719983958064,0.5313313972635549,0.0159419143824157,0.5294452261908326,0.5903715457621029,0.0272390268189839,0.8281189185952516,0.4858836561779587,0.0538216911651726,-0.2338
43.2,7.1686,-0.19743,1.0935,0.9283,0.0971362433021055,-0.20155,-0.19721,0.0032312838403515,-0.0138,0.0024626037025976,358.6186,336.0617,19.96752004577877,63.524,52.288,11.526095462392362,52.6306,1.2062278029823994,179.6306,157.2257,4.79223079534879,13.8836,151.933,21.9405,5.6734377040920645,0.8281189185952516,0.8438370108679379,0.0147870026560164,0.8263225651926589,0.0100367415902332,0.8206341127511152,0.0128719983958064,0.5313313972635549,0.0159419143824157,0.5294452261908326,0.5903715457621029,0.0272390268189839,0.8281189185952516,0.4858836561779587,0.0538216911651726,-0.2338
55.4,7.1686,-0.19743,1.0935,0.9283,0.0971362433021055,-0.20155,-0.19721,0.0032312838403515,-0.0138,0.0024626037025976,358.6186,336.0617,19.96752004577877,63.524,52.288,11.526095462392362,52.6306,1.2062278029823994,179.6306,157.2257,4.79223079534879,13.8836,151.933,21.9405,5.6734377040920645,0.8281189185952516,0.8438370108679379,0.0147870026560164,0.8263225651926589,0.0100367415902332,0.8206341127511152,0.0128719983958064,0.5313313972635549,0.0159419143824157,0.5294452261908326,0.5903715457621029,0.0272390268189839,0.8281189185952516,0.4858836561779587,0.0538216911651726,-0.2338
77.58,7.1686,-0.19743,1.0935,0.9283,0.0971362433021055,-0.20155,-0.19721,0.0032312838403515,-0.0138,0.0024626037025976,358.6186,336.0617,19.96752004577877,63.524,52.288,11.526095462392362,52.6306,1.2062278029823994,179.6306,157.2257,4.79223079534879,13.8836,151.933,21.9405,5.6734377040920645,0.8281189185952516,0.8438370108679379,0.0147870026560164,0.8263225651926589,0.0100367415902332,0.8206341127511152,0.0128719983958064,0.5313313972635549,0.0159419143824157,0.5294452261908326,0.5903715457621029,0.0272390268189839,0.8281189185952516,0.4858836561779587,0.0538216911651726,-0.2338
38.79,7.1686,-0.19743,1.0935,0.9283,0.0971362433021055,-0.20155,-0.19721,0.0032312838403515,-0.0138,0.0024626037025976,358.6186,336.0617,19.96752004577877,63.524,52.288,11.526095462392362,52.6306,1.2062278029823994,179.6306,157.2257,4.79223079534879,13.8836,151.933,21.9405,5.6734377040920645,0.8281189185952516,0.8438370108679379,0.0147870026560164,0.8263225651926589,0.0100367415902332,0.8206341127511152,0.0128719983958064,0.5313313972635549,0.0159419143824157,0.5294452261908326,0.5903715457621029,0.0272390268189839,0.8281189185952516,0.4858836561779587,0.0538216911651726,-0.2338
48.86,7.1686,-0.19743,1.0935,0.9283,0.0971362433021055,-0.20155,-0.19721,0.0032312838403515,-0.0138,0.0024626037025976,358.6186,336.0617,19.96752004577877,63.524,52.288,11.526095462392362,52.6306,1.2062278029823994,179.6306,157.2257,4.79223079534879,13.8836,151.933,21.9405,5.6734377040920645,0.8281189185952516,0.8438370108679379,0.0147870026560164,0.8263225651926589,0.0100367415902332,0.8206341127511152,0.0128719983958064,0.5313313972635549,0.0159419143824157,0.5294452261908326,0.5903715457621029,0.0272390268189839,0.8281189185952516,0.4858836561779587,0.0538216911651726,-0.2338
84.67,7.1686,-0.19743,1.0935,0.9283,0.0971362433021055,-0.20155,-0.19721,0.0032312838403515,-0.0138,0.0024626037025976,358.6186,336.0617,19.96752004577877,63.524,52.288,11.526095462392362,52.6306,1.2062278029823994,179.6306,157.2257,4.79223079534879,13.8836,151.933,21.9405,5.6734377040920645,0.8281189185952516,0.8438370108679379,0.0147870026560164,0.8263225651926589,0.0100367415902332,0.8206341127511152,0.0128719983958064,0.5313313972635549,0.0159419143824157,0.5294452261908326,0.5903715457621029,0.0272390268189839,0.8281189185952516,0.4858836561779587,0.0538216911651726,-0.2338
77.41,7.7731,-0.2019,1.0935,0.9283,0.0971362433021055,-0.20155,-0.19721,0.0032312838403515,-0.0138,0.0024626037025976,358.6186,336.0617,19.96752004577877,63.524,52.288,11.526095462392362,52.6306,1.2062278029823994,179.6306,157.2257,4.79223079534879,13.8836,151.933,21.9405,5.6734377040920645,0.8281189185952516,0.8438370108679379,0.0147870026560164,0.8263225651926589,0.0100367415902332,0.8206341127511152,0.0128719983958064,0.5313313972635549,0.0159419143824157,0.5294452261908326,0.5903715457621029,0.0272390268189839,0.8281189185952516,0.4858836561779587,0.0538216911651726,-0.2338
55.17,7.7731,-0.2019,1.0935,0.9283,0.0971362433021055,-0.20155,-0.19721,0.0032312838403515,-0.0138,0.0024626037025976,358.6186,336.0617,19.96752004577877,63.524,52.288,11.526095462392362,52.6306,1.2062278029823994,179.6306,157.2257,4.79223079534879,13.8836,151.933,21.9405,5.6734377040920645,0.8281189185952516,0.8438370108679379,0.0147870026560164,0.8263225651926589,0.0100367415902332,0.8206341127511152,0.0128719983958064,0.5313313972635549,0.0159419143824157,0.5294452261908326,0.5903715457621029,0.0272390268189839,0.8281189185952516,0.4858836561779587,0.0538216911651726,-0.2338
80.61,7.7731,-0.2019,1.0935,0.9283,0.0971362433021055,-0.20155,-0.19721,0.0032312838403515,-0.0138,0.0024626037025976,358.6186,336.0617,19.96752004577877,63.524,52.288,11.526095462392362,52.6306,1.2062278029823994,179.6306,157.2257,4.79223079534879,13.8836,151.933,21.9405,5.6734377040920645,0.8281189185952516,0.8438370108679379,0.0147870026560164,0.8263225651926589,0.0100367415902332,0.8206341127511152,0.0128719983958064,0.5313313972635549,0.0159419143824157,0.5294452261908326,0.5903715457621029,0.0272390268189839,0.8281189185952516,0.4858836561779587,0.0538216911651726,-0.2338
52.77,7.7731,-0.2019,1.0935,0.9283,0.0971362433021055,-0.20155,-0.19721,0.0032312838403515,-0.0138,0.0024626037025976,358.6186,336.0617,19.96752004577877,63.524,52.288,11.526095462392362,52.6306,1.2062278029823994,179.6306,157.2257,4.79223079534879,13.8836,151.933,21.9405,5.6734377040920645,0.8281189185952516,0.8438370108679379,0.0147870026560164,0.8263225651926589,0.0100367415902332,0.8206341127511152,0.0128719983958064,0.5313313972635549,0.0159419143824157,0.5294452261908326,0.5903715457621029,0.0272390268189839,0.8281189185952516,0.4858836561779587,0.0538216911651726,-0.2338
61.0,7.7731,-0.2019,1.0935,0.9283,0.0971362433021055,-0.20155,-0.19721,0.0032312838403515,-0.0138,0.0024626037025976,358.6186,336.0617,19.96752004577877,63.524,52.288,11.526095462392362,52.6306,1.2062278029823994,179.6306,157.2257,4.79223079534879,13.8836,151.933,21.9405,5.6734377040920645,0.8281189185952516,0.8438370108679379,0.0147870026560164,0.8263225651926589,0.0100367415902332,0.8206341127511152,0.0128719983958064,0.5313313972635549,0.0159419143824157,0.5294452261908326,0.5903715457621029,0.0272390268189839,0.8281189185952516,0.4858836561779587,0.0538216911651726,-0.2338
62.07,7.7731,-0.2019,1.0935,0.9283,0.0971362433021055,-0.20155,-0.19721,0.0032312838403515,-0.0138,0.0024626037025976,358.6186,336.0617,19.96752004577877,63.524,52.288,11.526095462392362,52.6306,1.2062278029823994,179.6306,157.2257,4.79223079534879,13.8836,151.933,21.9405,5.6734377040920645,0.8281189185952516,0.8438370108679379,0.0147870026560164,0.8263225651926589,0.0100367415902332,0.8206341127511152,0.0128719983958064,0.5313313972635549,0.0159419143824157,0.5294452261908326,0.5903715457621029,0.0272390268189839,0.8281189185952516,0.4858836561779587,0.0538216911651726,-0.2338
60.68,7.7731,-0.2019,1.0935,0.9283,0.0971362433021055,-0.20155,-0.19721,0.0032312838403515,-0.0138,0.0024626037025976,358.6186,336.0617,19.96752004577877,63.524,52.288,11.526095462392362,52.6306,1.2062278029823994,179.6306,157.2257,4.79223079534879,13.8836,151.933,21.9405,5.6734377040920645,0.8281189185952516,0.8438370108679379,0.0147870026560164,0.8263225651926589,0.0100367415902332,0.8206341127511152,0.0128719983958064,0.5313313972635549,0.0159419143824157,0.5294452261908326,0.5903715457621029,0.0272390268189839,0.8281189185952516,0.4858836561779587,0.0538216911651726,-0.2338
82.28,7.7731,-0.2019,1.0935,0.9283,0.0971362433021055,-0.20155,-0.19721,0.0032312838403515,-0.0138,0.0024626037025976,358.6186,336.0617,19.96752004577877,63.524,52.288,11.526095462392362,52.6306,1.2062278029823994,179.6306,157.2257,4.79223079534879,13.8836,151.933,21.9405,5.6734377040920645,0.8281189185952516,0.8438370108679379,0.0147870026560164,0.8263225651926589,0.0100367415902332,0.8206341127511152,0.0128719983958064,0.5313313972635549,0.0159419143824157,0.5294452261908326,0.5903715457621029,0.0272390268189839,0.8281189185952516,0.4858836561779587,0.0538216911651726,-0.2338
80.39,7.7731,-0.2019,1.0935,0.9283,0.0971362433021055,-0.20155,-0.19721,0.0032312838403515,-0.0138,0.0024626037025976,358.6186,336.0617,19.96752004577877,63.524,52.288,11.526095462392362,52.6306,1.2062278029823994,179.6306,157.2257,4.79223079534879,13.8836,151.933,21.9405,5.6734377040920645,0.8281189185952516,0.8438370108679379,0.0147870026560164,0.8263225651926589,0.0100367415902332,0.8206341127511152,0.0128719983958064,0.5313313972635549,0.0159419143824157,0.5294452261908326,0.5903715457621029,0.0272390268189839,0.8281189185952516,0.4858836561779587,0.0538216911651726,-0.2338
87.83,10.1478,-0.16646,1.0935,0.9283,0.0971362433021055,-0.20155,-0.19721,0.0032312838403515,-0.0138,0.0024626037025976,358.6186,336.0617,19.96752004577877,63.524,52.288,11.526095462392362,52.6306,1.2062278029823994,179.6306,157.2257,4.79223079534879,13.8836,151.933,21.9405,5.6734377040920645,0.8281189185952516,0.8438370108679379,0.0147870026560164,0.8263225651926589,0.0100367415902332,0.8206341127511152,0.0128719983958064,0.5313313972635549,0.0159419143824157,0.5294452261908326,0.5903715457621029,0.0272390268189839,0.8281189185952516,0.4858836561779587,0.0538216911651726,-0.2338
84.17,10.1478,-0.16646,1.0935,0.9283,0.0971362433021055,-0.20155,-0.19721,0.0032312838403515,-0.0138,0.0024626037025976,358.6186,336.0617,19.96752004577877,63.524,52.288,11.526095462392362,52.6306,1.2062278029823994,179.6306,157.2257,4.79223079534879,13.8836,151.933,21.9405,5.6734377040920645,0.8281189185952516,0.8438370108679379,0.0147870026560164,0.8263225651926589,0.0100367415902332,0.8206341127511152,0.0128719983958064,0.5313313972635549,0.0159419143824157,0.5294452261908326,0.5903715457621029,0.0272390268189839,0.8281189185952516,0.4858836561779587,0.0538216911651726,-0.2338
84.81,10.1478,-0.16646,1.0935,0.9283,0.0971362433021055,-0.20155,-0.19721,0.0032312838403515,-0.0138,0.0024626037025976,358.6186,336.0617,19.96752004577877,63.524,52.288,11.526095462392362,52.6306,1.2062278029823994,179.6306,157.2257,4.79223079534879,13.8836,151.933,21.9405,5.6734377040920645,0.8281189185952516,0.8438370108679379,0.0147870026560164,0.8263225651926589,0.0100367415902332,0.8206341127511152,0.0128719983958064,0.5313313972635549,0.0159419143824157,0.5294452261908326,0.5903715457621029,0.0272390268189839,0.8281189185952516,0.4858836561779587,0.0538216911651726,-0.2338
79.33,10.1478,-0.16646,1.0935,0.9283,0.0971362433021055,-0.20155,-0.19721,0.0032312838403515,-0.0138,0.0024626037025976,358.6186,336.0617,19.96752004577877,63.524,52.288,11.526095462392362,52.6306,1.2062278029823994,179.6306,157.2257,4.79223079534879,13.8836,151.933,21.9405,5.6734377040920645,0.8281189185952516,0.8438370108679379,0.0147870026560164,0.8263225651926589,0.0100367415902332,0.8206341127511152,0.0128719983958064,0.5313313972635549,0.0159419143824157,0.5294452261908326,0.5903715457621029,0.0272390268189839,0.8281189185952516,0.4858836561779587,0.0538216911651726,-0.2338
89.17,10.1478,-0.16646,1.0935,0.9283,0.0971362433021055,-0.20155,-0.19721,0.0032312838403515,-0.0138,0.0024626037025976,358.6186,336.0617,19.96752004577877,63.524,52.288,11.526095462392362,52.6306,1.2062278029823994,179.6306,157.2257,4.79223079534879,13.8836,151.933,21.9405,5.6734377040920645,0.8281189185952516,0.8438370108679379,0.0147870026560164,0.8263225651926589,0.0100367415902332,0.8206341127511152,0.0128719983958064,0.5313313972635549,0.0159419143824157,0.5294452261908326,0.5903715457621029,0.0272390268189839,0.8281189185952516,0.4858836561779587,0.0538216911651726,-0.2338
88.41,10.1478,-0.16646,1.0935,0.9283,0.0971362433021055,-0.20155,-0.19721,0.0032312838403515,-0.0138,0.0024626037025976,358.6186,336.0617,19.96752004577877,63.524,52.288,11.526095462392362,52.6306,1.2062278029823994,179.6306,157.2257,4.79223079534879,13.8836,151.933,21.9405,5.6734377040920645,0.8281189185952516,0.8438370108679379,0.0147870026560164,0.8263225651926589,0.0100367415902332,0.8206341127511152,0.0128719983958064,0.5313313972635549,0.0159419143824157,0.5294452261908326,0.5903715457621029,0.0272390268189839,0.8281189185952516,0.4858836561779587,0.0538216911651726,-0.2338
86.14,10.1478,-0.16646,1.0935,0.9283,0.0971362433021055,-0.20155,-0.19721,0.0032312838403515,-0.0138,0.0024626037025976,358.6186,336.0617,19.96752004577877,63.524,52.288,11.526095462392362,52.6306,1.2062278029823994,179.6306,157.2257,4.79223079534879,13.8836,151.933,21.9405,5.6734377040920645,0.8281189185952516,0.8438370108679379,0.0147870026560164,0.8263225651926589,0.0100367415902332,0.8206341127511152,0.0128719983958064,0.5313313972635549,0.0159419143824157,0.5294452261908326,0.5903715457621029,0.0272390268189839,0.8281189185952516,0.4858836561779587,0.0538216911651726,-0.2338
84.48,10.1478,-0.16646,1.0935,0.9283,0.0971362433021055,-0.20155,-0.19721,0.0032312838403515,-0.0138,0.0024626037025976,358.6186,336.0617,19.96752004577877,63.524,52.288,11.526095462392362,52.6306,1.2062278029823994,179.6306,157.2257,4.79223079534879,13.8836,151.933,21.9405,5.6734377040920645,0.8281189185952516,0.8438370108679379,0.0147870026560164,0.8263225651926589,0.0100367415902332,0.8206341127511152,0.0128719983958064,0.5313313972635549,0.0159419143824157,0.5294452261908326,0.5903715457621029,0.0272390268189839,0.8281189185952516,0.4858836561779587,0.0538216911651726,-0.2338
84.49,10.1478,-0.16646,1.0935,0.9283,0.0971362433021055,-0.20155,-0.19721,0.0032312838403515,-0.0138,0.0024626037025976,358.6186,336.0617,19.96752004577877,63.524,52.288,11.526095462392362,52.6306,1.2062278029823994,179.6306,157.2257,4.79223079534879,13.8836,151.933,21.9405,5.6734377040920645,0.8281189185952516,0.8438370108679379,0.0147870026560164,0.8263225651926589,0.0100367415902332,0.8206341127511152,0.0128719983958064,0.5313313972635549,0.0159419143824157,0.5294452261908326,0.5903715457621029,0.0272390268189839,0.8281189185952516,0.4858836561779587,0.0538216911651726,-0.2338
29.16,11.0112,-0.17387,1.0935,0.9283,0.0971362433021055,-0.20155,-0.19721,0.0032312838403515,-0.0138,0.0024626037025976,358.6186,336.0617,19.96752004577877,63.524,52.288,11.526095462392362,52.6306,1.2062278029823994,179.6306,157.2257,4.79223079534879,13.8836,151.933,21.9405,5.6734377040920645,0.8281189185952516,0.8438370108679379,0.0147870026560164,0.8263225651926589,0.0100367415902332,0.8206341127511152,0.0128719983958064,0.5313313972635549,0.0159419143824157,0.5294452261908326,0.5903715457621029,0.0272390268189839,0.8281189185952516,0.4858836561779587,0.0538216911651726,-0.2338
22.94,11.0112,-0.17387,1.0935,0.9283,0.0971362433021055,-0.20155,-0.19721,0.0032312838403515,-0.0138,0.0024626037025976,358.6186,336.0617,19.96752004577877,63.524,52.288,11.526095462392362,52.6306,1.2062278029823994,179.6306,157.2257,4.79223079534879,13.8836,151.933,21.9405,5.6734377040920645,0.8281189185952516,0.8438370108679379,0.0147870026560164,0.8263225651926589,0.0100367415902332,0.8206341127511152,0.0128719983958064,0.5313313972635549,0.0159419143824157,0.5294452261908326,0.5903715457621029,0.0272390268189839,0.8281189185952516,0.4858836561779587,0.0538216911651726,-0.2338
48.15,11.0112,-0.17387,1.0935,0.9283,0.0971362433021055,-0.20155,-0.19721,0.0032312838403515,-0.0138,0.0024626037025976,358.6186,336.0617,19.96752004577877,63.524,52.288,11.526095462392362,52.6306,1.2062278029823994,179.6306,157.2257,4.79223079534879,13.8836,151.933,21.9405,5.6734377040920645,0.8281189185952516,0.8438370108679379,0.0147870026560164,0.8263225651926589,0.0100367415902332,0.8206341127511152,0.0128719983958064,0.5313313972635549,0.0159419143824157,0.5294452261908326,0.5903715457621029,0.0272390268189839,0.8281189185952516,0.4858836561779587,0.0538216911651726,-0.2338
23.71,11.0112,-0.17387,1.0935,0.9283,0.0971362433021055,-0.20155,-0.19721,0.0032312838403515,-0.0138,0.0024626037025976,358.6186,336.0617,19.96752004577877,63.524,52.288,11.526095462392362,52.6306,1.2062278029823994,179.6306,157.2257,4.79223079534879,13.8836,151.933,21.9405,5.6734377040920645,0.8281189185952516,0.8438370108679379,0.0147870026560164,0.8263225651926589,0.0100367415902332,0.8206341127511152,0.0128719983958064,0.5313313972635549,0.0159419143824157,0.5294452261908326,0.5903715457621029,0.0272390268189839,0.8281189185952516,0.4858836561779587,0.0538216911651726,-0.2338
30.21,11.0112,-0.17387,1.0935,0.9283,0.0971362433021055,-0.20155,-0.19721,0.0032312838403515,-0.0138,0.0024626037025976,358.6186,336.0617,19.96752004577877,63.524,52.288,11.526095462392362,52.6306,1.2062278029823994,179.6306,157.2257,4.79223079534879,13.8836,151.933,21.9405,5.6734377040920645,0.8281189185952516,0.8438370108679379,0.0147870026560164,0.8263225651926589,0.0100367415902332,0.8206341127511152,0.0128719983958064,0.5313313972635549,0.0159419143824157,0.5294452261908326,0.5903715457621029,0.0272390268189839,0.8281189185952516,0.4858836561779587,0.0538216911651726,-0.2338
38.48,11.0112,-0.17387,1.0935,0.9283,0.0971362433021055,-0.20155,-0.19721,0.0032312838403515,-0.0138,0.0024626037025976,358.6186,336.0617,19.96752004577877,63.524,52.288,11.526095462392362,52.6306,1.2062278029823994,179.6306,157.2257,4.79223079534879,13.8836,151.933,21.9405,5.6734377040920645,0.8281189185952516,0.8438370108679379,0.0147870026560164,0.8263225651926589,0.0100367415902332,0.8206341127511152,0.0128719983958064,0.5313313972635549,0.0159419143824157,0.5294452261908326,0.5903715457621029,0.0272390268189839,0.8281189185952516,0.4858836561779587,0.0538216911651726,-0.2338
27.79,11.0112,-0.17387,1.0935,0.9283,0.0971362433021055,-0.20155,-0.19721,0.0032312838403515,-0.0138,0.0024626037025976,358.6186,336.0617,19.96752004577877,63.524,52.288,11.526095462392362,52.6306,1.2062278029823994,179.6306,157.2257,4.79223079534879,13.8836,151.933,21.9405,5.6734377040920645,0.8281189185952516,0.8438370108679379,0.0147870026560164,0.8263225651926589,0.0100367415902332,0.8206341127511152,0.0128719983958064,0.5313313972635549,0.0159419143824157,0.5294452261908326,0.5903715457621029,0.0272390268189839,0.8281189185952516,0.4858836561779587,0.0538216911651726,-0.2338
40.06,11.0112,-0.17387,1.0935,0.9283,0.0971362433021055,-0.20155,-0.19721,0.0032312838403515,-0.0138,0.0024626037025976,358.6186,336.0617,19.96752004577877,63.524,52.288,11.526095462392362,52.6306,1.2062278029823994,179.6306,157.2257,4.79223079534879,13.8836,151.933,21.9405,5.6734377040920645,0.8281189185952516,0.8438370108679379,0.0147870026560164,0.8263225651926589,0.0100367415902332,0.8206341127511152,0.0128719983958064,0.5313313972635549,0.0159419143824157,0.5294452261908326,0.5903715457621029,0.0272390268189839,0.8281189185952516,0.4858836561779587,0.0538216911651726,-0.2338
48.34,11.0112,-0.17387,1.0935,0.9283,0.0971362433021055,-0.20155,-0.19721,0.0032312838403515,-0.0138,0.0024626037025976,358.6186,336.0617,19.96752004577877,63.524,52.288,11.526095462392362,52.6306,1.2062278029823994,179.6306,157.2257,4.79223079534879,13.8836,151.933,21.9405,5.6734377040920645,0.8281189185952516,0.8438370108679379,0.0147870026560164,0.8263225651926589,0.0100367415902332,0.8206341127511152,0.0128719983958064,0.5313313972635549,0.0159419143824157,0.5294452261908326,0.5903715457621029,0.0272390268189839,0.8281189185952516,0.4858836561779587,0.0538216911651726,-0.2338
9.59,7.1686,-0.19743,1.5585,2.907,0.5227282460687342,-0.21471,-0.20896,0.0025049946297822,-0.01375,0.0017436163841963,455.7715,433.0188,9.259186830633208,30.8493,38.1079,4.788784023289659,44.1499,0.6233884925683728,85.3105,44.516,0.5453103989821723,90.9055,44.5165,90.9061,1.8914004817544456,0.6508787162061016,0.6750097302475973,0.0062560274078896,0.6712972665489056,0.0069748538525054,0.6711775096553995,0.0071035031411299,0.5886350708062633,0.0282908571877105,0.5886350708062633,0.5191161941259244,0.0383551063442057,0.6508787162061016,0.4547169246429747,0.0074964292052734,-0.2338
41.9,7.1686,-0.19743,1.5585,2.907,0.5227282460687342,-0.21471,-0.20896,0.0025049946297822,-0.01375,0.0017436163841963,455.7715,433.0188,9.259186830633208,30.8493,38.1079,4.788784023289659,44.1499,0.6233884925683728,85.3105,44.516,0.5453103989821723,90.9055,44.5165,90.9061,1.8914004817544456,0.6508787162061016,0.6750097302475973,0.0062560274078896,0.6712972665489056,0.0069748538525054,0.6711775096553995,0.0071035031411299,0.5886350708062633,0.0282908571877105,0.5886350708062633,0.5191161941259244,0.0383551063442057,0.6508787162061016,0.4547169246429747,0.0074964292052734,-0.2338
60.48,7.1686,-0.19743,1.5585,2.907,0.5227282460687342,-0.21471,-0.20896,0.0025049946297822,-0.01375,0.0017436163841963,455.7715,433.0188,9.259186830633208,30.8493,38.1079,4.788784023289659,44.1499,0.6233884925683728,85.3105,44.516,0.5453103989821723,90.9055,44.5165,90.9061,1.8914004817544456,0.6508787162061016,0.6750097302475973,0.0062560274078896,0.6712972665489056,0.0069748538525054,0.6711775096553995,0.0071035031411299,0.5886350708062633,0.0282908571877105,0.5886350708062633,0.5191161941259244,0.0383551063442057,0.6508787162061016,0.4547169246429747,0.0074964292052734,-0.2338
14.53,7.1686,-0.19743,1.5585,2.907,0.5227282460687342,-0.21471,-0.20896,0.0025049946297822,-0.01375,0.0017436163841963,455.7715,433.0188,9.259186830633208,30.8493,38.1079,4.788784023289659,44.1499,0.6233884925683728,85.3105,44.516,0.5453103989821723,90.9055,44.5165,90.9061,1.8914004817544456,0.6508787162061016,0.6750097302475973,0.0062560274078896,0.6712972665489056,0.0069748538525054,0.6711775096553995,0.0071035031411299,0.5886350708062633,0.0282908571877105,0.5886350708062633,0.5191161941259244,0.0383551063442057,0.6508787162061016,0.4547169246429747,0.0074964292052734,-0.2338
39.39,7.1686,-0.19743,1.5585,2.907,0.5227282460687342,-0.21471,-0.20896,0.0025049946297822,-0.01375,0.0017436163841963,455.7715,433.0188,9.259186830633208,30.8493,38.1079,4.788784023289659,44.1499,0.6233884925683728,85.3105,44.516,0.5453103989821723,90.9055,44.5165,90.9061,1.8914004817544456,0.6508787162061016,0.6750097302475973,0.0062560274078896,0.6712972665489056,0.0069748538525054,0.6711775096553995,0.0071035031411299,0.5886350708062633,0.0282908571877105,0.5886350708062633,0.5191161941259244,0.0383551063442057,0.6508787162061016,0.4547169246429747,0.0074964292052734,-0.2338
62.04,7.1686,-0.19743,1.5585,2.907,0.5227282460687342,-0.21471,-0.20896,0.0025049946297822,-0.01375,0.0017436163841963,455.7715,433.0188,9.259186830633208,30.8493,38.1079,4.788784023289659,44.1499,0.6233884925683728,85.3105,44.516,0.5453103989821723,90.9055,44.5165,90.9061,1.8914004817544456,0.6508787162061016,0.6750097302475973,0.0062560274078896,0.6712972665489056,0.0069748538525054,0.6711775096553995,0.0071035031411299,0.5886350708062633,0.0282908571877105,0.5886350708062633,0.5191161941259244,0.0383551063442057,0.6508787162061016,0.4547169246429747,0.0074964292052734,-0.2338
10.13,7.1686,-0.19743,1.5585,2.907,0.5227282460687342,-0.21471,-0.20896,0.0025049946297822,-0.01375,0.0017436163841963,455.7715,433.0188,9.259186830633208,30.8493,38.1079,4.788784023289659,44.1499,0.6233884925683728,85.3105,44.516,0.5453103989821723,90.9055,44.5165,90.9061,1.8914004817544456,0.6508787162061016,0.6750097302475973,0.0062560274078896,0.6712972665489056,0.0069748538525054,0.6711775096553995,0.0071035031411299,0.5886350708062633,0.0282908571877105,0.5886350708062633,0.5191161941259244,0.0383551063442057,0.6508787162061016,0.4547169246429747,0.0074964292052734,-0.2338
32.04,7.1686,-0.19743,1.5585,2.907,0.5227282460687342,-0.21471,-0.20896,0.0025049946297822,-0.01375,0.0017436163841963,455.7715,433.0188,9.259186830633208,30.8493,38.1079,4.788784023289659,44.1499,0.6233884925683728,85.3105,44.516,0.5453103989821723,90.9055,44.5165,90.9061,1.8914004817544456,0.6508787162061016,0.6750097302475973,0.0062560274078896,0.6712972665489056,0.0069748538525054,0.6711775096553995,0.0071035031411299,0.5886350708062633,0.0282908571877105,0.5886350708062633,0.5191161941259244,0.0383551063442057,0.6508787162061016,0.4547169246429747,0.0074964292052734,-0.2338
52.08,7.1686,-0.19743,1.5585,2.907,0.5227282460687342,-0.21471,-0.20896,0.0025049946297822,-0.01375,0.0017436163841963,455.7715,433.0188,9.259186830633208,30.8493,38.1079,4.788784023289659,44.1499,0.6233884925683728,85.3105,44.516,0.5453103989821723,90.9055,44.5165,90.9061,1.8914004817544456,0.6508787162061016,0.6750097302475973,0.0062560274078896,0.6712972665489056,0.0069748538525054,0.6711775096553995,0.0071035031411299,0.5886350708062633,0.0282908571877105,0.5886350708062633,0.5191161941259244,0.0383551063442057,0.6508787162061016,0.4547169246429747,0.0074964292052734,-0.2338
26.29,7.7731,-0.2019,1.5585,2.907,0.5227282460687342,-0.21471,-0.20896,0.0025049946297822,-0.01375,0.0017436163841963,455.7715,433.0188,9.259186830633208,30.8493,38.1079,4.788784023289659,44.1499,0.6233884925683728,85.3105,44.516,0.5453103989821723,90.9055,44.5165,90.9061,1.8914004817544456,0.6508787162061016,0.6750097302475973,0.0062560274078896,0.6712972665489056,0.0069748538525054,0.6711775096553995,0.0071035031411299,0.5886350708062633,0.0282908571877105,0.5886350708062633,0.5191161941259244,0.0383551063442057,0.6508787162061016,0.4547169246429747,0.0074964292052734,-0.2338
73.59,7.7731,-0.2019,1.5585,2.907,0.5227282460687342,-0.21471,-0.20896,0.0025049946297822,-0.01375,0.0017436163841963,455.7715,433.0188,9.259186830633208,30.8493,38.1079,4.788784023289659,44.1499,0.6233884925683728,85.3105,44.516,0.5453103989821723,90.9055,44.5165,90.9061,1.8914004817544456,0.6508787162061016,0.6750097302475973,0.0062560274078896,0.6712972665489056,0.0069748538525054,0.6711775096553995,0.0071035031411299,0.5886350708062633,0.0282908571877105,0.5886350708062633,0.5191161941259244,0.0383551063442057,0.6508787162061016,0.4547169246429747,0.0074964292052734,-0.2338
76.02,7.7731,-0.2019,1.5585,2.907,0.5227282460687342,-0.21471,-0.20896,0.0025049946297822,-0.01375,0.0017436163841963,455.7715,433.0188,9.259186830633208,30.8493,38.1079,4.788784023289659,44.1499,0.6233884925683728,85.3105,44.516,0.5453103989821723,90.9055,44.5165,90.9061,1.8914004817544456,0.6508787162061016,0.6750097302475973,0.0062560274078896,0.6712972665489056,0.0069748538525054,0.6711775096553995,0.0071035031411299,0.5886350708062633,0.0282908571877105,0.5886350708062633,0.5191161941259244,0.0383551063442057,0.6508787162061016,0.4547169246429747,0.0074964292052734,-0.2338
26.56,7.7731,-0.2019,1.5585,2.907,0.5227282460687342,-0.21471,-0.20896,0.0025049946297822,-0.01375,0.0017436163841963,455.7715,433.0188,9.259186830633208,30.8493,38.1079,4.788784023289659,44.1499,0.6233884925683728,85.3105,44.516,0.5453103989821723,90.9055,44.5165,90.9061,1.8914004817544456,0.6508787162061016,0.6750097302475973,0.0062560274078896,0.6712972665489056,0.0069748538525054,0.6711775096553995,0.0071035031411299,0.5886350708062633,0.0282908571877105,0.5886350708062633,0.5191161941259244,0.0383551063442057,0.6508787162061016,0.4547169246429747,0.0074964292052734,-0.2338
64.12,7.7731,-0.2019,1.5585,2.907,0.5227282460687342,-0.21471,-0.20896,0.0025049946297822,-0.01375,0.0017436163841963,455.7715,433.0188,9.259186830633208,30.8493,38.1079,4.788784023289659,44.1499,0.6233884925683728,85.3105,44.516,0.5453103989821723,90.9055,44.5165,90.9061,1.8914004817544456,0.6508787162061016,0.6750097302475973,0.0062560274078896,0.6712972665489056,0.0069748538525054,0.6711775096553995,0.0071035031411299,0.5886350708062633,0.0282908571877105,0.5886350708062633,0.5191161941259244,0.0383551063442057,0.6508787162061016,0.4547169246429747,0.0074964292052734,-0.2338
83.62,7.7731,-0.2019,1.5585,2.907,0.5227282460687342,-0.21471,-0.20896,0.0025049946297822,-0.01375,0.0017436163841963,455.7715,433.0188,9.259186830633208,30.8493,38.1079,4.788784023289659,44.1499,0.6233884925683728,85.3105,44.516,0.5453103989821723,90.9055,44.5165,90.9061,1.8914004817544456,0.6508787162061016,0.6750097302475973,0.0062560274078896,0.6712972665489056,0.0069748538525054,0.6711775096553995,0.0071035031411299,0.5886350708062633,0.0282908571877105,0.5886350708062633,0.5191161941259244,0.0383551063442057,0.6508787162061016,0.4547169246429747,0.0074964292052734,-0.2338
37.37,7.7731,-0.2019,1.5585,2.907,0.5227282460687342,-0.21471,-0.20896,0.0025049946297822,-0.01375,0.0017436163841963,455.7715,433.0188,9.259186830633208,30.8493,38.1079,4.788784023289659,44.1499,0.6233884925683728,85.3105,44.516,0.5453103989821723,90.9055,44.5165,90.9061,1.8914004817544456,0.6508787162061016,0.6750097302475973,0.0062560274078896,0.6712972665489056,0.0069748538525054,0.6711775096553995,0.0071035031411299,0.5886350708062633,0.0282908571877105,0.5886350708062633,0.5191161941259244,0.0383551063442057,0.6508787162061016,0.4547169246429747,0.0074964292052734,-0.2338
64.46,7.7731,-0.2019,1.5585,2.907,0.5227282460687342,-0.21471,-0.20896,0.0025049946297822,-0.01375,0.0017436163841963,455.7715,433.0188,9.259186830633208,30.8493,38.1079,4.788784023289659,44.1499,0.6233884925683728,85.3105,44.516,0.5453103989821723,90.9055,44.5165,90.9061,1.8914004817544456,0.6508787162061016,0.6750097302475973,0.0062560274078896,0.6712972665489056,0.0069748538525054,0.6711775096553995,0.0071035031411299,0.5886350708062633,0.0282908571877105,0.5886350708062633,0.5191161941259244,0.0383551063442057,0.6508787162061016,0.4547169246429747,0.0074964292052734,-0.2338
78.93,7.7731,-0.2019,1.5585,2.907,0.5227282460687342,-0.21471,-0.20896,0.0025049946297822,-0.01375,0.0017436163841963,455.7715,433.0188,9.259186830633208,30.8493,38.1079,4.788784023289659,44.1499,0.6233884925683728,85.3105,44.516,0.5453103989821723,90.9055,44.5165,90.9061,1.8914004817544456,0.6508787162061016,0.6750097302475973,0.0062560274078896,0.6712972665489056,0.0069748538525054,0.6711775096553995,0.0071035031411299,0.5886350708062633,0.0282908571877105,0.5886350708062633,0.5191161941259244,0.0383551063442057,0.6508787162061016,0.4547169246429747,0.0074964292052734,-0.2338
17.98,10.1478,-0.16646,1.5585,2.907,0.5227282460687342,-0.21471,-0.20896,0.0025049946297822,-0.01375,0.0017436163841963,455.7715,433.0188,9.259186830633208,30.8493,38.1079,4.788784023289659,44.1499,0.6233884925683728,85.3105,44.516,0.5453103989821723,90.9055,44.5165,90.9061,1.8914004817544456,0.6508787162061016,0.6750097302475973,0.0062560274078896,0.6712972665489056,0.0069748538525054,0.6711775096553995,0.0071035031411299,0.5886350708062633,0.0282908571877105,0.5886350708062633,0.5191161941259244,0.0383551063442057,0.6508787162061016,0.4547169246429747,0.0074964292052734,-0.2338
45.21,10.1478,-0.16646,1.5585,2.907,0.5227282460687342,-0.21471,-0.20896,0.0025049946297822,-0.01375,0.0017436163841963,455.7715,433.0188,9.259186830633208,30.8493,38.1079,4.788784023289659,44.1499,0.6233884925683728,85.3105,44.516,0.5453103989821723,90.9055,44.5165,90.9061,1.8914004817544456,0.6508787162061016,0.6750097302475973,0.0062560274078896,0.6712972665489056,0.0069748538525054,0.6711775096553995,0.0071035031411299,0.5886350708062633,0.0282908571877105,0.5886350708062633,0.5191161941259244,0.0383551063442057,0.6508787162061016,0.4547169246429747,0.0074964292052734,-0.2338
29.06,10.1478,-0.16646,1.5585,2.907,0.5227282460687342,-0.21471,-0.20896,0.0025049946297822,-0.01375,0.0017436163841963,455.7715,433.0188,9.259186830633208,30.8493,38.1079,4.788784023289659,44.1499,0.6233884925683728,85.3105,44.516,0.5453103989821723,90.9055,44.5165,90.9061,1.8914004817544456,0.6508787162061016,0.6750097302475973,0.0062560274078896,0.6712972665489056,0.0069748538525054,0.6711775096553995,0.0071035031411299,0.5886350708062633,0.0282908571877105,0.5886350708062633,0.5191161941259244,0.0383551063442057,0.6508787162061016,0.4547169246429747,0.0074964292052734,-0.2338
18.38,10.1478,-0.16646,1.5585,2.907,0.5227282460687342,-0.21471,-0.20896,0.0025049946297822,-0.01375,0.0017436163841963,455.7715,433.0188,9.259186830633208,30.8493,38.1079,4.788784023289659,44.1499,0.6233884925683728,85.3105,44.516,0.5453103989821723,90.9055,44.5165,90.9061,1.8914004817544456,0.6508787162061016,0.6750097302475973,0.0062560274078896,0.6712972665489056,0.0069748538525054,0.6711775096553995,0.0071035031411299,0.5886350708062633,0.0282908571877105,0.5886350708062633,0.5191161941259244,0.0383551063442057,0.6508787162061016,0.4547169246429747,0.0074964292052734,-0.2338
44.25,10.1478,-0.16646,1.5585,2.907,0.5227282460687342,-0.21471,-0.20896,0.0025049946297822,-0.01375,0.0017436163841963,455.7715,433.0188,9.259186830633208,30.8493,38.1079,4.788784023289659,44.1499,0.6233884925683728,85.3105,44.516,0.5453103989821723,90.9055,44.5165,90.9061,1.8914004817544456,0.6508787162061016,0.6750097302475973,0.0062560274078896,0.6712972665489056,0.0069748538525054,0.6711775096553995,0.0071035031411299,0.5886350708062633,0.0282908571877105,0.5886350708062633,0.5191161941259244,0.0383551063442057,0.6508787162061016,0.4547169246429747,0.0074964292052734,-0.2338
78.6,10.1478,-0.16646,1.5585,2.907,0.5227282460687342,-0.21471,-0.20896,0.0025049946297822,-0.01375,0.0017436163841963,455.7715,433.0188,9.259186830633208,30.8493,38.1079,4.788784023289659,44.1499,0.6233884925683728,85.3105,44.516,0.5453103989821723,90.9055,44.5165,90.9061,1.8914004817544456,0.6508787162061016,0.6750097302475973,0.0062560274078896,0.6712972665489056,0.0069748538525054,0.6711775096553995,0.0071035031411299,0.5886350708062633,0.0282908571877105,0.5886350708062633,0.5191161941259244,0.0383551063442057,0.6508787162061016,0.4547169246429747,0.0074964292052734,-0.2338
24.55,10.1478,-0.16646,1.5585,2.907,0.5227282460687342,-0.21471,-0.20896,0.0025049946297822,-0.01375,0.0017436163841963,455.7715,433.0188,9.259186830633208,30.8493,38.1079,4.788784023289659,44.1499,0.6233884925683728,85.3105,44.516,0.5453103989821723,90.9055,44.5165,90.9061,1.8914004817544456,0.6508787162061016,0.6750097302475973,0.0062560274078896,0.6712972665489056,0.0069748538525054,0.6711775096553995,0.0071035031411299,0.5886350708062633,0.0282908571877105,0.5886350708062633,0.5191161941259244,0.0383551063442057,0.6508787162061016,0.4547169246429747,0.0074964292052734,-0.2338
52.56,10.1478,-0.16646,1.5585,2.907,0.5227282460687342,-0.21471,-0.20896,0.0025049946297822,-0.01375,0.0017436163841963,455.7715,433.0188,9.259186830633208,30.8493,38.1079,4.788784023289659,44.1499,0.6233884925683728,85.3105,44.516,0.5453103989821723,90.9055,44.5165,90.9061,1.8914004817544456,0.6508787162061016,0.6750097302475973,0.0062560274078896,0.6712972665489056,0.0069748538525054,0.6711775096553995,0.0071035031411299,0.5886350708062633,0.0282908571877105,0.5886350708062633,0.5191161941259244,0.0383551063442057,0.6508787162061016,0.4547169246429747,0.0074964292052734,-0.2338
74.3,10.1478,-0.16646,1.5585,2.907,0.5227282460687342,-0.21471,-0.20896,0.0025049946297822,-0.01375,0.0017436163841963,455.7715,433.0188,9.259186830633208,30.8493,38.1079,4.788784023289659,44.1499,0.6233884925683728,85.3105,44.516,0.5453103989821723,90.9055,44.5165,90.9061,1.8914004817544456,0.6508787162061016,0.6750097302475973,0.0062560274078896,0.6712972665489056,0.0069748538525054,0.6711775096553995,0.0071035031411299,0.5886350708062633,0.0282908571877105,0.5886350708062633,0.5191161941259244,0.0383551063442057,0.6508787162061016,0.4547169246429747,0.0074964292052734,-0.2338
21.46,11.0112,-0.17387,1.5585,2.907,0.5227282460687342,-0.21471,-0.20896,0.0025049946297822,-0.01375,0.0017436163841963,455.7715,433.0188,9.259186830633208,30.8493,38.1079,4.788784023289659,44.1499,0.6233884925683728,85.3105,44.516,0.5453103989821723,90.9055,44.5165,90.9061,1.8914004817544456,0.6508787162061016,0.6750097302475973,0.0062560274078896,0.6712972665489056,0.0069748538525054,0.6711775096553995,0.0071035031411299,0.5886350708062633,0.0282908571877105,0.5886350708062633,0.5191161941259244,0.0383551063442057,0.6508787162061016,0.4547169246429747,0.0074964292052734,-0.2338
49.4,11.0112,-0.17387,1.5585,2.907,0.5227282460687342,-0.21471,-0.20896,0.0025049946297822,-0.01375,0.0017436163841963,455.7715,433.0188,9.259186830633208,30.8493,38.1079,4.788784023289659,44.1499,0.6233884925683728,85.3105,44.516,0.5453103989821723,90.9055,44.5165,90.9061,1.8914004817544456,0.6508787162061016,0.6750097302475973,0.0062560274078896,0.6712972665489056,0.0069748538525054,0.6711775096553995,0.0071035031411299,0.5886350708062633,0.0282908571877105,0.5886350708062633,0.5191161941259244,0.0383551063442057,0.6508787162061016,0.4547169246429747,0.0074964292052734,-0.2338
62.32,11.0112,-0.17387,1.5585,2.907,0.5227282460687342,-0.21471,-0.20896,0.0025049946297822,-0.01375,0.0017436163841963,455.7715,433.0188,9.259186830633208,30.8493,38.1079,4.788784023289659,44.1499,0.6233884925683728,85.3105,44.516,0.5453103989821723,90.9055,44.5165,90.9061,1.8914004817544456,0.6508787162061016,0.6750097302475973,0.0062560274078896,0.6712972665489056,0.0069748538525054,0.6711775096553995,0.0071035031411299,0.5886350708062633,0.0282908571877105,0.5886350708062633,0.5191161941259244,0.0383551063442057,0.6508787162061016,0.4547169246429747,0.0074964292052734,-0.2338
21.65,11.0112,-0.17387,1.5585,2.907,0.5227282460687342,-0.21471,-0.20896,0.0025049946297822,-0.01375,0.0017436163841963,455.7715,433.0188,9.259186830633208,30.8493,38.1079,4.788784023289659,44.1499,0.6233884925683728,85.3105,44.516,0.5453103989821723,90.9055,44.5165,90.9061,1.8914004817544456,0.6508787162061016,0.6750097302475973,0.0062560274078896,0.6712972665489056,0.0069748538525054,0.6711775096553995,0.0071035031411299,0.5886350708062633,0.0282908571877105,0.5886350708062633,0.5191161941259244,0.0383551063442057,0.6508787162061016,0.4547169246429747,0.0074964292052734,-0.2338
46.33,11.0112,-0.17387,1.5585,2.907,0.5227282460687342,-0.21471,-0.20896,0.0025049946297822,-0.01375,0.0017436163841963,455.7715,433.0188,9.259186830633208,30.8493,38.1079,4.788784023289659,44.1499,0.6233884925683728,85.3105,44.516,0.5453103989821723,90.9055,44.5165,90.9061,1.8914004817544456,0.6508787162061016,0.6750097302475973,0.0062560274078896,0.6712972665489056,0.0069748538525054,0.6711775096553995,0.0071035031411299,0.5886350708062633,0.0282908571877105,0.5886350708062633,0.5191161941259244,0.0383551063442057,0.6508787162061016,0.4547169246429747,0.0074964292052734,-0.2338
50.7,11.0112,-0.17387,1.5585,2.907,0.5227282460687342,-0.21471,-0.20896,0.0025049946297822,-0.01375,0.0017436163841963,455.7715,433.0188,9.259186830633208,30.8493,38.1079,4.788784023289659,44.1499,0.6233884925683728,85.3105,44.516,0.5453103989821723,90.9055,44.5165,90.9061,1.8914004817544456,0.6508787162061016,0.6750097302475973,0.0062560274078896,0.6712972665489056,0.0069748538525054,0.6711775096553995,0.0071035031411299,0.5886350708062633,0.0282908571877105,0.5886350708062633,0.5191161941259244,0.0383551063442057,0.6508787162061016,0.4547169246429747,0.0074964292052734,-0.2338
31.66,11.0112,-0.17387,1.5585,2.907,0.5227282460687342,-0.21471,-0.20896,0.0025049946297822,-0.01375,0.0017436163841963,455.7715,433.0188,9.259186830633208,30.8493,38.1079,4.788784023289659,44.1499,0.6233884925683728,85.3105,44.516,0.5453103989821723,90.9055,44.5165,90.9061,1.8914004817544456,0.6508787162061016,0.6750097302475973,0.0062560274078896,0.6712972665489056,0.0069748538525054,0.6711775096553995,0.0071035031411299,0.5886350708062633,0.0282908571877105,0.5886350708062633,0.5191161941259244,0.0383551063442057,0.6508787162061016,0.4547169246429747,0.0074964292052734,-0.2338
55.96,11.0112,-0.17387,1.5585,2.907,0.5227282460687342,-0.21471,-0.20896,0.0025049946297822,-0.01375,0.0017436163841963,455.7715,433.0188,9.259186830633208,30.8493,38.1079,4.788784023289659,44.1499,0.6233884925683728,85.3105,44.516,0.5453103989821723,90.9055,44.5165,90.9061,1.8914004817544456,0.6508787162061016,0.6750097302475973,0.0062560274078896,0.6712972665489056,0.0069748538525054,0.6711775096553995,0.0071035031411299,0.5886350708062633,0.0282908571877105,0.5886350708062633,0.5191161941259244,0.0383551063442057,0.6508787162061016,0.4547169246429747,0.0074964292052734,-0.2338
68.17,11.0112,-0.17387,1.5585,2.907,0.5227282460687342,-0.21471,-0.20896,0.0025049946297822,-0.01375,0.0017436163841963,455.7715,433.0188,9.259186830633208,30.8493,38.1079,4.788784023289659,44.1499,0.6233884925683728,85.3105,44.516,0.5453103989821723,90.9055,44.5165,90.9061,1.8914004817544456,0.6508787162061016,0.6750097302475973,0.0062560274078896,0.6712972665489056,0.0069748538525054,0.6711775096553995,0.0071035031411299,0.5886350708062633,0.0282908571877105,0.5886350708062633,0.5191161941259244,0.0383551063442057,0.6508787162061016,0.4547169246429747,0.0074964292052734,-0.2338
1.06,7.1686,-0.19743,1.3921,1.3922,7.8679579247e-05,-0.21379,-0.2138,3.779644730085562e-06,-0.0153,0.0,385.0688,385.0682,0.0029370377042463,60.2583,60.2414,0.0087699704077251,52.79,0.4902961277199152,183.2146,51.8693,0.4904474521631572,182.8439,173.0272,19.3273,0.0014040757000348,0.6732133768450046,0.7237807251279902,0.002720706701026,0.718661117930601,0.002736545155356,0.4952246938714409,2.92176902772e-05,0.4952246938714409,2.92176902772e-05,0.718661117930601,0.718661117930601,0.0,0.6732133768450046,0.3724738780276039,5.84353805543e-05,-0.2338
8.23,7.1686,-0.19743,1.3921,1.3922,7.8679579247e-05,-0.21379,-0.2138,3.779644730085562e-06,-0.0153,0.0,385.0688,385.0682,0.0029370377042463,60.2583,60.2414,0.0087699704077251,52.79,0.4902961277199152,183.2146,51.8693,0.4904474521631572,182.8439,173.0272,19.3273,0.0014040757000348,0.6732133768450046,0.7237807251279902,0.002720706701026,0.718661117930601,0.002736545155356,0.4952246938714409,2.92176902772e-05,0.4952246938714409,2.92176902772e-05,0.718661117930601,0.718661117930601,0.0,0.6732133768450046,0.3724738780276039,5.84353805543e-05,-0.2338
10.51,7.1686,-0.19743,1.3921,1.3922,7.8679579247e-05,-0.21379,-0.2138,3.779644730085562e-06,-0.0153,0.0,385.0688,385.0682,0.0029370377042463,60.2583,60.2414,0.0087699704077251,52.79,0.4902961277199152,183.2146,51.8693,0.4904474521631572,182.8439,173.0272,19.3273,0.0014040757000348,0.6732133768450046,0.7237807251279902,0.002720706701026,0.718661117930601,0.002736545155356,0.4952246938714409,2.92176902772e-05,0.4952246938714409,2.92176902772e-05,0.718661117930601,0.718661117930601,0.0,0.6732133768450046,0.3724738780276039,5.84353805543e-05,-0.2338
7.3,7.1686,-0.19743,1.3921,1.3922,7.8679579247e-05,-0.21379,-0.2138,3.779644730085562e-06,-0.0153,0.0,385.0688,385.0682,0.0029370377042463,60.2583,60.2414,0.0087699704077251,52.79,0.4902961277199152,183.2146,51.8693,0.4904474521631572,182.8439,173.0272,19.3273,0.0014040757000348,0.6732133768450046,0.7237807251279902,0.002720706701026,0.718661117930601,0.002736545155356,0.4952246938714409,2.92176902772e-05,0.4952246938714409,2.92176902772e-05,0.718661117930601,0.718661117930601,0.0,0.6732133768450046,0.3724738780276039,5.84353805543e-05,-0.2338
14.36,7.1686,-0.19743,1.3921,1.3922,7.8679579247e-05,-0.21379,-0.2138,3.779644730085562e-06,-0.0153,0.0,385.0688,385.0682,0.0029370377042463,60.2583,60.2414,0.0087699704077251,52.79,0.4902961277199152,183.2146,51.8693,0.4904474521631572,182.8439,173.0272,19.3273,0.0014040757000348,0.6732133768450046,0.7237807251279902,0.002720706701026,0.718661117930601,0.002736545155356,0.4952246938714409,2.92176902772e-05,0.4952246938714409,2.92176902772e-05,0.718661117930601,0.718661117930601,0.0,0.6732133768450046,0.3724738780276039,5.84353805543e-05,-0.2338
12.01,7.1686,-0.19743,1.3921,1.3922,7.8679579247e-05,-0.21379,-0.2138,3.779644730085562e-06,-0.0153,0.0,385.0688,385.0682,0.0029370377042463,60.2583,60.2414,0.0087699704077251,52.79,0.4902961277199152,183.2146,51.8693,0.4904474521631572,182.8439,173.0272,19.3273,0.0014040757000348,0.6732133768450046,0.7237807251279902,0.002720706701026,0.718661117930601,0.002736545155356,0.4952246938714409,2.92176902772e-05,0.4952246938714409,2.92176902772e-05,0.718661117930601,0.718661117930601,0.0,0.6732133768450046,0.3724738780276039,5.84353805543e-05,-0.2338
3.02,7.1686,-0.19743,1.3921,1.3922,7.8679579247e-05,-0.21379,-0.2138,3.779644730085562e-06,-0.0153,0.0,385.0688,385.0682,0.0029370377042463,60.2583,60.2414,0.0087699704077251,52.79,0.4902961277199152,183.2146,51.8693,0.4904474521631572,182.8439,173.0272,19.3273,0.0014040757000348,0.6732133768450046,0.7237807251279902,0.002720706701026,0.718661117930601,0.002736545155356,0.4952246938714409,2.92176902772e-05,0.4952246938714409,2.92176902772e-05,0.718661117930601,0.718661117930601,0.0,0.6732133768450046,0.3724738780276039,5.84353805543e-05,-0.2338
3.79,7.1686,-0.19743,1.3921,1.3922,7.8679579247e-05,-0.21379,-0.2138,3.779644730085562e-06,-0.0153,0.0,385.0688,385.0682,0.0029370377042463,60.2583,60.2414,0.0087699704077251,52.79,0.4902961277199152,183.2146,51.8693,0.4904474521631572,182.8439,173.0272,19.3273,0.0014040757000348,0.6732133768450046,0.7237807251279902,0.002720706701026,0.718661117930601,0.002736545155356,0.4952246938714409,2.92176902772e-05,0.4952246938714409,2.92176902772e-05,0.718661117930601,0.718661117930601,0.0,0.6732133768450046,0.3724738780276039,5.84353805543e-05,-0.2338
7.5,7.1686,-0.19743,1.3921,1.3922,7.8679579247e-05,-0.21379,-0.2138,3.779644730085562e-06,-0.0153,0.0,385.0688,385.0682,0.0029370377042463,60.2583,60.2414,0.0087699704077251,52.79,0.4902961277199152,183.2146,51.8693,0.4904474521631572,182.8439,173.0272,19.3273,0.0014040757000348,0.6732133768450046,0.7237807251279902,0.002720706701026,0.718661117930601,0.002736545155356,0.4952246938714409,2.92176902772e-05,0.4952246938714409,2.92176902772e-05,0.718661117930601,0.718661117930601,0.0,0.6732133768450046,0.3724738780276039,5.84353805543e-05,-0.2338
0.0,7.7731,-0.2019,1.3921,1.3922,7.8679579247e-05,-0.21379,-0.2138,3.779644730085562e-06,-0.0153,0.0,385.0688,385.0682,0.0029370377042463,60.2583,60.2414,0.0087699704077251,52.79,0.4902961277199152,183.2146,51.8693,0.4904474521631572,182.8439,173.0272,19.3273,0.0014040757000348,0.6732133768450046,0.7237807251279902,0.002720706701026,0.718661117930601,0.002736545155356,0.4952246938714409,2.92176902772e-05,0.4952246938714409,2.92176902772e-05,0.718661117930601,0.718661117930601,0.0,0.6732133768450046,0.3724738780276039,5.84353805543e-05,-0.2338
8.85,7.7731,-0.2019,1.3921,1.3922,7.8679579247e-05,-0.21379,-0.2138,3.779644730085562e-06,-0.0153,0.0,385.0688,385.0682,0.0029370377042463,60.2583,60.2414,0.0087699704077251,52.79,0.4902961277199152,183.2146,51.8693,0.4904474521631572,182.8439,173.0272,19.3273,0.0014040757000348,0.6732133768450046,0.7237807251279902,0.002720706701026,0.718661117930601,0.002736545155356,0.4952246938714409,2.92176902772e-05,0.4952246938714409,2.92176902772e-05,0.718661117930601,0.718661117930601,0.0,0.6732133768450046,0.3724738780276039,5.84353805543e-05,-0.2338
30.15,7.7731,-0.2019,1.3921,1.3922,7.8679579247e-05,-0.21379,-0.2138,3.779644730085562e-06,-0.0153,0.0,385.0688,385.0682,0.0029370377042463,60.2583,60.2414,0.0087699704077251,52.79,0.4902961277199152,183.2146,51.8693,0.4904474521631572,182.8439,173.0272,19.3273,0.0014040757000348,0.6732133768450046,0.7237807251279902,0.002720706701026,0.718661117930601,0.002736545155356,0.4952246938714409,2.92176902772e-05,0.4952246938714409,2.92176902772e-05,0.718661117930601,0.718661117930601,0.0,0.6732133768450046,0.3724738780276039,5.84353805543e-05,-0.2338
5.02,7.7731,-0.2019,1.3921,1.3922,7.8679579247e-05,-0.21379,-0.2138,3.779644730085562e-06,-0.0153,0.0,385.0688,385.0682,0.0029370377042463,60.2583,60.2414,0.0087699704077251,52.79,0.4902961277199152,183.2146,51.8693,0.4904474521631572,182.8439,173.0272,19.3273,0.0014040757000348,0.6732133768450046,0.7237807251279902,0.002720706701026,0.718661117930601,0.002736545155356,0.4952246938714409,2.92176902772e-05,0.4952246938714409,2.92176902772e-05,0.718661117930601,0.718661117930601,0.0,0.6732133768450046,0.3724738780276039,5.84353805543e-05,-0.2338
22.92,7.7731,-0.2019,1.3921,1.3922,7.8679579247e-05,-0.21379,-0.2138,3.779644730085562e-06,-0.0153,0.0,385.0688,385.0682,0.0029370377042463,60.2583,60.2414,0.0087699704077251,52.79,0.4902961277199152,183.2146,51.8693,0.4904474521631572,182.8439,173.0272,19.3273,0.0014040757000348,0.6732133768450046,0.7237807251279902,0.002720706701026,0.718661117930601,0.002736545155356,0.4952246938714409,2.92176902772e-05,0.4952246938714409,2.92176902772e-05,0.718661117930601,0.718661117930601,0.0,0.6732133768450046,0.3724738780276039,5.84353805543e-05,-0.2338
28.06,7.7731,-0.2019,1.3921,1.3922,7.8679579247e-05,-0.21379,-0.2138,3.779644730085562e-06,-0.0153,0.0,385.0688,385.0682,0.0029370377042463,60.2583,60.2414,0.0087699704077251,52.79,0.4902961277199152,183.2146,51.8693,0.4904474521631572,182.8439,173.0272,19.3273,0.0014040757000348,0.6732133768450046,0.7237807251279902,0.002720706701026,0.718661117930601,0.002736545155356,0.4952246938714409,2.92176902772e-05,0.4952246938714409,2.92176902772e-05,0.718661117930601,0.718661117930601,0.0,0.6732133768450046,0.3724738780276039,5.84353805543e-05,-0.2338
2.29,7.7731,-0.2019,1.3921,1.3922,7.8679579247e-05,-0.21379,-0.2138,3.779644730085562e-06,-0.0153,0.0,385.0688,385.0682,0.0029370377042463,60.2583,60.2414,0.0087699704077251,52.79,0.4902961277199152,183.2146,51.8693,0.4904474521631572,182.8439,173.0272,19.3273,0.0014040757000348,0.6732133768450046,0.7237807251279902,0.002720706701026,0.718661117930601,0.002736545155356,0.4952246938714409,2.92176902772e-05,0.4952246938714409,2.92176902772e-05,0.718661117930601,0.718661117930601,0.0,0.6732133768450046,0.3724738780276039,5.84353805543e-05,-0.2338
2.77,7.7731,-0.2019,1.3921,1.3922,7.8679579247e-05,-0.21379,-0.2138,3.779644730085562e-06,-0.0153,0.0,385.0688,385.0682,0.0029370377042463,60.2583,60.2414,0.0087699704077251,52.79,0.4902961277199152,183.2146,51.8693,0.4904474521631572,182.8439,173.0272,19.3273,0.0014040757000348,0.6732133768450046,0.7237807251279902,0.002720706701026,0.718661117930601,0.002736545155356,0.4952246938714409,2.92176902772e-05,0.4952246938714409,2.92176902772e-05,0.718661117930601,0.718661117930601,0.0,0.6732133768450046,0.3724738780276039,5.84353805543e-05,-0.2338
2.64,7.7731,-0.2019,1.3921,1.3922,7.8679579247e-05,-0.21379,-0.2138,3.779644730085562e-06,-0.0153,0.0,385.0688,385.0682,0.0029370377042463,60.2583,60.2414,0.0087699704077251,52.79,0.4902961277199152,183.2146,51.8693,0.4904474521631572,182.8439,173.0272,19.3273,0.0014040757000348,0.6732133768450046,0.7237807251279902,0.002720706701026,0.718661117930601,0.002736545155356,0.4952246938714409,2.92176902772e-05,0.4952246938714409,2.92176902772e-05,0.718661117930601,0.718661117930601,0.0,0.6732133768450046,0.3724738780276039,5.84353805543e-05,-0.2338
0.0,10.1478,-0.16646,1.3921,1.3922,7.8679579247e-05,-0.21379,-0.2138,3.779644730085562e-06,-0.0153,0.0,385.0688,385.0682,0.0029370377042463,60.2583,60.2414,0.0087699704077251,52.79,0.4902961277199152,183.2146,51.8693,0.4904474521631572,182.8439,173.0272,19.3273,0.0014040757000348,0.6732133768450046,0.7237807251279902,0.002720706701026,0.718661117930601,0.002736545155356,0.4952246938714409,2.92176902772e-05,0.4952246938714409,2.92176902772e-05,0.718661117930601,0.718661117930601,0.0,0.6732133768450046,0.3724738780276039,5.84353805543e-05,-0.2338
9.55,10.1478,-0.16646,1.3921,1.3922,7.8679579247e-05,-0.21379,-0.2138,3.779644730085562e-06,-0.0153,0.0,385.0688,385.0682,0.0029370377042463,60.2583,60.2414,0.0087699704077251,52.79,0.4902961277199152,183.2146,51.8693,0.4904474521631572,182.8439,173.0272,19.3273,0.0014040757000348,0.6732133768450046,0.7237807251279902,0.002720706701026,0.718661117930601,0.002736545155356,0.4952246938714409,2.92176902772e-05,0.4952246938714409,2.92176902772e-05,0.718661117930601,0.718661117930601,0.0,0.6732133768450046,0.3724738780276039,5.84353805543e-05,-0.2338
4.61,10.1478,-0.16646,1.3921,1.3922,7.8679579247e-05,-0.21379,-0.2138,3.779644730085562e-06,-0.0153,0.0,385.0688,385.0682,0.0029370377042463,60.2583,60.2414,0.0087699704077251,52.79,0.4902961277199152,183.2146,51.8693,0.4904474521631572,182.8439,173.0272,19.3273,0.0014040757000348,0.6732133768450046,0.7237807251279902,0.002720706701026,0.718661117930601,0.002736545155356,0.4952246938714409,2.92176902772e-05,0.4952246938714409,2.92176902772e-05,0.718661117930601,0.718661117930601,0.0,0.6732133768450046,0.3724738780276039,5.84353805543e-05,-0.2338
7.32,10.1478,-0.16646,1.3921,1.3922,7.8679579247e-05,-0.21379,-0.2138,3.779644730085562e-06,-0.0153,0.0,385.0688,385.0682,0.0029370377042463,60.2583,60.2414,0.0087699704077251,52.79,0.4902961277199152,183.2146,51.8693,0.4904474521631572,182.8439,173.0272,19.3273,0.0014040757000348,0.6732133768450046,0.7237807251279902,0.002720706701026,0.718661117930601,0.002736545155356,0.4952246938714409,2.92176902772e-05,0.4952246938714409,2.92176902772e-05,0.718661117930601,0.718661117930601,0.0,0.6732133768450046,0.3724738780276039,5.84353805543e-05,-0.2338
20.41,10.1478,-0.16646,1.3921,1.3922,7.8679579247e-05,-0.21379,-0.2138,3.779644730085562e-06,-0.0153,0.0,385.0688,385.0682,0.0029370377042463,60.2583,60.2414,0.0087699704077251,52.79,0.4902961277199152,183.2146,51.8693,0.4904474521631572,182.8439,173.0272,19.3273,0.0014040757000348,0.6732133768450046,0.7237807251279902,0.002720706701026,0.718661117930601,0.002736545155356,0.4952246938714409,2.92176902772e-05,0.4952246938714409,2.92176902772e-05,0.718661117930601,0.718661117930601,0.0,0.6732133768450046,0.3724738780276039,5.84353805543e-05,-0.2338
18.16,10.1478,-0.16646,1.3921,1.3922,7.8679579247e-05,-0.21379,-0.2138,3.779644730085562e-06,-0.0153,0.0,385.0688,385.0682,0.0029370377042463,60.2583,60.2414,0.0087699704077251,52.79,0.4902961277199152,183.2146,51.8693,0.4904474521631572,182.8439,173.0272,19.3273,0.0014040757000348,0.6732133768450046,0.7237807251279902,0.002720706701026,0.718661117930601,0.002736545155356,0.4952246938714409,2.92176902772e-05,0.4952246938714409,2.92176902772e-05,0.718661117930601,0.718661117930601,0.0,0.6732133768450046,0.3724738780276039,5.84353805543e-05,-0.2338
3.61,10.1478,-0.16646,1.3921,1.3922,7.8679579247e-05,-0.21379,-0.2138,3.779644730085562e-06,-0.0153,0.0,385.0688,385.0682,0.0029370377042463,60.2583,60.2414,0.0087699704077251,52.79,0.4902961277199152,183.2146,51.8693,0.4904474521631572,182.8439,173.0272,19.3273,0.0014040757000348,0.6732133768450046,0.7237807251279902,0.002720706701026,0.718661117930601,0.002736545155356,0.4952246938714409,2.92176902772e-05,0.4952246938714409,2.92176902772e-05,0.718661117930601,0.718661117930601,0.0,0.6732133768450046,0.3724738780276039,5.84353805543e-05,-0.2338
3.24,10.1478,-0.16646,1.3921,1.3922,7.8679579247e-05,-0.21379,-0.2138,3.779644730085562e-06,-0.0153,0.0,385.0688,385.0682,0.0029370377042463,60.2583,60.2414,0.0087699704077251,52.79,0.4902961277199152,183.2146,51.8693,0.4904474521631572,182.8439,173.0272,19.3273,0.0014040757000348,0.6732133768450046,0.7237807251279902,0.002720706701026,0.718661117930601,0.002736545155356,0.4952246938714409,2.92176902772e-05,0.4952246938714409,2.92176902772e-05,0.718661117930601,0.718661117930601,0.0,0.6732133768450046,0.3724738780276039,5.84353805543e-05,-0.2338
2.33,10.1478,-0.16646,1.3921,1.3922,7.8679579247e-05,-0.21379,-0.2138,3.779644730085562e-06,-0.0153,0.0,385.0688,385.0682,0.0029370377042463,60.2583,60.2414,0.0087699704077251,52.79,0.4902961277199152,183.2146,51.8693,0.4904474521631572,182.8439,173.0272,19.3273,0.0014040757000348,0.6732133768450046,0.7237807251279902,0.002720706701026,0.718661117930601,0.002736545155356,0.4952246938714409,2.92176902772e-05,0.4952246938714409,2.92176902772e-05,0.718661117930601,0.718661117930601,0.0,0.6732133768450046,0.3724738780276039,5.84353805543e-05,-0.2338
0.0,11.0112,-0.17387,1.3921,1.3922,7.8679579247e-05,-0.21379,-0.2138,3.779644730085562e-06,-0.0153,0.0,385.0688,385.0682,0.0029370377042463,60.2583,60.2414,0.0087699704077251,52.79,0.4902961277199152,183.2146,51.8693,0.4904474521631572,182.8439,173.0272,19.3273,0.0014040757000348,0.6732133768450046,0.7237807251279902,0.002720706701026,0.718661117930601,0.002736545155356,0.4952246938714409,2.92176902772e-05,0.4952246938714409,2.92176902772e-05,0.718661117930601,0.718661117930601,0.0,0.6732133768450046,0.3724738780276039,5.84353805543e-05,-0.2338
4.3,11.0112,-0.17387,1.3921,1.3922,7.8679579247e-05,-0.21379,-0.2138,3.779644730085562e-06,-0.0153,0.0,385.0688,385.0682,0.0029370377042463,60.2583,60.2414,0.0087699704077251,52.79,0.4902961277199152,183.2146,51.8693,0.4904474521631572,182.8439,173.0272,19.3273,0.0014040757000348,0.6732133768450046,0.7237807251279902,0.002720706701026,0.718661117930601,0.002736545155356,0.4952246938714409,2.92176902772e-05,0.4952246938714409,2.92176902772e-05,0.718661117930601,0.718661117930601,0.0,0.6732133768450046,0.3724738780276039,5.84353805543e-05,-0.2338
3.7,11.0112,-0.17387,1.3921,1.3922,7.8679579247e-05,-0.21379,-0.2138,3.779644730085562e-06,-0.0153,0.0,385.0688,385.0682,0.0029370377042463,60.2583,60.2414,0.0087699704077251,52.79,0.4902961277199152,183.2146,51.8693,0.4904474521631572,182.8439,173.0272,19.3273,0.0014040757000348,0.6732133768450046,0.7237807251279902,0.002720706701026,0.718661117930601,0.002736545155356,0.4952246938714409,2.92176902772e-05,0.4952246938714409,2.92176902772e-05,0.718661117930601,0.718661117930601,0.0,0.6732133768450046,0.3724738780276039,5.84353805543e-05,-0.2338
3.43,11.0112,-0.17387,1.3921,1.3922,7.8679579247e-05,-0.21379,-0.2138,3.779644730085562e-06,-0.0153,0.0,385.0688,385.0682,0.0029370377042463,60.2583,60.2414,0.0087699704077251,52.79,0.4902961277199152,183.2146,51.8693,0.4904474521631572,182.8439,173.0272,19.3273,0.0014040757000348,0.6732133768450046,0.7237807251279902,0.002720706701026,0.718661117930601,0.002736545155356,0.4952246938714409,2.92176902772e-05,0.4952246938714409,2.92176902772e-05,0.718661117930601,0.718661117930601,0.0,0.6732133768450046,0.3724738780276039,5.84353805543e-05,-0.2338
14.24,11.0112,-0.17387,1.3921,1.3922,7.8679579247e-05,-0.21379,-0.2138,3.779644730085562e-06,-0.0153,0.0,385.0688,385.0682,0.0029370377042463,60.2583,60.2414,0.0087699704077251,52.79,0.4902961277199152,183.2146,51.8693,0.4904474521631572,182.8439,173.0272,19.3273,0.0014040757000348,0.6732133768450046,0.7237807251279902,0.002720706701026,0.718661117930601,0.002736545155356,0.4952246938714409,2.92176902772e-05,0.4952246938714409,2.92176902772e-05,0.718661117930601,0.718661117930601,0.0,0.6732133768450046,0.3724738780276039,5.84353805543e-05,-0.2338
9.36,11.0112,-0.17387,1.3921,1.3922,7.8679579247e-05,-0.21379,-0.2138,3.779644730085562e-06,-0.0153,0.0,385.0688,385.0682,0.0029370377042463,60.2583,60.2414,0.0087699704077251,52.79,0.4902961277199152,183.2146,51.8693,0.4904474521631572,182.8439,173.0272,19.3273,0.0014040757000348,0.6732133768450046,0.7237807251279902,0.002720706701026,0.718661117930601,0.002736545155356,0.4952246938714409,2.92176902772e-05,0.4952246938714409,2.92176902772e-05,0.718661117930601,0.718661117930601,0.0,0.6732133768450046,0.3724738780276039,5.84353805543e-05,-0.2338
1.36,11.0112,-0.17387,1.3921,1.3922,7.8679579247e-05,-0.21379,-0.2138,3.779644730085562e-06,-0.0153,0.0,385.0688,385.0682,0.0029370377042463,60.2583,60.2414,0.0087699704077251,52.79,0.4902961277199152,183.2146,51.8693,0.4904474521631572,182.8439,173.0272,19.3273,0.0014040757000348,0.6732133768450046,0.7237807251279902,0.002720706701026,0.718661117930601,0.002736545155356,0.4952246938714409,2.92176902772e-05,0.4952246938714409,2.92176902772e-05,0.718661117930601,0.718661117930601,0.0,0.6732133768450046,0.3724738780276039,5.84353805543e-05,-0.2338
0.0,11.0112,-0.17387,1.3921,1.3922,7.8679579247e-05,-0.21379,-0.2138,3.779644730085562e-06,-0.0153,0.0,385.0688,385.0682,0.0029370377042463,60.2583,60.2414,0.0087699704077251,52.79,0.4902961277199152,183.2146,51.8693,0.4904474521631572,182.8439,173.0272,19.3273,0.0014040757000348,0.6732133768450046,0.7237807251279902,0.002720706701026,0.718661117930601,0.002736545155356,0.4952246938714409,2.92176902772e-05,0.4952246938714409,2.92176902772e-05,0.718661117930601,0.718661117930601,0.0,0.6732133768450046,0.3724738780276039,5.84353805543e-05,-0.2338
10.49,11.0112,-0.17387,1.3921,1.3922,7.8679579247e-05,-0.21379,-0.2138,3.779644730085562e-06,-0.0153,0.0,385.0688,385.0682,0.0029370377042463,60.2583,60.2414,0.0087699704077251,52.79,0.4902961277199152,183.2146,51.8693,0.4904474521631572,182.8439,173.0272,19.3273,0.0014040757000348,0.6732133768450046,0.7237807251279902,0.002720706701026,0.718661117930601,0.002736545155356,0.4952246938714409,2.92176902772e-05,0.4952246938714409,2.92176902772e-05,0.718661117930601,0.718661117930601,0.0,0.6732133768450046,0.3724738780276039,5.84353805543e-05,-0.2338
4.85,7.1686,-0.19743,2.6339,2.77,0.3593056835051934,-0.18921,-0.19511,0.0033466486434726,-0.00519,0.0030321289650353,395.3231,367.3897,10.618636713061743,61.613,31.3355,9.89205504597271,80.1552,4.826754761246569,117.375,152.4507,2.0390792159549327,23.3663,152.0309,20.6458,3.139982759389623,0.8468309332055926,0.817879704200473,0.0077468120071681,0.8022214903745396,0.0084195778697422,0.8134187599173678,0.0127815815126051,0.7918625190862548,0.0275290715118672,0.7083320858656926,0.6896500104787282,0.0213752084938292,0.8468309332055926,0.7324630999071884,0.021882338921431,-0.2338
13.11,7.1686,-0.19743,2.6339,2.77,0.3593056835051934,-0.18921,-0.19511,0.0033466486434726,-0.00519,0.0030321289650353,395.3231,367.3897,10.618636713061743,61.613,31.3355,9.89205504597271,80.1552,4.826754761246569,117.375,152.4507,2.0390792159549327,23.3663,152.0309,20.6458,3.139982759389623,0.8468309332055926,0.817879704200473,0.0077468120071681,0.8022214903745396,0.0084195778697422,0.8134187599173678,0.0127815815126051,0.7918625190862548,0.0275290715118672,0.7083320858656926,0.6896500104787282,0.0213752084938292,0.8468309332055926,0.7324630999071884,0.021882338921431,-0.2338
15.42,7.1686,-0.19743,2.6339,2.77,0.3593056835051934,-0.18921,-0.19511,0.0033466486434726,-0.00519,0.0030321289650353,395.3231,367.3897,10.618636713061743,61.613,31.3355,9.89205504597271,80.1552,4.826754761246569,117.375,152.4507,2.0390792159549327,23.3663,152.0309,20.6458,3.139982759389623,0.8468309332055926,0.817879704200473,0.0077468120071681,0.8022214903745396,0.0084195778697422,0.8134187599173678,0.0127815815126051,0.7918625190862548,0.0275290715118672,0.7083320858656926,0.6896500104787282,0.0213752084938292,0.8468309332055926,0.7324630999071884,0.021882338921431,-0.2338
3.06,7.1686,-0.19743,2.6339,2.77,0.3593056835051934,-0.18921,-0.19511,0.0033466486434726,-0.00519,0.0030321289650353,395.3231,367.3897,10.618636713061743,61.613,31.3355,9.89205504597271,80.1552,4.826754761246569,117.375,152.4507,2.0390792159549327,23.3663,152.0309,20.6458,3.139982759389623,0.8468309332055926,0.817879704200473,0.0077468120071681,0.8022214903745396,0.0084195778697422,0.8134187599173678,0.0127815815126051,0.7918625190862548,0.0275290715118672,0.7083320858656926,0.6896500104787282,0.0213752084938292,0.8468309332055926,0.7324630999071884,0.021882338921431,-0.2338
10.03,7.1686,-0.19743,2.6339,2.77,0.3593056835051934,-0.18921,-0.19511,0.0033466486434726,-0.00519,0.0030321289650353,395.3231,367.3897,10.618636713061743,61.613,31.3355,9.89205504597271,80.1552,4.826754761246569,117.375,152.4507,2.0390792159549327,23.3663,152.0309,20.6458,3.139982759389623,0.8468309332055926,0.817879704200473,0.0077468120071681,0.8022214903745396,0.0084195778697422,0.8134187599173678,0.0127815815126051,0.7918625190862548,0.0275290715118672,0.7083320858656926,0.6896500104787282,0.0213752084938292,0.8468309332055926,0.7324630999071884,0.021882338921431,-0.2338
13.87,7.1686,-0.19743,2.6339,2.77,0.3593056835051934,-0.18921,-0.19511,0.0033466486434726,-0.00519,0.0030321289650353,395.3231,367.3897,10.618636713061743,61.613,31.3355,9.89205504597271,80.1552,4.826754761246569,117.375,152.4507,2.0390792159549327,23.3663,152.0309,20.6458,3.139982759389623,0.8468309332055926,0.817879704200473,0.0077468120071681,0.8022214903745396,0.0084195778697422,0.8134187599173678,0.0127815815126051,0.7918625190862548,0.0275290715118672,0.7083320858656926,0.6896500104787282,0.0213752084938292,0.8468309332055926,0.7324630999071884,0.021882338921431,-0.2338
9.14,7.1686,-0.19743,2.6339,2.77,0.3593056835051934,-0.18921,-0.19511,0.0033466486434726,-0.00519,0.0030321289650353,395.3231,367.3897,10.618636713061743,61.613,31.3355,9.89205504597271,80.1552,4.826754761246569,117.375,152.4507,2.0390792159549327,23.3663,152.0309,20.6458,3.139982759389623,0.8468309332055926,0.817879704200473,0.0077468120071681,0.8022214903745396,0.0084195778697422,0.8134187599173678,0.0127815815126051,0.7918625190862548,0.0275290715118672,0.7083320858656926,0.6896500104787282,0.0213752084938292,0.8468309332055926,0.7324630999071884,0.021882338921431,-0.2338
21.77,7.1686,-0.19743,2.6339,2.77,0.3593056835051934,-0.18921,-0.19511,0.0033466486434726,-0.00519,0.0030321289650353,395.3231,367.3897,10.618636713061743,61.613,31.3355,9.89205504597271,80.1552,4.826754761246569,117.375,152.4507,2.0390792159549327,23.3663,152.0309,20.6458,3.139982759389623,0.8468309332055926,0.817879704200473,0.0077468120071681,0.8022214903745396,0.0084195778697422,0.8134187599173678,0.0127815815126051,0.7918625190862548,0.0275290715118672,0.7083320858656926,0.6896500104787282,0.0213752084938292,0.8468309332055926,0.7324630999071884,0.021882338921431,-0.2338
14.06,7.1686,-0.19743,2.6339,2.77,0.3593056835051934,-0.18921,-0.19511,0.0033466486434726,-0.00519,0.0030321289650353,395.3231,367.3897,10.618636713061743,61.613,31.3355,9.89205504597271,80.1552,4.826754761246569,117.375,152.4507,2.0390792159549327,23.3663,152.0309,20.6458,3.139982759389623,0.8468309332055926,0.817879704200473,0.0077468120071681,0.8022214903745396,0.0084195778697422,0.8134187599173678,0.0127815815126051,0.7918625190862548,0.0275290715118672,0.7083320858656926,0.6896500104787282,0.0213752084938292,0.8468309332055926,0.7324630999071884,0.021882338921431,-0.2338
10.34,7.7731,-0.2019,2.6339,2.77,0.3593056835051934,-0.18921,-0.19511,0.0033466486434726,-0.00519,0.0030321289650353,395.3231,367.3897,10.618636713061743,61.613,31.3355,9.89205504597271,80.1552,4.826754761246569,117.375,152.4507,2.0390792159549327,23.3663,152.0309,20.6458,3.139982759389623,0.8468309332055926,0.817879704200473,0.0077468120071681,0.8022214903745396,0.0084195778697422,0.8134187599173678,0.0127815815126051,0.7918625190862548,0.0275290715118672,0.7083320858656926,0.6896500104787282,0.0213752084938292,0.8468309332055926,0.7324630999071884,0.021882338921431,-0.2338
38.15,7.7731,-0.2019,2.6339,2.77,0.3593056835051934,-0.18921,-0.19511,0.0033466486434726,-0.00519,0.0030321289650353,395.3231,367.3897,10.618636713061743,61.613,31.3355,9.89205504597271,80.1552,4.826754761246569,117.375,152.4507,2.0390792159549327,23.3663,152.0309,20.6458,3.139982759389623,0.8468309332055926,0.817879704200473,0.0077468120071681,0.8022214903745396,0.0084195778697422,0.8134187599173678,0.0127815815126051,0.7918625190862548,0.0275290715118672,0.7083320858656926,0.6896500104787282,0.0213752084938292,0.8468309332055926,0.7324630999071884,0.021882338921431,-0.2338
49.17,7.7731,-0.2019,2.6339,2.77,0.3593056835051934,-0.18921,-0.19511,0.0033466486434726,-0.00519,0.0030321289650353,395.3231,367.3897,10.618636713061743,61.613,31.3355,9.89205504597271,80.1552,4.826754761246569,117.375,152.4507,2.0390792159549327,23.3663,152.0309,20.6458,3.139982759389623,0.8468309332055926,0.817879704200473,0.0077468120071681,0.8022214903745396,0.0084195778697422,0.8134187599173678,0.0127815815126051,0.7918625190862548,0.0275290715118672,0.7083320858656926,0.6896500104787282,0.0213752084938292,0.8468309332055926,0.7324630999071884,0.021882338921431,-0.2338
12.98,7.7731,-0.2019,2.6339,2.77,0.3593056835051934,-0.18921,-0.19511,0.0033466486434726,-0.00519,0.0030321289650353,395.3231,367.3897,10.618636713061743,61.613,31.3355,9.89205504597271,80.1552,4.826754761246569,117.375,152.4507,2.0390792159549327,23.3663,152.0309,20.6458,3.139982759389623,0.8468309332055926,0.817879704200473,0.0077468120071681,0.8022214903745396,0.0084195778697422,0.8134187599173678,0.0127815815126051,0.7918625190862548,0.0275290715118672,0.7083320858656926,0.6896500104787282,0.0213752084938292,0.8468309332055926,0.7324630999071884,0.021882338921431,-0.2338
27.93,7.7731,-0.2019,2.6339,2.77,0.3593056835051934,-0.18921,-0.19511,0.0033466486434726,-0.00519,0.0030321289650353,395.3231,367.3897,10.618636713061743,61.613,31.3355,9.89205504597271,80.1552,4.826754761246569,117.375,152.4507,2.0390792159549327,23.3663,152.0309,20.6458,3.139982759389623,0.8468309332055926,0.817879704200473,0.0077468120071681,0.8022214903745396,0.0084195778697422,0.8134187599173678,0.0127815815126051,0.7918625190862548,0.0275290715118672,0.7083320858656926,0.6896500104787282,0.0213752084938292,0.8468309332055926,0.7324630999071884,0.021882338921431,-0.2338
36.29,7.7731,-0.2019,2.6339,2.77,0.3593056835051934,-0.18921,-0.19511,0.0033466486434726,-0.00519,0.0030321289650353,395.3231,367.3897,10.618636713061743,61.613,31.3355,9.89205504597271,80.1552,4.826754761246569,117.375,152.4507,2.0390792159549327,23.3663,152.0309,20.6458,3.139982759389623,0.8468309332055926,0.817879704200473,0.0077468120071681,0.8022214903745396,0.0084195778697422,0.8134187599173678,0.0127815815126051,0.7918625190862548,0.0275290715118672,0.7083320858656926,0.6896500104787282,0.0213752084938292,0.8468309332055926,0.7324630999071884,0.021882338921431,-0.2338
30.03,7.7731,-0.2019,2.6339,2.77,0.3593056835051934,-0.18921,-0.19511,0.0033466486434726,-0.00519,0.0030321289650353,395.3231,367.3897,10.618636713061743,61.613,31.3355,9.89205504597271,80.1552,4.826754761246569,117.375,152.4507,2.0390792159549327,23.3663,152.0309,20.6458,3.139982759389623,0.8468309332055926,0.817879704200473,0.0077468120071681,0.8022214903745396,0.0084195778697422,0.8134187599173678,0.0127815815126051,0.7918625190862548,0.0275290715118672,0.7083320858656926,0.6896500104787282,0.0213752084938292,0.8468309332055926,0.7324630999071884,0.021882338921431,-0.2338
72.45,7.7731,-0.2019,2.6339,2.77,0.3593056835051934,-0.18921,-0.19511,0.0033466486434726,-0.00519,0.0030321289650353,395.3231,367.3897,10.618636713061743,61.613,31.3355,9.89205504597271,80.1552,4.826754761246569,117.375,152.4507,2.0390792159549327,23.3663,152.0309,20.6458,3.139982759389623,0.8468309332055926,0.817879704200473,0.0077468120071681,0.8022214903745396,0.0084195778697422,0.8134187599173678,0.0127815815126051,0.7918625190862548,0.0275290715118672,0.7083320858656926,0.6896500104787282,0.0213752084938292,0.8468309332055926,0.7324630999071884,0.021882338921431,-0.2338
61.33,7.7731,-0.2019,2.6339,2.77,0.3593056835051934,-0.18921,-0.19511,0.0033466486434726,-0.00519,0.0030321289650353,395.3231,367.3897,10.618636713061743,61.613,31.3355,9.89205504597271,80.1552,4.826754761246569,117.375,152.4507,2.0390792159549327,23.3663,152.0309,20.6458,3.139982759389623,0.8468309332055926,0.817879704200473,0.0077468120071681,0.8022214903745396,0.0084195778697422,0.8134187599173678,0.0127815815126051,0.7918625190862548,0.0275290715118672,0.7083320858656926,0.6896500104787282,0.0213752084938292,0.8468309332055926,0.7324630999071884,0.021882338921431,-0.2338
6.93,10.1478,-0.16646,2.6339,2.77,0.3593056835051934,-0.18921,-0.19511,0.0033466486434726,-0.00519,0.0030321289650353,395.3231,367.3897,10.618636713061743,61.613,31.3355,9.89205504597271,80.1552,4.826754761246569,117.375,152.4507,2.0390792159549327,23.3663,152.0309,20.6458,3.139982759389623,0.8468309332055926,0.817879704200473,0.0077468120071681,0.8022214903745396,0.0084195778697422,0.8134187599173678,0.0127815815126051,0.7918625190862548,0.0275290715118672,0.7083320858656926,0.6896500104787282,0.0213752084938292,0.8468309332055926,0.7324630999071884,0.021882338921431,-0.2338
19.97,10.1478,-0.16646,2.6339,2.77,0.3593056835051934,-0.18921,-0.19511,0.0033466486434726,-0.00519,0.0030321289650353,395.3231,367.3897,10.618636713061743,61.613,31.3355,9.89205504597271,80.1552,4.826754761246569,117.375,152.4507,2.0390792159549327,23.3663,152.0309,20.6458,3.139982759389623,0.8468309332055926,0.817879704200473,0.0077468120071681,0.8022214903745396,0.0084195778697422,0.8134187599173678,0.0127815815126051,0.7918625190862548,0.0275290715118672,0.7083320858656926,0.6896500104787282,0.0213752084938292,0.8468309332055926,0.7324630999071884,0.021882338921431,-0.2338
26.78,10.1478,-0.16646,2.6339,2.77,0.3593056835051934,-0.18921,-0.19511,0.0033466486434726,-0.00519,0.0030321289650353,395.3231,367.3897,10.618636713061743,61.613,31.3355,9.89205504597271,80.1552,4.826754761246569,117.375,152.4507,2.0390792159549327,23.3663,152.0309,20.6458,3.139982759389623,0.8468309332055926,0.817879704200473,0.0077468120071681,0.8022214903745396,0.0084195778697422,0.8134187599173678,0.0127815815126051,0.7918625190862548,0.0275290715118672,0.7083320858656926,0.6896500104787282,0.0213752084938292,0.8468309332055926,0.7324630999071884,0.021882338921431,-0.2338
5.38,10.1478,-0.16646,2.6339,2.77,0.3593056835051934,-0.18921,-0.19511,0.0033466486434726,-0.00519,0.0030321289650353,395.3231,367.3897,10.618636713061743,61.613,31.3355,9.89205504597271,80.1552,4.826754761246569,117.375,152.4507,2.0390792159549327,23.3663,152.0309,20.6458,3.139982759389623,0.8468309332055926,0.817879704200473,0.0077468120071681,0.8022214903745396,0.0084195778697422,0.8134187599173678,0.0127815815126051,0.7918625190862548,0.0275290715118672,0.7083320858656926,0.6896500104787282,0.0213752084938292,0.8468309332055926,0.7324630999071884,0.021882338921431,-0.2338
12.61,10.1478,-0.16646,2.6339,2.77,0.3593056835051934,-0.18921,-0.19511,0.0033466486434726,-0.00519,0.0030321289650353,395.3231,367.3897,10.618636713061743,61.613,31.3355,9.89205504597271,80.1552,4.826754761246569,117.375,152.4507,2.0390792159549327,23.3663,152.0309,20.6458,3.139982759389623,0.8468309332055926,0.817879704200473,0.0077468120071681,0.8022214903745396,0.0084195778697422,0.8134187599173678,0.0127815815126051,0.7918625190862548,0.0275290715118672,0.7083320858656926,0.6896500104787282,0.0213752084938292,0.8468309332055926,0.7324630999071884,0.021882338921431,-0.2338
16.77,10.1478,-0.16646,2.6339,2.77,0.3593056835051934,-0.18921,-0.19511,0.0033466486434726,-0.00519,0.0030321289650353,395.3231,367.3897,10.618636713061743,61.613,31.3355,9.89205504597271,80.1552,4.826754761246569,117.375,152.4507,2.0390792159549327,23.3663,152.0309,20.6458,3.139982759389623,0.8468309332055926,0.817879704200473,0.0077468120071681,0.8022214903745396,0.0084195778697422,0.8134187599173678,0.0127815815126051,0.7918625190862548,0.0275290715118672,0.7083320858656926,0.6896500104787282,0.0213752084938292,0.8468309332055926,0.7324630999071884,0.021882338921431,-0.2338
14.72,10.1478,-0.16646,2.6339,2.77,0.3593056835051934,-0.18921,-0.19511,0.0033466486434726,-0.00519,0.0030321289650353,395.3231,367.3897,10.618636713061743,61.613,31.3355,9.89205504597271,80.1552,4.826754761246569,117.375,152.4507,2.0390792159549327,23.3663,152.0309,20.6458,3.139982759389623,0.8468309332055926,0.817879704200473,0.0077468120071681,0.8022214903745396,0.0084195778697422,0.8134187599173678,0.0127815815126051,0.7918625190862548,0.0275290715118672,0.7083320858656926,0.6896500104787282,0.0213752084938292,0.8468309332055926,0.7324630999071884,0.021882338921431,-0.2338
59.83,10.1478,-0.16646,2.6339,2.77,0.3593056835051934,-0.18921,-0.19511,0.0033466486434726,-0.00519,0.0030321289650353,395.3231,367.3897,10.618636713061743,61.613,31.3355,9.89205504597271,80.1552,4.826754761246569,117.375,152.4507,2.0390792159549327,23.3663,152.0309,20.6458,3.139982759389623,0.8468309332055926,0.817879704200473,0.0077468120071681,0.8022214903745396,0.0084195778697422,0.8134187599173678,0.0127815815126051,0.7918625190862548,0.0275290715118672,0.7083320858656926,0.6896500104787282,0.0213752084938292,0.8468309332055926,0.7324630999071884,0.021882338921431,-0.2338
40.26,10.1478,-0.16646,2.6339,2.77,0.3593056835051934,-0.18921,-0.19511,0.0033466486434726,-0.00519,0.0030321289650353,395.3231,367.3897,10.618636713061743,61.613,31.3355,9.89205504597271,80.1552,4.826754761246569,117.375,152.4507,2.0390792159549327,23.3663,152.0309,20.6458,3.139982759389623,0.8468309332055926,0.817879704200473,0.0077468120071681,0.8022214903745396,0.0084195778697422,0.8134187599173678,0.0127815815126051,0.7918625190862548,0.0275290715118672,0.7083320858656926,0.6896500104787282,0.0213752084938292,0.8468309332055926,0.7324630999071884,0.021882338921431,-0.2338
13.78,11.0112,-0.17387,2.6339,2.77,0.3593056835051934,-0.18921,-0.19511,0.0033466486434726,-0.00519,0.0030321289650353,395.3231,367.3897,10.618636713061743,61.613,31.3355,9.89205504597271,80.1552,4.826754761246569,117.375,152.4507,2.0390792159549327,23.3663,152.0309,20.6458,3.139982759389623,0.8468309332055926,0.817879704200473,0.0077468120071681,0.8022214903745396,0.0084195778697422,0.8134187599173678,0.0127815815126051,0.7918625190862548,0.0275290715118672,0.7083320858656926,0.6896500104787282,0.0213752084938292,0.8468309332055926,0.7324630999071884,0.021882338921431,-0.2338
40.43,11.0112,-0.17387,2.6339,2.77,0.3593056835051934,-0.18921,-0.19511,0.0033466486434726,-0.00519,0.0030321289650353,395.3231,367.3897,10.618636713061743,61.613,31.3355,9.89205504597271,80.1552,4.826754761246569,117.375,152.4507,2.0390792159549327,23.3663,152.0309,20.6458,3.139982759389623,0.8468309332055926,0.817879704200473,0.0077468120071681,0.8022214903745396,0.0084195778697422,0.8134187599173678,0.0127815815126051,0.7918625190862548,0.0275290715118672,0.7083320858656926,0.6896500104787282,0.0213752084938292,0.8468309332055926,0.7324630999071884,0.021882338921431,-0.2338
45.17,11.0112,-0.17387,2.6339,2.77,0.3593056835051934,-0.18921,-0.19511,0.0033466486434726,-0.00519,0.0030321289650353,395.3231,367.3897,10.618636713061743,61.613,31.3355,9.89205504597271,80.1552,4.826754761246569,117.375,152.4507,2.0390792159549327,23.3663,152.0309,20.6458,3.139982759389623,0.8468309332055926,0.817879704200473,0.0077468120071681,0.8022214903745396,0.0084195778697422,0.8134187599173678,0.0127815815126051,0.7918625190862548,0.0275290715118672,0.7083320858656926,0.6896500104787282,0.0213752084938292,0.8468309332055926,0.7324630999071884,0.021882338921431,-0.2338
11.07,11.0112,-0.17387,2.6339,2.77,0.3593056835051934,-0.18921,-0.19511,0.0033466486434726,-0.00519,0.0030321289650353,395.3231,367.3897,10.618636713061743,61.613,31.3355,9.89205504597271,80.1552,4.826754761246569,117.375,152.4507,2.0390792159549327,23.3663,152.0309,20.6458,3.139982759389623,0.8468309332055926,0.817879704200473,0.0077468120071681,0.8022214903745396,0.0084195778697422,0.8134187599173678,0.0127815815126051,0.7918625190862548,0.0275290715118672,0.7083320858656926,0.6896500104787282,0.0213752084938292,0.8468309332055926,0.7324630999071884,0.021882338921431,-0.2338
24.03,11.0112,-0.17387,2.6339,2.77,0.3593056835051934,-0.18921,-0.19511,0.0033466486434726,-0.00519,0.0030321289650353,395.3231,367.3897,10.618636713061743,61.613,31.3355,9.89205504597271,80.1552,4.826754761246569,117.375,152.4507,2.0390792159549327,23.3663,152.0309,20.6458,3.139982759389623,0.8468309332055926,0.817879704200473,0.0077468120071681,0.8022214903745396,0.0084195778697422,0.8134187599173678,0.0127815815126051,0.7918625190862548,0.0275290715118672,0.7083320858656926,0.6896500104787282,0.0213752084938292,0.8468309332055926,0.7324630999071884,0.021882338921431,-0.2338
27.88,11.0112,-0.17387,2.6339,2.77,0.3593056835051934,-0.18921,-0.19511,0.0033466486434726,-0.00519,0.0030321289650353,395.3231,367.3897,10.618636713061743,61.613,31.3355,9.89205504597271,80.1552,4.826754761246569,117.375,152.4507,2.0390792159549327,23.3663,152.0309,20.6458,3.139982759389623,0.8468309332055926,0.817879704200473,0.0077468120071681,0.8022214903745396,0.0084195778697422,0.8134187599173678,0.0127815815126051,0.7918625190862548,0.0275290715118672,0.7083320858656926,0.6896500104787282,0.0213752084938292,0.8468309332055926,0.7324630999071884,0.021882338921431,-0.2338
23.23,11.0112,-0.17387,2.6339,2.77,0.3593056835051934,-0.18921,-0.19511,0.0033466486434726,-0.00519,0.0030321289650353,395.3231,367.3897,10.618636713061743,61.613,31.3355,9.89205504597271,80.1552,4.826754761246569,117.375,152.4507,2.0390792159549327,23.3663,152.0309,20.6458,3.139982759389623,0.8468309332055926,0.817879704200473,0.0077468120071681,0.8022214903745396,0.0084195778697422,0.8134187599173678,0.0127815815126051,0.7918625190862548,0.0275290715118672,0.7083320858656926,0.6896500104787282,0.0213752084938292,0.8468309332055926,0.7324630999071884,0.021882338921431,-0.2338
76.34,11.0112,-0.17387,2.6339,2.77,0.3593056835051934,-0.18921,-0.19511,0.0033466486434726,-0.00519,0.0030321289650353,395.3231,367.3897,10.618636713061743,61.613,31.3355,9.89205504597271,80.1552,4.826754761246569,117.375,152.4507,2.0390792159549327,23.3663,152.0309,20.6458,3.139982759389623,0.8468309332055926,0.817879704200473,0.0077468120071681,0.8022214903745396,0.0084195778697422,0.8134187599173678,0.0127815815126051,0.7918625190862548,0.0275290715118672,0.7083320858656926,0.6896500104787282,0.0213752084938292,0.8468309332055926,0.7324630999071884,0.021882338921431,-0.2338
54.83,11.0112,-0.17387,2.6339,2.77,0.3593056835051934,-0.18921,-0.19511,0.0033466486434726,-0.00519,0.0030321289650353,395.3231,367.3897,10.618636713061743,61.613,31.3355,9.89205504597271,80.1552,4.826754761246569,117.375,152.4507,2.0390792159549327,23.3663,152.0309,20.6458,3.139982759389623,0.8468309332055926,0.817879704200473,0.0077468120071681,0.8022214903745396,0.0084195778697422,0.8134187599173678,0.0127815815126051,0.7918625190862548,0.0275290715118672,0.7083320858656926,0.6896500104787282,0.0213752084938292,0.8468309332055926,0.7324630999071884,0.021882338921431,-0.2338
45.87,7.1686,-0.19743,5.7252,5.9,0.2540583830427603,-0.2167,-0.21227,0.0020039506564828,-0.05314,0.0010207025121129,364.374,349.7109,6.391759350321448,39.9992,65.9115,11.800177005289108,65.3569,1.8530106412026488,127.186,45.1517,2.889778841289926,186.7967,53.169,177.5369,3.7818168035913535,0.7799167689590132,0.8361126912367893,0.0168327617152011,0.7607257267746474,0.0143174789235087,0.7640789197928205,0.0130796662186127,0.7086015388760816,0.0210636374645267,0.671147570432023,0.6921948444657345,0.0143947268286534,0.5670488907517739,0.5773180443699291,0.0125538465204495,-0.2338
75.22,7.1686,-0.19743,5.7252,5.9,0.2540583830427603,-0.2167,-0.21227,0.0020039506564828,-0.05314,0.0010207025121129,364.374,349.7109,6.391759350321448,39.9992,65.9115,11.800177005289108,65.3569,1.8530106412026488,127.186,45.1517,2.889778841289926,186.7967,53.169,177.5369,3.7818168035913535,0.7799167689590132,0.8361126912367893,0.0168327617152011,0.7607257267746474,0.0143174789235087,0.7640789197928205,0.0130796662186127,0.7086015388760816,0.0210636374645267,0.671147570432023,0.6921948444657345,0.0143947268286534,0.5670488907517739,0.5773180443699291,0.0125538465204495,-0.2338
75.12,7.1686,-0.19743,5.7252,5.9,0.2540583830427603,-0.2167,-0.21227,0.0020039506564828,-0.05314,0.0010207025121129,364.374,349.7109,6.391759350321448,39.9992,65.9115,11.800177005289108,65.3569,1.8530106412026488,127.186,45.1517,2.889778841289926,186.7967,53.169,177.5369,3.7818168035913535,0.7799167689590132,0.8361126912367893,0.0168327617152011,0.7607257267746474,0.0143174789235087,0.7640789197928205,0.0130796662186127,0.7086015388760816,0.0210636374645267,0.671147570432023,0.6921948444657345,0.0143947268286534,0.5670488907517739,0.5773180443699291,0.0125538465204495,-0.2338
72.24,7.1686,-0.19743,5.7252,5.9,0.2540583830427603,-0.2167,-0.21227,0.0020039506564828,-0.05314,0.0010207025121129,364.374,349.7109,6.391759350321448,39.9992,65.9115,11.800177005289108,65.3569,1.8530106412026488,127.186,45.1517,2.889778841289926,186.7967,53.169,177.5369,3.7818168035913535,0.7799167689590132,0.8361126912367893,0.0168327617152011,0.7607257267746474,0.0143174789235087,0.7640789197928205,0.0130796662186127,0.7086015388760816,0.0210636374645267,0.671147570432023,0.6921948444657345,0.0143947268286534,0.5670488907517739,0.5773180443699291,0.0125538465204495,-0.2338
87.62,7.1686,-0.19743,5.7252,5.9,0.2540583830427603,-0.2167,-0.21227,0.0020039506564828,-0.05314,0.0010207025121129,364.374,349.7109,6.391759350321448,39.9992,65.9115,11.800177005289108,65.3569,1.8530106412026488,127.186,45.1517,2.889778841289926,186.7967,53.169,177.5369,3.7818168035913535,0.7799167689590132,0.8361126912367893,0.0168327617152011,0.7607257267746474,0.0143174789235087,0.7640789197928205,0.0130796662186127,0.7086015388760816,0.0210636374645267,0.671147570432023,0.6921948444657345,0.0143947268286534,0.5670488907517739,0.5773180443699291,0.0125538465204495,-0.2338
89.14,7.1686,-0.19743,5.7252,5.9,0.2540583830427603,-0.2167,-0.21227,0.0020039506564828,-0.05314,0.0010207025121129,364.374,349.7109,6.391759350321448,39.9992,65.9115,11.800177005289108,65.3569,1.8530106412026488,127.186,45.1517,2.889778841289926,186.7967,53.169,177.5369,3.7818168035913535,0.7799167689590132,0.8361126912367893,0.0168327617152011,0.7607257267746474,0.0143174789235087,0.7640789197928205,0.0130796662186127,0.7086015388760816,0.0210636374645267,0.671147570432023,0.6921948444657345,0.0143947268286534,0.5670488907517739,0.5773180443699291,0.0125538465204495,-0.2338
36.97,7.1686,-0.19743,5.7252,5.9,0.2540583830427603,-0.2167,-0.21227,0.0020039506564828,-0.05314,0.0010207025121129,364.374,349.7109,6.391759350321448,39.9992,65.9115,11.800177005289108,65.3569,1.8530106412026488,127.186,45.1517,2.889778841289926,186.7967,53.169,177.5369,3.7818168035913535,0.7799167689590132,0.8361126912367893,0.0168327617152011,0.7607257267746474,0.0143174789235087,0.7640789197928205,0.0130796662186127,0.7086015388760816,0.0210636374645267,0.671147570432023,0.6921948444657345,0.0143947268286534,0.5670488907517739,0.5773180443699291,0.0125538465204495,-0.2338
63.88,7.1686,-0.19743,5.7252,5.9,0.2540583830427603,-0.2167,-0.21227,0.0020039506564828,-0.05314,0.0010207025121129,364.374,349.7109,6.391759350321448,39.9992,65.9115,11.800177005289108,65.3569,1.8530106412026488,127.186,45.1517,2.889778841289926,186.7967,53.169,177.5369,3.7818168035913535,0.7799167689590132,0.8361126912367893,0.0168327617152011,0.7607257267746474,0.0143174789235087,0.7640789197928205,0.0130796662186127,0.7086015388760816,0.0210636374645267,0.671147570432023,0.6921948444657345,0.0143947268286534,0.5670488907517739,0.5773180443699291,0.0125538465204495,-0.2338
85.21,7.1686,-0.19743,5.7252,5.9,0.2540583830427603,-0.2167,-0.21227,0.0020039506564828,-0.05314,0.0010207025121129,364.374,349.7109,6.391759350321448,39.9992,65.9115,11.800177005289108,65.3569,1.8530106412026488,127.186,45.1517,2.889778841289926,186.7967,53.169,177.5369,3.7818168035913535,0.7799167689590132,0.8361126912367893,0.0168327617152011,0.7607257267746474,0.0143174789235087,0.7640789197928205,0.0130796662186127,0.7086015388760816,0.0210636374645267,0.671147570432023,0.6921948444657345,0.0143947268286534,0.5670488907517739,0.5773180443699291,0.0125538465204495,-0.2338
3.51,7.7731,-0.2019,5.7252,5.9,0.2540583830427603,-0.2167,-0.21227,0.0020039506564828,-0.05314,0.0010207025121129,364.374,349.7109,6.391759350321448,39.9992,65.9115,11.800177005289108,65.3569,1.8530106412026488,127.186,45.1517,2.889778841289926,186.7967,53.169,177.5369,3.7818168035913535,0.7799167689590132,0.8361126912367893,0.0168327617152011,0.7607257267746474,0.0143174789235087,0.7640789197928205,0.0130796662186127,0.7086015388760816,0.0210636374645267,0.671147570432023,0.6921948444657345,0.0143947268286534,0.5670488907517739,0.5773180443699291,0.0125538465204495,-0.2338
50.54,7.7731,-0.2019,5.7252,5.9,0.2540583830427603,-0.2167,-0.21227,0.0020039506564828,-0.05314,0.0010207025121129,364.374,349.7109,6.391759350321448,39.9992,65.9115,11.800177005289108,65.3569,1.8530106412026488,127.186,45.1517,2.889778841289926,186.7967,53.169,177.5369,3.7818168035913535,0.7799167689590132,0.8361126912367893,0.0168327617152011,0.7607257267746474,0.0143174789235087,0.7640789197928205,0.0130796662186127,0.7086015388760816,0.0210636374645267,0.671147570432023,0.6921948444657345,0.0143947268286534,0.5670488907517739,0.5773180443699291,0.0125538465204495,-0.2338
70.26,7.7731,-0.2019,5.7252,5.9,0.2540583830427603,-0.2167,-0.21227,0.0020039506564828,-0.05314,0.0010207025121129,364.374,349.7109,6.391759350321448,39.9992,65.9115,11.800177005289108,65.3569,1.8530106412026488,127.186,45.1517,2.889778841289926,186.7967,53.169,177.5369,3.7818168035913535,0.7799167689590132,0.8361126912367893,0.0168327617152011,0.7607257267746474,0.0143174789235087,0.7640789197928205,0.0130796662186127,0.7086015388760816,0.0210636374645267,0.671147570432023,0.6921948444657345,0.0143947268286534,0.5670488907517739,0.5773180443699291,0.0125538465204495,-0.2338
7.12,7.7731,-0.2019,5.7252,5.9,0.2540583830427603,-0.2167,-0.21227,0.0020039506564828,-0.05314,0.0010207025121129,364.374,349.7109,6.391759350321448,39.9992,65.9115,11.800177005289108,65.3569,1.8530106412026488,127.186,45.1517,2.889778841289926,186.7967,53.169,177.5369,3.7818168035913535,0.7799167689590132,0.8361126912367893,0.0168327617152011,0.7607257267746474,0.0143174789235087,0.7640789197928205,0.0130796662186127,0.7086015388760816,0.0210636374645267,0.671147570432023,0.6921948444657345,0.0143947268286534,0.5670488907517739,0.5773180443699291,0.0125538465204495,-0.2338
54.07,7.7731,-0.2019,5.7252,5.9,0.2540583830427603,-0.2167,-0.21227,0.0020039506564828,-0.05314,0.0010207025121129,364.374,349.7109,6.391759350321448,39.9992,65.9115,11.800177005289108,65.3569,1.8530106412026488,127.186,45.1517,2.889778841289926,186.7967,53.169,177.5369,3.7818168035913535,0.7799167689590132,0.8361126912367893,0.0168327617152011,0.7607257267746474,0.0143174789235087,0.7640789197928205,0.0130796662186127,0.7086015388760816,0.0210636374645267,0.671147570432023,0.6921948444657345,0.0143947268286534,0.5670488907517739,0.5773180443699291,0.0125538465204495,-0.2338
82.13,7.7731,-0.2019,5.7252,5.9,0.2540583830427603,-0.2167,-0.21227,0.0020039506564828,-0.05314,0.0010207025121129,364.374,349.7109,6.391759350321448,39.9992,65.9115,11.800177005289108,65.3569,1.8530106412026488,127.186,45.1517,2.889778841289926,186.7967,53.169,177.5369,3.7818168035913535,0.7799167689590132,0.8361126912367893,0.0168327617152011,0.7607257267746474,0.0143174789235087,0.7640789197928205,0.0130796662186127,0.7086015388760816,0.0210636374645267,0.671147570432023,0.6921948444657345,0.0143947268286534,0.5670488907517739,0.5773180443699291,0.0125538465204495,-0.2338
2.9,7.7731,-0.2019,5.7252,5.9,0.2540583830427603,-0.2167,-0.21227,0.0020039506564828,-0.05314,0.0010207025121129,364.374,349.7109,6.391759350321448,39.9992,65.9115,11.800177005289108,65.3569,1.8530106412026488,127.186,45.1517,2.889778841289926,186.7967,53.169,177.5369,3.7818168035913535,0.7799167689590132,0.8361126912367893,0.0168327617152011,0.7607257267746474,0.0143174789235087,0.7640789197928205,0.0130796662186127,0.7086015388760816,0.0210636374645267,0.671147570432023,0.6921948444657345,0.0143947268286534,0.5670488907517739,0.5773180443699291,0.0125538465204495,-0.2338
11.68,7.7731,-0.2019,5.7252,5.9,0.2540583830427603,-0.2167,-0.21227,0.0020039506564828,-0.05314,0.0010207025121129,364.374,349.7109,6.391759350321448,39.9992,65.9115,11.800177005289108,65.3569,1.8530106412026488,127.186,45.1517,2.889778841289926,186.7967,53.169,177.5369,3.7818168035913535,0.7799167689590132,0.8361126912367893,0.0168327617152011,0.7607257267746474,0.0143174789235087,0.7640789197928205,0.0130796662186127,0.7086015388760816,0.0210636374645267,0.671147570432023,0.6921948444657345,0.0143947268286534,0.5670488907517739,0.5773180443699291,0.0125538465204495,-0.2338
43.12,7.7731,-0.2019,5.7252,5.9,0.2540583830427603,-0.2167,-0.21227,0.0020039506564828,-0.05314,0.0010207025121129,364.374,349.7109,6.391759350321448,39.9992,65.9115,11.800177005289108,65.3569,1.8530106412026488,127.186,45.1517,2.889778841289926,186.7967,53.169,177.5369,3.7818168035913535,0.7799167689590132,0.8361126912367893,0.0168327617152011,0.7607257267746474,0.0143174789235087,0.7640789197928205,0.0130796662186127,0.7086015388760816,0.0210636374645267,0.671147570432023,0.6921948444657345,0.0143947268286534,0.5670488907517739,0.5773180443699291,0.0125538465204495,-0.2338
16.92,10.1478,-0.16646,5.7252,5.9,0.2540583830427603,-0.2167,-0.21227,0.0020039506564828,-0.05314,0.0010207025121129,364.374,349.7109,6.391759350321448,39.9992,65.9115,11.800177005289108,65.3569,1.8530106412026488,127.186,45.1517,2.889778841289926,186.7967,53.169,177.5369,3.7818168035913535,0.7799167689590132,0.8361126912367893,0.0168327617152011,0.7607257267746474,0.0143174789235087,0.7640789197928205,0.0130796662186127,0.7086015388760816,0.0210636374645267,0.671147570432023,0.6921948444657345,0.0143947268286534,0.5670488907517739,0.5773180443699291,0.0125538465204495,-0.2338
41.0,10.1478,-0.16646,5.7252,5.9,0.2540583830427603,-0.2167,-0.21227,0.0020039506564828,-0.05314,0.0010207025121129,364.374,349.7109,6.391759350321448,39.9992,65.9115,11.800177005289108,65.3569,1.8530106412026488,127.186,45.1517,2.889778841289926,186.7967,53.169,177.5369,3.7818168035913535,0.7799167689590132,0.8361126912367893,0.0168327617152011,0.7607257267746474,0.0143174789235087,0.7640789197928205,0.0130796662186127,0.7086015388760816,0.0210636374645267,0.671147570432023,0.6921948444657345,0.0143947268286534,0.5670488907517739,0.5773180443699291,0.0125538465204495,-0.2338
67.63,10.1478,-0.16646,5.7252,5.9,0.2540583830427603,-0.2167,-0.21227,0.0020039506564828,-0.05314,0.0010207025121129,364.374,349.7109,6.391759350321448,39.9992,65.9115,11.800177005289108,65.3569,1.8530106412026488,127.186,45.1517,2.889778841289926,186.7967,53.169,177.5369,3.7818168035913535,0.7799167689590132,0.8361126912367893,0.0168327617152011,0.7607257267746474,0.0143174789235087,0.7640789197928205,0.0130796662186127,0.7086015388760816,0.0210636374645267,0.671147570432023,0.6921948444657345,0.0143947268286534,0.5670488907517739,0.5773180443699291,0.0125538465204495,-0.2338
40.47,10.1478,-0.16646,5.7252,5.9,0.2540583830427603,-0.2167,-0.21227,0.0020039506564828,-0.05314,0.0010207025121129,364.374,349.7109,6.391759350321448,39.9992,65.9115,11.800177005289108,65.3569,1.8530106412026488,127.186,45.1517,2.889778841289926,186.7967,53.169,177.5369,3.7818168035913535,0.7799167689590132,0.8361126912367893,0.0168327617152011,0.7607257267746474,0.0143174789235087,0.7640789197928205,0.0130796662186127,0.7086015388760816,0.0210636374645267,0.671147570432023,0.6921948444657345,0.0143947268286534,0.5670488907517739,0.5773180443699291,0.0125538465204495,-0.2338
71.97,10.1478,-0.16646,5.7252,5.9,0.2540583830427603,-0.2167,-0.21227,0.0020039506564828,-0.05314,0.0010207025121129,364.374,349.7109,6.391759350321448,39.9992,65.9115,11.800177005289108,65.3569,1.8530106412026488,127.186,45.1517,2.889778841289926,186.7967,53.169,177.5369,3.7818168035913535,0.7799167689590132,0.8361126912367893,0.0168327617152011,0.7607257267746474,0.0143174789235087,0.7640789197928205,0.0130796662186127,0.7086015388760816,0.0210636374645267,0.671147570432023,0.6921948444657345,0.0143947268286534,0.5670488907517739,0.5773180443699291,0.0125538465204495,-0.2338
81.48,10.1478,-0.16646,5.7252,5.9,0.2540583830427603,-0.2167,-0.21227,0.0020039506564828,-0.05314,0.0010207025121129,364.374,349.7109,6.391759350321448,39.9992,65.9115,11.800177005289108,65.3569,1.8530106412026488,127.186,45.1517,2.889778841289926,186.7967,53.169,177.5369,3.7818168035913535,0.7799167689590132,0.8361126912367893,0.0168327617152011,0.7607257267746474,0.0143174789235087,0.7640789197928205,0.0130796662186127,0.7086015388760816,0.0210636374645267,0.671147570432023,0.6921948444657345,0.0143947268286534,0.5670488907517739,0.5773180443699291,0.0125538465204495,-0.2338
11.77,10.1478,-0.16646,5.7252,5.9,0.2540583830427603,-0.2167,-0.21227,0.0020039506564828,-0.05314,0.0010207025121129,364.374,349.7109,6.391759350321448,39.9992,65.9115,11.800177005289108,65.3569,1.8530106412026488,127.186,45.1517,2.889778841289926,186.7967,53.169,177.5369,3.7818168035913535,0.7799167689590132,0.8361126912367893,0.0168327617152011,0.7607257267746474,0.0143174789235087,0.7640789197928205,0.0130796662186127,0.7086015388760816,0.0210636374645267,0.671147570432023,0.6921948444657345,0.0143947268286534,0.5670488907517739,0.5773180443699291,0.0125538465204495,-0.2338
22.3,10.1478,-0.16646,5.7252,5.9,0.2540583830427603,-0.2167,-0.21227,0.0020039506564828,-0.05314,0.0010207025121129,364.374,349.7109,6.391759350321448,39.9992,65.9115,11.800177005289108,65.3569,1.8530106412026488,127.186,45.1517,2.889778841289926,186.7967,53.169,177.5369,3.7818168035913535,0.7799167689590132,0.8361126912367893,0.0168327617152011,0.7607257267746474,0.0143174789235087,0.7640789197928205,0.0130796662186127,0.7086015388760816,0.0210636374645267,0.671147570432023,0.6921948444657345,0.0143947268286534,0.5670488907517739,0.5773180443699291,0.0125538465204495,-0.2338
39.57,10.1478,-0.16646,5.7252,5.9,0.2540583830427603,-0.2167,-0.21227,0.0020039506564828,-0.05314,0.0010207025121129,364.374,349.7109,6.391759350321448,39.9992,65.9115,11.800177005289108,65.3569,1.8530106412026488,127.186,45.1517,2.889778841289926,186.7967,53.169,177.5369,3.7818168035913535,0.7799167689590132,0.8361126912367893,0.0168327617152011,0.7607257267746474,0.0143174789235087,0.7640789197928205,0.0130796662186127,0.7086015388760816,0.0210636374645267,0.671147570432023,0.6921948444657345,0.0143947268286534,0.5670488907517739,0.5773180443699291,0.0125538465204495,-0.2338
1.26,11.0112,-0.17387,5.7252,5.9,0.2540583830427603,-0.2167,-0.21227,0.0020039506564828,-0.05314,0.0010207025121129,364.374,349.7109,6.391759350321448,39.9992,65.9115,11.800177005289108,65.3569,1.8530106412026488,127.186,45.1517,2.889778841289926,186.7967,53.169,177.5369,3.7818168035913535,0.7799167689590132,0.8361126912367893,0.0168327617152011,0.7607257267746474,0.0143174789235087,0.7640789197928205,0.0130796662186127,0.7086015388760816,0.0210636374645267,0.671147570432023,0.6921948444657345,0.0143947268286534,0.5670488907517739,0.5773180443699291,0.0125538465204495,-0.2338
0.0,11.0112,-0.17387,5.7252,5.9,0.2540583830427603,-0.2167,-0.21227,0.0020039506564828,-0.05314,0.0010207025121129,364.374,349.7109,6.391759350321448,39.9992,65.9115,11.800177005289108,65.3569,1.8530106412026488,127.186,45.1517,2.889778841289926,186.7967,53.169,177.5369,3.7818168035913535,0.7799167689590132,0.8361126912367893,0.0168327617152011,0.7607257267746474,0.0143174789235087,0.7640789197928205,0.0130796662186127,0.7086015388760816,0.0210636374645267,0.671147570432023,0.6921948444657345,0.0143947268286534,0.5670488907517739,0.5773180443699291,0.0125538465204495,-0.2338
13.46,11.0112,-0.17387,5.7252,5.9,0.2540583830427603,-0.2167,-0.21227,0.0020039506564828,-0.05314,0.0010207025121129,364.374,349.7109,6.391759350321448,39.9992,65.9115,11.800177005289108,65.3569,1.8530106412026488,127.186,45.1517,2.889778841289926,186.7967,53.169,177.5369,3.7818168035913535,0.7799167689590132,0.8361126912367893,0.0168327617152011,0.7607257267746474,0.0143174789235087,0.7640789197928205,0.0130796662186127,0.7086015388760816,0.0210636374645267,0.671147570432023,0.6921948444657345,0.0143947268286534,0.5670488907517739,0.5773180443699291,0.0125538465204495,-0.2338
2.72,11.0112,-0.17387,5.7252,5.9,0.2540583830427603,-0.2167,-0.21227,0.0020039506564828,-0.05314,0.0010207025121129,364.374,349.7109,6.391759350321448,39.9992,65.9115,11.800177005289108,65.3569,1.8530106412026488,127.186,45.1517,2.889778841289926,186.7967,53.169,177.5369,3.7818168035913535,0.7799167689590132,0.8361126912367893,0.0168327617152011,0.7607257267746474,0.0143174789235087,0.7640789197928205,0.0130796662186127,0.7086015388760816,0.0210636374645267,0.671147570432023,0.6921948444657345,0.0143947268286534,0.5670488907517739,0.5773180443699291,0.0125538465204495,-0.2338
9.52,11.0112,-0.17387,5.7252,5.9,0.2540583830427603,-0.2167,-0.21227,0.0020039506564828,-0.05314,0.0010207025121129,364.374,349.7109,6.391759350321448,39.9992,65.9115,11.800177005289108,65.3569,1.8530106412026488,127.186,45.1517,2.889778841289926,186.7967,53.169,177.5369,3.7818168035913535,0.7799167689590132,0.8361126912367893,0.0168327617152011,0.7607257267746474,0.0143174789235087,0.7640789197928205,0.0130796662186127,0.7086015388760816,0.0210636374645267,0.671147570432023,0.6921948444657345,0.0143947268286534,0.5670488907517739,0.5773180443699291,0.0125538465204495,-0.2338
22.07,11.0112,-0.17387,5.7252,5.9,0.2540583830427603,-0.2167,-0.21227,0.0020039506564828,-0.05314,0.0010207025121129,364.374,349.7109,6.391759350321448,39.9992,65.9115,11.800177005289108,65.3569,1.8530106412026488,127.186,45.1517,2.889778841289926,186.7967,53.169,177.5369,3.7818168035913535,0.7799167689590132,0.8361126912367893,0.0168327617152011,0.7607257267746474,0.0143174789235087,0.7640789197928205,0.0130796662186127,0.7086015388760816,0.0210636374645267,0.671147570432023,0.6921948444657345,0.0143947268286534,0.5670488907517739,0.5773180443699291,0.0125538465204495,-0.2338
0.97,11.0112,-0.17387,5.7252,5.9,0.2540583830427603,-0.2167,-0.21227,0.0020039506564828,-0.05314,0.0010207025121129,364.374,349.7109,6.391759350321448,39.9992,65.9115,11.800177005289108,65.3569,1.8530106412026488,127.186,45.1517,2.889778841289926,186.7967,53.169,177.5369,3.7818168035913535,0.7799167689590132,0.8361126912367893,0.0168327617152011,0.7607257267746474,0.0143174789235087,0.7640789197928205,0.0130796662186127,0.7086015388760816,0.0210636374645267,0.671147570432023,0.6921948444657345,0.0143947268286534,0.5670488907517739,0.5773180443699291,0.0125538465204495,-0.2338
2.84,11.0112,-0.17387,5.7252,5.9,0.2540583830427603,-0.2167,-0.21227,0.0020039506564828,-0.05314,0.0010207025121129,364.374,349.7109,6.391759350321448,39.9992,65.9115,11.800177005289108,65.3569,1.8530106412026488,127.186,45.1517,2.889778841289926,186.7967,53.169,177.5369,3.7818168035913535,0.7799167689590132,0.8361126912367893,0.0168327617152011,0.7607257267746474,0.0143174789235087,0.7640789197928205,0.0130796662186127,0.7086015388760816,0.0210636374645267,0.671147570432023,0.6921948444657345,0.0143947268286534,0.5670488907517739,0.5773180443699291,0.0125538465204495,-0.2338
5.65,11.0112,-0.17387,5.7252,5.9,0.2540583830427603,-0.2167,-0.21227,0.0020039506564828,-0.05314,0.0010207025121129,364.374,349.7109,6.391759350321448,39.9992,65.9115,11.800177005289108,65.3569,1.8530106412026488,127.186,45.1517,2.889778841289926,186.7967,53.169,177.5369,3.7818168035913535,0.7799167689590132,0.8361126912367893,0.0168327617152011,0.7607257267746474,0.0143174789235087,0.7640789197928205,0.0130796662186127,0.7086015388760816,0.0210636374645267,0.671147570432023,0.6921948444657345,0.0143947268286534,0.5670488907517739,0.5773180443699291,0.0125538465204495,-0.2338
13.19,7.1686,-0.19743,1.2279,1.1571,0.0405897770380671,-0.22075,-0.21336,0.0042723997940267,-0.01969,0.0024912697565699,381.1196,372.0266,5.24929809045935,154.698,157.1623,1.4285861037519996,57.3221,0.3520251695546785,174.2696,112.5804,0.3323081200733228,59.2517,111.8835,52.8706,2.0790660539450574,0.7568336277356965,0.7574922906499806,0.0085995739661041,0.8146462680758061,0.0064218238359532,0.8334481003562767,0.0078045292392308,0.7056974342085566,0.00263650802883,0.7611748151252955,0.7204874105565701,0.0235254865690311,0.7599473069668572,0.7807850064369329,0.0119875437820114,-0.2338
80.38,7.1686,-0.19743,1.2279,1.1571,0.0405897770380671,-0.22075,-0.21336,0.0042723997940267,-0.01969,0.0024912697565699,381.1196,372.0266,5.24929809045935,154.698,157.1623,1.4285861037519996,57.3221,0.3520251695546785,174.2696,112.5804,0.3323081200733228,59.2517,111.8835,52.8706,2.0790660539450574,0.7568336277356965,0.7574922906499806,0.0085995739661041,0.8146462680758061,0.0064218238359532,0.8334481003562767,0.0078045292392308,0.7056974342085566,0.00263650802883,0.7611748151252955,0.7204874105565701,0.0235254865690311,0.7599473069668572,0.7807850064369329,0.0119875437820114,-0.2338
83.22,7.1686,-0.19743,1.2279,1.1571,0.0405897770380671,-0.22075,-0.21336,0.0042723997940267,-0.01969,0.0024912697565699,381.1196,372.0266,5.24929809045935,154.698,157.1623,1.4285861037519996,57.3221,0.3520251695546785,174.2696,112.5804,0.3323081200733228,59.2517,111.8835,52.8706,2.0790660539450574,0.7568336277356965,0.7574922906499806,0.0085995739661041,0.8146462680758061,0.0064218238359532,0.8334481003562767,0.0078045292392308,0.7056974342085566,0.00263650802883,0.7611748151252955,0.7204874105565701,0.0235254865690311,0.7599473069668572,0.7807850064369329,0.0119875437820114,-0.2338
30.41,7.1686,-0.19743,1.2279,1.1571,0.0405897770380671,-0.22075,-0.21336,0.0042723997940267,-0.01969,0.0024912697565699,381.1196,372.0266,5.24929809045935,154.698,157.1623,1.4285861037519996,57.3221,0.3520251695546785,174.2696,112.5804,0.3323081200733228,59.2517,111.8835,52.8706,2.0790660539450574,0.7568336277356965,0.7574922906499806,0.0085995739661041,0.8146462680758061,0.0064218238359532,0.8334481003562767,0.0078045292392308,0.7056974342085566,0.00263650802883,0.7611748151252955,0.7204874105565701,0.0235254865690311,0.7599473069668572,0.7807850064369329,0.0119875437820114,-0.2338
67.21,7.1686,-0.19743,1.2279,1.1571,0.0405897770380671,-0.22075,-0.21336,0.0042723997940267,-0.01969,0.0024912697565699,381.1196,372.0266,5.24929809045935,154.698,157.1623,1.4285861037519996,57.3221,0.3520251695546785,174.2696,112.5804,0.3323081200733228,59.2517,111.8835,52.8706,2.0790660539450574,0.7568336277356965,0.7574922906499806,0.0085995739661041,0.8146462680758061,0.0064218238359532,0.8334481003562767,0.0078045292392308,0.7056974342085566,0.00263650802883,0.7611748151252955,0.7204874105565701,0.0235254865690311,0.7599473069668572,0.7807850064369329,0.0119875437820114,-0.2338
96.64,7.1686,-0.19743,1.2279,1.1571,0.0405897770380671,-0.22075,-0.21336,0.0042723997940267,-0.01969,0.0024912697565699,381.1196,372.0266,5.24929809045935,154.698,157.1623,1.4285861037519996,57.3221,0.3520251695546785,174.2696,112.5804,0.3323081200733228,59.2517,111.8835,52.8706,2.0790660539450574,0.7568336277356965,0.7574922906499806,0.0085995739661041,0.8146462680758061,0.0064218238359532,0.8334481003562767,0.0078045292392308,0.7056974342085566,0.00263650802883,0.7611748151252955,0.7204874105565701,0.0235254865690311,0.7599473069668572,0.7807850064369329,0.0119875437820114,-0.2338
28.9,7.1686,-0.19743,1.2279,1.1571,0.0405897770380671,-0.22075,-0.21336,0.0042723997940267,-0.01969,0.0024912697565699,381.1196,372.0266,5.24929809045935,154.698,157.1623,1.4285861037519996,57.3221,0.3520251695546785,174.2696,112.5804,0.3323081200733228,59.2517,111.8835,52.8706,2.0790660539450574,0.7568336277356965,0.7574922906499806,0.0085995739661041,0.8146462680758061,0.0064218238359532,0.8334481003562767,0.0078045292392308,0.7056974342085566,0.00263650802883,0.7611748151252955,0.7204874105565701,0.0235254865690311,0.7599473069668572,0.7807850064369329,0.0119875437820114,-0.2338
87.0,7.1686,-0.19743,1.2279,1.1571,0.0405897770380671,-0.22075,-0.21336,0.0042723997940267,-0.01969,0.0024912697565699,381.1196,372.0266,5.24929809045935,154.698,157.1623,1.4285861037519996,57.3221,0.3520251695546785,174.2696,112.5804,0.3323081200733228,59.2517,111.8835,52.8706,2.0790660539450574,0.7568336277356965,0.7574922906499806,0.0085995739661041,0.8146462680758061,0.0064218238359532,0.8334481003562767,0.0078045292392308,0.7056974342085566,0.00263650802883,0.7611748151252955,0.7204874105565701,0.0235254865690311,0.7599473069668572,0.7807850064369329,0.0119875437820114,-0.2338
98.38,7.1686,-0.19743,1.2279,1.1571,0.0405897770380671,-0.22075,-0.21336,0.0042723997940267,-0.01969,0.0024912697565699,381.1196,372.0266,5.24929809045935,154.698,157.1623,1.4285861037519996,57.3221,0.3520251695546785,174.2696,112.5804,0.3323081200733228,59.2517,111.8835,52.8706,2.0790660539450574,0.7568336277356965,0.7574922906499806,0.0085995739661041,0.8146462680758061,0.0064218238359532,0.8334481003562767,0.0078045292392308,0.7056974342085566,0.00263650802883,0.7611748151252955,0.7204874105565701,0.0235254865690311,0.7599473069668572,0.7807850064369329,0.0119875437820114,-0.2338
55.7,7.7731,-0.2019,1.2279,1.1571,0.0405897770380671,-0.22075,-0.21336,0.0042723997940267,-0.01969,0.0024912697565699,381.1196,372.0266,5.24929809045935,154.698,157.1623,1.4285861037519996,57.3221,0.3520251695546785,174.2696,112.5804,0.3323081200733228,59.2517,111.8835,52.8706,2.0790660539450574,0.7568336277356965,0.7574922906499806,0.0085995739661041,0.8146462680758061,0.0064218238359532,0.8334481003562767,0.0078045292392308,0.7056974342085566,0.00263650802883,0.7611748151252955,0.7204874105565701,0.0235254865690311,0.7599473069668572,0.7807850064369329,0.0119875437820114,-0.2338
89.76,7.7731,-0.2019,1.2279,1.1571,0.0405897770380671,-0.22075,-0.21336,0.0042723997940267,-0.01969,0.0024912697565699,381.1196,372.0266,5.24929809045935,154.698,157.1623,1.4285861037519996,57.3221,0.3520251695546785,174.2696,112.5804,0.3323081200733228,59.2517,111.8835,52.8706,2.0790660539450574,0.7568336277356965,0.7574922906499806,0.0085995739661041,0.8146462680758061,0.0064218238359532,0.8334481003562767,0.0078045292392308,0.7056974342085566,0.00263650802883,0.7611748151252955,0.7204874105565701,0.0235254865690311,0.7599473069668572,0.7807850064369329,0.0119875437820114,-0.2338
87.59,7.7731,-0.2019,1.2279,1.1571,0.0405897770380671,-0.22075,-0.21336,0.0042723997940267,-0.01969,0.0024912697565699,381.1196,372.0266,5.24929809045935,154.698,157.1623,1.4285861037519996,57.3221,0.3520251695546785,174.2696,112.5804,0.3323081200733228,59.2517,111.8835,52.8706,2.0790660539450574,0.7568336277356965,0.7574922906499806,0.0085995739661041,0.8146462680758061,0.0064218238359532,0.8334481003562767,0.0078045292392308,0.7056974342085566,0.00263650802883,0.7611748151252955,0.7204874105565701,0.0235254865690311,0.7599473069668572,0.7807850064369329,0.0119875437820114,-0.2338
62.75,7.7731,-0.2019,1.2279,1.1571,0.0405897770380671,-0.22075,-0.21336,0.0042723997940267,-0.01969,0.0024912697565699,381.1196,372.0266,5.24929809045935,154.698,157.1623,1.4285861037519996,57.3221,0.3520251695546785,174.2696,112.5804,0.3323081200733228,59.2517,111.8835,52.8706,2.0790660539450574,0.7568336277356965,0.7574922906499806,0.0085995739661041,0.8146462680758061,0.0064218238359532,0.8334481003562767,0.0078045292392308,0.7056974342085566,0.00263650802883,0.7611748151252955,0.7204874105565701,0.0235254865690311,0.7599473069668572,0.7807850064369329,0.0119875437820114,-0.2338
90.39,7.7731,-0.2019,1.2279,1.1571,0.0405897770380671,-0.22075,-0.21336,0.0042723997940267,-0.01969,0.0024912697565699,381.1196,372.0266,5.24929809045935,154.698,157.1623,1.4285861037519996,57.3221,0.3520251695546785,174.2696,112.5804,0.3323081200733228,59.2517,111.8835,52.8706,2.0790660539450574,0.7568336277356965,0.7574922906499806,0.0085995739661041,0.8146462680758061,0.0064218238359532,0.8334481003562767,0.0078045292392308,0.7056974342085566,0.00263650802883,0.7611748151252955,0.7204874105565701,0.0235254865690311,0.7599473069668572,0.7807850064369329,0.0119875437820114,-0.2338
89.95,7.7731,-0.2019,1.2279,1.1571,0.0405897770380671,-0.22075,-0.21336,0.0042723997940267,-0.01969,0.0024912697565699,381.1196,372.0266,5.24929809045935,154.698,157.1623,1.4285861037519996,57.3221,0.3520251695546785,174.2696,112.5804,0.3323081200733228,59.2517,111.8835,52.8706,2.0790660539450574,0.7568336277356965,0.7574922906499806,0.0085995739661041,0.8146462680758061,0.0064218238359532,0.8334481003562767,0.0078045292392308,0.7056974342085566,0.00263650802883,0.7611748151252955,0.7204874105565701,0.0235254865690311,0.7599473069668572,0.7807850064369329,0.0119875437820114,-0.2338
61.09,7.7731,-0.2019,1.2279,1.1571,0.0405897770380671,-0.22075,-0.21336,0.0042723997940267,-0.01969,0.0024912697565699,381.1196,372.0266,5.24929809045935,154.698,157.1623,1.4285861037519996,57.3221,0.3520251695546785,174.2696,112.5804,0.3323081200733228,59.2517,111.8835,52.8706,2.0790660539450574,0.7568336277356965,0.7574922906499806,0.0085995739661041,0.8146462680758061,0.0064218238359532,0.8334481003562767,0.0078045292392308,0.7056974342085566,0.00263650802883,0.7611748151252955,0.7204874105565701,0.0235254865690311,0.7599473069668572,0.7807850064369329,0.0119875437820114,-0.2338
98.49,7.7731,-0.2019,1.2279,1.1571,0.0405897770380671,-0.22075,-0.21336,0.0042723997940267,-0.01969,0.0024912697565699,381.1196,372.0266,5.24929809045935,154.698,157.1623,1.4285861037519996,57.3221,0.3520251695546785,174.2696,112.5804,0.3323081200733228,59.2517,111.8835,52.8706,2.0790660539450574,0.7568336277356965,0.7574922906499806,0.0085995739661041,0.8146462680758061,0.0064218238359532,0.8334481003562767,0.0078045292392308,0.7056974342085566,0.00263650802883,0.7611748151252955,0.7204874105565701,0.0235254865690311,0.7599473069668572,0.7807850064369329,0.0119875437820114,-0.2338
99.81,7.7731,-0.2019,1.2279,1.1571,0.0405897770380671,-0.22075,-0.21336,0.0042723997940267,-0.01969,0.0024912697565699,381.1196,372.0266,5.24929809045935,154.698,157.1623,1.4285861037519996,57.3221,0.3520251695546785,174.2696,112.5804,0.3323081200733228,59.2517,111.8835,52.8706,2.0790660539450574,0.7568336277356965,0.7574922906499806,0.0085995739661041,0.8146462680758061,0.0064218238359532,0.8334481003562767,0.0078045292392308,0.7056974342085566,0.00263650802883,0.7611748151252955,0.7204874105565701,0.0235254865690311,0.7599473069668572,0.7807850064369329,0.0119875437820114,-0.2338
39.55,10.1478,-0.16646,1.2279,1.1571,0.0405897770380671,-0.22075,-0.21336,0.0042723997940267,-0.01969,0.0024912697565699,381.1196,372.0266,5.24929809045935,154.698,157.1623,1.4285861037519996,57.3221,0.3520251695546785,174.2696,112.5804,0.3323081200733228,59.2517,111.8835,52.8706,2.0790660539450574,0.7568336277356965,0.7574922906499806,0.0085995739661041,0.8146462680758061,0.0064218238359532,0.8334481003562767,0.0078045292392308,0.7056974342085566,0.00263650802883,0.7611748151252955,0.7204874105565701,0.0235254865690311,0.7599473069668572,0.7807850064369329,0.0119875437820114,-0.2338
83.25,10.1478,-0.16646,1.2279,1.1571,0.0405897770380671,-0.22075,-0.21336,0.0042723997940267,-0.01969,0.0024912697565699,381.1196,372.0266,5.24929809045935,154.698,157.1623,1.4285861037519996,57.3221,0.3520251695546785,174.2696,112.5804,0.3323081200733228,59.2517,111.8835,52.8706,2.0790660539450574,0.7568336277356965,0.7574922906499806,0.0085995739661041,0.8146462680758061,0.0064218238359532,0.8334481003562767,0.0078045292392308,0.7056974342085566,0.00263650802883,0.7611748151252955,0.7204874105565701,0.0235254865690311,0.7599473069668572,0.7807850064369329,0.0119875437820114,-0.2338
81.63,10.1478,-0.16646,1.2279,1.1571,0.0405897770380671,-0.22075,-0.21336,0.0042723997940267,-0.01969,0.0024912697565699,381.1196,372.0266,5.24929809045935,154.698,157.1623,1.4285861037519996,57.3221,0.3520251695546785,174.2696,112.5804,0.3323081200733228,59.2517,111.8835,52.8706,2.0790660539450574,0.7568336277356965,0.7574922906499806,0.0085995739661041,0.8146462680758061,0.0064218238359532,0.8334481003562767,0.0078045292392308,0.7056974342085566,0.00263650802883,0.7611748151252955,0.7204874105565701,0.0235254865690311,0.7599473069668572,0.7807850064369329,0.0119875437820114,-0.2338
38.8,10.1478,-0.16646,1.2279,1.1571,0.0405897770380671,-0.22075,-0.21336,0.0042723997940267,-0.01969,0.0024912697565699,381.1196,372.0266,5.24929809045935,154.698,157.1623,1.4285861037519996,57.3221,0.3520251695546785,174.2696,112.5804,0.3323081200733228,59.2517,111.8835,52.8706,2.0790660539450574,0.7568336277356965,0.7574922906499806,0.0085995739661041,0.8146462680758061,0.0064218238359532,0.8334481003562767,0.0078045292392308,0.7056974342085566,0.00263650802883,0.7611748151252955,0.7204874105565701,0.0235254865690311,0.7599473069668572,0.7807850064369329,0.0119875437820114,-0.2338
91.39,10.1478,-0.16646,1.2279,1.1571,0.0405897770380671,-0.22075,-0.21336,0.0042723997940267,-0.01969,0.0024912697565699,381.1196,372.0266,5.24929809045935,154.698,157.1623,1.4285861037519996,57.3221,0.3520251695546785,174.2696,112.5804,0.3323081200733228,59.2517,111.8835,52.8706,2.0790660539450574,0.7568336277356965,0.7574922906499806,0.0085995739661041,0.8146462680758061,0.0064218238359532,0.8334481003562767,0.0078045292392308,0.7056974342085566,0.00263650802883,0.7611748151252955,0.7204874105565701,0.0235254865690311,0.7599473069668572,0.7807850064369329,0.0119875437820114,-0.2338
95.48,10.1478,-0.16646,1.2279,1.1571,0.0405897770380671,-0.22075,-0.21336,0.0042723997940267,-0.01969,0.0024912697565699,381.1196,372.0266,5.24929809045935,154.698,157.1623,1.4285861037519996,57.3221,0.3520251695546785,174.2696,112.5804,0.3323081200733228,59.2517,111.8835,52.8706,2.0790660539450574,0.7568336277356965,0.7574922906499806,0.0085995739661041,0.8146462680758061,0.0064218238359532,0.8334481003562767,0.0078045292392308,0.7056974342085566,0.00263650802883,0.7611748151252955,0.7204874105565701,0.0235254865690311,0.7599473069668572,0.7807850064369329,0.0119875437820114,-0.2338
43.84,10.1478,-0.16646,1.2279,1.1571,0.0405897770380671,-0.22075,-0.21336,0.0042723997940267,-0.01969,0.0024912697565699,381.1196,372.0266,5.24929809045935,154.698,157.1623,1.4285861037519996,57.3221,0.3520251695546785,174.2696,112.5804,0.3323081200733228,59.2517,111.8835,52.8706,2.0790660539450574,0.7568336277356965,0.7574922906499806,0.0085995739661041,0.8146462680758061,0.0064218238359532,0.8334481003562767,0.0078045292392308,0.7056974342085566,0.00263650802883,0.7611748151252955,0.7204874105565701,0.0235254865690311,0.7599473069668572,0.7807850064369329,0.0119875437820114,-0.2338
100.0,10.1478,-0.16646,1.2279,1.1571,0.0405897770380671,-0.22075,-0.21336,0.0042723997940267,-0.01969,0.0024912697565699,381.1196,372.0266,5.24929809045935,154.698,157.1623,1.4285861037519996,57.3221,0.3520251695546785,174.2696,112.5804,0.3323081200733228,59.2517,111.8835,52.8706,2.0790660539450574,0.7568336277356965,0.7574922906499806,0.0085995739661041,0.8146462680758061,0.0064218238359532,0.8334481003562767,0.0078045292392308,0.7056974342085566,0.00263650802883,0.7611748151252955,0.7204874105565701,0.0235254865690311,0.7599473069668572,0.7807850064369329,0.0119875437820114,-0.2338
99.22,10.1478,-0.16646,1.2279,1.1571,0.0405897770380671,-0.22075,-0.21336,0.0042723997940267,-0.01969,0.0024912697565699,381.1196,372.0266,5.24929809045935,154.698,157.1623,1.4285861037519996,57.3221,0.3520251695546785,174.2696,112.5804,0.3323081200733228,59.2517,111.8835,52.8706,2.0790660539450574,0.7568336277356965,0.7574922906499806,0.0085995739661041,0.8146462680758061,0.0064218238359532,0.8334481003562767,0.0078045292392308,0.7056974342085566,0.00263650802883,0.7611748151252955,0.7204874105565701,0.0235254865690311,0.7599473069668572,0.7807850064369329,0.0119875437820114,-0.2338
75.28,11.0112,-0.17387,1.2279,1.1571,0.0405897770380671,-0.22075,-0.21336,0.0042723997940267,-0.01969,0.0024912697565699,381.1196,372.0266,5.24929809045935,154.698,157.1623,1.4285861037519996,57.3221,0.3520251695546785,174.2696,112.5804,0.3323081200733228,59.2517,111.8835,52.8706,2.0790660539450574,0.7568336277356965,0.7574922906499806,0.0085995739661041,0.8146462680758061,0.0064218238359532,0.8334481003562767,0.0078045292392308,0.7056974342085566,0.00263650802883,0.7611748151252955,0.7204874105565701,0.0235254865690311,0.7599473069668572,0.7807850064369329,0.0119875437820114,-0.2338
91.11,11.0112,-0.17387,1.2279,1.1571,0.0405897770380671,-0.22075,-0.21336,0.0042723997940267,-0.01969,0.0024912697565699,381.1196,372.0266,5.24929809045935,154.698,157.1623,1.4285861037519996,57.3221,0.3520251695546785,174.2696,112.5804,0.3323081200733228,59.2517,111.8835,52.8706,2.0790660539450574,0.7568336277356965,0.7574922906499806,0.0085995739661041,0.8146462680758061,0.0064218238359532,0.8334481003562767,0.0078045292392308,0.7056974342085566,0.00263650802883,0.7611748151252955,0.7204874105565701,0.0235254865690311,0.7599473069668572,0.7807850064369329,0.0119875437820114,-0.2338
83.85,11.0112,-0.17387,1.2279,1.1571,0.0405897770380671,-0.22075,-0.21336,0.0042723997940267,-0.01969,0.0024912697565699,381.1196,372.0266,5.24929809045935,154.698,157.1623,1.4285861037519996,57.3221,0.3520251695546785,174.2696,112.5804,0.3323081200733228,59.2517,111.8835,52.8706,2.0790660539450574,0.7568336277356965,0.7574922906499806,0.0085995739661041,0.8146462680758061,0.0064218238359532,0.8334481003562767,0.0078045292392308,0.7056974342085566,0.00263650802883,0.7611748151252955,0.7204874105565701,0.0235254865690311,0.7599473069668572,0.7807850064369329,0.0119875437820114,-0.2338
65.32,11.0112,-0.17387,1.2279,1.1571,0.0405897770380671,-0.22075,-0.21336,0.0042723997940267,-0.01969,0.0024912697565699,381.1196,372.0266,5.24929809045935,154.698,157.1623,1.4285861037519996,57.3221,0.3520251695546785,174.2696,112.5804,0.3323081200733228,59.2517,111.8835,52.8706,2.0790660539450574,0.7568336277356965,0.7574922906499806,0.0085995739661041,0.8146462680758061,0.0064218238359532,0.8334481003562767,0.0078045292392308,0.7056974342085566,0.00263650802883,0.7611748151252955,0.7204874105565701,0.0235254865690311,0.7599473069668572,0.7807850064369329,0.0119875437820114,-0.2338
91.06,11.0112,-0.17387,1.2279,1.1571,0.0405897770380671,-0.22075,-0.21336,0.0042723997940267,-0.01969,0.0024912697565699,381.1196,372.0266,5.24929809045935,154.698,157.1623,1.4285861037519996,57.3221,0.3520251695546785,174.2696,112.5804,0.3323081200733228,59.2517,111.8835,52.8706,2.0790660539450574,0.7568336277356965,0.7574922906499806,0.0085995739661041,0.8146462680758061,0.0064218238359532,0.8334481003562767,0.0078045292392308,0.7056974342085566,0.00263650802883,0.7611748151252955,0.7204874105565701,0.0235254865690311,0.7599473069668572,0.7807850064369329,0.0119875437820114,-0.2338
92.03,11.0112,-0.17387,1.2279,1.1571,0.0405897770380671,-0.22075,-0.21336,0.0042723997940267,-0.01969,0.0024912697565699,381.1196,372.0266,5.24929809045935,154.698,157.1623,1.4285861037519996,57.3221,0.3520251695546785,174.2696,112.5804,0.3323081200733228,59.2517,111.8835,52.8706,2.0790660539450574,0.7568336277356965,0.7574922906499806,0.0085995739661041,0.8146462680758061,0.0064218238359532,0.8334481003562767,0.0078045292392308,0.7056974342085566,0.00263650802883,0.7611748151252955,0.7204874105565701,0.0235254865690311,0.7599473069668572,0.7807850064369329,0.0119875437820114,-0.2338
84.03,11.0112,-0.17387,1.2279,1.1571,0.0405897770380671,-0.22075,-0.21336,0.0042723997940267,-0.01969,0.0024912697565699,381.1196,372.0266,5.24929809045935,154.698,157.1623,1.4285861037519996,57.3221,0.3520251695546785,174.2696,112.5804,0.3323081200733228,59.2517,111.8835,52.8706,2.0790660539450574,0.7568336277356965,0.7574922906499806,0.0085995739661041,0.8146462680758061,0.0064218238359532,0.8334481003562767,0.0078045292392308,0.7056974342085566,0.00263650802883,0.7611748151252955,0.7204874105565701,0.0235254865690311,0.7599473069668572,0.7807850064369329,0.0119875437820114,-0.2338
100.0,11.0112,-0.17387,1.2279,1.1571,0.0405897770380671,-0.22075,-0.21336,0.0042723997940267,-0.01969,0.0024912697565699,381.1196,372.0266,5.24929809045935,154.698,157.1623,1.4285861037519996,57.3221,0.3520251695546785,174.2696,112.5804,0.3323081200733228,59.2517,111.8835,52.8706,2.0790660539450574,0.7568336277356965,0.7574922906499806,0.0085995739661041,0.8146462680758061,0.0064218238359532,0.8334481003562767,0.0078045292392308,0.7056974342085566,0.00263650802883,0.7611748151252955,0.7204874105565701,0.0235254865690311,0.7599473069668572,0.7807850064369329,0.0119875437820114,-0.2338
92.19,11.0112,-0.17387,1.2279,1.1571,0.0405897770380671,-0.22075,-0.21336,0.0042723997940267,-0.01969,0.0024912697565699,381.1196,372.0266,5.24929809045935,154.698,157.1623,1.4285861037519996,57.3221,0.3520251695546785,174.2696,112.5804,0.3323081200733228,59.2517,111.8835,52.8706,2.0790660539450574,0.7568336277356965,0.7574922906499806,0.0085995739661041,0.8146462680758061,0.0064218238359532,0.8334481003562767,0.0078045292392308,0.7056974342085566,0.00263650802883,0.7611748151252955,0.7204874105565701,0.0235254865690311,0.7599473069668572,0.7807850064369329,0.0119875437820114,-0.2338
0.0,7.1686,-0.19743,1.3621,1.3622,5.77350269189e-05,-0.22408,-0.22408,0.0,-0.01341,0.0,411.2345,411.2504,0.009388468103663,64.536,64.5211,0.0074594459132909,54.2411,0.0005773502691923,184.8409,172.1506,0.0018248287590846,23.9094,172.1524,23.9091,0.002055075018907,0.6425855513307984,0.703032843328044,4.57329191237e-05,0.4738780276039639,2.99392233765e-05,0.4739079668273405,2.99392233765e-05,0.4739079668273405,3.45708373515e-05,0.4738780276039639,0.473937906050717,4.57329191237e-05,0.6425855513307984,0.3622945420795784,7.53453932044e-05,-0.2338
0.0,7.1686,-0.19743,1.3621,1.3622,5.77350269189e-05,-0.22408,-0.22408,0.0,-0.01341,0.0,411.2345,411.2504,0.009388468103663,64.536,64.5211,0.0074594459132909,54.2411,0.0005773502691923,184.8409,172.1506,0.0018248287590846,23.9094,172.1524,23.9091,0.002055075018907,0.6425855513307984,0.703032843328044,4.57329191237e-05,0.4738780276039639,2.99392233765e-05,0.4739079668273405,2.99392233765e-05,0.4739079668273405,3.45708373515e-05,0.4738780276039639,0.473937906050717,4.57329191237e-05,0.6425855513307984,0.3622945420795784,7.53453932044e-05,-0.2338
3.59,7.1686,-0.19743,1.3621,1.3622,5.77350269189e-05,-0.22408,-0.22408,0.0,-0.01341,0.0,411.2345,411.2504,0.009388468103663,64.536,64.5211,0.0074594459132909,54.2411,0.0005773502691923,184.8409,172.1506,0.0018248287590846,23.9094,172.1524,23.9091,0.002055075018907,0.6425855513307984,0.703032843328044,4.57329191237e-05,0.4738780276039639,2.99392233765e-05,0.4739079668273405,2.99392233765e-05,0.4739079668273405,3.45708373515e-05,0.4738780276039639,0.473937906050717,4.57329191237e-05,0.6425855513307984,0.3622945420795784,7.53453932044e-05,-0.2338
0.0,7.1686,-0.19743,1.3621,1.3622,5.77350269189e-05,-0.22408,-0.22408,0.0,-0.01341,0.0,411.2345,411.2504,0.009388468103663,64.536,64.5211,0.0074594459132909,54.2411,0.0005773502691923,184.8409,172.1506,0.0018248287590846,23.9094,172.1524,23.9091,0.002055075018907,0.6425855513307984,0.703032843328044,4.57329191237e-05,0.4738780276039639,2.99392233765e-05,0.4739079668273405,2.99392233765e-05,0.4739079668273405,3.45708373515e-05,0.4738780276039639,0.473937906050717,4.57329191237e-05,0.6425855513307984,0.3622945420795784,7.53453932044e-05,-0.2338
0.0,7.1686,-0.19743,1.3621,1.3622,5.77350269189e-05,-0.22408,-0.22408,0.0,-0.01341,0.0,411.2345,411.2504,0.009388468103663,64.536,64.5211,0.0074594459132909,54.2411,0.0005773502691923,184.8409,172.1506,0.0018248287590846,23.9094,172.1524,23.9091,0.002055075018907,0.6425855513307984,0.703032843328044,4.57329191237e-05,0.4738780276039639,2.99392233765e-05,0.4739079668273405,2.99392233765e-05,0.4739079668273405,3.45708373515e-05,0.4738780276039639,0.473937906050717,4.57329191237e-05,0.6425855513307984,0.3622945420795784,7.53453932044e-05,-0.2338
3.33,7.1686,-0.19743,1.3621,1.3622,5.77350269189e-05,-0.22408,-0.22408,0.0,-0.01341,0.0,411.2345,411.2504,0.009388468103663,64.536,64.5211,0.0074594459132909,54.2411,0.0005773502691923,184.8409,172.1506,0.0018248287590846,23.9094,172.1524,23.9091,0.002055075018907,0.6425855513307984,0.703032843328044,4.57329191237e-05,0.4738780276039639,2.99392233765e-05,0.4739079668273405,2.99392233765e-05,0.4739079668273405,3.45708373515e-05,0.4738780276039639,0.473937906050717,4.57329191237e-05,0.6425855513307984,0.3622945420795784,7.53453932044e-05,-0.2338
0.0,7.1686,-0.19743,1.3621,1.3622,5.77350269189e-05,-0.22408,-0.22408,0.0,-0.01341,0.0,411.2345,411.2504,0.009388468103663,64.536,64.5211,0.0074594459132909,54.2411,0.0005773502691923,184.8409,172.1506,0.0018248287590846,23.9094,172.1524,23.9091,0.002055075018907,0.6425855513307984,0.703032843328044,4.57329191237e-05,0.4738780276039639,2.99392233765e-05,0.4739079668273405,2.99392233765e-05,0.4739079668273405,3.45708373515e-05,0.4738780276039639,0.473937906050717,4.57329191237e-05,0.6425855513307984,0.3622945420795784,7.53453932044e-05,-0.2338
0.0,7.1686,-0.19743,1.3621,1.3622,5.77350269189e-05,-0.22408,-0.22408,0.0,-0.01341,0.0,411.2345,411.2504,0.009388468103663,64.536,64.5211,0.0074594459132909,54.2411,0.0005773502691923,184.8409,172.1506,0.0018248287590846,23.9094,172.1524,23.9091,0.002055075018907,0.6425855513307984,0.703032843328044,4.57329191237e-05,0.4738780276039639,2.99392233765e-05,0.4739079668273405,2.99392233765e-05,0.4739079668273405,3.45708373515e-05,0.4738780276039639,0.473937906050717,4.57329191237e-05,0.6425855513307984,0.3622945420795784,7.53453932044e-05,-0.2338
2.78,7.1686,-0.19743,1.3621,1.3622,5.77350269189e-05,-0.22408,-0.22408,0.0,-0.01341,0.0,411.2345,411.2504,0.009388468103663,64.536,64.5211,0.0074594459132909,54.2411,0.0005773502691923,184.8409,172.1506,0.0018248287590846,23.9094,172.1524,23.9091,0.002055075018907,0.6425855513307984,0.703032843328044,4.57329191237e-05,0.4738780276039639,2.99392233765e-05,0.4739079668273405,2.99392233765e-05,0.4739079668273405,3.45708373515e-05,0.4738780276039639,0.473937906050717,4.57329191237e-05,0.6425855513307984,0.3622945420795784,7.53453932044e-05,-0.2338
0.0,7.7731,-0.2019,1.3621,1.3622,5.77350269189e-05,-0.22408,-0.22408,0.0,-0.01341,0.0,411.2345,411.2504,0.009388468103663,64.536,64.5211,0.0074594459132909,54.2411,0.0005773502691923,184.8409,172.1506,0.0018248287590846,23.9094,172.1524,23.9091,0.002055075018907,0.6425855513307984,0.703032843328044,4.57329191237e-05,0.4738780276039639,2.99392233765e-05,0.4739079668273405,2.99392233765e-05,0.4739079668273405,3.45708373515e-05,0.4738780276039639,0.473937906050717,4.57329191237e-05,0.6425855513307984,0.3622945420795784,7.53453932044e-05,-0.2338
0.0,7.7731,-0.2019,1.3621,1.3622,5.77350269189e-05,-0.22408,-0.22408,0.0,-0.01341,0.0,411.2345,411.2504,0.009388468103663,64.536,64.5211,0.0074594459132909,54.2411,0.0005773502691923,184.8409,172.1506,0.0018248287590846,23.9094,172.1524,23.9091,0.002055075018907,0.6425855513307984,0.703032843328044,4.57329191237e-05,0.4738780276039639,2.99392233765e-05,0.4739079668273405,2.99392233765e-05,0.4739079668273405,3.45708373515e-05,0.4738780276039639,0.473937906050717,4.57329191237e-05,0.6425855513307984,0.3622945420795784,7.53453932044e-05,-0.2338
3.35,7.7731,-0.2019,1.3621,1.3622,5.77350269189e-05,-0.22408,-0.22408,0.0,-0.01341,0.0,411.2345,411.2504,0.009388468103663,64.536,64.5211,0.0074594459132909,54.2411,0.0005773502691923,184.8409,172.1506,0.0018248287590846,23.9094,172.1524,23.9091,0.002055075018907,0.6425855513307984,0.703032843328044,4.57329191237e-05,0.4738780276039639,2.99392233765e-05,0.4739079668273405,2.99392233765e-05,0.4739079668273405,3.45708373515e-05,0.4738780276039639,0.473937906050717,4.57329191237e-05,0.6425855513307984,0.3622945420795784,7.53453932044e-05,-0.2338
0.0,7.7731,-0.2019,1.3621,1.3622,5.77350269189e-05,-0.22408,-0.22408,0.0,-0.01341,0.0,411.2345,411.2504,0.009388468103663,64.536,64.5211,0.0074594459132909,54.2411,0.0005773502691923,184.8409,172.1506,0.0018248287590846,23.9094,172.1524,23.9091,0.002055075018907,0.6425855513307984,0.703032843328044,4.57329191237e-05,0.4738780276039639,2.99392233765e-05,0.4739079668273405,2.99392233765e-05,0.4739079668273405,3.45708373515e-05,0.4738780276039639,0.473937906050717,4.57329191237e-05,0.6425855513307984,0.3622945420795784,7.53453932044e-05,-0.2338
0.0,7.7731,-0.2019,1.3621,1.3622,5.77350269189e-05,-0.22408,-0.22408,0.0,-0.01341,0.0,411.2345,411.2504,0.009388468103663,64.536,64.5211,0.0074594459132909,54.2411,0.0005773502691923,184.8409,172.1506,0.0018248287590846,23.9094,172.1524,23.9091,0.002055075018907,0.6425855513307984,0.703032843328044,4.57329191237e-05,0.4738780276039639,2.99392233765e-05,0.4739079668273405,2.99392233765e-05,0.4739079668273405,3.45708373515e-05,0.4738780276039639,0.473937906050717,4.57329191237e-05,0.6425855513307984,0.3622945420795784,7.53453932044e-05,-0.2338
2.15,7.7731,-0.2019,1.3621,1.3622,5.77350269189e-05,-0.22408,-0.22408,0.0,-0.01341,0.0,411.2345,411.2504,0.009388468103663,64.536,64.5211,0.0074594459132909,54.2411,0.0005773502691923,184.8409,172.1506,0.0018248287590846,23.9094,172.1524,23.9091,0.002055075018907,0.6425855513307984,0.703032843328044,4.57329191237e-05,0.4738780276039639,2.99392233765e-05,0.4739079668273405,2.99392233765e-05,0.4739079668273405,3.45708373515e-05,0.4738780276039639,0.473937906050717,4.57329191237e-05,0.6425855513307984,0.3622945420795784,7.53453932044e-05,-0.2338
0.0,7.7731,-0.2019,1.3621,1.3622,5.77350269189e-05,-0.22408,-0.22408,0.0,-0.01341,0.0,411.2345,411.2504,0.009388468103663,64.536,64.5211,0.0074594459132909,54.2411,0.0005773502691923,184.8409,172.1506,0.0018248287590846,23.9094,172.1524,23.9091,0.002055075018907,0.6425855513307984,0.703032843328044,4.57329191237e-05,0.4738780276039639,2.99392233765e-05,0.4739079668273405,2.99392233765e-05,0.4739079668273405,3.45708373515e-05,0.4738780276039639,0.473937906050717,4.57329191237e-05,0.6425855513307984,0.3622945420795784,7.53453932044e-05,-0.2338
0.0,7.7731,-0.2019,1.3621,1.3622,5.77350269189e-05,-0.22408,-0.22408,0.0,-0.01341,0.0,411.2345,411.2504,0.009388468103663,64.536,64.5211,0.0074594459132909,54.2411,0.0005773502691923,184.8409,172.1506,0.0018248287590846,23.9094,172.1524,23.9091,0.002055075018907,0.6425855513307984,0.703032843328044,4.57329191237e-05,0.4738780276039639,2.99392233765e-05,0.4739079668273405,2.99392233765e-05,0.4739079668273405,3.45708373515e-05,0.4738780276039639,0.473937906050717,4.57329191237e-05,0.6425855513307984,0.3622945420795784,7.53453932044e-05,-0.2338
0.0,7.7731,-0.2019,1.3621,1.3622,5.77350269189e-05,-0.22408,-0.22408,0.0,-0.01341,0.0,411.2345,411.2504,0.009388468103663,64.536,64.5211,0.0074594459132909,54.2411,0.0005773502691923,184.8409,172.1506,0.0018248287590846,23.9094,172.1524,23.9091,0.002055075018907,0.6425855513307984,0.703032843328044,4.57329191237e-05,0.4738780276039639,2.99392233765e-05,0.4739079668273405,2.99392233765e-05,0.4739079668273405,3.45708373515e-05,0.4738780276039639,0.473937906050717,4.57329191237e-05,0.6425855513307984,0.3622945420795784,7.53453932044e-05,-0.2338
0.0,10.1478,-0.16646,1.3621,1.3622,5.77350269189e-05,-0.22408,-0.22408,0.0,-0.01341,0.0,411.2345,411.2504,0.009388468103663,64.536,64.5211,0.0074594459132909,54.2411,0.0005773502691923,184.8409,172.1506,0.0018248287590846,23.9094,172.1524,23.9091,0.002055075018907,0.6425855513307984,0.703032843328044,4.57329191237e-05,0.4738780276039639,2.99392233765e-05,0.4739079668273405,2.99392233765e-05,0.4739079668273405,3.45708373515e-05,0.4738780276039639,0.473937906050717,4.57329191237e-05,0.6425855513307984,0.3622945420795784,7.53453932044e-05,-0.2338
0.0,10.1478,-0.16646,1.3621,1.3622,5.77350269189e-05,-0.22408,-0.22408,0.0,-0.01341,0.0,411.2345,411.2504,0.009388468103663,64.536,64.5211,0.0074594459132909,54.2411,0.0005773502691923,184.8409,172.1506,0.0018248287590846,23.9094,172.1524,23.9091,0.002055075018907,0.6425855513307984,0.703032843328044,4.57329191237e-05,0.4738780276039639,2.99392233765e-05,0.4739079668273405,2.99392233765e-05,0.4739079668273405,3.45708373515e-05,0.4738780276039639,0.473937906050717,4.57329191237e-05,0.6425855513307984,0.3622945420795784,7.53453932044e-05,-0.2338
19.02,10.1478,-0.16646,1.3621,1.3622,5.77350269189e-05,-0.22408,-0.22408,0.0,-0.01341,0.0,411.2345,411.2504,0.009388468103663,64.536,64.5211,0.0074594459132909,54.2411,0.0005773502691923,184.8409,172.1506,0.0018248287590846,23.9094,172.1524,23.9091,0.002055075018907,0.6425855513307984,0.703032843328044,4.57329191237e-05,0.4738780276039639,2.99392233765e-05,0.4739079668273405,2.99392233765e-05,0.4739079668273405,3.45708373515e-05,0.4738780276039639,0.473937906050717,4.57329191237e-05,0.6425855513307984,0.3622945420795784,7.53453932044e-05,-0.2338
0.0,10.1478,-0.16646,1.3621,1.3622,5.77350269189e-05,-0.22408,-0.22408,0.0,-0.01341,0.0,411.2345,411.2504,0.009388468103663,64.536,64.5211,0.0074594459132909,54.2411,0.0005773502691923,184.8409,172.1506,0.0018248287590846,23.9094,172.1524,23.9091,0.002055075018907,0.6425855513307984,0.703032843328044,4.57329191237e-05,0.4738780276039639,2.99392233765e-05,0.4739079668273405,2.99392233765e-05,0.4739079668273405,3.45708373515e-05,0.4738780276039639,0.473937906050717,4.57329191237e-05,0.6425855513307984,0.3622945420795784,7.53453932044e-05,-0.2338
0.0,10.1478,-0.16646,1.3621,1.3622,5.77350269189e-05,-0.22408,-0.22408,0.0,-0.01341,0.0,411.2345,411.2504,0.009388468103663,64.536,64.5211,0.0074594459132909,54.2411,0.0005773502691923,184.8409,172.1506,0.0018248287590846,23.9094,172.1524,23.9091,0.002055075018907,0.6425855513307984,0.703032843328044,4.57329191237e-05,0.4738780276039639,2.99392233765e-05,0.4739079668273405,2.99392233765e-05,0.4739079668273405,3.45708373515e-05,0.4738780276039639,0.473937906050717,4.57329191237e-05,0.6425855513307984,0.3622945420795784,7.53453932044e-05,-0.2338
5.9,10.1478,-0.16646,1.3621,1.3622,5.77350269189e-05,-0.22408,-0.22408,0.0,-0.01341,0.0,411.2345,411.2504,0.009388468103663,64.536,64.5211,0.0074594459132909,54.2411,0.0005773502691923,184.8409,172.1506,0.0018248287590846,23.9094,172.1524,23.9091,0.002055075018907,0.6425855513307984,0.703032843328044,4.57329191237e-05,0.4738780276039639,2.99392233765e-05,0.4739079668273405,2.99392233765e-05,0.4739079668273405,3.45708373515e-05,0.4738780276039639,0.473937906050717,4.57329191237e-05,0.6425855513307984,0.3622945420795784,7.53453932044e-05,-0.2338
0.0,10.1478,-0.16646,1.3621,1.3622,5.77350269189e-05,-0.22408,-0.22408,0.0,-0.01341,0.0,411.2345,411.2504,0.009388468103663,64.536,64.5211,0.0074594459132909,54.2411,0.0005773502691923,184.8409,172.1506,0.0018248287590846,23.9094,172.1524,23.9091,0.002055075018907,0.6425855513307984,0.703032843328044,4.57329191237e-05,0.4738780276039639,2.99392233765e-05,0.4739079668273405,2.99392233765e-05,0.4739079668273405,3.45708373515e-05,0.4738780276039639,0.473937906050717,4.57329191237e-05,0.6425855513307984,0.3622945420795784,7.53453932044e-05,-0.2338
0.0,10.1478,-0.16646,1.3621,1.3622,5.77350269189e-05,-0.22408,-0.22408,0.0,-0.01341,0.0,411.2345,411.2504,0.009388468103663,64.536,64.5211,0.0074594459132909,54.2411,0.0005773502691923,184.8409,172.1506,0.0018248287590846,23.9094,172.1524,23.9091,0.002055075018907,0.6425855513307984,0.703032843328044,4.57329191237e-05,0.4738780276039639,2.99392233765e-05,0.4739079668273405,2.99392233765e-05,0.4739079668273405,3.45708373515e-05,0.4738780276039639,0.473937906050717,4.57329191237e-05,0.6425855513307984,0.3622945420795784,7.53453932044e-05,-0.2338
2.79,10.1478,-0.16646,1.3621,1.3622,5.77350269189e-05,-0.22408,-0.22408,0.0,-0.01341,0.0,411.2345,411.2504,0.009388468103663,64.536,64.5211,0.0074594459132909,54.2411,0.0005773502691923,184.8409,172.1506,0.0018248287590846,23.9094,172.1524,23.9091,0.002055075018907,0.6425855513307984,0.703032843328044,4.57329191237e-05,0.4738780276039639,2.99392233765e-05,0.4739079668273405,2.99392233765e-05,0.4739079668273405,3.45708373515e-05,0.4738780276039639,0.473937906050717,4.57329191237e-05,0.6425855513307984,0.3622945420795784,7.53453932044e-05,-0.2338
0.0,11.0112,-0.17387,1.3621,1.3622,5.77350269189e-05,-0.22408,-0.22408,0.0,-0.01341,0.0,411.2345,411.2504,0.009388468103663,64.536,64.5211,0.0074594459132909,54.2411,0.0005773502691923,184.8409,172.1506,0.0018248287590846,23.9094,172.1524,23.9091,0.002055075018907,0.6425855513307984,0.703032843328044,4.57329191237e-05,0.4738780276039639,2.99392233765e-05,0.4739079668273405,2.99392233765e-05,0.4739079668273405,3.45708373515e-05,0.4738780276039639,0.473937906050717,4.57329191237e-05,0.6425855513307984,0.3622945420795784,7.53453932044e-05,-0.2338
0.0,11.0112,-0.17387,1.3621,1.3622,5.77350269189e-05,-0.22408,-0.22408,0.0,-0.01341,0.0,411.2345,411.2504,0.009388468103663,64.536,64.5211,0.0074594459132909,54.2411,0.0005773502691923,184.8409,172.1506,0.0018248287590846,23.9094,172.1524,23.9091,0.002055075018907,0.6425855513307984,0.703032843328044,4.57329191237e-05,0.4738780276039639,2.99392233765e-05,0.4739079668273405,2.99392233765e-05,0.4739079668273405,3.45708373515e-05,0.4738780276039639,0.473937906050717,4.57329191237e-05,0.6425855513307984,0.3622945420795784,7.53453932044e-05,-0.2338
0.0,11.0112,-0.17387,1.3621,1.3622,5.77350269189e-05,-0.22408,-0.22408,0.0,-0.01341,0.0,411.2345,411.2504,0.009388468103663,64.536,64.5211,0.0074594459132909,54.2411,0.0005773502691923,184.8409,172.1506,0.0018248287590846,23.9094,172.1524,23.9091,0.002055075018907,0.6425855513307984,0.703032843328044,4.57329191237e-05,0.4738780276039639,2.99392233765e-05,0.4739079668273405,2.99392233765e-05,0.4739079668273405,3.45708373515e-05,0.4738780276039639,0.473937906050717,4.57329191237e-05,0.6425855513307984,0.3622945420795784,7.53453932044e-05,-0.2338
0.0,11.0112,-0.17387,1.3621,1.3622,5.77350269189e-05,-0.22408,-0.22408,0.0,-0.01341,0.0,411.2345,411.2504,0.009388468103663,64.536,64.5211,0.0074594459132909,54.2411,0.0005773502691923,184.8409,172.1506,0.0018248287590846,23.9094,172.1524,23.9091,0.002055075018907,0.6425855513307984,0.703032843328044,4.57329191237e-05,0.4738780276039639,2.99392233765e-05,0.4739079668273405,2.99392233765e-05,0.4739079668273405,3.45708373515e-05,0.4738780276039639,0.473937906050717,4.57329191237e-05,0.6425855513307984,0.3622945420795784,7.53453932044e-05,-0.2338
0.0,11.0112,-0.17387,1.3621,1.3622,5.77350269189e-05,-0.22408,-0.22408,0.0,-0.01341,0.0,411.2345,411.2504,0.009388468103663,64.536,64.5211,0.0074594459132909,54.2411,0.0005773502691923,184.8409,172.1506,0.0018248287590846,23.9094,172.1524,23.9091,0.002055075018907,0.6425855513307984,0.703032843328044,4.57329191237e-05,0.4738780276039639,2.99392233765e-05,0.4739079668273405,2.99392233765e-05,0.4739079668273405,3.45708373515e-05,0.4738780276039639,0.473937906050717,4.57329191237e-05,0.6425855513307984,0.3622945420795784,7.53453932044e-05,-0.2338
0.0,11.0112,-0.17387,1.3621,1.3622,5.77350269189e-05,-0.22408,-0.22408,0.0,-0.01341,0.0,411.2345,411.2504,0.009388468103663,64.536,64.5211,0.0074594459132909,54.2411,0.0005773502691923,184.8409,172.1506,0.0018248287590846,23.9094,172.1524,23.9091,0.002055075018907,0.6425855513307984,0.703032843328044,4.57329191237e-05,0.4738780276039639,2.99392233765e-05,0.4739079668273405,2.99392233765e-05,0.4739079668273405,3.45708373515e-05,0.4738780276039639,0.473937906050717,4.57329191237e-05,0.6425855513307984,0.3622945420795784,7.53453932044e-05,-0.2338
0.0,11.0112,-0.17387,1.3621,1.3622,5.77350269189e-05,-0.22408,-0.22408,0.0,-0.01341,0.0,411.2345,411.2504,0.009388468103663,64.536,64.5211,0.0074594459132909,54.2411,0.0005773502691923,184.8409,172.1506,0.0018248287590846,23.9094,172.1524,23.9091,0.002055075018907,0.6425855513307984,0.703032843328044,4.57329191237e-05,0.4738780276039639,2.99392233765e-05,0.4739079668273405,2.99392233765e-05,0.4739079668273405,3.45708373515e-05,0.4738780276039639,0.473937906050717,4.57329191237e-05,0.6425855513307984,0.3622945420795784,7.53453932044e-05,-0.2338
0.0,11.0112,-0.17387,1.3621,1.3622,5.77350269189e-05,-0.22408,-0.22408,0.0,-0.01341,0.0,411.2345,411.2504,0.009388468103663,64.536,64.5211,0.0074594459132909,54.2411,0.0005773502691923,184.8409,172.1506,0.0018248287590846,23.9094,172.1524,23.9091,0.002055075018907,0.6425855513307984,0.703032843328044,4.57329191237e-05,0.4738780276039639,2.99392233765e-05,0.4739079668273405,2.99392233765e-05,0.4739079668273405,3.45708373515e-05,0.4738780276039639,0.473937906050717,4.57329191237e-05,0.6425855513307984,0.3622945420795784,7.53453932044e-05,-0.2338
0.0,11.0112,-0.17387,1.3621,1.3622,5.77350269189e-05,-0.22408,-0.22408,0.0,-0.01341,0.0,411.2345,411.2504,0.009388468103663,64.536,64.5211,0.0074594459132909,54.2411,0.0005773502691923,184.8409,172.1506,0.0018248287590846,23.9094,172.1524,23.9091,0.002055075018907,0.6425855513307984,0.703032843328044,4.57329191237e-05,0.4738780276039639,2.99392233765e-05,0.4739079668273405,2.99392233765e-05,0.4739079668273405,3.45708373515e-05,0.4738780276039639,0.473937906050717,4.57329191237e-05,0.6425855513307984,0.3622945420795784,7.53453932044e-05,-0.2338
18.44,7.1686,-0.19743,3.8245,2.6753,0.4345836520384166,-0.19126,-0.1839,0.0040939076687194,-0.01526,0.0031844190619176,348.0845,338.7551,16.217524241433285,52.0536,47.8768,19.23902485195502,60.148,2.262744571974486,148.3333,150.3153,3.861431906936177,24.9874,156.7629,14.51,3.88289496852787,0.8408430885302834,0.8432382264004071,0.0154152017497205,0.8204544774108559,0.020549549864377,0.8381784976497709,0.0165083546647066,0.68590760755666,0.0096491573647638,0.7181521511331995,0.6548905721385586,0.041846017276907,0.8408430885302834,0.7638394060058081,0.0133268038159292,-0.3186
9.66,7.1686,-0.19743,3.8245,2.6753,0.4345836520384166,-0.19126,-0.1839,0.0040939076687194,-0.01526,0.0031844190619176,348.0845,338.7551,16.217524241433285,52.0536,47.8768,19.23902485195502,60.148,2.262744571974486,148.3333,150.3153,3.861431906936177,24.9874,156.7629,14.51,3.88289496852787,0.8408430885302834,0.8432382264004071,0.0154152017497205,0.8204544774108559,0.020549549864377,0.8381784976497709,0.0165083546647066,0.68590760755666,0.0096491573647638,0.7181521511331995,0.6548905721385586,0.041846017276907,0.8408430885302834,0.7638394060058081,0.0133268038159292,-0.3186
29.25,7.1686,-0.19743,3.8245,2.6753,0.4345836520384166,-0.19126,-0.1839,0.0040939076687194,-0.01526,0.0031844190619176,348.0845,338.7551,16.217524241433285,52.0536,47.8768,19.23902485195502,60.148,2.262744571974486,148.3333,150.3153,3.861431906936177,24.9874,156.7629,14.51,3.88289496852787,0.8408430885302834,0.8432382264004071,0.0154152017497205,0.8204544774108559,0.020549549864377,0.8381784976497709,0.0165083546647066,0.68590760755666,0.0096491573647638,0.7181521511331995,0.6548905721385586,0.041846017276907,0.8408430885302834,0.7638394060058081,0.0133268038159292,-0.3186
6.26,7.1686,-0.19743,3.8245,2.6753,0.4345836520384166,-0.19126,-0.1839,0.0040939076687194,-0.01526,0.0031844190619176,348.0845,338.7551,16.217524241433285,52.0536,47.8768,19.23902485195502,60.148,2.262744571974486,148.3333,150.3153,3.861431906936177,24.9874,156.7629,14.51,3.88289496852787,0.8408430885302834,0.8432382264004071,0.0154152017497205,0.8204544774108559,0.020549549864377,0.8381784976497709,0.0165083546647066,0.68590760755666,0.0096491573647638,0.7181521511331995,0.6548905721385586,0.041846017276907,0.8408430885302834,0.7638394060058081,0.0133268038159292,-0.3186
6.0,7.1686,-0.19743,3.8245,2.6753,0.4345836520384166,-0.19126,-0.1839,0.0040939076687194,-0.01526,0.0031844190619176,348.0845,338.7551,16.217524241433285,52.0536,47.8768,19.23902485195502,60.148,2.262744571974486,148.3333,150.3153,3.861431906936177,24.9874,156.7629,14.51,3.88289496852787,0.8408430885302834,0.8432382264004071,0.0154152017497205,0.8204544774108559,0.020549549864377,0.8381784976497709,0.0165083546647066,0.68590760755666,0.0096491573647638,0.7181521511331995,0.6548905721385586,0.041846017276907,0.8408430885302834,0.7638394060058081,0.0133268038159292,-0.3186
17.0,7.1686,-0.19743,3.8245,2.6753,0.4345836520384166,-0.19126,-0.1839,0.0040939076687194,-0.01526,0.0031844190619176,348.0845,338.7551,16.217524241433285,52.0536,47.8768,19.23902485195502,60.148,2.262744571974486,148.3333,150.3153,3.861431906936177,24.9874,156.7629,14.51,3.88289496852787,0.8408430885302834,0.8432382264004071,0.0154152017497205,0.8204544774108559,0.020549549864377,0.8381784976497709,0.0165083546647066,0.68590760755666,0.0096491573647638,0.7181521511331995,0.6548905721385586,0.041846017276907,0.8408430885302834,0.7638394060058081,0.0133268038159292,-0.3186
12.07,7.1686,-0.19743,3.8245,2.6753,0.4345836520384166,-0.19126,-0.1839,0.0040939076687194,-0.01526,0.0031844190619176,348.0845,338.7551,16.217524241433285,52.0536,47.8768,19.23902485195502,60.148,2.262744571974486,148.3333,150.3153,3.861431906936177,24.9874,156.7629,14.51,3.88289496852787,0.8408430885302834,0.8432382264004071,0.0154152017497205,0.8204544774108559,0.020549549864377,0.8381784976497709,0.0165083546647066,0.68590760755666,0.0096491573647638,0.7181521511331995,0.6548905721385586,0.041846017276907,0.8408430885302834,0.7638394060058081,0.0133268038159292,-0.3186
22.3,7.1686,-0.19743,3.8245,2.6753,0.4345836520384166,-0.19126,-0.1839,0.0040939076687194,-0.01526,0.0031844190619176,348.0845,338.7551,16.217524241433285,52.0536,47.8768,19.23902485195502,60.148,2.262744571974486,148.3333,150.3153,3.861431906936177,24.9874,156.7629,14.51,3.88289496852787,0.8408430885302834,0.8432382264004071,0.0154152017497205,0.8204544774108559,0.020549549864377,0.8381784976497709,0.0165083546647066,0.68590760755666,0.0096491573647638,0.7181521511331995,0.6548905721385586,0.041846017276907,0.8408430885302834,0.7638394060058081,0.0133268038159292,-0.3186
25.77,7.1686,-0.19743,3.8245,2.6753,0.4345836520384166,-0.19126,-0.1839,0.0040939076687194,-0.01526,0.0031844190619176,348.0845,338.7551,16.217524241433285,52.0536,47.8768,19.23902485195502,60.148,2.262744571974486,148.3333,150.3153,3.861431906936177,24.9874,156.7629,14.51,3.88289496852787,0.8408430885302834,0.8432382264004071,0.0154152017497205,0.8204544774108559,0.020549549864377,0.8381784976497709,0.0165083546647066,0.68590760755666,0.0096491573647638,0.7181521511331995,0.6548905721385586,0.041846017276907,0.8408430885302834,0.7638394060058081,0.0133268038159292,-0.3186
56.05,7.7731,-0.2019,3.8245,2.6753,0.4345836520384166,-0.19126,-0.1839,0.0040939076687194,-0.01526,0.0031844190619176,348.0845,338.7551,16.217524241433285,52.0536,47.8768,19.23902485195502,60.148,2.262744571974486,148.3333,150.3153,3.861431906936177,24.9874,156.7629,14.51,3.88289496852787,0.8408430885302834,0.8432382264004071,0.0154152017497205,0.8204544774108559,0.020549549864377,0.8381784976497709,0.0165083546647066,0.68590760755666,0.0096491573647638,0.7181521511331995,0.6548905721385586,0.041846017276907,0.8408430885302834,0.7638394060058081,0.0133268038159292,-0.3186
39.5,7.7731,-0.2019,3.8245,2.6753,0.4345836520384166,-0.19126,-0.1839,0.0040939076687194,-0.01526,0.0031844190619176,348.0845,338.7551,16.217524241433285,52.0536,47.8768,19.23902485195502,60.148,2.262744571974486,148.3333,150.3153,3.861431906936177,24.9874,156.7629,14.51,3.88289496852787,0.8408430885302834,0.8432382264004071,0.0154152017497205,0.8204544774108559,0.020549549864377,0.8381784976497709,0.0165083546647066,0.68590760755666,0.0096491573647638,0.7181521511331995,0.6548905721385586,0.041846017276907,0.8408430885302834,0.7638394060058081,0.0133268038159292,-0.3186
50.79,7.7731,-0.2019,3.8245,2.6753,0.4345836520384166,-0.19126,-0.1839,0.0040939076687194,-0.01526,0.0031844190619176,348.0845,338.7551,16.217524241433285,52.0536,47.8768,19.23902485195502,60.148,2.262744571974486,148.3333,150.3153,3.861431906936177,24.9874,156.7629,14.51,3.88289496852787,0.8408430885302834,0.8432382264004071,0.0154152017497205,0.8204544774108559,0.020549549864377,0.8381784976497709,0.0165083546647066,0.68590760755666,0.0096491573647638,0.7181521511331995,0.6548905721385586,0.041846017276907,0.8408430885302834,0.7638394060058081,0.0133268038159292,-0.3186
29.57,7.7731,-0.2019,3.8245,2.6753,0.4345836520384166,-0.19126,-0.1839,0.0040939076687194,-0.01526,0.0031844190619176,348.0845,338.7551,16.217524241433285,52.0536,47.8768,19.23902485195502,60.148,2.262744571974486,148.3333,150.3153,3.861431906936177,24.9874,156.7629,14.51,3.88289496852787,0.8408430885302834,0.8432382264004071,0.0154152017497205,0.8204544774108559,0.020549549864377,0.8381784976497709,0.0165083546647066,0.68590760755666,0.0096491573647638,0.7181521511331995,0.6548905721385586,0.041846017276907,0.8408430885302834,0.7638394060058081,0.0133268038159292,-0.3186
29.14,7.7731,-0.2019,3.8245,2.6753,0.4345836520384166,-0.19126,-0.1839,0.0040939076687194,-0.01526,0.0031844190619176,348.0845,338.7551,16.217524241433285,52.0536,47.8768,19.23902485195502,60.148,2.262744571974486,148.3333,150.3153,3.861431906936177,24.9874,156.7629,14.51,3.88289496852787,0.8408430885302834,0.8432382264004071,0.0154152017497205,0.8204544774108559,0.020549549864377,0.8381784976497709,0.0165083546647066,0.68590760755666,0.0096491573647638,0.7181521511331995,0.6548905721385586,0.041846017276907,0.8408430885302834,0.7638394060058081,0.0133268038159292,-0.3186
50.55,7.7731,-0.2019,3.8245,2.6753,0.4345836520384166,-0.19126,-0.1839,0.0040939076687194,-0.01526,0.0031844190619176,348.0845,338.7551,16.217524241433285,52.0536,47.8768,19.23902485195502,60.148,2.262744571974486,148.3333,150.3153,3.861431906936177,24.9874,156.7629,14.51,3.88289496852787,0.8408430885302834,0.8432382264004071,0.0154152017497205,0.8204544774108559,0.020549549864377,0.8381784976497709,0.0165083546647066,0.68590760755666,0.0096491573647638,0.7181521511331995,0.6548905721385586,0.041846017276907,0.8408430885302834,0.7638394060058081,0.0133268038159292,-0.3186
13.31,7.7731,-0.2019,3.8245,2.6753,0.4345836520384166,-0.19126,-0.1839,0.0040939076687194,-0.01526,0.0031844190619176,348.0845,338.7551,16.217524241433285,52.0536,47.8768,19.23902485195502,60.148,2.262744571974486,148.3333,150.3153,3.861431906936177,24.9874,156.7629,14.51,3.88289496852787,0.8408430885302834,0.8432382264004071,0.0154152017497205,0.8204544774108559,0.020549549864377,0.8381784976497709,0.0165083546647066,0.68590760755666,0.0096491573647638,0.7181521511331995,0.6548905721385586,0.041846017276907,0.8408430885302834,0.7638394060058081,0.0133268038159292,-0.3186
58.95,7.7731,-0.2019,3.8245,2.6753,0.4345836520384166,-0.19126,-0.1839,0.0040939076687194,-0.01526,0.0031844190619176,348.0845,338.7551,16.217524241433285,52.0536,47.8768,19.23902485195502,60.148,2.262744571974486,148.3333,150.3153,3.861431906936177,24.9874,156.7629,14.51,3.88289496852787,0.8408430885302834,0.8432382264004071,0.0154152017497205,0.8204544774108559,0.020549549864377,0.8381784976497709,0.0165083546647066,0.68590760755666,0.0096491573647638,0.7181521511331995,0.6548905721385586,0.041846017276907,0.8408430885302834,0.7638394060058081,0.0133268038159292,-0.3186
58.48,7.7731,-0.2019,3.8245,2.6753,0.4345836520384166,-0.19126,-0.1839,0.0040939076687194,-0.01526,0.0031844190619176,348.0845,338.7551,16.217524241433285,52.0536,47.8768,19.23902485195502,60.148,2.262744571974486,148.3333,150.3153,3.861431906936177,24.9874,156.7629,14.51,3.88289496852787,0.8408430885302834,0.8432382264004071,0.0154152017497205,0.8204544774108559,0.020549549864377,0.8381784976497709,0.0165083546647066,0.68590760755666,0.0096491573647638,0.7181521511331995,0.6548905721385586,0.041846017276907,0.8408430885302834,0.7638394060058081,0.0133268038159292,-0.3186
64.48,10.1478,-0.16646,3.8245,2.6753,0.4345836520384166,-0.19126,-0.1839,0.0040939076687194,-0.01526,0.0031844190619176,348.0845,338.7551,16.217524241433285,52.0536,47.8768,19.23902485195502,60.148,2.262744571974486,148.3333,150.3153,3.861431906936177,24.9874,156.7629,14.51,3.88289496852787,0.8408430885302834,0.8432382264004071,0.0154152017497205,0.8204544774108559,0.020549549864377,0.8381784976497709,0.0165083546647066,0.68590760755666,0.0096491573647638,0.7181521511331995,0.6548905721385586,0.041846017276907,0.8408430885302834,0.7638394060058081,0.0133268038159292,-0.3186
48.21,10.1478,-0.16646,3.8245,2.6753,0.4345836520384166,-0.19126,-0.1839,0.0040939076687194,-0.01526,0.0031844190619176,348.0845,338.7551,16.217524241433285,52.0536,47.8768,19.23902485195502,60.148,2.262744571974486,148.3333,150.3153,3.861431906936177,24.9874,156.7629,14.51,3.88289496852787,0.8408430885302834,0.8432382264004071,0.0154152017497205,0.8204544774108559,0.020549549864377,0.8381784976497709,0.0165083546647066,0.68590760755666,0.0096491573647638,0.7181521511331995,0.6548905721385586,0.041846017276907,0.8408430885302834,0.7638394060058081,0.0133268038159292,-0.3186
69.13,10.1478,-0.16646,3.8245,2.6753,0.4345836520384166,-0.19126,-0.1839,0.0040939076687194,-0.01526,0.0031844190619176,348.0845,338.7551,16.217524241433285,52.0536,47.8768,19.23902485195502,60.148,2.262744571974486,148.3333,150.3153,3.861431906936177,24.9874,156.7629,14.51,3.88289496852787,0.8408430885302834,0.8432382264004071,0.0154152017497205,0.8204544774108559,0.020549549864377,0.8381784976497709,0.0165083546647066,0.68590760755666,0.0096491573647638,0.7181521511331995,0.6548905721385586,0.041846017276907,0.8408430885302834,0.7638394060058081,0.0133268038159292,-0.3186
36.72,10.1478,-0.16646,3.8245,2.6753,0.4345836520384166,-0.19126,-0.1839,0.0040939076687194,-0.01526,0.0031844190619176,348.0845,338.7551,16.217524241433285,52.0536,47.8768,19.23902485195502,60.148,2.262744571974486,148.3333,150.3153,3.861431906936177,24.9874,156.7629,14.51,3.88289496852787,0.8408430885302834,0.8432382264004071,0.0154152017497205,0.8204544774108559,0.020549549864377,0.8381784976497709,0.0165083546647066,0.68590760755666,0.0096491573647638,0.7181521511331995,0.6548905721385586,0.041846017276907,0.8408430885302834,0.7638394060058081,0.0133268038159292,-0.3186
45.11,10.1478,-0.16646,3.8245,2.6753,0.4345836520384166,-0.19126,-0.1839,0.0040939076687194,-0.01526,0.0031844190619176,348.0845,338.7551,16.217524241433285,52.0536,47.8768,19.23902485195502,60.148,2.262744571974486,148.3333,150.3153,3.861431906936177,24.9874,156.7629,14.51,3.88289496852787,0.8408430885302834,0.8432382264004071,0.0154152017497205,0.8204544774108559,0.020549549864377,0.8381784976497709,0.0165083546647066,0.68590760755666,0.0096491573647638,0.7181521511331995,0.6548905721385586,0.041846017276907,0.8408430885302834,0.7638394060058081,0.0133268038159292,-0.3186
54.26,10.1478,-0.16646,3.8245,2.6753,0.4345836520384166,-0.19126,-0.1839,0.0040939076687194,-0.01526,0.0031844190619176,348.0845,338.7551,16.217524241433285,52.0536,47.8768,19.23902485195502,60.148,2.262744571974486,148.3333,150.3153,3.861431906936177,24.9874,156.7629,14.51,3.88289496852787,0.8408430885302834,0.8432382264004071,0.0154152017497205,0.8204544774108559,0.020549549864377,0.8381784976497709,0.0165083546647066,0.68590760755666,0.0096491573647638,0.7181521511331995,0.6548905721385586,0.041846017276907,0.8408430885302834,0.7638394060058081,0.0133268038159292,-0.3186
28.02,10.1478,-0.16646,3.8245,2.6753,0.4345836520384166,-0.19126,-0.1839,0.0040939076687194,-0.01526,0.0031844190619176,348.0845,338.7551,16.217524241433285,52.0536,47.8768,19.23902485195502,60.148,2.262744571974486,148.3333,150.3153,3.861431906936177,24.9874,156.7629,14.51,3.88289496852787,0.8408430885302834,0.8432382264004071,0.0154152017497205,0.8204544774108559,0.020549549864377,0.8381784976497709,0.0165083546647066,0.68590760755666,0.0096491573647638,0.7181521511331995,0.6548905721385586,0.041846017276907,0.8408430885302834,0.7638394060058081,0.0133268038159292,-0.3186
73.08,10.1478,-0.16646,3.8245,2.6753,0.4345836520384166,-0.19126,-0.1839,0.0040939076687194,-0.01526,0.0031844190619176,348.0845,338.7551,16.217524241433285,52.0536,47.8768,19.23902485195502,60.148,2.262744571974486,148.3333,150.3153,3.861431906936177,24.9874,156.7629,14.51,3.88289496852787,0.8408430885302834,0.8432382264004071,0.0154152017497205,0.8204544774108559,0.020549549864377,0.8381784976497709,0.0165083546647066,0.68590760755666,0.0096491573647638,0.7181521511331995,0.6548905721385586,0.041846017276907,0.8408430885302834,0.7638394060058081,0.0133268038159292,-0.3186
69.03,10.1478,-0.16646,3.8245,2.6753,0.4345836520384166,-0.19126,-0.1839,0.0040939076687194,-0.01526,0.0031844190619176,348.0845,338.7551,16.217524241433285,52.0536,47.8768,19.23902485195502,60.148,2.262744571974486,148.3333,150.3153,3.861431906936177,24.9874,156.7629,14.51,3.88289496852787,0.8408430885302834,0.8432382264004071,0.0154152017497205,0.8204544774108559,0.020549549864377,0.8381784976497709,0.0165083546647066,0.68590760755666,0.0096491573647638,0.7181521511331995,0.6548905721385586,0.041846017276907,0.8408430885302834,0.7638394060058081,0.0133268038159292,-0.3186
55.41,11.0112,-0.17387,3.8245,2.6753,0.4345836520384166,-0.19126,-0.1839,0.0040939076687194,-0.01526,0.0031844190619176,348.0845,338.7551,16.217524241433285,52.0536,47.8768,19.23902485195502,60.148,2.262744571974486,148.3333,150.3153,3.861431906936177,24.9874,156.7629,14.51,3.88289496852787,0.8408430885302834,0.8432382264004071,0.0154152017497205,0.8204544774108559,0.020549549864377,0.8381784976497709,0.0165083546647066,0.68590760755666,0.0096491573647638,0.7181521511331995,0.6548905721385586,0.041846017276907,0.8408430885302834,0.7638394060058081,0.0133268038159292,-0.3186
48.64,11.0112,-0.17387,3.8245,2.6753,0.4345836520384166,-0.19126,-0.1839,0.0040939076687194,-0.01526,0.0031844190619176,348.0845,338.7551,16.217524241433285,52.0536,47.8768,19.23902485195502,60.148,2.262744571974486,148.3333,150.3153,3.861431906936177,24.9874,156.7629,14.51,3.88289496852787,0.8408430885302834,0.8432382264004071,0.0154152017497205,0.8204544774108559,0.020549549864377,0.8381784976497709,0.0165083546647066,0.68590760755666,0.0096491573647638,0.7181521511331995,0.6548905721385586,0.041846017276907,0.8408430885302834,0.7638394060058081,0.0133268038159292,-0.3186
46.53,11.0112,-0.17387,3.8245,2.6753,0.4345836520384166,-0.19126,-0.1839,0.0040939076687194,-0.01526,0.0031844190619176,348.0845,338.7551,16.217524241433285,52.0536,47.8768,19.23902485195502,60.148,2.262744571974486,148.3333,150.3153,3.861431906936177,24.9874,156.7629,14.51,3.88289496852787,0.8408430885302834,0.8432382264004071,0.0154152017497205,0.8204544774108559,0.020549549864377,0.8381784976497709,0.0165083546647066,0.68590760755666,0.0096491573647638,0.7181521511331995,0.6548905721385586,0.041846017276907,0.8408430885302834,0.7638394060058081,0.0133268038159292,-0.3186
37.58,11.0112,-0.17387,3.8245,2.6753,0.4345836520384166,-0.19126,-0.1839,0.0040939076687194,-0.01526,0.0031844190619176,348.0845,338.7551,16.217524241433285,52.0536,47.8768,19.23902485195502,60.148,2.262744571974486,148.3333,150.3153,3.861431906936177,24.9874,156.7629,14.51,3.88289496852787,0.8408430885302834,0.8432382264004071,0.0154152017497205,0.8204544774108559,0.020549549864377,0.8381784976497709,0.0165083546647066,0.68590760755666,0.0096491573647638,0.7181521511331995,0.6548905721385586,0.041846017276907,0.8408430885302834,0.7638394060058081,0.0133268038159292,-0.3186
39.86,11.0112,-0.17387,3.8245,2.6753,0.4345836520384166,-0.19126,-0.1839,0.0040939076687194,-0.01526,0.0031844190619176,348.0845,338.7551,16.217524241433285,52.0536,47.8768,19.23902485195502,60.148,2.262744571974486,148.3333,150.3153,3.861431906936177,24.9874,156.7629,14.51,3.88289496852787,0.8408430885302834,0.8432382264004071,0.0154152017497205,0.8204544774108559,0.020549549864377,0.8381784976497709,0.0165083546647066,0.68590760755666,0.0096491573647638,0.7181521511331995,0.6548905721385586,0.041846017276907,0.8408430885302834,0.7638394060058081,0.0133268038159292,-0.3186
42.63,11.0112,-0.17387,3.8245,2.6753,0.4345836520384166,-0.19126,-0.1839,0.0040939076687194,-0.01526,0.0031844190619176,348.0845,338.7551,16.217524241433285,52.0536,47.8768,19.23902485195502,60.148,2.262744571974486,148.3333,150.3153,3.861431906936177,24.9874,156.7629,14.51,3.88289496852787,0.8408430885302834,0.8432382264004071,0.0154152017497205,0.8204544774108559,0.020549549864377,0.8381784976497709,0.0165083546647066,0.68590760755666,0.0096491573647638,0.7181521511331995,0.6548905721385586,0.041846017276907,0.8408430885302834,0.7638394060058081,0.0133268038159292,-0.3186
54.55,11.0112,-0.17387,3.8245,2.6753,0.4345836520384166,-0.19126,-0.1839,0.0040939076687194,-0.01526,0.0031844190619176,348.0845,338.7551,16.217524241433285,52.0536,47.8768,19.23902485195502,60.148,2.262744571974486,148.3333,150.3153,3.861431906936177,24.9874,156.7629,14.51,3.88289496852787,0.8408430885302834,0.8432382264004071,0.0154152017497205,0.8204544774108559,0.020549549864377,0.8381784976497709,0.0165083546647066,0.68590760755666,0.0096491573647638,0.7181521511331995,0.6548905721385586,0.041846017276907,0.8408430885302834,0.7638394060058081,0.0133268038159292,-0.3186
56.5,11.0112,-0.17387,3.8245,2.6753,0.4345836520384166,-0.19126,-0.1839,0.0040939076687194,-0.01526,0.0031844190619176,348.0845,338.7551,16.217524241433285,52.0536,47.8768,19.23902485195502,60.148,2.262744571974486,148.3333,150.3153,3.861431906936177,24.9874,156.7629,14.51,3.88289496852787,0.8408430885302834,0.8432382264004071,0.0154152017497205,0.8204544774108559,0.020549549864377,0.8381784976497709,0.0165083546647066,0.68590760755666,0.0096491573647638,0.7181521511331995,0.6548905721385586,0.041846017276907,0.8408430885302834,0.7638394060058081,0.0133268038159292,-0.3186
53.81,11.0112,-0.17387,3.8245,2.6753,0.4345836520384166,-0.19126,-0.1839,0.0040939076687194,-0.01526,0.0031844190619176,348.0845,338.7551,16.217524241433285,52.0536,47.8768,19.23902485195502,60.148,2.262744571974486,148.3333,150.3153,3.861431906936177,24.9874,156.7629,14.51,3.88289496852787,0.8408430885302834,0.8432382264004071,0.0154152017497205,0.8204544774108559,0.020549549864377,0.8381784976497709,0.0165083546647066,0.68590760755666,0.0096491573647638,0.7181521511331995,0.6548905721385586,0.041846017276907,0.8408430885302834,0.7638394060058081,0.0133268038159292,-0.3186
0.0,7.1686,-0.19743,1.1538,1.1539,8.16496580927e-05,-0.20814,-0.20815,9.574271077572956e-06,-0.0136,5.000000000000664e-06,318.9138,318.9524,0.0187941480253841,62.2462,62.18,0.0288015624576177,55.7799,0.0025748786379169,180.3811,151.1408,0.2625538214665098,17.6349,151.5965,19.4034,1.0220875859403311,0.8029699709589534,0.7883895691745755,7.33358205676e-05,0.8376395916289932,0.001202890037721,0.8396754588185982,0.0011498052099166,0.597347384808838,0.0001206888678228,0.5584862728660818,0.5584563336427053,3.86513711785e-05,0.8029699709589534,0.4296877339001826,2.86646240458e-05,-0.3186
0.0,7.1686,-0.19743,1.1538,1.1539,8.16496580927e-05,-0.20814,-0.20815,9.574271077572956e-06,-0.0136,5.000000000000664e-06,318.9138,318.9524,0.0187941480253841,62.2462,62.18,0.0288015624576177,55.7799,0.0025748786379169,180.3811,151.1408,0.2625538214665098,17.6349,151.5965,19.4034,1.0220875859403311,0.8029699709589534,0.7883895691745755,7.33358205676e-05,0.8376395916289932,0.001202890037721,0.8396754588185982,0.0011498052099166,0.597347384808838,0.0001206888678228,0.5584862728660818,0.5584563336427053,3.86513711785e-05,0.8029699709589534,0.4296877339001826,2.86646240458e-05,-0.3186
0.0,7.1686,-0.19743,1.1538,1.1539,8.16496580927e-05,-0.20814,-0.20815,9.574271077572956e-06,-0.0136,5.000000000000664e-06,318.9138,318.9524,0.0187941480253841,62.2462,62.18,0.0288015624576177,55.7799,0.0025748786379169,180.3811,151.1408,0.2625538214665098,17.6349,151.5965,19.4034,1.0220875859403311,0.8029699709589534,0.7883895691745755,7.33358205676e-05,0.8376395916289932,0.001202890037721,0.8396754588185982,0.0011498052099166,0.597347384808838,0.0001206888678228,0.5584862728660818,0.5584563336427053,3.86513711785e-05,0.8029699709589534,0.4296877339001826,2.86646240458e-05,-0.3186
0.0,7.1686,-0.19743,1.1538,1.1539,8.16496580927e-05,-0.20814,-0.20815,9.574271077572956e-06,-0.0136,5.000000000000664e-06,318.9138,318.9524,0.0187941480253841,62.2462,62.18,0.0288015624576177,55.7799,0.0025748786379169,180.3811,151.1408,0.2625538214665098,17.6349,151.5965,19.4034,1.0220875859403311,0.8029699709589534,0.7883895691745755,7.33358205676e-05,0.8376395916289932,0.001202890037721,0.8396754588185982,0.0011498052099166,0.597347384808838,0.0001206888678228,0.5584862728660818,0.5584563336427053,3.86513711785e-05,0.8029699709589534,0.4296877339001826,2.86646240458e-05,-0.3186
0.0,7.1686,-0.19743,1.1538,1.1539,8.16496580927e-05,-0.20814,-0.20815,9.574271077572956e-06,-0.0136,5.000000000000664e-06,318.9138,318.9524,0.0187941480253841,62.2462,62.18,0.0288015624576177,55.7799,0.0025748786379169,180.3811,151.1408,0.2625538214665098,17.6349,151.5965,19.4034,1.0220875859403311,0.8029699709589534,0.7883895691745755,7.33358205676e-05,0.8376395916289932,0.001202890037721,0.8396754588185982,0.0011498052099166,0.597347384808838,0.0001206888678228,0.5584862728660818,0.5584563336427053,3.86513711785e-05,0.8029699709589534,0.4296877339001826,2.86646240458e-05,-0.3186
0.0,7.1686,-0.19743,1.1538,1.1539,8.16496580927e-05,-0.20814,-0.20815,9.574271077572956e-06,-0.0136,5.000000000000664e-06,318.9138,318.9524,0.0187941480253841,62.2462,62.18,0.0288015624576177,55.7799,0.0025748786379169,180.3811,151.1408,0.2625538214665098,17.6349,151.5965,19.4034,1.0220875859403311,0.8029699709589534,0.7883895691745755,7.33358205676e-05,0.8376395916289932,0.001202890037721,0.8396754588185982,0.0011498052099166,0.597347384808838,0.0001206888678228,0.5584862728660818,0.5584563336427053,3.86513711785e-05,0.8029699709589534,0.4296877339001826,2.86646240458e-05,-0.3186
0.0,7.1686,-0.19743,1.1538,1.1539,8.16496580927e-05,-0.20814,-0.20815,9.574271077572956e-06,-0.0136,5.000000000000664e-06,318.9138,318.9524,0.0187941480253841,62.2462,62.18,0.0288015624576177,55.7799,0.0025748786379169,180.3811,151.1408,0.2625538214665098,17.6349,151.5965,19.4034,1.0220875859403311,0.8029699709589534,0.7883895691745755,7.33358205676e-05,0.8376395916289932,0.001202890037721,0.8396754588185982,0.0011498052099166,0.597347384808838,0.0001206888678228,0.5584862728660818,0.5584563336427053,3.86513711785e-05,0.8029699709589534,0.4296877339001826,2.86646240458e-05,-0.3186
0.0,7.1686,-0.19743,1.1538,1.1539,8.16496580927e-05,-0.20814,-0.20815,9.574271077572956e-06,-0.0136,5.000000000000664e-06,318.9138,318.9524,0.0187941480253841,62.2462,62.18,0.0288015624576177,55.7799,0.0025748786379169,180.3811,151.1408,0.2625538214665098,17.6349,151.5965,19.4034,1.0220875859403311,0.8029699709589534,0.7883895691745755,7.33358205676e-05,0.8376395916289932,0.001202890037721,0.8396754588185982,0.0011498052099166,0.597347384808838,0.0001206888678228,0.5584862728660818,0.5584563336427053,3.86513711785e-05,0.8029699709589534,0.4296877339001826,2.86646240458e-05,-0.3186
0.0,7.1686,-0.19743,1.1538,1.1539,8.16496580927e-05,-0.20814,-0.20815,9.574271077572956e-06,-0.0136,5.000000000000664e-06,318.9138,318.9524,0.0187941480253841,62.2462,62.18,0.0288015624576177,55.7799,0.0025748786379169,180.3811,151.1408,0.2625538214665098,17.6349,151.5965,19.4034,1.0220875859403311,0.8029699709589534,0.7883895691745755,7.33358205676e-05,0.8376395916289932,0.001202890037721,0.8396754588185982,0.0011498052099166,0.597347384808838,0.0001206888678228,0.5584862728660818,0.5584563336427053,3.86513711785e-05,0.8029699709589534,0.4296877339001826,2.86646240458e-05,-0.3186
0.0,7.7731,-0.2019,1.1538,1.1539,8.16496580927e-05,-0.20814,-0.20815,9.574271077572956e-06,-0.0136,5.000000000000664e-06,318.9138,318.9524,0.0187941480253841,62.2462,62.18,0.0288015624576177,55.7799,0.0025748786379169,180.3811,151.1408,0.2625538214665098,17.6349,151.5965,19.4034,1.0220875859403311,0.8029699709589534,0.7883895691745755,7.33358205676e-05,0.8376395916289932,0.001202890037721,0.8396754588185982,0.0011498052099166,0.597347384808838,0.0001206888678228,0.5584862728660818,0.5584563336427053,3.86513711785e-05,0.8029699709589534,0.4296877339001826,2.86646240458e-05,-0.3186
0.95,7.7731,-0.2019,1.1538,1.1539,8.16496580927e-05,-0.20814,-0.20815,9.574271077572956e-06,-0.0136,5.000000000000664e-06,318.9138,318.9524,0.0187941480253841,62.2462,62.18,0.0288015624576177,55.7799,0.0025748786379169,180.3811,151.1408,0.2625538214665098,17.6349,151.5965,19.4034,1.0220875859403311,0.8029699709589534,0.7883895691745755,7.33358205676e-05,0.8376395916289932,0.001202890037721,0.8396754588185982,0.0011498052099166,0.597347384808838,0.0001206888678228,0.5584862728660818,0.5584563336427053,3.86513711785e-05,0.8029699709589534,0.4296877339001826,2.86646240458e-05,-0.3186
0.0,7.7731,-0.2019,1.1538,1.1539,8.16496580927e-05,-0.20814,-0.20815,9.574271077572956e-06,-0.0136,5.000000000000664e-06,318.9138,318.9524,0.0187941480253841,62.2462,62.18,0.0288015624576177,55.7799,0.0025748786379169,180.3811,151.1408,0.2625538214665098,17.6349,151.5965,19.4034,1.0220875859403311,0.8029699709589534,0.7883895691745755,7.33358205676e-05,0.8376395916289932,0.001202890037721,0.8396754588185982,0.0011498052099166,0.597347384808838,0.0001206888678228,0.5584862728660818,0.5584563336427053,3.86513711785e-05,0.8029699709589534,0.4296877339001826,2.86646240458e-05,-0.3186
0.0,7.7731,-0.2019,1.1538,1.1539,8.16496580927e-05,-0.20814,-0.20815,9.574271077572956e-06,-0.0136,5.000000000000664e-06,318.9138,318.9524,0.0187941480253841,62.2462,62.18,0.0288015624576177,55.7799,0.0025748786379169,180.3811,151.1408,0.2625538214665098,17.6349,151.5965,19.4034,1.0220875859403311,0.8029699709589534,0.7883895691745755,7.33358205676e-05,0.8376395916289932,0.001202890037721,0.8396754588185982,0.0011498052099166,0.597347384808838,0.0001206888678228,0.5584862728660818,0.5584563336427053,3.86513711785e-05,0.8029699709589534,0.4296877339001826,2.86646240458e-05,-0.3186
0.0,7.7731,-0.2019,1.1538,1.1539,8.16496580927e-05,-0.20814,-0.20815,9.574271077572956e-06,-0.0136,5.000000000000664e-06,318.9138,318.9524,0.0187941480253841,62.2462,62.18,0.0288015624576177,55.7799,0.0025748786379169,180.3811,151.1408,0.2625538214665098,17.6349,151.5965,19.4034,1.0220875859403311,0.8029699709589534,0.7883895691745755,7.33358205676e-05,0.8376395916289932,0.001202890037721,0.8396754588185982,0.0011498052099166,0.597347384808838,0.0001206888678228,0.5584862728660818,0.5584563336427053,3.86513711785e-05,0.8029699709589534,0.4296877339001826,2.86646240458e-05,-0.3186
0.0,7.7731,-0.2019,1.1538,1.1539,8.16496580927e-05,-0.20814,-0.20815,9.574271077572956e-06,-0.0136,5.000000000000664e-06,318.9138,318.9524,0.0187941480253841,62.2462,62.18,0.0288015624576177,55.7799,0.0025748786379169,180.3811,151.1408,0.2625538214665098,17.6349,151.5965,19.4034,1.0220875859403311,0.8029699709589534,0.7883895691745755,7.33358205676e-05,0.8376395916289932,0.001202890037721,0.8396754588185982,0.0011498052099166,0.597347384808838,0.0001206888678228,0.5584862728660818,0.5584563336427053,3.86513711785e-05,0.8029699709589534,0.4296877339001826,2.86646240458e-05,-0.3186
0.0,7.7731,-0.2019,1.1538,1.1539,8.16496580927e-05,-0.20814,-0.20815,9.574271077572956e-06,-0.0136,5.000000000000664e-06,318.9138,318.9524,0.0187941480253841,62.2462,62.18,0.0288015624576177,55.7799,0.0025748786379169,180.3811,151.1408,0.2625538214665098,17.6349,151.5965,19.4034,1.0220875859403311,0.8029699709589534,0.7883895691745755,7.33358205676e-05,0.8376395916289932,0.001202890037721,0.8396754588185982,0.0011498052099166,0.597347384808838,0.0001206888678228,0.5584862728660818,0.5584563336427053,3.86513711785e-05,0.8029699709589534,0.4296877339001826,2.86646240458e-05,-0.3186
0.0,7.7731,-0.2019,1.1538,1.1539,8.16496580927e-05,-0.20814,-0.20815,9.574271077572956e-06,-0.0136,5.000000000000664e-06,318.9138,318.9524,0.0187941480253841,62.2462,62.18,0.0288015624576177,55.7799,0.0025748786379169,180.3811,151.1408,0.2625538214665098,17.6349,151.5965,19.4034,1.0220875859403311,0.8029699709589534,0.7883895691745755,7.33358205676e-05,0.8376395916289932,0.001202890037721,0.8396754588185982,0.0011498052099166,0.597347384808838,0.0001206888678228,0.5584862728660818,0.5584563336427053,3.86513711785e-05,0.8029699709589534,0.4296877339001826,2.86646240458e-05,-0.3186
0.0,7.7731,-0.2019,1.1538,1.1539,8.16496580927e-05,-0.20814,-0.20815,9.574271077572956e-06,-0.0136,5.000000000000664e-06,318.9138,318.9524,0.0187941480253841,62.2462,62.18,0.0288015624576177,55.7799,0.0025748786379169,180.3811,151.1408,0.2625538214665098,17.6349,151.5965,19.4034,1.0220875859403311,0.8029699709589534,0.7883895691745755,7.33358205676e-05,0.8376395916289932,0.001202890037721,0.8396754588185982,0.0011498052099166,0.597347384808838,0.0001206888678228,0.5584862728660818,0.5584563336427053,3.86513711785e-05,0.8029699709589534,0.4296877339001826,2.86646240458e-05,-0.3186
0.0,10.1478,-0.16646,1.1538,1.1539,8.16496580927e-05,-0.20814,-0.20815,9.574271077572956e-06,-0.0136,5.000000000000664e-06,318.9138,318.9524,0.0187941480253841,62.2462,62.18,0.0288015624576177,55.7799,0.0025748786379169,180.3811,151.1408,0.2625538214665098,17.6349,151.5965,19.4034,1.0220875859403311,0.8029699709589534,0.7883895691745755,7.33358205676e-05,0.8376395916289932,0.001202890037721,0.8396754588185982,0.0011498052099166,0.597347384808838,0.0001206888678228,0.5584862728660818,0.5584563336427053,3.86513711785e-05,0.8029699709589534,0.4296877339001826,2.86646240458e-05,-0.3186
0.0,10.1478,-0.16646,1.1538,1.1539,8.16496580927e-05,-0.20814,-0.20815,9.574271077572956e-06,-0.0136,5.000000000000664e-06,318.9138,318.9524,0.0187941480253841,62.2462,62.18,0.0288015624576177,55.7799,0.0025748786379169,180.3811,151.1408,0.2625538214665098,17.6349,151.5965,19.4034,1.0220875859403311,0.8029699709589534,0.7883895691745755,7.33358205676e-05,0.8376395916289932,0.001202890037721,0.8396754588185982,0.0011498052099166,0.597347384808838,0.0001206888678228,0.5584862728660818,0.5584563336427053,3.86513711785e-05,0.8029699709589534,0.4296877339001826,2.86646240458e-05,-0.3186
0.0,10.1478,-0.16646,1.1538,1.1539,8.16496580927e-05,-0.20814,-0.20815,9.574271077572956e-06,-0.0136,5.000000000000664e-06,318.9138,318.9524,0.0187941480253841,62.2462,62.18,0.0288015624576177,55.7799,0.0025748786379169,180.3811,151.1408,0.2625538214665098,17.6349,151.5965,19.4034,1.0220875859403311,0.8029699709589534,0.7883895691745755,7.33358205676e-05,0.8376395916289932,0.001202890037721,0.8396754588185982,0.0011498052099166,0.597347384808838,0.0001206888678228,0.5584862728660818,0.5584563336427053,3.86513711785e-05,0.8029699709589534,0.4296877339001826,2.86646240458e-05,-0.3186
0.0,10.1478,-0.16646,1.1538,1.1539,8.16496580927e-05,-0.20814,-0.20815,9.574271077572956e-06,-0.0136,5.000000000000664e-06,318.9138,318.9524,0.0187941480253841,62.2462,62.18,0.0288015624576177,55.7799,0.0025748786379169,180.3811,151.1408,0.2625538214665098,17.6349,151.5965,19.4034,1.0220875859403311,0.8029699709589534,0.7883895691745755,7.33358205676e-05,0.8376395916289932,0.001202890037721,0.8396754588185982,0.0011498052099166,0.597347384808838,0.0001206888678228,0.5584862728660818,0.5584563336427053,3.86513711785e-05,0.8029699709589534,0.4296877339001826,2.86646240458e-05,-0.3186
0.0,10.1478,-0.16646,1.1538,1.1539,8.16496580927e-05,-0.20814,-0.20815,9.574271077572956e-06,-0.0136,5.000000000000664e-06,318.9138,318.9524,0.0187941480253841,62.2462,62.18,0.0288015624576177,55.7799,0.0025748786379169,180.3811,151.1408,0.2625538214665098,17.6349,151.5965,19.4034,1.0220875859403311,0.8029699709589534,0.7883895691745755,7.33358205676e-05,0.8376395916289932,0.001202890037721,0.8396754588185982,0.0011498052099166,0.597347384808838,0.0001206888678228,0.5584862728660818,0.5584563336427053,3.86513711785e-05,0.8029699709589534,0.4296877339001826,2.86646240458e-05,-0.3186
0.0,10.1478,-0.16646,1.1538,1.1539,8.16496580927e-05,-0.20814,-0.20815,9.574271077572956e-06,-0.0136,5.000000000000664e-06,318.9138,318.9524,0.0187941480253841,62.2462,62.18,0.0288015624576177,55.7799,0.0025748786379169,180.3811,151.1408,0.2625538214665098,17.6349,151.5965,19.4034,1.0220875859403311,0.8029699709589534,0.7883895691745755,7.33358205676e-05,0.8376395916289932,0.001202890037721,0.8396754588185982,0.0011498052099166,0.597347384808838,0.0001206888678228,0.5584862728660818,0.5584563336427053,3.86513711785e-05,0.8029699709589534,0.4296877339001826,2.86646240458e-05,-0.3186
0.0,10.1478,-0.16646,1.1538,1.1539,8.16496580927e-05,-0.20814,-0.20815,9.574271077572956e-06,-0.0136,5.000000000000664e-06,318.9138,318.9524,0.0187941480253841,62.2462,62.18,0.0288015624576177,55.7799,0.0025748786379169,180.3811,151.1408,0.2625538214665098,17.6349,151.5965,19.4034,1.0220875859403311,0.8029699709589534,0.7883895691745755,7.33358205676e-05,0.8376395916289932,0.001202890037721,0.8396754588185982,0.0011498052099166,0.597347384808838,0.0001206888678228,0.5584862728660818,0.5584563336427053,3.86513711785e-05,0.8029699709589534,0.4296877339001826,2.86646240458e-05,-0.3186
0.0,10.1478,-0.16646,1.1538,1.1539,8.16496580927e-05,-0.20814,-0.20815,9.574271077572956e-06,-0.0136,5.000000000000664e-06,318.9138,318.9524,0.0187941480253841,62.2462,62.18,0.0288015624576177,55.7799,0.0025748786379169,180.3811,151.1408,0.2625538214665098,17.6349,151.5965,19.4034,1.0220875859403311,0.8029699709589534,0.7883895691745755,7.33358205676e-05,0.8376395916289932,0.001202890037721,0.8396754588185982,0.0011498052099166,0.597347384808838,0.0001206888678228,0.5584862728660818,0.5584563336427053,3.86513711785e-05,0.8029699709589534,0.4296877339001826,2.86646240458e-05,-0.3186
0.0,10.1478,-0.16646,1.1538,1.1539,8.16496580927e-05,-0.20814,-0.20815,9.574271077572956e-06,-0.0136,5.000000000000664e-06,318.9138,318.9524,0.0187941480253841,62.2462,62.18,0.0288015624576177,55.7799,0.0025748786379169,180.3811,151.1408,0.2625538214665098,17.6349,151.5965,19.4034,1.0220875859403311,0.8029699709589534,0.7883895691745755,7.33358205676e-05,0.8376395916289932,0.001202890037721,0.8396754588185982,0.0011498052099166,0.597347384808838,0.0001206888678228,0.5584862728660818,0.5584563336427053,3.86513711785e-05,0.8029699709589534,0.4296877339001826,2.86646240458e-05,-0.3186
0.0,11.0112,-0.17387,1.1538,1.1539,8.16496580927e-05,-0.20814,-0.20815,9.574271077572956e-06,-0.0136,5.000000000000664e-06,318.9138,318.9524,0.0187941480253841,62.2462,62.18,0.0288015624576177,55.7799,0.0025748786379169,180.3811,151.1408,0.2625538214665098,17.6349,151.5965,19.4034,1.0220875859403311,0.8029699709589534,0.7883895691745755,7.33358205676e-05,0.8376395916289932,0.001202890037721,0.8396754588185982,0.0011498052099166,0.597347384808838,0.0001206888678228,0.5584862728660818,0.5584563336427053,3.86513711785e-05,0.8029699709589534,0.4296877339001826,2.86646240458e-05,-0.3186
0.0,11.0112,-0.17387,1.1538,1.1539,8.16496580927e-05,-0.20814,-0.20815,9.574271077572956e-06,-0.0136,5.000000000000664e-06,318.9138,318.9524,0.0187941480253841,62.2462,62.18,0.0288015624576177,55.7799,0.0025748786379169,180.3811,151.1408,0.2625538214665098,17.6349,151.5965,19.4034,1.0220875859403311,0.8029699709589534,0.7883895691745755,7.33358205676e-05,0.8376395916289932,0.001202890037721,0.8396754588185982,0.0011498052099166,0.597347384808838,0.0001206888678228,0.5584862728660818,0.5584563336427053,3.86513711785e-05,0.8029699709589534,0.4296877339001826,2.86646240458e-05,-0.3186
0.0,11.0112,-0.17387,1.1538,1.1539,8.16496580927e-05,-0.20814,-0.20815,9.574271077572956e-06,-0.0136,5.000000000000664e-06,318.9138,318.9524,0.0187941480253841,62.2462,62.18,0.0288015624576177,55.7799,0.0025748786379169,180.3811,151.1408,0.2625538214665098,17.6349,151.5965,19.4034,1.0220875859403311,0.8029699709589534,0.7883895691745755,7.33358205676e-05,0.8376395916289932,0.001202890037721,0.8396754588185982,0.0011498052099166,0.597347384808838,0.0001206888678228,0.5584862728660818,0.5584563336427053,3.86513711785e-05,0.8029699709589534,0.4296877339001826,2.86646240458e-05,-0.3186
0.0,11.0112,-0.17387,1.1538,1.1539,8.16496580927e-05,-0.20814,-0.20815,9.574271077572956e-06,-0.0136,5.000000000000664e-06,318.9138,318.9524,0.0187941480253841,62.2462,62.18,0.0288015624576177,55.7799,0.0025748786379169,180.3811,151.1408,0.2625538214665098,17.6349,151.5965,19.4034,1.0220875859403311,0.8029699709589534,0.7883895691745755,7.33358205676e-05,0.8376395916289932,0.001202890037721,0.8396754588185982,0.0011498052099166,0.597347384808838,0.0001206888678228,0.5584862728660818,0.5584563336427053,3.86513711785e-05,0.8029699709589534,0.4296877339001826,2.86646240458e-05,-0.3186
0.0,11.0112,-0.17387,1.1538,1.1539,8.16496580927e-05,-0.20814,-0.20815,9.574271077572956e-06,-0.0136,5.000000000000664e-06,318.9138,318.9524,0.0187941480253841,62.2462,62.18,0.0288015624576177,55.7799,0.0025748786379169,180.3811,151.1408,0.2625538214665098,17.6349,151.5965,19.4034,1.0220875859403311,0.8029699709589534,0.7883895691745755,7.33358205676e-05,0.8376395916289932,0.001202890037721,0.8396754588185982,0.0011498052099166,0.597347384808838,0.0001206888678228,0.5584862728660818,0.5584563336427053,3.86513711785e-05,0.8029699709589534,0.4296877339001826,2.86646240458e-05,-0.3186
0.0,11.0112,-0.17387,1.1538,1.1539,8.16496580927e-05,-0.20814,-0.20815,9.574271077572956e-06,-0.0136,5.000000000000664e-06,318.9138,318.9524,0.0187941480253841,62.2462,62.18,0.0288015624576177,55.7799,0.0025748786379169,180.3811,151.1408,0.2625538214665098,17.6349,151.5965,19.4034,1.0220875859403311,0.8029699709589534,0.7883895691745755,7.33358205676e-05,0.8376395916289932,0.001202890037721,0.8396754588185982,0.0011498052099166,0.597347384808838,0.0001206888678228,0.5584862728660818,0.5584563336427053,3.86513711785e-05,0.8029699709589534,0.4296877339001826,2.86646240458e-05,-0.3186
0.0,11.0112,-0.17387,1.1538,1.1539,8.16496580927e-05,-0.20814,-0.20815,9.574271077572956e-06,-0.0136,5.000000000000664e-06,318.9138,318.9524,0.0187941480253841,62.2462,62.18,0.0288015624576177,55.7799,0.0025748786379169,180.3811,151.1408,0.2625538214665098,17.6349,151.5965,19.4034,1.0220875859403311,0.8029699709589534,0.7883895691745755,7.33358205676e-05,0.8376395916289932,0.001202890037721,0.8396754588185982,0.0011498052099166,0.597347384808838,0.0001206888678228,0.5584862728660818,0.5584563336427053,3.86513711785e-05,0.8029699709589534,0.4296877339001826,2.86646240458e-05,-0.3186
0.0,11.0112,-0.17387,1.1538,1.1539,8.16496580927e-05,-0.20814,-0.20815,9.574271077572956e-06,-0.0136,5.000000000000664e-06,318.9138,318.9524,0.0187941480253841,62.2462,62.18,0.0288015624576177,55.7799,0.0025748786379169,180.3811,151.1408,0.2625538214665098,17.6349,151.5965,19.4034,1.0220875859403311,0.8029699709589534,0.7883895691745755,7.33358205676e-05,0.8376395916289932,0.001202890037721,0.8396754588185982,0.0011498052099166,0.597347384808838,0.0001206888678228,0.5584862728660818,0.5584563336427053,3.86513711785e-05,0.8029699709589534,0.4296877339001826,2.86646240458e-05,-0.3186
0.0,11.0112,-0.17387,1.1538,1.1539,8.16496580927e-05,-0.20814,-0.20815,9.574271077572956e-06,-0.0136,5.000000000000664e-06,318.9138,318.9524,0.0187941480253841,62.2462,62.18,0.0288015624576177,55.7799,0.0025748786379169,180.3811,151.1408,0.2625538214665098,17.6349,151.5965,19.4034,1.0220875859403311,0.8029699709589534,0.7883895691745755,7.33358205676e-05,0.8376395916289932,0.001202890037721,0.8396754588185982,0.0011498052099166,0.597347384808838,0.0001206888678228,0.5584862728660818,0.5584563336427053,3.86513711785e-05,0.8029699709589534,0.4296877339001826,2.86646240458e-05,-0.3186
6.17,7.1686,-0.19743,0.6204,1.8969,0.5319408485121154,-0.1898,-0.18974,0.0014709738986556,-0.0168,0.0017038787793551,349.9173,306.6397,17.384206621964598,60.345,67.615,15.654294332505394,55.8007,1.8054842246756504,170.9014,55.4709,2.341285963356574,187.1462,152.2288,18.2583,1.304384203278757,0.8270710457770725,0.8594952246938714,0.0225759893373934,0.7847669231460136,0.0204296706095137,0.8353342714289991,0.0035377721489757,0.7881201161641866,0.0227038024952494,0.727343492709799,0.8194664830394299,0.0303586265417111,0.8270710457770725,0.7745277087512349,0.0082061014274112,-0.3186
4.61,7.1686,-0.19743,0.6204,1.8969,0.5319408485121154,-0.1898,-0.18974,0.0014709738986556,-0.0168,0.0017038787793551,349.9173,306.6397,17.384206621964598,60.345,67.615,15.654294332505394,55.8007,1.8054842246756504,170.9014,55.4709,2.341285963356574,187.1462,152.2288,18.2583,1.304384203278757,0.8270710457770725,0.8594952246938714,0.0225759893373934,0.7847669231460136,0.0204296706095137,0.8353342714289991,0.0035377721489757,0.7881201161641866,0.0227038024952494,0.727343492709799,0.8194664830394299,0.0303586265417111,0.8270710457770725,0.7745277087512349,0.0082061014274112,-0.3186
8.4,7.1686,-0.19743,0.6204,1.8969,0.5319408485121154,-0.1898,-0.18974,0.0014709738986556,-0.0168,0.0017038787793551,349.9173,306.6397,17.384206621964598,60.345,67.615,15.654294332505394,55.8007,1.8054842246756504,170.9014,55.4709,2.341285963356574,187.1462,152.2288,18.2583,1.304384203278757,0.8270710457770725,0.8594952246938714,0.0225759893373934,0.7847669231460136,0.0204296706095137,0.8353342714289991,0.0035377721489757,0.7881201161641866,0.0227038024952494,0.727343492709799,0.8194664830394299,0.0303586265417111,0.8270710457770725,0.7745277087512349,0.0082061014274112,-0.3186
5.62,7.1686,-0.19743,0.6204,1.8969,0.5319408485121154,-0.1898,-0.18974,0.0014709738986556,-0.0168,0.0017038787793551,349.9173,306.6397,17.384206621964598,60.345,67.615,15.654294332505394,55.8007,1.8054842246756504,170.9014,55.4709,2.341285963356574,187.1462,152.2288,18.2583,1.304384203278757,0.8270710457770725,0.8594952246938714,0.0225759893373934,0.7847669231460136,0.0204296706095137,0.8353342714289991,0.0035377721489757,0.7881201161641866,0.0227038024952494,0.727343492709799,0.8194664830394299,0.0303586265417111,0.8270710457770725,0.7745277087512349,0.0082061014274112,-0.3186
6.57,7.1686,-0.19743,0.6204,1.8969,0.5319408485121154,-0.1898,-0.18974,0.0014709738986556,-0.0168,0.0017038787793551,349.9173,306.6397,17.384206621964598,60.345,67.615,15.654294332505394,55.8007,1.8054842246756504,170.9014,55.4709,2.341285963356574,187.1462,152.2288,18.2583,1.304384203278757,0.8270710457770725,0.8594952246938714,0.0225759893373934,0.7847669231460136,0.0204296706095137,0.8353342714289991,0.0035377721489757,0.7881201161641866,0.0227038024952494,0.727343492709799,0.8194664830394299,0.0303586265417111,0.8270710457770725,0.7745277087512349,0.0082061014274112,-0.3186
8.52,7.1686,-0.19743,0.6204,1.8969,0.5319408485121154,-0.1898,-0.18974,0.0014709738986556,-0.0168,0.0017038787793551,349.9173,306.6397,17.384206621964598,60.345,67.615,15.654294332505394,55.8007,1.8054842246756504,170.9014,55.4709,2.341285963356574,187.1462,152.2288,18.2583,1.304384203278757,0.8270710457770725,0.8594952246938714,0.0225759893373934,0.7847669231460136,0.0204296706095137,0.8353342714289991,0.0035377721489757,0.7881201161641866,0.0227038024952494,0.727343492709799,0.8194664830394299,0.0303586265417111,0.8270710457770725,0.7745277087512349,0.0082061014274112,-0.3186
4.97,7.1686,-0.19743,0.6204,1.8969,0.5319408485121154,-0.1898,-0.18974,0.0014709738986556,-0.0168,0.0017038787793551,349.9173,306.6397,17.384206621964598,60.345,67.615,15.654294332505394,55.8007,1.8054842246756504,170.9014,55.4709,2.341285963356574,187.1462,152.2288,18.2583,1.304384203278757,0.8270710457770725,0.8594952246938714,0.0225759893373934,0.7847669231460136,0.0204296706095137,0.8353342714289991,0.0035377721489757,0.7881201161641866,0.0227038024952494,0.727343492709799,0.8194664830394299,0.0303586265417111,0.8270710457770725,0.7745277087512349,0.0082061014274112,-0.3186
6.88,7.1686,-0.19743,0.6204,1.8969,0.5319408485121154,-0.1898,-0.18974,0.0014709738986556,-0.0168,0.0017038787793551,349.9173,306.6397,17.384206621964598,60.345,67.615,15.654294332505394,55.8007,1.8054842246756504,170.9014,55.4709,2.341285963356574,187.1462,152.2288,18.2583,1.304384203278757,0.8270710457770725,0.8594952246938714,0.0225759893373934,0.7847669231460136,0.0204296706095137,0.8353342714289991,0.0035377721489757,0.7881201161641866,0.0227038024952494,0.727343492709799,0.8194664830394299,0.0303586265417111,0.8270710457770725,0.7745277087512349,0.0082061014274112,-0.3186
7.65,7.1686,-0.19743,0.6204,1.8969,0.5319408485121154,-0.1898,-0.18974,0.0014709738986556,-0.0168,0.0017038787793551,349.9173,306.6397,17.384206621964598,60.345,67.615,15.654294332505394,55.8007,1.8054842246756504,170.9014,55.4709,2.341285963356574,187.1462,152.2288,18.2583,1.304384203278757,0.8270710457770725,0.8594952246938714,0.0225759893373934,0.7847669231460136,0.0204296706095137,0.8353342714289991,0.0035377721489757,0.7881201161641866,0.0227038024952494,0.727343492709799,0.8194664830394299,0.0303586265417111,0.8270710457770725,0.7745277087512349,0.0082061014274112,-0.3186
6.39,7.7731,-0.2019,0.6204,1.8969,0.5319408485121154,-0.1898,-0.18974,0.0014709738986556,-0.0168,0.0017038787793551,349.9173,306.6397,17.384206621964598,60.345,67.615,15.654294332505394,55.8007,1.8054842246756504,170.9014,55.4709,2.341285963356574,187.1462,152.2288,18.2583,1.304384203278757,0.8270710457770725,0.8594952246938714,0.0225759893373934,0.7847669231460136,0.0204296706095137,0.8353342714289991,0.0035377721489757,0.7881201161641866,0.0227038024952494,0.727343492709799,0.8194664830394299,0.0303586265417111,0.8270710457770725,0.7745277087512349,0.0082061014274112,-0.3186
6.69,7.7731,-0.2019,0.6204,1.8969,0.5319408485121154,-0.1898,-0.18974,0.0014709738986556,-0.0168,0.0017038787793551,349.9173,306.6397,17.384206621964598,60.345,67.615,15.654294332505394,55.8007,1.8054842246756504,170.9014,55.4709,2.341285963356574,187.1462,152.2288,18.2583,1.304384203278757,0.8270710457770725,0.8594952246938714,0.0225759893373934,0.7847669231460136,0.0204296706095137,0.8353342714289991,0.0035377721489757,0.7881201161641866,0.0227038024952494,0.727343492709799,0.8194664830394299,0.0303586265417111,0.8270710457770725,0.7745277087512349,0.0082061014274112,-0.3186
6.44,7.7731,-0.2019,0.6204,1.8969,0.5319408485121154,-0.1898,-0.18974,0.0014709738986556,-0.0168,0.0017038787793551,349.9173,306.6397,17.384206621964598,60.345,67.615,15.654294332505394,55.8007,1.8054842246756504,170.9014,55.4709,2.341285963356574,187.1462,152.2288,18.2583,1.304384203278757,0.8270710457770725,0.8594952246938714,0.0225759893373934,0.7847669231460136,0.0204296706095137,0.8353342714289991,0.0035377721489757,0.7881201161641866,0.0227038024952494,0.727343492709799,0.8194664830394299,0.0303586265417111,0.8270710457770725,0.7745277087512349,0.0082061014274112,-0.3186
5.62,7.7731,-0.2019,0.6204,1.8969,0.5319408485121154,-0.1898,-0.18974,0.0014709738986556,-0.0168,0.0017038787793551,349.9173,306.6397,17.384206621964598,60.345,67.615,15.654294332505394,55.8007,1.8054842246756504,170.9014,55.4709,2.341285963356574,187.1462,152.2288,18.2583,1.304384203278757,0.8270710457770725,0.8594952246938714,0.0225759893373934,0.7847669231460136,0.0204296706095137,0.8353342714289991,0.0035377721489757,0.7881201161641866,0.0227038024952494,0.727343492709799,0.8194664830394299,0.0303586265417111,0.8270710457770725,0.7745277087512349,0.0082061014274112,-0.3186
5.77,7.7731,-0.2019,0.6204,1.8969,0.5319408485121154,-0.1898,-0.18974,0.0014709738986556,-0.0168,0.0017038787793551,349.9173,306.6397,17.384206621964598,60.345,67.615,15.654294332505394,55.8007,1.8054842246756504,170.9014,55.4709,2.341285963356574,187.1462,152.2288,18.2583,1.304384203278757,0.8270710457770725,0.8594952246938714,0.0225759893373934,0.7847669231460136,0.0204296706095137,0.8353342714289991,0.0035377721489757,0.7881201161641866,0.0227038024952494,0.727343492709799,0.8194664830394299,0.0303586265417111,0.8270710457770725,0.7745277087512349,0.0082061014274112,-0.3186
6.2,7.7731,-0.2019,0.6204,1.8969,0.5319408485121154,-0.1898,-0.18974,0.0014709738986556,-0.0168,0.0017038787793551,349.9173,306.6397,17.384206621964598,60.345,67.615,15.654294332505394,55.8007,1.8054842246756504,170.9014,55.4709,2.341285963356574,187.1462,152.2288,18.2583,1.304384203278757,0.8270710457770725,0.8594952246938714,0.0225759893373934,0.7847669231460136,0.0204296706095137,0.8353342714289991,0.0035377721489757,0.7881201161641866,0.0227038024952494,0.727343492709799,0.8194664830394299,0.0303586265417111,0.8270710457770725,0.7745277087512349,0.0082061014274112,-0.3186
5.65,7.7731,-0.2019,0.6204,1.8969,0.5319408485121154,-0.1898,-0.18974,0.0014709738986556,-0.0168,0.0017038787793551,349.9173,306.6397,17.384206621964598,60.345,67.615,15.654294332505394,55.8007,1.8054842246756504,170.9014,55.4709,2.341285963356574,187.1462,152.2288,18.2583,1.304384203278757,0.8270710457770725,0.8594952246938714,0.0225759893373934,0.7847669231460136,0.0204296706095137,0.8353342714289991,0.0035377721489757,0.7881201161641866,0.0227038024952494,0.727343492709799,0.8194664830394299,0.0303586265417111,0.8270710457770725,0.7745277087512349,0.0082061014274112,-0.3186
10.05,7.7731,-0.2019,0.6204,1.8969,0.5319408485121154,-0.1898,-0.18974,0.0014709738986556,-0.0168,0.0017038787793551,349.9173,306.6397,17.384206621964598,60.345,67.615,15.654294332505394,55.8007,1.8054842246756504,170.9014,55.4709,2.341285963356574,187.1462,152.2288,18.2583,1.304384203278757,0.8270710457770725,0.8594952246938714,0.0225759893373934,0.7847669231460136,0.0204296706095137,0.8353342714289991,0.0035377721489757,0.7881201161641866,0.0227038024952494,0.727343492709799,0.8194664830394299,0.0303586265417111,0.8270710457770725,0.7745277087512349,0.0082061014274112,-0.3186
9.61,7.7731,-0.2019,0.6204,1.8969,0.5319408485121154,-0.1898,-0.18974,0.0014709738986556,-0.0168,0.0017038787793551,349.9173,306.6397,17.384206621964598,60.345,67.615,15.654294332505394,55.8007,1.8054842246756504,170.9014,55.4709,2.341285963356574,187.1462,152.2288,18.2583,1.304384203278757,0.8270710457770725,0.8594952246938714,0.0225759893373934,0.7847669231460136,0.0204296706095137,0.8353342714289991,0.0035377721489757,0.7881201161641866,0.0227038024952494,0.727343492709799,0.8194664830394299,0.0303586265417111,0.8270710457770725,0.7745277087512349,0.0082061014274112,-0.3186
5.88,10.1478,-0.16646,0.6204,1.8969,0.5319408485121154,-0.1898,-0.18974,0.0014709738986556,-0.0168,0.0017038787793551,349.9173,306.6397,17.384206621964598,60.345,67.615,15.654294332505394,55.8007,1.8054842246756504,170.9014,55.4709,2.341285963356574,187.1462,152.2288,18.2583,1.304384203278757,0.8270710457770725,0.8594952246938714,0.0225759893373934,0.7847669231460136,0.0204296706095137,0.8353342714289991,0.0035377721489757,0.7881201161641866,0.0227038024952494,0.727343492709799,0.8194664830394299,0.0303586265417111,0.8270710457770725,0.7745277087512349,0.0082061014274112,-0.3186
6.27,10.1478,-0.16646,0.6204,1.8969,0.5319408485121154,-0.1898,-0.18974,0.0014709738986556,-0.0168,0.0017038787793551,349.9173,306.6397,17.384206621964598,60.345,67.615,15.654294332505394,55.8007,1.8054842246756504,170.9014,55.4709,2.341285963356574,187.1462,152.2288,18.2583,1.304384203278757,0.8270710457770725,0.8594952246938714,0.0225759893373934,0.7847669231460136,0.0204296706095137,0.8353342714289991,0.0035377721489757,0.7881201161641866,0.0227038024952494,0.727343492709799,0.8194664830394299,0.0303586265417111,0.8270710457770725,0.7745277087512349,0.0082061014274112,-0.3186
7.69,10.1478,-0.16646,0.6204,1.8969,0.5319408485121154,-0.1898,-0.18974,0.0014709738986556,-0.0168,0.0017038787793551,349.9173,306.6397,17.384206621964598,60.345,67.615,15.654294332505394,55.8007,1.8054842246756504,170.9014,55.4709,2.341285963356574,187.1462,152.2288,18.2583,1.304384203278757,0.8270710457770725,0.8594952246938714,0.0225759893373934,0.7847669231460136,0.0204296706095137,0.8353342714289991,0.0035377721489757,0.7881201161641866,0.0227038024952494,0.727343492709799,0.8194664830394299,0.0303586265417111,0.8270710457770725,0.7745277087512349,0.0082061014274112,-0.3186
6.57,10.1478,-0.16646,0.6204,1.8969,0.5319408485121154,-0.1898,-0.18974,0.0014709738986556,-0.0168,0.0017038787793551,349.9173,306.6397,17.384206621964598,60.345,67.615,15.654294332505394,55.8007,1.8054842246756504,170.9014,55.4709,2.341285963356574,187.1462,152.2288,18.2583,1.304384203278757,0.8270710457770725,0.8594952246938714,0.0225759893373934,0.7847669231460136,0.0204296706095137,0.8353342714289991,0.0035377721489757,0.7881201161641866,0.0227038024952494,0.727343492709799,0.8194664830394299,0.0303586265417111,0.8270710457770725,0.7745277087512349,0.0082061014274112,-0.3186
5.6,10.1478,-0.16646,0.6204,1.8969,0.5319408485121154,-0.1898,-0.18974,0.0014709738986556,-0.0168,0.0017038787793551,349.9173,306.6397,17.384206621964598,60.345,67.615,15.654294332505394,55.8007,1.8054842246756504,170.9014,55.4709,2.341285963356574,187.1462,152.2288,18.2583,1.304384203278757,0.8270710457770725,0.8594952246938714,0.0225759893373934,0.7847669231460136,0.0204296706095137,0.8353342714289991,0.0035377721489757,0.7881201161641866,0.0227038024952494,0.727343492709799,0.8194664830394299,0.0303586265417111,0.8270710457770725,0.7745277087512349,0.0082061014274112,-0.3186
7.42,10.1478,-0.16646,0.6204,1.8969,0.5319408485121154,-0.1898,-0.18974,0.0014709738986556,-0.0168,0.0017038787793551,349.9173,306.6397,17.384206621964598,60.345,67.615,15.654294332505394,55.8007,1.8054842246756504,170.9014,55.4709,2.341285963356574,187.1462,152.2288,18.2583,1.304384203278757,0.8270710457770725,0.8594952246938714,0.0225759893373934,0.7847669231460136,0.0204296706095137,0.8353342714289991,0.0035377721489757,0.7881201161641866,0.0227038024952494,0.727343492709799,0.8194664830394299,0.0303586265417111,0.8270710457770725,0.7745277087512349,0.0082061014274112,-0.3186
0.0,10.1478,-0.16646,0.6204,1.8969,0.5319408485121154,-0.1898,-0.18974,0.0014709738986556,-0.0168,0.0017038787793551,349.9173,306.6397,17.384206621964598,60.345,67.615,15.654294332505394,55.8007,1.8054842246756504,170.9014,55.4709,2.341285963356574,187.1462,152.2288,18.2583,1.304384203278757,0.8270710457770725,0.8594952246938714,0.0225759893373934,0.7847669231460136,0.0204296706095137,0.8353342714289991,0.0035377721489757,0.7881201161641866,0.0227038024952494,0.727343492709799,0.8194664830394299,0.0303586265417111,0.8270710457770725,0.7745277087512349,0.0082061014274112,-0.3186
6.4,10.1478,-0.16646,0.6204,1.8969,0.5319408485121154,-0.1898,-0.18974,0.0014709738986556,-0.0168,0.0017038787793551,349.9173,306.6397,17.384206621964598,60.345,67.615,15.654294332505394,55.8007,1.8054842246756504,170.9014,55.4709,2.341285963356574,187.1462,152.2288,18.2583,1.304384203278757,0.8270710457770725,0.8594952246938714,0.0225759893373934,0.7847669231460136,0.0204296706095137,0.8353342714289991,0.0035377721489757,0.7881201161641866,0.0227038024952494,0.727343492709799,0.8194664830394299,0.0303586265417111,0.8270710457770725,0.7745277087512349,0.0082061014274112,-0.3186
8.82,10.1478,-0.16646,0.6204,1.8969,0.5319408485121154,-0.1898,-0.18974,0.0014709738986556,-0.0168,0.0017038787793551,349.9173,306.6397,17.384206621964598,60.345,67.615,15.654294332505394,55.8007,1.8054842246756504,170.9014,55.4709,2.341285963356574,187.1462,152.2288,18.2583,1.304384203278757,0.8270710457770725,0.8594952246938714,0.0225759893373934,0.7847669231460136,0.0204296706095137,0.8353342714289991,0.0035377721489757,0.7881201161641866,0.0227038024952494,0.727343492709799,0.8194664830394299,0.0303586265417111,0.8270710457770725,0.7745277087512349,0.0082061014274112,-0.3186
5.41,11.0112,-0.17387,0.6204,1.8969,0.5319408485121154,-0.1898,-0.18974,0.0014709738986556,-0.0168,0.0017038787793551,349.9173,306.6397,17.384206621964598,60.345,67.615,15.654294332505394,55.8007,1.8054842246756504,170.9014,55.4709,2.341285963356574,187.1462,152.2288,18.2583,1.304384203278757,0.8270710457770725,0.8594952246938714,0.0225759893373934,0.7847669231460136,0.0204296706095137,0.8353342714289991,0.0035377721489757,0.7881201161641866,0.0227038024952494,0.727343492709799,0.8194664830394299,0.0303586265417111,0.8270710457770725,0.7745277087512349,0.0082061014274112,-0.3186
5.29,11.0112,-0.17387,0.6204,1.8969,0.5319408485121154,-0.1898,-0.18974,0.0014709738986556,-0.0168,0.0017038787793551,349.9173,306.6397,17.384206621964598,60.345,67.615,15.654294332505394,55.8007,1.8054842246756504,170.9014,55.4709,2.341285963356574,187.1462,152.2288,18.2583,1.304384203278757,0.8270710457770725,0.8594952246938714,0.0225759893373934,0.7847669231460136,0.0204296706095137,0.8353342714289991,0.0035377721489757,0.7881201161641866,0.0227038024952494,0.727343492709799,0.8194664830394299,0.0303586265417111,0.8270710457770725,0.7745277087512349,0.0082061014274112,-0.3186
5.3,11.0112,-0.17387,0.6204,1.8969,0.5319408485121154,-0.1898,-0.18974,0.0014709738986556,-0.0168,0.0017038787793551,349.9173,306.6397,17.384206621964598,60.345,67.615,15.654294332505394,55.8007,1.8054842246756504,170.9014,55.4709,2.341285963356574,187.1462,152.2288,18.2583,1.304384203278757,0.8270710457770725,0.8594952246938714,0.0225759893373934,0.7847669231460136,0.0204296706095137,0.8353342714289991,0.0035377721489757,0.7881201161641866,0.0227038024952494,0.727343492709799,0.8194664830394299,0.0303586265417111,0.8270710457770725,0.7745277087512349,0.0082061014274112,-0.3186
4.89,11.0112,-0.17387,0.6204,1.8969,0.5319408485121154,-0.1898,-0.18974,0.0014709738986556,-0.0168,0.0017038787793551,349.9173,306.6397,17.384206621964598,60.345,67.615,15.654294332505394,55.8007,1.8054842246756504,170.9014,55.4709,2.341285963356574,187.1462,152.2288,18.2583,1.304384203278757,0.8270710457770725,0.8594952246938714,0.0225759893373934,0.7847669231460136,0.0204296706095137,0.8353342714289991,0.0035377721489757,0.7881201161641866,0.0227038024952494,0.727343492709799,0.8194664830394299,0.0303586265417111,0.8270710457770725,0.7745277087512349,0.0082061014274112,-0.3186
5.06,11.0112,-0.17387,0.6204,1.8969,0.5319408485121154,-0.1898,-0.18974,0.0014709738986556,-0.0168,0.0017038787793551,349.9173,306.6397,17.384206621964598,60.345,67.615,15.654294332505394,55.8007,1.8054842246756504,170.9014,55.4709,2.341285963356574,187.1462,152.2288,18.2583,1.304384203278757,0.8270710457770725,0.8594952246938714,0.0225759893373934,0.7847669231460136,0.0204296706095137,0.8353342714289991,0.0035377721489757,0.7881201161641866,0.0227038024952494,0.727343492709799,0.8194664830394299,0.0303586265417111,0.8270710457770725,0.7745277087512349,0.0082061014274112,-0.3186
5.24,11.0112,-0.17387,0.6204,1.8969,0.5319408485121154,-0.1898,-0.18974,0.0014709738986556,-0.0168,0.0017038787793551,349.9173,306.6397,17.384206621964598,60.345,67.615,15.654294332505394,55.8007,1.8054842246756504,170.9014,55.4709,2.341285963356574,187.1462,152.2288,18.2583,1.304384203278757,0.8270710457770725,0.8594952246938714,0.0225759893373934,0.7847669231460136,0.0204296706095137,0.8353342714289991,0.0035377721489757,0.7881201161641866,0.0227038024952494,0.727343492709799,0.8194664830394299,0.0303586265417111,0.8270710457770725,0.7745277087512349,0.0082061014274112,-0.3186
8.95,11.0112,-0.17387,0.6204,1.8969,0.5319408485121154,-0.1898,-0.18974,0.0014709738986556,-0.0168,0.0017038787793551,349.9173,306.6397,17.384206621964598,60.345,67.615,15.654294332505394,55.8007,1.8054842246756504,170.9014,55.4709,2.341285963356574,187.1462,152.2288,18.2583,1.304384203278757,0.8270710457770725,0.8594952246938714,0.0225759893373934,0.7847669231460136,0.0204296706095137,0.8353342714289991,0.0035377721489757,0.7881201161641866,0.0227038024952494,0.727343492709799,0.8194664830394299,0.0303586265417111,0.8270710457770725,0.7745277087512349,0.0082061014274112,-0.3186
8.84,11.0112,-0.17387,0.6204,1.8969,0.5319408485121154,-0.1898,-0.18974,0.0014709738986556,-0.0168,0.0017038787793551,349.9173,306.6397,17.384206621964598,60.345,67.615,15.654294332505394,55.8007,1.8054842246756504,170.9014,55.4709,2.341285963356574,187.1462,152.2288,18.2583,1.304384203278757,0.8270710457770725,0.8594952246938714,0.0225759893373934,0.7847669231460136,0.0204296706095137,0.8353342714289991,0.0035377721489757,0.7881201161641866,0.0227038024952494,0.727343492709799,0.8194664830394299,0.0303586265417111,0.8270710457770725,0.7745277087512349,0.0082061014274112,-0.3186
7.54,11.0112,-0.17387,0.6204,1.8969,0.5319408485121154,-0.1898,-0.18974,0.0014709738986556,-0.0168,0.0017038787793551,349.9173,306.6397,17.384206621964598,60.345,67.615,15.654294332505394,55.8007,1.8054842246756504,170.9014,55.4709,2.341285963356574,187.1462,152.2288,18.2583,1.304384203278757,0.8270710457770725,0.8594952246938714,0.0225759893373934,0.7847669231460136,0.0204296706095137,0.8353342714289991,0.0035377721489757,0.7881201161641866,0.0227038024952494,0.727343492709799,0.8194664830394299,0.0303586265417111,0.8270710457770725,0.7745277087512349,0.0082061014274112,-0.3186
0.0,7.1686,-0.19743,1.1472,1.0986,0.0332546046025618,-0.2016,-0.2008,0.0007382608555985,0.05385,0.0020549395036439,354.7681,369.9001,13.330470595600962,83.7445,73.2185,18.84236308038111,157.8727,5.019573292911369,15.7077,152.6202,3.2967818542826373,19.6166,152.9891,20.0956,3.187319775325629,0.8231789467381215,0.8104248375797132,0.0069840940238335,0.8138379090446394,0.0118009680208351,0.8187479416783928,0.0128665868004957,0.8104248375797132,0.0056182580940854,0.8138379090446394,0.7971018831771504,0.0138188901445329,0.8231789467381215,0.5129187748869795,0.0045416493000341,-0.3186
0.0,7.1686,-0.19743,1.1472,1.0986,0.0332546046025618,-0.2016,-0.2008,0.0007382608555985,0.05385,0.0020549395036439,354.7681,369.9001,13.330470595600962,83.7445,73.2185,18.84236308038111,157.8727,5.019573292911369,15.7077,152.6202,3.2967818542826373,19.6166,152.9891,20.0956,3.187319775325629,0.8231789467381215,0.8104248375797132,0.0069840940238335,0.8138379090446394,0.0118009680208351,0.8187479416783928,0.0128665868004957,0.8104248375797132,0.0056182580940854,0.8138379090446394,0.7971018831771504,0.0138188901445329,0.8231789467381215,0.5129187748869795,0.0045416493000341,-0.3186
1.96,7.1686,-0.19743,1.1472,1.0986,0.0332546046025618,-0.2016,-0.2008,0.0007382608555985,0.05385,0.0020549395036439,354.7681,369.9001,13.330470595600962,83.7445,73.2185,18.84236308038111,157.8727,5.019573292911369,15.7077,152.6202,3.2967818542826373,19.6166,152.9891,20.0956,3.187319775325629,0.8231789467381215,0.8104248375797132,0.0069840940238335,0.8138379090446394,0.0118009680208351,0.8187479416783928,0.0128665868004957,0.8104248375797132,0.0056182580940854,0.8138379090446394,0.7971018831771504,0.0138188901445329,0.8231789467381215,0.5129187748869795,0.0045416493000341,-0.3186
0.0,7.1686,-0.19743,1.1472,1.0986,0.0332546046025618,-0.2016,-0.2008,0.0007382608555985,0.05385,0.0020549395036439,354.7681,369.9001,13.330470595600962,83.7445,73.2185,18.84236308038111,157.8727,5.019573292911369,15.7077,152.6202,3.2967818542826373,19.6166,152.9891,20.0956,3.187319775325629,0.8231789467381215,0.8104248375797132,0.0069840940238335,0.8138379090446394,0.0118009680208351,0.8187479416783928,0.0128665868004957,0.8104248375797132,0.0056182580940854,0.8138379090446394,0.7971018831771504,0.0138188901445329,0.8231789467381215,0.5129187748869795,0.0045416493000341,-0.3186
0.0,7.1686,-0.19743,1.1472,1.0986,0.0332546046025618,-0.2016,-0.2008,0.0007382608555985,0.05385,0.0020549395036439,354.7681,369.9001,13.330470595600962,83.7445,73.2185,18.84236308038111,157.8727,5.019573292911369,15.7077,152.6202,3.2967818542826373,19.6166,152.9891,20.0956,3.187319775325629,0.8231789467381215,0.8104248375797132,0.0069840940238335,0.8138379090446394,0.0118009680208351,0.8187479416783928,0.0128665868004957,0.8104248375797132,0.0056182580940854,0.8138379090446394,0.7971018831771504,0.0138188901445329,0.8231789467381215,0.5129187748869795,0.0045416493000341,-0.3186
0.89,7.1686,-0.19743,1.1472,1.0986,0.0332546046025618,-0.2016,-0.2008,0.0007382608555985,0.05385,0.0020549395036439,354.7681,369.9001,13.330470595600962,83.7445,73.2185,18.84236308038111,157.8727,5.019573292911369,15.7077,152.6202,3.2967818542826373,19.6166,152.9891,20.0956,3.187319775325629,0.8231789467381215,0.8104248375797132,0.0069840940238335,0.8138379090446394,0.0118009680208351,0.8187479416783928,0.0128665868004957,0.8104248375797132,0.0056182580940854,0.8138379090446394,0.7971018831771504,0.0138188901445329,0.8231789467381215,0.5129187748869795,0.0045416493000341,-0.3186
0.0,7.1686,-0.19743,1.1472,1.0986,0.0332546046025618,-0.2016,-0.2008,0.0007382608555985,0.05385,0.0020549395036439,354.7681,369.9001,13.330470595600962,83.7445,73.2185,18.84236308038111,157.8727,5.019573292911369,15.7077,152.6202,3.2967818542826373,19.6166,152.9891,20.0956,3.187319775325629,0.8231789467381215,0.8104248375797132,0.0069840940238335,0.8138379090446394,0.0118009680208351,0.8187479416783928,0.0128665868004957,0.8104248375797132,0.0056182580940854,0.8138379090446394,0.7971018831771504,0.0138188901445329,0.8231789467381215,0.5129187748869795,0.0045416493000341,-0.3186
0.0,7.1686,-0.19743,1.1472,1.0986,0.0332546046025618,-0.2016,-0.2008,0.0007382608555985,0.05385,0.0020549395036439,354.7681,369.9001,13.330470595600962,83.7445,73.2185,18.84236308038111,157.8727,5.019573292911369,15.7077,152.6202,3.2967818542826373,19.6166,152.9891,20.0956,3.187319775325629,0.8231789467381215,0.8104248375797132,0.0069840940238335,0.8138379090446394,0.0118009680208351,0.8187479416783928,0.0128665868004957,0.8104248375797132,0.0056182580940854,0.8138379090446394,0.7971018831771504,0.0138188901445329,0.8231789467381215,0.5129187748869795,0.0045416493000341,-0.3186
0.74,7.1686,-0.19743,1.1472,1.0986,0.0332546046025618,-0.2016,-0.2008,0.0007382608555985,0.05385,0.0020549395036439,354.7681,369.9001,13.330470595600962,83.7445,73.2185,18.84236308038111,157.8727,5.019573292911369,15.7077,152.6202,3.2967818542826373,19.6166,152.9891,20.0956,3.187319775325629,0.8231789467381215,0.8104248375797132,0.0069840940238335,0.8138379090446394,0.0118009680208351,0.8187479416783928,0.0128665868004957,0.8104248375797132,0.0056182580940854,0.8138379090446394,0.7971018831771504,0.0138188901445329,0.8231789467381215,0.5129187748869795,0.0045416493000341,-0.3186
0.35,7.7731,-0.2019,1.1472,1.0986,0.0332546046025618,-0.2016,-0.2008,0.0007382608555985,0.05385,0.0020549395036439,354.7681,369.9001,13.330470595600962,83.7445,73.2185,18.84236308038111,157.8727,5.019573292911369,15.7077,152.6202,3.2967818542826373,19.6166,152.9891,20.0956,3.187319775325629,0.8231789467381215,0.8104248375797132,0.0069840940238335,0.8138379090446394,0.0118009680208351,0.8187479416783928,0.0128665868004957,0.8104248375797132,0.0056182580940854,0.8138379090446394,0.7971018831771504,0.0138188901445329,0.8231789467381215,0.5129187748869795,0.0045416493000341,-0.3186
0.0,7.7731,-0.2019,1.1472,1.0986,0.0332546046025618,-0.2016,-0.2008,0.0007382608555985,0.05385,0.0020549395036439,354.7681,369.9001,13.330470595600962,83.7445,73.2185,18.84236308038111,157.8727,5.019573292911369,15.7077,152.6202,3.2967818542826373,19.6166,152.9891,20.0956,3.187319775325629,0.8231789467381215,0.8104248375797132,0.0069840940238335,0.8138379090446394,0.0118009680208351,0.8187479416783928,0.0128665868004957,0.8104248375797132,0.0056182580940854,0.8138379090446394,0.7971018831771504,0.0138188901445329,0.8231789467381215,0.5129187748869795,0.0045416493000341,-0.3186
3.28,7.7731,-0.2019,1.1472,1.0986,0.0332546046025618,-0.2016,-0.2008,0.0007382608555985,0.05385,0.0020549395036439,354.7681,369.9001,13.330470595600962,83.7445,73.2185,18.84236308038111,157.8727,5.019573292911369,15.7077,152.6202,3.2967818542826373,19.6166,152.9891,20.0956,3.187319775325629,0.8231789467381215,0.8104248375797132,0.0069840940238335,0.8138379090446394,0.0118009680208351,0.8187479416783928,0.0128665868004957,0.8104248375797132,0.0056182580940854,0.8138379090446394,0.7971018831771504,0.0138188901445329,0.8231789467381215,0.5129187748869795,0.0045416493000341,-0.3186
0.14,7.7731,-0.2019,1.1472,1.0986,0.0332546046025618,-0.2016,-0.2008,0.0007382608555985,0.05385,0.0020549395036439,354.7681,369.9001,13.330470595600962,83.7445,73.2185,18.84236308038111,157.8727,5.019573292911369,15.7077,152.6202,3.2967818542826373,19.6166,152.9891,20.0956,3.187319775325629,0.8231789467381215,0.8104248375797132,0.0069840940238335,0.8138379090446394,0.0118009680208351,0.8187479416783928,0.0128665868004957,0.8104248375797132,0.0056182580940854,0.8138379090446394,0.7971018831771504,0.0138188901445329,0.8231789467381215,0.5129187748869795,0.0045416493000341,-0.3186
0.85,7.7731,-0.2019,1.1472,1.0986,0.0332546046025618,-0.2016,-0.2008,0.0007382608555985,0.05385,0.0020549395036439,354.7681,369.9001,13.330470595600962,83.7445,73.2185,18.84236308038111,157.8727,5.019573292911369,15.7077,152.6202,3.2967818542826373,19.6166,152.9891,20.0956,3.187319775325629,0.8231789467381215,0.8104248375797132,0.0069840940238335,0.8138379090446394,0.0118009680208351,0.8187479416783928,0.0128665868004957,0.8104248375797132,0.0056182580940854,0.8138379090446394,0.7971018831771504,0.0138188901445329,0.8231789467381215,0.5129187748869795,0.0045416493000341,-0.3186
3.25,7.7731,-0.2019,1.1472,1.0986,0.0332546046025618,-0.2016,-0.2008,0.0007382608555985,0.05385,0.0020549395036439,354.7681,369.9001,13.330470595600962,83.7445,73.2185,18.84236308038111,157.8727,5.019573292911369,15.7077,152.6202,3.2967818542826373,19.6166,152.9891,20.0956,3.187319775325629,0.8231789467381215,0.8104248375797132,0.0069840940238335,0.8138379090446394,0.0118009680208351,0.8187479416783928,0.0128665868004957,0.8104248375797132,0.0056182580940854,0.8138379090446394,0.7971018831771504,0.0138188901445329,0.8231789467381215,0.5129187748869795,0.0045416493000341,-0.3186
0.0,7.7731,-0.2019,1.1472,1.0986,0.0332546046025618,-0.2016,-0.2008,0.0007382608555985,0.05385,0.0020549395036439,354.7681,369.9001,13.330470595600962,83.7445,73.2185,18.84236308038111,157.8727,5.019573292911369,15.7077,152.6202,3.2967818542826373,19.6166,152.9891,20.0956,3.187319775325629,0.8231789467381215,0.8104248375797132,0.0069840940238335,0.8138379090446394,0.0118009680208351,0.8187479416783928,0.0128665868004957,0.8104248375797132,0.0056182580940854,0.8138379090446394,0.7971018831771504,0.0138188901445329,0.8231789467381215,0.5129187748869795,0.0045416493000341,-0.3186
1.37,7.7731,-0.2019,1.1472,1.0986,0.0332546046025618,-0.2016,-0.2008,0.0007382608555985,0.05385,0.0020549395036439,354.7681,369.9001,13.330470595600962,83.7445,73.2185,18.84236308038111,157.8727,5.019573292911369,15.7077,152.6202,3.2967818542826373,19.6166,152.9891,20.0956,3.187319775325629,0.8231789467381215,0.8104248375797132,0.0069840940238335,0.8138379090446394,0.0118009680208351,0.8187479416783928,0.0128665868004957,0.8104248375797132,0.0056182580940854,0.8138379090446394,0.7971018831771504,0.0138188901445329,0.8231789467381215,0.5129187748869795,0.0045416493000341,-0.3186
2.77,7.7731,-0.2019,1.1472,1.0986,0.0332546046025618,-0.2016,-0.2008,0.0007382608555985,0.05385,0.0020549395036439,354.7681,369.9001,13.330470595600962,83.7445,73.2185,18.84236308038111,157.8727,5.019573292911369,15.7077,152.6202,3.2967818542826373,19.6166,152.9891,20.0956,3.187319775325629,0.8231789467381215,0.8104248375797132,0.0069840940238335,0.8138379090446394,0.0118009680208351,0.8187479416783928,0.0128665868004957,0.8104248375797132,0.0056182580940854,0.8138379090446394,0.7971018831771504,0.0138188901445329,0.8231789467381215,0.5129187748869795,0.0045416493000341,-0.3186
0.57,10.1478,-0.16646,1.1472,1.0986,0.0332546046025618,-0.2016,-0.2008,0.0007382608555985,0.05385,0.0020549395036439,354.7681,369.9001,13.330470595600962,83.7445,73.2185,18.84236308038111,157.8727,5.019573292911369,15.7077,152.6202,3.2967818542826373,19.6166,152.9891,20.0956,3.187319775325629,0.8231789467381215,0.8104248375797132,0.0069840940238335,0.8138379090446394,0.0118009680208351,0.8187479416783928,0.0128665868004957,0.8104248375797132,0.0056182580940854,0.8138379090446394,0.7971018831771504,0.0138188901445329,0.8231789467381215,0.5129187748869795,0.0045416493000341,-0.3186
0.0,10.1478,-0.16646,1.1472,1.0986,0.0332546046025618,-0.2016,-0.2008,0.0007382608555985,0.05385,0.0020549395036439,354.7681,369.9001,13.330470595600962,83.7445,73.2185,18.84236308038111,157.8727,5.019573292911369,15.7077,152.6202,3.2967818542826373,19.6166,152.9891,20.0956,3.187319775325629,0.8231789467381215,0.8104248375797132,0.0069840940238335,0.8138379090446394,0.0118009680208351,0.8187479416783928,0.0128665868004957,0.8104248375797132,0.0056182580940854,0.8138379090446394,0.7971018831771504,0.0138188901445329,0.8231789467381215,0.5129187748869795,0.0045416493000341,-0.3186
3.8,10.1478,-0.16646,1.1472,1.0986,0.0332546046025618,-0.2016,-0.2008,0.0007382608555985,0.05385,0.0020549395036439,354.7681,369.9001,13.330470595600962,83.7445,73.2185,18.84236308038111,157.8727,5.019573292911369,15.7077,152.6202,3.2967818542826373,19.6166,152.9891,20.0956,3.187319775325629,0.8231789467381215,0.8104248375797132,0.0069840940238335,0.8138379090446394,0.0118009680208351,0.8187479416783928,0.0128665868004957,0.8104248375797132,0.0056182580940854,0.8138379090446394,0.7971018831771504,0.0138188901445329,0.8231789467381215,0.5129187748869795,0.0045416493000341,-0.3186
0.28,10.1478,-0.16646,1.1472,1.0986,0.0332546046025618,-0.2016,-0.2008,0.0007382608555985,0.05385,0.0020549395036439,354.7681,369.9001,13.330470595600962,83.7445,73.2185,18.84236308038111,157.8727,5.019573292911369,15.7077,152.6202,3.2967818542826373,19.6166,152.9891,20.0956,3.187319775325629,0.8231789467381215,0.8104248375797132,0.0069840940238335,0.8138379090446394,0.0118009680208351,0.8187479416783928,0.0128665868004957,0.8104248375797132,0.0056182580940854,0.8138379090446394,0.7971018831771504,0.0138188901445329,0.8231789467381215,0.5129187748869795,0.0045416493000341,-0.3186
1.13,10.1478,-0.16646,1.1472,1.0986,0.0332546046025618,-0.2016,-0.2008,0.0007382608555985,0.05385,0.0020549395036439,354.7681,369.9001,13.330470595600962,83.7445,73.2185,18.84236308038111,157.8727,5.019573292911369,15.7077,152.6202,3.2967818542826373,19.6166,152.9891,20.0956,3.187319775325629,0.8231789467381215,0.8104248375797132,0.0069840940238335,0.8138379090446394,0.0118009680208351,0.8187479416783928,0.0128665868004957,0.8104248375797132,0.0056182580940854,0.8138379090446394,0.7971018831771504,0.0138188901445329,0.8231789467381215,0.5129187748869795,0.0045416493000341,-0.3186
3.04,10.1478,-0.16646,1.1472,1.0986,0.0332546046025618,-0.2016,-0.2008,0.0007382608555985,0.05385,0.0020549395036439,354.7681,369.9001,13.330470595600962,83.7445,73.2185,18.84236308038111,157.8727,5.019573292911369,15.7077,152.6202,3.2967818542826373,19.6166,152.9891,20.0956,3.187319775325629,0.8231789467381215,0.8104248375797132,0.0069840940238335,0.8138379090446394,0.0118009680208351,0.8187479416783928,0.0128665868004957,0.8104248375797132,0.0056182580940854,0.8138379090446394,0.7971018831771504,0.0138188901445329,0.8231789467381215,0.5129187748869795,0.0045416493000341,-0.3186
0.0,10.1478,-0.16646,1.1472,1.0986,0.0332546046025618,-0.2016,-0.2008,0.0007382608555985,0.05385,0.0020549395036439,354.7681,369.9001,13.330470595600962,83.7445,73.2185,18.84236308038111,157.8727,5.019573292911369,15.7077,152.6202,3.2967818542826373,19.6166,152.9891,20.0956,3.187319775325629,0.8231789467381215,0.8104248375797132,0.0069840940238335,0.8138379090446394,0.0118009680208351,0.8187479416783928,0.0128665868004957,0.8104248375797132,0.0056182580940854,0.8138379090446394,0.7971018831771504,0.0138188901445329,0.8231789467381215,0.5129187748869795,0.0045416493000341,-0.3186
2.15,10.1478,-0.16646,1.1472,1.0986,0.0332546046025618,-0.2016,-0.2008,0.0007382608555985,0.05385,0.0020549395036439,354.7681,369.9001,13.330470595600962,83.7445,73.2185,18.84236308038111,157.8727,5.019573292911369,15.7077,152.6202,3.2967818542826373,19.6166,152.9891,20.0956,3.187319775325629,0.8231789467381215,0.8104248375797132,0.0069840940238335,0.8138379090446394,0.0118009680208351,0.8187479416783928,0.0128665868004957,0.8104248375797132,0.0056182580940854,0.8138379090446394,0.7971018831771504,0.0138188901445329,0.8231789467381215,0.5129187748869795,0.0045416493000341,-0.3186
1.89,10.1478,-0.16646,1.1472,1.0986,0.0332546046025618,-0.2016,-0.2008,0.0007382608555985,0.05385,0.0020549395036439,354.7681,369.9001,13.330470595600962,83.7445,73.2185,18.84236308038111,157.8727,5.019573292911369,15.7077,152.6202,3.2967818542826373,19.6166,152.9891,20.0956,3.187319775325629,0.8231789467381215,0.8104248375797132,0.0069840940238335,0.8138379090446394,0.0118009680208351,0.8187479416783928,0.0128665868004957,0.8104248375797132,0.0056182580940854,0.8138379090446394,0.7971018831771504,0.0138188901445329,0.8231789467381215,0.5129187748869795,0.0045416493000341,-0.3186
0.33,11.0112,-0.17387,1.1472,1.0986,0.0332546046025618,-0.2016,-0.2008,0.0007382608555985,0.05385,0.0020549395036439,354.7681,369.9001,13.330470595600962,83.7445,73.2185,18.84236308038111,157.8727,5.019573292911369,15.7077,152.6202,3.2967818542826373,19.6166,152.9891,20.0956,3.187319775325629,0.8231789467381215,0.8104248375797132,0.0069840940238335,0.8138379090446394,0.0118009680208351,0.8187479416783928,0.0128665868004957,0.8104248375797132,0.0056182580940854,0.8138379090446394,0.7971018831771504,0.0138188901445329,0.8231789467381215,0.5129187748869795,0.0045416493000341,-0.3186
0.0,11.0112,-0.17387,1.1472,1.0986,0.0332546046025618,-0.2016,-0.2008,0.0007382608555985,0.05385,0.0020549395036439,354.7681,369.9001,13.330470595600962,83.7445,73.2185,18.84236308038111,157.8727,5.019573292911369,15.7077,152.6202,3.2967818542826373,19.6166,152.9891,20.0956,3.187319775325629,0.8231789467381215,0.8104248375797132,0.0069840940238335,0.8138379090446394,0.0118009680208351,0.8187479416783928,0.0128665868004957,0.8104248375797132,0.0056182580940854,0.8138379090446394,0.7971018831771504,0.0138188901445329,0.8231789467381215,0.5129187748869795,0.0045416493000341,-0.3186
3.1,11.0112,-0.17387,1.1472,1.0986,0.0332546046025618,-0.2016,-0.2008,0.0007382608555985,0.05385,0.0020549395036439,354.7681,369.9001,13.330470595600962,83.7445,73.2185,18.84236308038111,157.8727,5.019573292911369,15.7077,152.6202,3.2967818542826373,19.6166,152.9891,20.0956,3.187319775325629,0.8231789467381215,0.8104248375797132,0.0069840940238335,0.8138379090446394,0.0118009680208351,0.8187479416783928,0.0128665868004957,0.8104248375797132,0.0056182580940854,0.8138379090446394,0.7971018831771504,0.0138188901445329,0.8231789467381215,0.5129187748869795,0.0045416493000341,-0.3186
0.86,11.0112,-0.17387,1.1472,1.0986,0.0332546046025618,-0.2016,-0.2008,0.0007382608555985,0.05385,0.0020549395036439,354.7681,369.9001,13.330470595600962,83.7445,73.2185,18.84236308038111,157.8727,5.019573292911369,15.7077,152.6202,3.2967818542826373,19.6166,152.9891,20.0956,3.187319775325629,0.8231789467381215,0.8104248375797132,0.0069840940238335,0.8138379090446394,0.0118009680208351,0.8187479416783928,0.0128665868004957,0.8104248375797132,0.0056182580940854,0.8138379090446394,0.7971018831771504,0.0138188901445329,0.8231789467381215,0.5129187748869795,0.0045416493000341,-0.3186
1.95,11.0112,-0.17387,1.1472,1.0986,0.0332546046025618,-0.2016,-0.2008,0.0007382608555985,0.05385,0.0020549395036439,354.7681,369.9001,13.330470595600962,83.7445,73.2185,18.84236308038111,157.8727,5.019573292911369,15.7077,152.6202,3.2967818542826373,19.6166,152.9891,20.0956,3.187319775325629,0.8231789467381215,0.8104248375797132,0.0069840940238335,0.8138379090446394,0.0118009680208351,0.8187479416783928,0.0128665868004957,0.8104248375797132,0.0056182580940854,0.8138379090446394,0.7971018831771504,0.0138188901445329,0.8231789467381215,0.5129187748869795,0.0045416493000341,-0.3186
4.78,11.0112,-0.17387,1.1472,1.0986,0.0332546046025618,-0.2016,-0.2008,0.0007382608555985,0.05385,0.0020549395036439,354.7681,369.9001,13.330470595600962,83.7445,73.2185,18.84236308038111,157.8727,5.019573292911369,15.7077,152.6202,3.2967818542826373,19.6166,152.9891,20.0956,3.187319775325629,0.8231789467381215,0.8104248375797132,0.0069840940238335,0.8138379090446394,0.0118009680208351,0.8187479416783928,0.0128665868004957,0.8104248375797132,0.0056182580940854,0.8138379090446394,0.7971018831771504,0.0138188901445329,0.8231789467381215,0.5129187748869795,0.0045416493000341,-0.3186
0.0,11.0112,-0.17387,1.1472,1.0986,0.0332546046025618,-0.2016,-0.2008,0.0007382608555985,0.05385,0.0020549395036439,354.7681,369.9001,13.330470595600962,83.7445,73.2185,18.84236308038111,157.8727,5.019573292911369,15.7077,152.6202,3.2967818542826373,19.6166,152.9891,20.0956,3.187319775325629,0.8231789467381215,0.8104248375797132,0.0069840940238335,0.8138379090446394,0.0118009680208351,0.8187479416783928,0.0128665868004957,0.8104248375797132,0.0056182580940854,0.8138379090446394,0.7971018831771504,0.0138188901445329,0.8231789467381215,0.5129187748869795,0.0045416493000341,-0.3186
2.01,11.0112,-0.17387,1.1472,1.0986,0.0332546046025618,-0.2016,-0.2008,0.0007382608555985,0.05385,0.0020549395036439,354.7681,369.9001,13.330470595600962,83.7445,73.2185,18.84236308038111,157.8727,5.019573292911369,15.7077,152.6202,3.2967818542826373,19.6166,152.9891,20.0956,3.187319775325629,0.8231789467381215,0.8104248375797132,0.0069840940238335,0.8138379090446394,0.0118009680208351,0.8187479416783928,0.0128665868004957,0.8104248375797132,0.0056182580940854,0.8138379090446394,0.7971018831771504,0.0138188901445329,0.8231789467381215,0.5129187748869795,0.0045416493000341,-0.3186
3.33,11.0112,-0.17387,1.1472,1.0986,0.0332546046025618,-0.2016,-0.2008,0.0007382608555985,0.05385,0.0020549395036439,354.7681,369.9001,13.330470595600962,83.7445,73.2185,18.84236308038111,157.8727,5.019573292911369,15.7077,152.6202,3.2967818542826373,19.6166,152.9891,20.0956,3.187319775325629,0.8231789467381215,0.8104248375797132,0.0069840940238335,0.8138379090446394,0.0118009680208351,0.8187479416783928,0.0128665868004957,0.8104248375797132,0.0056182580940854,0.8138379090446394,0.7971018831771504,0.0138188901445329,0.8231789467381215,0.5129187748869795,0.0045416493000341,-0.3186
6.24,7.1686,-0.19743,1.413,1.413,0.0,-0.21146,-0.21146,0.0,-0.01885,0.0,361.4428,361.4428,0.0,39.667,39.667,0.0,56.1606,0.0,179.4228,56.1046,0.0,179.4567,56.1021,179.4687,0.0,0.7028831472111613,0.7320439507799167,0.0,0.7324331606838118,0.0,0.7329720667045896,0.0,0.7320439507799167,0.0,0.7324331606838118,0.7324331606838118,0.0,0.7028831472111613,0.5225891440376037,0.0,-0.3186
2.83,7.1686,-0.19743,1.413,1.413,0.0,-0.21146,-0.21146,0.0,-0.01885,0.0,361.4428,361.4428,0.0,39.667,39.667,0.0,56.1606,0.0,179.4228,56.1046,0.0,179.4567,56.1021,179.4687,0.0,0.7028831472111613,0.7320439507799167,0.0,0.7324331606838118,0.0,0.7329720667045896,0.0,0.7320439507799167,0.0,0.7324331606838118,0.7324331606838118,0.0,0.7028831472111613,0.5225891440376037,0.0,-0.3186
12.65,7.1686,-0.19743,1.413,1.413,0.0,-0.21146,-0.21146,0.0,-0.01885,0.0,361.4428,361.4428,0.0,39.667,39.667,0.0,56.1606,0.0,179.4228,56.1046,0.0,179.4567,56.1021,179.4687,0.0,0.7028831472111613,0.7320439507799167,0.0,0.7324331606838118,0.0,0.7329720667045896,0.0,0.7320439507799167,0.0,0.7324331606838118,0.7324331606838118,0.0,0.7028831472111613,0.5225891440376037,0.0,-0.3186
4.3,7.1686,-0.19743,1.413,1.413,0.0,-0.21146,-0.21146,0.0,-0.01885,0.0,361.4428,361.4428,0.0,39.667,39.667,0.0,56.1606,0.0,179.4228,56.1046,0.0,179.4567,56.1021,179.4687,0.0,0.7028831472111613,0.7320439507799167,0.0,0.7324331606838118,0.0,0.7329720667045896,0.0,0.7320439507799167,0.0,0.7324331606838118,0.7324331606838118,0.0,0.7028831472111613,0.5225891440376037,0.0,-0.3186
6.77,7.1686,-0.19743,1.413,1.413,0.0,-0.21146,-0.21146,0.0,-0.01885,0.0,361.4428,361.4428,0.0,39.667,39.667,0.0,56.1606,0.0,179.4228,56.1046,0.0,179.4567,56.1021,179.4687,0.0,0.7028831472111613,0.7320439507799167,0.0,0.7324331606838118,0.0,0.7329720667045896,0.0,0.7320439507799167,0.0,0.7324331606838118,0.7324331606838118,0.0,0.7028831472111613,0.5225891440376037,0.0,-0.3186
11.5,7.1686,-0.19743,1.413,1.413,0.0,-0.21146,-0.21146,0.0,-0.01885,0.0,361.4428,361.4428,0.0,39.667,39.667,0.0,56.1606,0.0,179.4228,56.1046,0.0,179.4567,56.1021,179.4687,0.0,0.7028831472111613,0.7320439507799167,0.0,0.7324331606838118,0.0,0.7329720667045896,0.0,0.7320439507799167,0.0,0.7324331606838118,0.7324331606838118,0.0,0.7028831472111613,0.5225891440376037,0.0,-0.3186
2.66,7.1686,-0.19743,1.413,1.413,0.0,-0.21146,-0.21146,0.0,-0.01885,0.0,361.4428,361.4428,0.0,39.667,39.667,0.0,56.1606,0.0,179.4228,56.1046,0.0,179.4567,56.1021,179.4687,0.0,0.7028831472111613,0.7320439507799167,0.0,0.7324331606838118,0.0,0.7329720667045896,0.0,0.7320439507799167,0.0,0.7324331606838118,0.7324331606838118,0.0,0.7028831472111613,0.5225891440376037,0.0,-0.3186
6.67,7.1686,-0.19743,1.413,1.413,0.0,-0.21146,-0.21146,0.0,-0.01885,0.0,361.4428,361.4428,0.0,39.667,39.667,0.0,56.1606,0.0,179.4228,56.1046,0.0,179.4567,56.1021,179.4687,0.0,0.7028831472111613,0.7320439507799167,0.0,0.7324331606838118,0.0,0.7329720667045896,0.0,0.7320439507799167,0.0,0.7324331606838118,0.7324331606838118,0.0,0.7028831472111613,0.5225891440376037,0.0,-0.3186
12.34,7.1686,-0.19743,1.413,1.413,0.0,-0.21146,-0.21146,0.0,-0.01885,0.0,361.4428,361.4428,0.0,39.667,39.667,0.0,56.1606,0.0,179.4228,56.1046,0.0,179.4567,56.1021,179.4687,0.0,0.7028831472111613,0.7320439507799167,0.0,0.7324331606838118,0.0,0.7329720667045896,0.0,0.7320439507799167,0.0,0.7324331606838118,0.7324331606838118,0.0,0.7028831472111613,0.5225891440376037,0.0,-0.3186
4.28,7.7731,-0.2019,1.413,1.413,0.0,-0.21146,-0.21146,0.0,-0.01885,0.0,361.4428,361.4428,0.0,39.667,39.667,0.0,56.1606,0.0,179.4228,56.1046,0.0,179.4567,56.1021,179.4687,0.0,0.7028831472111613,0.7320439507799167,0.0,0.7324331606838118,0.0,0.7329720667045896,0.0,0.7320439507799167,0.0,0.7324331606838118,0.7324331606838118,0.0,0.7028831472111613,0.5225891440376037,0.0,-0.3186
2.48,7.7731,-0.2019,1.413,1.413,0.0,-0.21146,-0.21146,0.0,-0.01885,0.0,361.4428,361.4428,0.0,39.667,39.667,0.0,56.1606,0.0,179.4228,56.1046,0.0,179.4567,56.1021,179.4687,0.0,0.7028831472111613,0.7320439507799167,0.0,0.7324331606838118,0.0,0.7329720667045896,0.0,0.7320439507799167,0.0,0.7324331606838118,0.7324331606838118,0.0,0.7028831472111613,0.5225891440376037,0.0,-0.3186
9.59,7.7731,-0.2019,1.413,1.413,0.0,-0.21146,-0.21146,0.0,-0.01885,0.0,361.4428,361.4428,0.0,39.667,39.667,0.0,56.1606,0.0,179.4228,56.1046,0.0,179.4567,56.1021,179.4687,0.0,0.7028831472111613,0.7320439507799167,0.0,0.7324331606838118,0.0,0.7329720667045896,0.0,0.7320439507799167,0.0,0.7324331606838118,0.7324331606838118,0.0,0.7028831472111613,0.5225891440376037,0.0,-0.3186
5.92,7.7731,-0.2019,1.413,1.413,0.0,-0.21146,-0.21146,0.0,-0.01885,0.0,361.4428,361.4428,0.0,39.667,39.667,0.0,56.1606,0.0,179.4228,56.1046,0.0,179.4567,56.1021,179.4687,0.0,0.7028831472111613,0.7320439507799167,0.0,0.7324331606838118,0.0,0.7329720667045896,0.0,0.7320439507799167,0.0,0.7324331606838118,0.7324331606838118,0.0,0.7028831472111613,0.5225891440376037,0.0,-0.3186
6.78,7.7731,-0.2019,1.413,1.413,0.0,-0.21146,-0.21146,0.0,-0.01885,0.0,361.4428,361.4428,0.0,39.667,39.667,0.0,56.1606,0.0,179.4228,56.1046,0.0,179.4567,56.1021,179.4687,0.0,0.7028831472111613,0.7320439507799167,0.0,0.7324331606838118,0.0,0.7329720667045896,0.0,0.7320439507799167,0.0,0.7324331606838118,0.7324331606838118,0.0,0.7028831472111613,0.5225891440376037,0.0,-0.3186
12.19,7.7731,-0.2019,1.413,1.413,0.0,-0.21146,-0.21146,0.0,-0.01885,0.0,361.4428,361.4428,0.0,39.667,39.667,0.0,56.1606,0.0,179.4228,56.1046,0.0,179.4567,56.1021,179.4687,0.0,0.7028831472111613,0.7320439507799167,0.0,0.7324331606838118,0.0,0.7329720667045896,0.0,0.7320439507799167,0.0,0.7324331606838118,0.7324331606838118,0.0,0.7028831472111613,0.5225891440376037,0.0,-0.3186
0.85,7.7731,-0.2019,1.413,1.413,0.0,-0.21146,-0.21146,0.0,-0.01885,0.0,361.4428,361.4428,0.0,39.667,39.667,0.0,56.1606,0.0,179.4228,56.1046,0.0,179.4567,56.1021,179.4687,0.0,0.7028831472111613,0.7320439507799167,0.0,0.7324331606838118,0.0,0.7329720667045896,0.0,0.7320439507799167,0.0,0.7324331606838118,0.7324331606838118,0.0,0.7028831472111613,0.5225891440376037,0.0,-0.3186
7.88,7.7731,-0.2019,1.413,1.413,0.0,-0.21146,-0.21146,0.0,-0.01885,0.0,361.4428,361.4428,0.0,39.667,39.667,0.0,56.1606,0.0,179.4228,56.1046,0.0,179.4567,56.1021,179.4687,0.0,0.7028831472111613,0.7320439507799167,0.0,0.7324331606838118,0.0,0.7329720667045896,0.0,0.7320439507799167,0.0,0.7324331606838118,0.7324331606838118,0.0,0.7028831472111613,0.5225891440376037,0.0,-0.3186
15.64,7.7731,-0.2019,1.413,1.413,0.0,-0.21146,-0.21146,0.0,-0.01885,0.0,361.4428,361.4428,0.0,39.667,39.667,0.0,56.1606,0.0,179.4228,56.1046,0.0,179.4567,56.1021,179.4687,0.0,0.7028831472111613,0.7320439507799167,0.0,0.7324331606838118,0.0,0.7329720667045896,0.0,0.7320439507799167,0.0,0.7324331606838118,0.7324331606838118,0.0,0.7028831472111613,0.5225891440376037,0.0,-0.3186
3.21,10.1478,-0.16646,1.413,1.413,0.0,-0.21146,-0.21146,0.0,-0.01885,0.0,361.4428,361.4428,0.0,39.667,39.667,0.0,56.1606,0.0,179.4228,56.1046,0.0,179.4567,56.1021,179.4687,0.0,0.7028831472111613,0.7320439507799167,0.0,0.7324331606838118,0.0,0.7329720667045896,0.0,0.7320439507799167,0.0,0.7324331606838118,0.7324331606838118,0.0,0.7028831472111613,0.5225891440376037,0.0,-0.3186
5.8,10.1478,-0.16646,1.413,1.413,0.0,-0.21146,-0.21146,0.0,-0.01885,0.0,361.4428,361.4428,0.0,39.667,39.667,0.0,56.1606,0.0,179.4228,56.1046,0.0,179.4567,56.1021,179.4687,0.0,0.7028831472111613,0.7320439507799167,0.0,0.7324331606838118,0.0,0.7329720667045896,0.0,0.7320439507799167,0.0,0.7324331606838118,0.7324331606838118,0.0,0.7028831472111613,0.5225891440376037,0.0,-0.3186
13.09,10.1478,-0.16646,1.413,1.413,0.0,-0.21146,-0.21146,0.0,-0.01885,0.0,361.4428,361.4428,0.0,39.667,39.667,0.0,56.1606,0.0,179.4228,56.1046,0.0,179.4567,56.1021,179.4687,0.0,0.7028831472111613,0.7320439507799167,0.0,0.7324331606838118,0.0,0.7329720667045896,0.0,0.7320439507799167,0.0,0.7324331606838118,0.7324331606838118,0.0,0.7028831472111613,0.5225891440376037,0.0,-0.3186
6.56,10.1478,-0.16646,1.413,1.413,0.0,-0.21146,-0.21146,0.0,-0.01885,0.0,361.4428,361.4428,0.0,39.667,39.667,0.0,56.1606,0.0,179.4228,56.1046,0.0,179.4567,56.1021,179.4687,0.0,0.7028831472111613,0.7320439507799167,0.0,0.7324331606838118,0.0,0.7329720667045896,0.0,0.7320439507799167,0.0,0.7324331606838118,0.7324331606838118,0.0,0.7028831472111613,0.5225891440376037,0.0,-0.3186
9.16,10.1478,-0.16646,1.413,1.413,0.0,-0.21146,-0.21146,0.0,-0.01885,0.0,361.4428,361.4428,0.0,39.667,39.667,0.0,56.1606,0.0,179.4228,56.1046,0.0,179.4567,56.1021,179.4687,0.0,0.7028831472111613,0.7320439507799167,0.0,0.7324331606838118,0.0,0.7329720667045896,0.0,0.7320439507799167,0.0,0.7324331606838118,0.7324331606838118,0.0,0.7028831472111613,0.5225891440376037,0.0,-0.3186
11.19,10.1478,-0.16646,1.413,1.413,0.0,-0.21146,-0.21146,0.0,-0.01885,0.0,361.4428,361.4428,0.0,39.667,39.667,0.0,56.1606,0.0,179.4228,56.1046,0.0,179.4567,56.1021,179.4687,0.0,0.7028831472111613,0.7320439507799167,0.0,0.7324331606838118,0.0,0.7329720667045896,0.0,0.7320439507799167,0.0,0.7324331606838118,0.7324331606838118,0.0,0.7028831472111613,0.5225891440376037,0.0,-0.3186
0.0,10.1478,-0.16646,1.413,1.413,0.0,-0.21146,-0.21146,0.0,-0.01885,0.0,361.4428,361.4428,0.0,39.667,39.667,0.0,56.1606,0.0,179.4228,56.1046,0.0,179.4567,56.1021,179.4687,0.0,0.7028831472111613,0.7320439507799167,0.0,0.7324331606838118,0.0,0.7329720667045896,0.0,0.7320439507799167,0.0,0.7324331606838118,0.7324331606838118,0.0,0.7028831472111613,0.5225891440376037,0.0,-0.3186
5.55,10.1478,-0.16646,1.413,1.413,0.0,-0.21146,-0.21146,0.0,-0.01885,0.0,361.4428,361.4428,0.0,39.667,39.667,0.0,56.1606,0.0,179.4228,56.1046,0.0,179.4567,56.1021,179.4687,0.0,0.7028831472111613,0.7320439507799167,0.0,0.7324331606838118,0.0,0.7329720667045896,0.0,0.7320439507799167,0.0,0.7324331606838118,0.7324331606838118,0.0,0.7028831472111613,0.5225891440376037,0.0,-0.3186
19.64,10.1478,-0.16646,1.413,1.413,0.0,-0.21146,-0.21146,0.0,-0.01885,0.0,361.4428,361.4428,0.0,39.667,39.667,0.0,56.1606,0.0,179.4228,56.1046,0.0,179.4567,56.1021,179.4687,0.0,0.7028831472111613,0.7320439507799167,0.0,0.7324331606838118,0.0,0.7329720667045896,0.0,0.7320439507799167,0.0,0.7324331606838118,0.7324331606838118,0.0,0.7028831472111613,0.5225891440376037,0.0,-0.3186
3.44,11.0112,-0.17387,1.413,1.413,0.0,-0.21146,-0.21146,0.0,-0.01885,0.0,361.4428,361.4428,0.0,39.667,39.667,0.0,56.1606,0.0,179.4228,56.1046,0.0,179.4567,56.1021,179.4687,0.0,0.7028831472111613,0.7320439507799167,0.0,0.7324331606838118,0.0,0.7329720667045896,0.0,0.7320439507799167,0.0,0.7324331606838118,0.7324331606838118,0.0,0.7028831472111613,0.5225891440376037,0.0,-0.3186
1.9,11.0112,-0.17387,1.413,1.413,0.0,-0.21146,-0.21146,0.0,-0.01885,0.0,361.4428,361.4428,0.0,39.667,39.667,0.0,56.1606,0.0,179.4228,56.1046,0.0,179.4567,56.1021,179.4687,0.0,0.7028831472111613,0.7320439507799167,0.0,0.7324331606838118,0.0,0.7329720667045896,0.0,0.7320439507799167,0.0,0.7324331606838118,0.7324331606838118,0.0,0.7028831472111613,0.5225891440376037,0.0,-0.3186
7.36,11.0112,-0.17387,1.413,1.413,0.0,-0.21146,-0.21146,0.0,-0.01885,0.0,361.4428,361.4428,0.0,39.667,39.667,0.0,56.1606,0.0,179.4228,56.1046,0.0,179.4567,56.1021,179.4687,0.0,0.7028831472111613,0.7320439507799167,0.0,0.7324331606838118,0.0,0.7329720667045896,0.0,0.7320439507799167,0.0,0.7324331606838118,0.7324331606838118,0.0,0.7028831472111613,0.5225891440376037,0.0,-0.3186
5.19,11.0112,-0.17387,1.413,1.413,0.0,-0.21146,-0.21146,0.0,-0.01885,0.0,361.4428,361.4428,0.0,39.667,39.667,0.0,56.1606,0.0,179.4228,56.1046,0.0,179.4567,56.1021,179.4687,0.0,0.7028831472111613,0.7320439507799167,0.0,0.7324331606838118,0.0,0.7329720667045896,0.0,0.7320439507799167,0.0,0.7324331606838118,0.7324331606838118,0.0,0.7028831472111613,0.5225891440376037,0.0,-0.3186
6.51,11.0112,-0.17387,1.413,1.413,0.0,-0.21146,-0.21146,0.0,-0.01885,0.0,361.4428,361.4428,0.0,39.667,39.667,0.0,56.1606,0.0,179.4228,56.1046,0.0,179.4567,56.1021,179.4687,0.0,0.7028831472111613,0.7320439507799167,0.0,0.7324331606838118,0.0,0.7329720667045896,0.0,0.7320439507799167,0.0,0.7324331606838118,0.7324331606838118,0.0,0.7028831472111613,0.5225891440376037,0.0,-0.3186
9.46,11.0112,-0.17387,1.413,1.413,0.0,-0.21146,-0.21146,0.0,-0.01885,0.0,361.4428,361.4428,0.0,39.667,39.667,0.0,56.1606,0.0,179.4228,56.1046,0.0,179.4567,56.1021,179.4687,0.0,0.7028831472111613,0.7320439507799167,0.0,0.7324331606838118,0.0,0.7329720667045896,0.0,0.7320439507799167,0.0,0.7324331606838118,0.7324331606838118,0.0,0.7028831472111613,0.5225891440376037,0.0,-0.3186
2.53,11.0112,-0.17387,1.413,1.413,0.0,-0.21146,-0.21146,0.0,-0.01885,0.0,361.4428,361.4428,0.0,39.667,39.667,0.0,56.1606,0.0,179.4228,56.1046,0.0,179.4567,56.1021,179.4687,0.0,0.7028831472111613,0.7320439507799167,0.0,0.7324331606838118,0.0,0.7329720667045896,0.0,0.7320439507799167,0.0,0.7324331606838118,0.7324331606838118,0.0,0.7028831472111613,0.5225891440376037,0.0,-0.3186
4.1,11.0112,-0.17387,1.413,1.413,0.0,-0.21146,-0.21146,0.0,-0.01885,0.0,361.4428,361.4428,0.0,39.667,39.667,0.0,56.1606,0.0,179.4228,56.1046,0.0,179.4567,56.1021,179.4687,0.0,0.7028831472111613,0.7320439507799167,0.0,0.7324331606838118,0.0,0.7329720667045896,0.0,0.7320439507799167,0.0,0.7324331606838118,0.7324331606838118,0.0,0.7028831472111613,0.5225891440376037,0.0,-0.3186
6.1,11.0112,-0.17387,1.413,1.413,0.0,-0.21146,-0.21146,0.0,-0.01885,0.0,361.4428,361.4428,0.0,39.667,39.667,0.0,56.1606,0.0,179.4228,56.1046,0.0,179.4567,56.1021,179.4687,0.0,0.7028831472111613,0.7320439507799167,0.0,0.7324331606838118,0.0,0.7329720667045896,0.0,0.7320439507799167,0.0,0.7324331606838118,0.7324331606838118,0.0,0.7028831472111613,0.5225891440376037,0.0,-0.3186
47.3,7.1686,-0.19743,1.0935,0.9283,0.0971362433021055,-0.20155,-0.19721,0.0032312838403515,-0.0138,0.0024626037025976,358.6186,336.0617,19.96752004577877,63.524,52.288,11.526095462392362,52.6306,1.2062278029823994,179.6306,157.2257,4.79223079534879,13.8836,151.933,21.9405,5.6734377040920645,0.8281189185952516,0.8438370108679379,0.0147870026560164,0.8263225651926589,0.0100367415902332,0.8206341127511152,0.0128719983958064,0.5313313972635549,0.0159419143824157,0.5294452261908326,0.5903715457621029,0.0272390268189839,0.8281189185952516,0.4858836561779587,0.0538216911651726,-0.3186
26.5,7.1686,-0.19743,1.0935,0.9283,0.0971362433021055,-0.20155,-0.19721,0.0032312838403515,-0.0138,0.0024626037025976,358.6186,336.0617,19.96752004577877,63.524,52.288,11.526095462392362,52.6306,1.2062278029823994,179.6306,157.2257,4.79223079534879,13.8836,151.933,21.9405,5.6734377040920645,0.8281189185952516,0.8438370108679379,0.0147870026560164,0.8263225651926589,0.0100367415902332,0.8206341127511152,0.0128719983958064,0.5313313972635549,0.0159419143824157,0.5294452261908326,0.5903715457621029,0.0272390268189839,0.8281189185952516,0.4858836561779587,0.0538216911651726,-0.3186
56.57,7.1686,-0.19743,1.0935,0.9283,0.0971362433021055,-0.20155,-0.19721,0.0032312838403515,-0.0138,0.0024626037025976,358.6186,336.0617,19.96752004577877,63.524,52.288,11.526095462392362,52.6306,1.2062278029823994,179.6306,157.2257,4.79223079534879,13.8836,151.933,21.9405,5.6734377040920645,0.8281189185952516,0.8438370108679379,0.0147870026560164,0.8263225651926589,0.0100367415902332,0.8206341127511152,0.0128719983958064,0.5313313972635549,0.0159419143824157,0.5294452261908326,0.5903715457621029,0.0272390268189839,0.8281189185952516,0.4858836561779587,0.0538216911651726,-0.3186
18.72,7.1686,-0.19743,1.0935,0.9283,0.0971362433021055,-0.20155,-0.19721,0.0032312838403515,-0.0138,0.0024626037025976,358.6186,336.0617,19.96752004577877,63.524,52.288,11.526095462392362,52.6306,1.2062278029823994,179.6306,157.2257,4.79223079534879,13.8836,151.933,21.9405,5.6734377040920645,0.8281189185952516,0.8438370108679379,0.0147870026560164,0.8263225651926589,0.0100367415902332,0.8206341127511152,0.0128719983958064,0.5313313972635549,0.0159419143824157,0.5294452261908326,0.5903715457621029,0.0272390268189839,0.8281189185952516,0.4858836561779587,0.0538216911651726,-0.3186
12.54,7.1686,-0.19743,1.0935,0.9283,0.0971362433021055,-0.20155,-0.19721,0.0032312838403515,-0.0138,0.0024626037025976,358.6186,336.0617,19.96752004577877,63.524,52.288,11.526095462392362,52.6306,1.2062278029823994,179.6306,157.2257,4.79223079534879,13.8836,151.933,21.9405,5.6734377040920645,0.8281189185952516,0.8438370108679379,0.0147870026560164,0.8263225651926589,0.0100367415902332,0.8206341127511152,0.0128719983958064,0.5313313972635549,0.0159419143824157,0.5294452261908326,0.5903715457621029,0.0272390268189839,0.8281189185952516,0.4858836561779587,0.0538216911651726,-0.3186
43.22,7.1686,-0.19743,1.0935,0.9283,0.0971362433021055,-0.20155,-0.19721,0.0032312838403515,-0.0138,0.0024626037025976,358.6186,336.0617,19.96752004577877,63.524,52.288,11.526095462392362,52.6306,1.2062278029823994,179.6306,157.2257,4.79223079534879,13.8836,151.933,21.9405,5.6734377040920645,0.8281189185952516,0.8438370108679379,0.0147870026560164,0.8263225651926589,0.0100367415902332,0.8206341127511152,0.0128719983958064,0.5313313972635549,0.0159419143824157,0.5294452261908326,0.5903715457621029,0.0272390268189839,0.8281189185952516,0.4858836561779587,0.0538216911651726,-0.3186
32.5,7.1686,-0.19743,1.0935,0.9283,0.0971362433021055,-0.20155,-0.19721,0.0032312838403515,-0.0138,0.0024626037025976,358.6186,336.0617,19.96752004577877,63.524,52.288,11.526095462392362,52.6306,1.2062278029823994,179.6306,157.2257,4.79223079534879,13.8836,151.933,21.9405,5.6734377040920645,0.8281189185952516,0.8438370108679379,0.0147870026560164,0.8263225651926589,0.0100367415902332,0.8206341127511152,0.0128719983958064,0.5313313972635549,0.0159419143824157,0.5294452261908326,0.5903715457621029,0.0272390268189839,0.8281189185952516,0.4858836561779587,0.0538216911651726,-0.3186
75.39,7.1686,-0.19743,1.0935,0.9283,0.0971362433021055,-0.20155,-0.19721,0.0032312838403515,-0.0138,0.0024626037025976,358.6186,336.0617,19.96752004577877,63.524,52.288,11.526095462392362,52.6306,1.2062278029823994,179.6306,157.2257,4.79223079534879,13.8836,151.933,21.9405,5.6734377040920645,0.8281189185952516,0.8438370108679379,0.0147870026560164,0.8263225651926589,0.0100367415902332,0.8206341127511152,0.0128719983958064,0.5313313972635549,0.0159419143824157,0.5294452261908326,0.5903715457621029,0.0272390268189839,0.8281189185952516,0.4858836561779587,0.0538216911651726,-0.3186
78.6,7.1686,-0.19743,1.0935,0.9283,0.0971362433021055,-0.20155,-0.19721,0.0032312838403515,-0.0138,0.0024626037025976,358.6186,336.0617,19.96752004577877,63.524,52.288,11.526095462392362,52.6306,1.2062278029823994,179.6306,157.2257,4.79223079534879,13.8836,151.933,21.9405,5.6734377040920645,0.8281189185952516,0.8438370108679379,0.0147870026560164,0.8263225651926589,0.0100367415902332,0.8206341127511152,0.0128719983958064,0.5313313972635549,0.0159419143824157,0.5294452261908326,0.5903715457621029,0.0272390268189839,0.8281189185952516,0.4858836561779587,0.0538216911651726,-0.3186
56.14,7.7731,-0.2019,1.0935,0.9283,0.0971362433021055,-0.20155,-0.19721,0.0032312838403515,-0.0138,0.0024626037025976,358.6186,336.0617,19.96752004577877,63.524,52.288,11.526095462392362,52.6306,1.2062278029823994,179.6306,157.2257,4.79223079534879,13.8836,151.933,21.9405,5.6734377040920645,0.8281189185952516,0.8438370108679379,0.0147870026560164,0.8263225651926589,0.0100367415902332,0.8206341127511152,0.0128719983958064,0.5313313972635549,0.0159419143824157,0.5294452261908326,0.5903715457621029,0.0272390268189839,0.8281189185952516,0.4858836561779587,0.0538216911651726,-0.3186
45.95,7.7731,-0.2019,1.0935,0.9283,0.0971362433021055,-0.20155,-0.19721,0.0032312838403515,-0.0138,0.0024626037025976,358.6186,336.0617,19.96752004577877,63.524,52.288,11.526095462392362,52.6306,1.2062278029823994,179.6306,157.2257,4.79223079534879,13.8836,151.933,21.9405,5.6734377040920645,0.8281189185952516,0.8438370108679379,0.0147870026560164,0.8263225651926589,0.0100367415902332,0.8206341127511152,0.0128719983958064,0.5313313972635549,0.0159419143824157,0.5294452261908326,0.5903715457621029,0.0272390268189839,0.8281189185952516,0.4858836561779587,0.0538216911651726,-0.3186
50.93,7.7731,-0.2019,1.0935,0.9283,0.0971362433021055,-0.20155,-0.19721,0.0032312838403515,-0.0138,0.0024626037025976,358.6186,336.0617,19.96752004577877,63.524,52.288,11.526095462392362,52.6306,1.2062278029823994,179.6306,157.2257,4.79223079534879,13.8836,151.933,21.9405,5.6734377040920645,0.8281189185952516,0.8438370108679379,0.0147870026560164,0.8263225651926589,0.0100367415902332,0.8206341127511152,0.0128719983958064,0.5313313972635549,0.0159419143824157,0.5294452261908326,0.5903715457621029,0.0272390268189839,0.8281189185952516,0.4858836561779587,0.0538216911651726,-0.3186
30.83,7.7731,-0.2019,1.0935,0.9283,0.0971362433021055,-0.20155,-0.19721,0.0032312838403515,-0.0138,0.0024626037025976,358.6186,336.0617,19.96752004577877,63.524,52.288,11.526095462392362,52.6306,1.2062278029823994,179.6306,157.2257,4.79223079534879,13.8836,151.933,21.9405,5.6734377040920645,0.8281189185952516,0.8438370108679379,0.0147870026560164,0.8263225651926589,0.0100367415902332,0.8206341127511152,0.0128719983958064,0.5313313972635549,0.0159419143824157,0.5294452261908326,0.5903715457621029,0.0272390268189839,0.8281189185952516,0.4858836561779587,0.0538216911651726,-0.3186
31.13,7.7731,-0.2019,1.0935,0.9283,0.0971362433021055,-0.20155,-0.19721,0.0032312838403515,-0.0138,0.0024626037025976,358.6186,336.0617,19.96752004577877,63.524,52.288,11.526095462392362,52.6306,1.2062278029823994,179.6306,157.2257,4.79223079534879,13.8836,151.933,21.9405,5.6734377040920645,0.8281189185952516,0.8438370108679379,0.0147870026560164,0.8263225651926589,0.0100367415902332,0.8206341127511152,0.0128719983958064,0.5313313972635549,0.0159419143824157,0.5294452261908326,0.5903715457621029,0.0272390268189839,0.8281189185952516,0.4858836561779587,0.0538216911651726,-0.3186
27.8,7.7731,-0.2019,1.0935,0.9283,0.0971362433021055,-0.20155,-0.19721,0.0032312838403515,-0.0138,0.0024626037025976,358.6186,336.0617,19.96752004577877,63.524,52.288,11.526095462392362,52.6306,1.2062278029823994,179.6306,157.2257,4.79223079534879,13.8836,151.933,21.9405,5.6734377040920645,0.8281189185952516,0.8438370108679379,0.0147870026560164,0.8263225651926589,0.0100367415902332,0.8206341127511152,0.0128719983958064,0.5313313972635549,0.0159419143824157,0.5294452261908326,0.5903715457621029,0.0272390268189839,0.8281189185952516,0.4858836561779587,0.0538216911651726,-0.3186
33.95,7.7731,-0.2019,1.0935,0.9283,0.0971362433021055,-0.20155,-0.19721,0.0032312838403515,-0.0138,0.0024626037025976,358.6186,336.0617,19.96752004577877,63.524,52.288,11.526095462392362,52.6306,1.2062278029823994,179.6306,157.2257,4.79223079534879,13.8836,151.933,21.9405,5.6734377040920645,0.8281189185952516,0.8438370108679379,0.0147870026560164,0.8263225651926589,0.0100367415902332,0.8206341127511152,0.0128719983958064,0.5313313972635549,0.0159419143824157,0.5294452261908326,0.5903715457621029,0.0272390268189839,0.8281189185952516,0.4858836561779587,0.0538216911651726,-0.3186
73.33,7.7731,-0.2019,1.0935,0.9283,0.0971362433021055,-0.20155,-0.19721,0.0032312838403515,-0.0138,0.0024626037025976,358.6186,336.0617,19.96752004577877,63.524,52.288,11.526095462392362,52.6306,1.2062278029823994,179.6306,157.2257,4.79223079534879,13.8836,151.933,21.9405,5.6734377040920645,0.8281189185952516,0.8438370108679379,0.0147870026560164,0.8263225651926589,0.0100367415902332,0.8206341127511152,0.0128719983958064,0.5313313972635549,0.0159419143824157,0.5294452261908326,0.5903715457621029,0.0272390268189839,0.8281189185952516,0.4858836561779587,0.0538216911651726,-0.3186
71.43,7.7731,-0.2019,1.0935,0.9283,0.0971362433021055,-0.20155,-0.19721,0.0032312838403515,-0.0138,0.0024626037025976,358.6186,336.0617,19.96752004577877,63.524,52.288,11.526095462392362,52.6306,1.2062278029823994,179.6306,157.2257,4.79223079534879,13.8836,151.933,21.9405,5.6734377040920645,0.8281189185952516,0.8438370108679379,0.0147870026560164,0.8263225651926589,0.0100367415902332,0.8206341127511152,0.0128719983958064,0.5313313972635549,0.0159419143824157,0.5294452261908326,0.5903715457621029,0.0272390268189839,0.8281189185952516,0.4858836561779587,0.0538216911651726,-0.3186
83.83,10.1478,-0.16646,1.0935,0.9283,0.0971362433021055,-0.20155,-0.19721,0.0032312838403515,-0.0138,0.0024626037025976,358.6186,336.0617,19.96752004577877,63.524,52.288,11.526095462392362,52.6306,1.2062278029823994,179.6306,157.2257,4.79223079534879,13.8836,151.933,21.9405,5.6734377040920645,0.8281189185952516,0.8438370108679379,0.0147870026560164,0.8263225651926589,0.0100367415902332,0.8206341127511152,0.0128719983958064,0.5313313972635549,0.0159419143824157,0.5294452261908326,0.5903715457621029,0.0272390268189839,0.8281189185952516,0.4858836561779587,0.0538216911651726,-0.3186
86.37,10.1478,-0.16646,1.0935,0.9283,0.0971362433021055,-0.20155,-0.19721,0.0032312838403515,-0.0138,0.0024626037025976,358.6186,336.0617,19.96752004577877,63.524,52.288,11.526095462392362,52.6306,1.2062278029823994,179.6306,157.2257,4.79223079534879,13.8836,151.933,21.9405,5.6734377040920645,0.8281189185952516,0.8438370108679379,0.0147870026560164,0.8263225651926589,0.0100367415902332,0.8206341127511152,0.0128719983958064,0.5313313972635549,0.0159419143824157,0.5294452261908326,0.5903715457621029,0.0272390268189839,0.8281189185952516,0.4858836561779587,0.0538216911651726,-0.3186
84.17,10.1478,-0.16646,1.0935,0.9283,0.0971362433021055,-0.20155,-0.19721,0.0032312838403515,-0.0138,0.0024626037025976,358.6186,336.0617,19.96752004577877,63.524,52.288,11.526095462392362,52.6306,1.2062278029823994,179.6306,157.2257,4.79223079534879,13.8836,151.933,21.9405,5.6734377040920645,0.8281189185952516,0.8438370108679379,0.0147870026560164,0.8263225651926589,0.0100367415902332,0.8206341127511152,0.0128719983958064,0.5313313972635549,0.0159419143824157,0.5294452261908326,0.5903715457621029,0.0272390268189839,0.8281189185952516,0.4858836561779587,0.0538216911651726,-0.3186
72.9,10.1478,-0.16646,1.0935,0.9283,0.0971362433021055,-0.20155,-0.19721,0.0032312838403515,-0.0138,0.0024626037025976,358.6186,336.0617,19.96752004577877,63.524,52.288,11.526095462392362,52.6306,1.2062278029823994,179.6306,157.2257,4.79223079534879,13.8836,151.933,21.9405,5.6734377040920645,0.8281189185952516,0.8438370108679379,0.0147870026560164,0.8263225651926589,0.0100367415902332,0.8206341127511152,0.0128719983958064,0.5313313972635549,0.0159419143824157,0.5294452261908326,0.5903715457621029,0.0272390268189839,0.8281189185952516,0.4858836561779587,0.0538216911651726,-0.3186
72.89,10.1478,-0.16646,1.0935,0.9283,0.0971362433021055,-0.20155,-0.19721,0.0032312838403515,-0.0138,0.0024626037025976,358.6186,336.0617,19.96752004577877,63.524,52.288,11.526095462392362,52.6306,1.2062278029823994,179.6306,157.2257,4.79223079534879,13.8836,151.933,21.9405,5.6734377040920645,0.8281189185952516,0.8438370108679379,0.0147870026560164,0.8263225651926589,0.0100367415902332,0.8206341127511152,0.0128719983958064,0.5313313972635549,0.0159419143824157,0.5294452261908326,0.5903715457621029,0.0272390268189839,0.8281189185952516,0.4858836561779587,0.0538216911651726,-0.3186
72.21,10.1478,-0.16646,1.0935,0.9283,0.0971362433021055,-0.20155,-0.19721,0.0032312838403515,-0.0138,0.0024626037025976,358.6186,336.0617,19.96752004577877,63.524,52.288,11.526095462392362,52.6306,1.2062278029823994,179.6306,157.2257,4.79223079534879,13.8836,151.933,21.9405,5.6734377040920645,0.8281189185952516,0.8438370108679379,0.0147870026560164,0.8263225651926589,0.0100367415902332,0.8206341127511152,0.0128719983958064,0.5313313972635549,0.0159419143824157,0.5294452261908326,0.5903715457621029,0.0272390268189839,0.8281189185952516,0.4858836561779587,0.0538216911651726,-0.3186
0.0,10.1478,-0.16646,1.0935,0.9283,0.0971362433021055,-0.20155,-0.19721,0.0032312838403515,-0.0138,0.0024626037025976,358.6186,336.0617,19.96752004577877,63.524,52.288,11.526095462392362,52.6306,1.2062278029823994,179.6306,157.2257,4.79223079534879,13.8836,151.933,21.9405,5.6734377040920645,0.8281189185952516,0.8438370108679379,0.0147870026560164,0.8263225651926589,0.0100367415902332,0.8206341127511152,0.0128719983958064,0.5313313972635549,0.0159419143824157,0.5294452261908326,0.5903715457621029,0.0272390268189839,0.8281189185952516,0.4858836561779587,0.0538216911651726,-0.3186
84.62,10.1478,-0.16646,1.0935,0.9283,0.0971362433021055,-0.20155,-0.19721,0.0032312838403515,-0.0138,0.0024626037025976,358.6186,336.0617,19.96752004577877,63.524,52.288,11.526095462392362,52.6306,1.2062278029823994,179.6306,157.2257,4.79223079534879,13.8836,151.933,21.9405,5.6734377040920645,0.8281189185952516,0.8438370108679379,0.0147870026560164,0.8263225651926589,0.0100367415902332,0.8206341127511152,0.0128719983958064,0.5313313972635549,0.0159419143824157,0.5294452261908326,0.5903715457621029,0.0272390268189839,0.8281189185952516,0.4858836561779587,0.0538216911651726,-0.3186
77.01,10.1478,-0.16646,1.0935,0.9283,0.0971362433021055,-0.20155,-0.19721,0.0032312838403515,-0.0138,0.0024626037025976,358.6186,336.0617,19.96752004577877,63.524,52.288,11.526095462392362,52.6306,1.2062278029823994,179.6306,157.2257,4.79223079534879,13.8836,151.933,21.9405,5.6734377040920645,0.8281189185952516,0.8438370108679379,0.0147870026560164,0.8263225651926589,0.0100367415902332,0.8206341127511152,0.0128719983958064,0.5313313972635549,0.0159419143824157,0.5294452261908326,0.5903715457621029,0.0272390268189839,0.8281189185952516,0.4858836561779587,0.0538216911651726,-0.3186
68.53,11.0112,-0.17387,1.0935,0.9283,0.0971362433021055,-0.20155,-0.19721,0.0032312838403515,-0.0138,0.0024626037025976,358.6186,336.0617,19.96752004577877,63.524,52.288,11.526095462392362,52.6306,1.2062278029823994,179.6306,157.2257,4.79223079534879,13.8836,151.933,21.9405,5.6734377040920645,0.8281189185952516,0.8438370108679379,0.0147870026560164,0.8263225651926589,0.0100367415902332,0.8206341127511152,0.0128719983958064,0.5313313972635549,0.0159419143824157,0.5294452261908326,0.5903715457621029,0.0272390268189839,0.8281189185952516,0.4858836561779587,0.0538216911651726,-0.3186
69.11,11.0112,-0.17387,1.0935,0.9283,0.0971362433021055,-0.20155,-0.19721,0.0032312838403515,-0.0138,0.0024626037025976,358.6186,336.0617,19.96752004577877,63.524,52.288,11.526095462392362,52.6306,1.2062278029823994,179.6306,157.2257,4.79223079534879,13.8836,151.933,21.9405,5.6734377040920645,0.8281189185952516,0.8438370108679379,0.0147870026560164,0.8263225651926589,0.0100367415902332,0.8206341127511152,0.0128719983958064,0.5313313972635549,0.0159419143824157,0.5294452261908326,0.5903715457621029,0.0272390268189839,0.8281189185952516,0.4858836561779587,0.0538216911651726,-0.3186
59.81,11.0112,-0.17387,1.0935,0.9283,0.0971362433021055,-0.20155,-0.19721,0.0032312838403515,-0.0138,0.0024626037025976,358.6186,336.0617,19.96752004577877,63.524,52.288,11.526095462392362,52.6306,1.2062278029823994,179.6306,157.2257,4.79223079534879,13.8836,151.933,21.9405,5.6734377040920645,0.8281189185952516,0.8438370108679379,0.0147870026560164,0.8263225651926589,0.0100367415902332,0.8206341127511152,0.0128719983958064,0.5313313972635549,0.0159419143824157,0.5294452261908326,0.5903715457621029,0.0272390268189839,0.8281189185952516,0.4858836561779587,0.0538216911651726,-0.3186
40.02,11.0112,-0.17387,1.0935,0.9283,0.0971362433021055,-0.20155,-0.19721,0.0032312838403515,-0.0138,0.0024626037025976,358.6186,336.0617,19.96752004577877,63.524,52.288,11.526095462392362,52.6306,1.2062278029823994,179.6306,157.2257,4.79223079534879,13.8836,151.933,21.9405,5.6734377040920645,0.8281189185952516,0.8438370108679379,0.0147870026560164,0.8263225651926589,0.0100367415902332,0.8206341127511152,0.0128719983958064,0.5313313972635549,0.0159419143824157,0.5294452261908326,0.5903715457621029,0.0272390268189839,0.8281189185952516,0.4858836561779587,0.0538216911651726,-0.3186
36.65,11.0112,-0.17387,1.0935,0.9283,0.0971362433021055,-0.20155,-0.19721,0.0032312838403515,-0.0138,0.0024626037025976,358.6186,336.0617,19.96752004577877,63.524,52.288,11.526095462392362,52.6306,1.2062278029823994,179.6306,157.2257,4.79223079534879,13.8836,151.933,21.9405,5.6734377040920645,0.8281189185952516,0.8438370108679379,0.0147870026560164,0.8263225651926589,0.0100367415902332,0.8206341127511152,0.0128719983958064,0.5313313972635549,0.0159419143824157,0.5294452261908326,0.5903715457621029,0.0272390268189839,0.8281189185952516,0.4858836561779587,0.0538216911651726,-0.3186
31.51,11.0112,-0.17387,1.0935,0.9283,0.0971362433021055,-0.20155,-0.19721,0.0032312838403515,-0.0138,0.0024626037025976,358.6186,336.0617,19.96752004577877,63.524,52.288,11.526095462392362,52.6306,1.2062278029823994,179.6306,157.2257,4.79223079534879,13.8836,151.933,21.9405,5.6734377040920645,0.8281189185952516,0.8438370108679379,0.0147870026560164,0.8263225651926589,0.0100367415902332,0.8206341127511152,0.0128719983958064,0.5313313972635549,0.0159419143824157,0.5294452261908326,0.5903715457621029,0.0272390268189839,0.8281189185952516,0.4858836561779587,0.0538216911651726,-0.3186
75.4,11.0112,-0.17387,1.0935,0.9283,0.0971362433021055,-0.20155,-0.19721,0.0032312838403515,-0.0138,0.0024626037025976,358.6186,336.0617,19.96752004577877,63.524,52.288,11.526095462392362,52.6306,1.2062278029823994,179.6306,157.2257,4.79223079534879,13.8836,151.933,21.9405,5.6734377040920645,0.8281189185952516,0.8438370108679379,0.0147870026560164,0.8263225651926589,0.0100367415902332,0.8206341127511152,0.0128719983958064,0.5313313972635549,0.0159419143824157,0.5294452261908326,0.5903715457621029,0.0272390268189839,0.8281189185952516,0.4858836561779587,0.0538216911651726,-0.3186
79.76,11.0112,-0.17387,1.0935,0.9283,0.0971362433021055,-0.20155,-0.19721,0.0032312838403515,-0.0138,0.0024626037025976,358.6186,336.0617,19.96752004577877,63.524,52.288,11.526095462392362,52.6306,1.2062278029823994,179.6306,157.2257,4.79223079534879,13.8836,151.933,21.9405,5.6734377040920645,0.8281189185952516,0.8438370108679379,0.0147870026560164,0.8263225651926589,0.0100367415902332,0.8206341127511152,0.0128719983958064,0.5313313972635549,0.0159419143824157,0.5294452261908326,0.5903715457621029,0.0272390268189839,0.8281189185952516,0.4858836561779587,0.0538216911651726,-0.3186
78.44,11.0112,-0.17387,1.0935,0.9283,0.0971362433021055,-0.20155,-0.19721,0.0032312838403515,-0.0138,0.0024626037025976,358.6186,336.0617,19.96752004577877,63.524,52.288,11.526095462392362,52.6306,1.2062278029823994,179.6306,157.2257,4.79223079534879,13.8836,151.933,21.9405,5.6734377040920645,0.8281189185952516,0.8438370108679379,0.0147870026560164,0.8263225651926589,0.0100367415902332,0.8206341127511152,0.0128719983958064,0.5313313972635549,0.0159419143824157,0.5294452261908326,0.5903715457621029,0.0272390268189839,0.8281189185952516,0.4858836561779587,0.0538216911651726,-0.3186
2.55,7.1686,-0.19743,1.5585,2.907,0.5227282460687342,-0.21471,-0.20896,0.0025049946297822,-0.01375,0.0017436163841963,455.7715,433.0188,9.259186830633208,30.8493,38.1079,4.788784023289659,44.1499,0.6233884925683728,85.3105,44.516,0.5453103989821723,90.9055,44.5165,90.9061,1.8914004817544456,0.6508787162061016,0.6750097302475973,0.0062560274078896,0.6712972665489056,0.0069748538525054,0.6711775096553995,0.0071035031411299,0.5886350708062633,0.0282908571877105,0.5886350708062633,0.5191161941259244,0.0383551063442057,0.6508787162061016,0.4547169246429747,0.0074964292052734,-0.3186
9.1,7.1686,-0.19743,1.5585,2.907,0.5227282460687342,-0.21471,-0.20896,0.0025049946297822,-0.01375,0.0017436163841963,455.7715,433.0188,9.259186830633208,30.8493,38.1079,4.788784023289659,44.1499,0.6233884925683728,85.3105,44.516,0.5453103989821723,90.9055,44.5165,90.9061,1.8914004817544456,0.6508787162061016,0.6750097302475973,0.0062560274078896,0.6712972665489056,0.0069748538525054,0.6711775096553995,0.0071035031411299,0.5886350708062633,0.0282908571877105,0.5886350708062633,0.5191161941259244,0.0383551063442057,0.6508787162061016,0.4547169246429747,0.0074964292052734,-0.3186
13.89,7.1686,-0.19743,1.5585,2.907,0.5227282460687342,-0.21471,-0.20896,0.0025049946297822,-0.01375,0.0017436163841963,455.7715,433.0188,9.259186830633208,30.8493,38.1079,4.788784023289659,44.1499,0.6233884925683728,85.3105,44.516,0.5453103989821723,90.9055,44.5165,90.9061,1.8914004817544456,0.6508787162061016,0.6750097302475973,0.0062560274078896,0.6712972665489056,0.0069748538525054,0.6711775096553995,0.0071035031411299,0.5886350708062633,0.0282908571877105,0.5886350708062633,0.5191161941259244,0.0383551063442057,0.6508787162061016,0.4547169246429747,0.0074964292052734,-0.3186
2.62,7.1686,-0.19743,1.5585,2.907,0.5227282460687342,-0.21471,-0.20896,0.0025049946297822,-0.01375,0.0017436163841963,455.7715,433.0188,9.259186830633208,30.8493,38.1079,4.788784023289659,44.1499,0.6233884925683728,85.3105,44.516,0.5453103989821723,90.9055,44.5165,90.9061,1.8914004817544456,0.6508787162061016,0.6750097302475973,0.0062560274078896,0.6712972665489056,0.0069748538525054,0.6711775096553995,0.0071035031411299,0.5886350708062633,0.0282908571877105,0.5886350708062633,0.5191161941259244,0.0383551063442057,0.6508787162061016,0.4547169246429747,0.0074964292052734,-0.3186
8.17,7.1686,-0.19743,1.5585,2.907,0.5227282460687342,-0.21471,-0.20896,0.0025049946297822,-0.01375,0.0017436163841963,455.7715,433.0188,9.259186830633208,30.8493,38.1079,4.788784023289659,44.1499,0.6233884925683728,85.3105,44.516,0.5453103989821723,90.9055,44.5165,90.9061,1.8914004817544456,0.6508787162061016,0.6750097302475973,0.0062560274078896,0.6712972665489056,0.0069748538525054,0.6711775096553995,0.0071035031411299,0.5886350708062633,0.0282908571877105,0.5886350708062633,0.5191161941259244,0.0383551063442057,0.6508787162061016,0.4547169246429747,0.0074964292052734,-0.3186
12.25,7.1686,-0.19743,1.5585,2.907,0.5227282460687342,-0.21471,-0.20896,0.0025049946297822,-0.01375,0.0017436163841963,455.7715,433.0188,9.259186830633208,30.8493,38.1079,4.788784023289659,44.1499,0.6233884925683728,85.3105,44.516,0.5453103989821723,90.9055,44.5165,90.9061,1.8914004817544456,0.6508787162061016,0.6750097302475973,0.0062560274078896,0.6712972665489056,0.0069748538525054,0.6711775096553995,0.0071035031411299,0.5886350708062633,0.0282908571877105,0.5886350708062633,0.5191161941259244,0.0383551063442057,0.6508787162061016,0.4547169246429747,0.0074964292052734,-0.3186
5.7,7.1686,-0.19743,1.5585,2.907,0.5227282460687342,-0.21471,-0.20896,0.0025049946297822,-0.01375,0.0017436163841963,455.7715,433.0188,9.259186830633208,30.8493,38.1079,4.788784023289659,44.1499,0.6233884925683728,85.3105,44.516,0.5453103989821723,90.9055,44.5165,90.9061,1.8914004817544456,0.6508787162061016,0.6750097302475973,0.0062560274078896,0.6712972665489056,0.0069748538525054,0.6711775096553995,0.0071035031411299,0.5886350708062633,0.0282908571877105,0.5886350708062633,0.5191161941259244,0.0383551063442057,0.6508787162061016,0.4547169246429747,0.0074964292052734,-0.3186
11.61,7.1686,-0.19743,1.5585,2.907,0.5227282460687342,-0.21471,-0.20896,0.0025049946297822,-0.01375,0.0017436163841963,455.7715,433.0188,9.259186830633208,30.8493,38.1079,4.788784023289659,44.1499,0.6233884925683728,85.3105,44.516,0.5453103989821723,90.9055,44.5165,90.9061,1.8914004817544456,0.6508787162061016,0.6750097302475973,0.0062560274078896,0.6712972665489056,0.0069748538525054,0.6711775096553995,0.0071035031411299,0.5886350708062633,0.0282908571877105,0.5886350708062633,0.5191161941259244,0.0383551063442057,0.6508787162061016,0.4547169246429747,0.0074964292052734,-0.3186
3.04,7.1686,-0.19743,1.5585,2.907,0.5227282460687342,-0.21471,-0.20896,0.0025049946297822,-0.01375,0.0017436163841963,455.7715,433.0188,9.259186830633208,30.8493,38.1079,4.788784023289659,44.1499,0.6233884925683728,85.3105,44.516,0.5453103989821723,90.9055,44.5165,90.9061,1.8914004817544456,0.6508787162061016,0.6750097302475973,0.0062560274078896,0.6712972665489056,0.0069748538525054,0.6711775096553995,0.0071035031411299,0.5886350708062633,0.0282908571877105,0.5886350708062633,0.5191161941259244,0.0383551063442057,0.6508787162061016,0.4547169246429747,0.0074964292052734,-0.3186
26.88,7.7731,-0.2019,1.5585,2.907,0.5227282460687342,-0.21471,-0.20896,0.0025049946297822,-0.01375,0.0017436163841963,455.7715,433.0188,9.259186830633208,30.8493,38.1079,4.788784023289659,44.1499,0.6233884925683728,85.3105,44.516,0.5453103989821723,90.9055,44.5165,90.9061,1.8914004817544456,0.6508787162061016,0.6750097302475973,0.0062560274078896,0.6712972665489056,0.0069748538525054,0.6711775096553995,0.0071035031411299,0.5886350708062633,0.0282908571877105,0.5886350708062633,0.5191161941259244,0.0383551063442057,0.6508787162061016,0.4547169246429747,0.0074964292052734,-0.3186
46.99,7.7731,-0.2019,1.5585,2.907,0.5227282460687342,-0.21471,-0.20896,0.0025049946297822,-0.01375,0.0017436163841963,455.7715,433.0188,9.259186830633208,30.8493,38.1079,4.788784023289659,44.1499,0.6233884925683728,85.3105,44.516,0.5453103989821723,90.9055,44.5165,90.9061,1.8914004817544456,0.6508787162061016,0.6750097302475973,0.0062560274078896,0.6712972665489056,0.0069748538525054,0.6711775096553995,0.0071035031411299,0.5886350708062633,0.0282908571877105,0.5886350708062633,0.5191161941259244,0.0383551063442057,0.6508787162061016,0.4547169246429747,0.0074964292052734,-0.3186
40.02,7.7731,-0.2019,1.5585,2.907,0.5227282460687342,-0.21471,-0.20896,0.0025049946297822,-0.01375,0.0017436163841963,455.7715,433.0188,9.259186830633208,30.8493,38.1079,4.788784023289659,44.1499,0.6233884925683728,85.3105,44.516,0.5453103989821723,90.9055,44.5165,90.9061,1.8914004817544456,0.6508787162061016,0.6750097302475973,0.0062560274078896,0.6712972665489056,0.0069748538525054,0.6711775096553995,0.0071035031411299,0.5886350708062633,0.0282908571877105,0.5886350708062633,0.5191161941259244,0.0383551063442057,0.6508787162061016,0.4547169246429747,0.0074964292052734,-0.3186
37.93,7.7731,-0.2019,1.5585,2.907,0.5227282460687342,-0.21471,-0.20896,0.0025049946297822,-0.01375,0.0017436163841963,455.7715,433.0188,9.259186830633208,30.8493,38.1079,4.788784023289659,44.1499,0.6233884925683728,85.3105,44.516,0.5453103989821723,90.9055,44.5165,90.9061,1.8914004817544456,0.6508787162061016,0.6750097302475973,0.0062560274078896,0.6712972665489056,0.0069748538525054,0.6711775096553995,0.0071035031411299,0.5886350708062633,0.0282908571877105,0.5886350708062633,0.5191161941259244,0.0383551063442057,0.6508787162061016,0.4547169246429747,0.0074964292052734,-0.3186
43.79,7.7731,-0.2019,1.5585,2.907,0.5227282460687342,-0.21471,-0.20896,0.0025049946297822,-0.01375,0.0017436163841963,455.7715,433.0188,9.259186830633208,30.8493,38.1079,4.788784023289659,44.1499,0.6233884925683728,85.3105,44.516,0.5453103989821723,90.9055,44.5165,90.9061,1.8914004817544456,0.6508787162061016,0.6750097302475973,0.0062560274078896,0.6712972665489056,0.0069748538525054,0.6711775096553995,0.0071035031411299,0.5886350708062633,0.0282908571877105,0.5886350708062633,0.5191161941259244,0.0383551063442057,0.6508787162061016,0.4547169246429747,0.0074964292052734,-0.3186
31.53,7.7731,-0.2019,1.5585,2.907,0.5227282460687342,-0.21471,-0.20896,0.0025049946297822,-0.01375,0.0017436163841963,455.7715,433.0188,9.259186830633208,30.8493,38.1079,4.788784023289659,44.1499,0.6233884925683728,85.3105,44.516,0.5453103989821723,90.9055,44.5165,90.9061,1.8914004817544456,0.6508787162061016,0.6750097302475973,0.0062560274078896,0.6712972665489056,0.0069748538525054,0.6711775096553995,0.0071035031411299,0.5886350708062633,0.0282908571877105,0.5886350708062633,0.5191161941259244,0.0383551063442057,0.6508787162061016,0.4547169246429747,0.0074964292052734,-0.3186
52.2,7.7731,-0.2019,1.5585,2.907,0.5227282460687342,-0.21471,-0.20896,0.0025049946297822,-0.01375,0.0017436163841963,455.7715,433.0188,9.259186830633208,30.8493,38.1079,4.788784023289659,44.1499,0.6233884925683728,85.3105,44.516,0.5453103989821723,90.9055,44.5165,90.9061,1.8914004817544456,0.6508787162061016,0.6750097302475973,0.0062560274078896,0.6712972665489056,0.0069748538525054,0.6711775096553995,0.0071035031411299,0.5886350708062633,0.0282908571877105,0.5886350708062633,0.5191161941259244,0.0383551063442057,0.6508787162061016,0.4547169246429747,0.0074964292052734,-0.3186
57.68,7.7731,-0.2019,1.5585,2.907,0.5227282460687342,-0.21471,-0.20896,0.0025049946297822,-0.01375,0.0017436163841963,455.7715,433.0188,9.259186830633208,30.8493,38.1079,4.788784023289659,44.1499,0.6233884925683728,85.3105,44.516,0.5453103989821723,90.9055,44.5165,90.9061,1.8914004817544456,0.6508787162061016,0.6750097302475973,0.0062560274078896,0.6712972665489056,0.0069748538525054,0.6711775096553995,0.0071035031411299,0.5886350708062633,0.0282908571877105,0.5886350708062633,0.5191161941259244,0.0383551063442057,0.6508787162061016,0.4547169246429747,0.0074964292052734,-0.3186
53.11,7.7731,-0.2019,1.5585,2.907,0.5227282460687342,-0.21471,-0.20896,0.0025049946297822,-0.01375,0.0017436163841963,455.7715,433.0188,9.259186830633208,30.8493,38.1079,4.788784023289659,44.1499,0.6233884925683728,85.3105,44.516,0.5453103989821723,90.9055,44.5165,90.9061,1.8914004817544456,0.6508787162061016,0.6750097302475973,0.0062560274078896,0.6712972665489056,0.0069748538525054,0.6711775096553995,0.0071035031411299,0.5886350708062633,0.0282908571877105,0.5886350708062633,0.5191161941259244,0.0383551063442057,0.6508787162061016,0.4547169246429747,0.0074964292052734,-0.3186
26.28,10.1478,-0.16646,1.5585,2.907,0.5227282460687342,-0.21471,-0.20896,0.0025049946297822,-0.01375,0.0017436163841963,455.7715,433.0188,9.259186830633208,30.8493,38.1079,4.788784023289659,44.1499,0.6233884925683728,85.3105,44.516,0.5453103989821723,90.9055,44.5165,90.9061,1.8914004817544456,0.6508787162061016,0.6750097302475973,0.0062560274078896,0.6712972665489056,0.0069748538525054,0.6711775096553995,0.0071035031411299,0.5886350708062633,0.0282908571877105,0.5886350708062633,0.5191161941259244,0.0383551063442057,0.6508787162061016,0.4547169246429747,0.0074964292052734,-0.3186
16.19,10.1478,-0.16646,1.5585,2.907,0.5227282460687342,-0.21471,-0.20896,0.0025049946297822,-0.01375,0.0017436163841963,455.7715,433.0188,9.259186830633208,30.8493,38.1079,4.788784023289659,44.1499,0.6233884925683728,85.3105,44.516,0.5453103989821723,90.9055,44.5165,90.9061,1.8914004817544456,0.6508787162061016,0.6750097302475973,0.0062560274078896,0.6712972665489056,0.0069748538525054,0.6711775096553995,0.0071035031411299,0.5886350708062633,0.0282908571877105,0.5886350708062633,0.5191161941259244,0.0383551063442057,0.6508787162061016,0.4547169246429747,0.0074964292052734,-0.3186
13.75,10.1478,-0.16646,1.5585,2.907,0.5227282460687342,-0.21471,-0.20896,0.0025049946297822,-0.01375,0.0017436163841963,455.7715,433.0188,9.259186830633208,30.8493,38.1079,4.788784023289659,44.1499,0.6233884925683728,85.3105,44.516,0.5453103989821723,90.9055,44.5165,90.9061,1.8914004817544456,0.6508787162061016,0.6750097302475973,0.0062560274078896,0.6712972665489056,0.0069748538525054,0.6711775096553995,0.0071035031411299,0.5886350708062633,0.0282908571877105,0.5886350708062633,0.5191161941259244,0.0383551063442057,0.6508787162061016,0.4547169246429747,0.0074964292052734,-0.3186
12.91,10.1478,-0.16646,1.5585,2.907,0.5227282460687342,-0.21471,-0.20896,0.0025049946297822,-0.01375,0.0017436163841963,455.7715,433.0188,9.259186830633208,30.8493,38.1079,4.788784023289659,44.1499,0.6233884925683728,85.3105,44.516,0.5453103989821723,90.9055,44.5165,90.9061,1.8914004817544456,0.6508787162061016,0.6750097302475973,0.0062560274078896,0.6712972665489056,0.0069748538525054,0.6711775096553995,0.0071035031411299,0.5886350708062633,0.0282908571877105,0.5886350708062633,0.5191161941259244,0.0383551063442057,0.6508787162061016,0.4547169246429747,0.0074964292052734,-0.3186
20.05,10.1478,-0.16646,1.5585,2.907,0.5227282460687342,-0.21471,-0.20896,0.0025049946297822,-0.01375,0.0017436163841963,455.7715,433.0188,9.259186830633208,30.8493,38.1079,4.788784023289659,44.1499,0.6233884925683728,85.3105,44.516,0.5453103989821723,90.9055,44.5165,90.9061,1.8914004817544456,0.6508787162061016,0.6750097302475973,0.0062560274078896,0.6712972665489056,0.0069748538525054,0.6711775096553995,0.0071035031411299,0.5886350708062633,0.0282908571877105,0.5886350708062633,0.5191161941259244,0.0383551063442057,0.6508787162061016,0.4547169246429747,0.0074964292052734,-0.3186
25.45,10.1478,-0.16646,1.5585,2.907,0.5227282460687342,-0.21471,-0.20896,0.0025049946297822,-0.01375,0.0017436163841963,455.7715,433.0188,9.259186830633208,30.8493,38.1079,4.788784023289659,44.1499,0.6233884925683728,85.3105,44.516,0.5453103989821723,90.9055,44.5165,90.9061,1.8914004817544456,0.6508787162061016,0.6750097302475973,0.0062560274078896,0.6712972665489056,0.0069748538525054,0.6711775096553995,0.0071035031411299,0.5886350708062633,0.0282908571877105,0.5886350708062633,0.5191161941259244,0.0383551063442057,0.6508787162061016,0.4547169246429747,0.0074964292052734,-0.3186
29.45,10.1478,-0.16646,1.5585,2.907,0.5227282460687342,-0.21471,-0.20896,0.0025049946297822,-0.01375,0.0017436163841963,455.7715,433.0188,9.259186830633208,30.8493,38.1079,4.788784023289659,44.1499,0.6233884925683728,85.3105,44.516,0.5453103989821723,90.9055,44.5165,90.9061,1.8914004817544456,0.6508787162061016,0.6750097302475973,0.0062560274078896,0.6712972665489056,0.0069748538525054,0.6711775096553995,0.0071035031411299,0.5886350708062633,0.0282908571877105,0.5886350708062633,0.5191161941259244,0.0383551063442057,0.6508787162061016,0.4547169246429747,0.0074964292052734,-0.3186
31.29,10.1478,-0.16646,1.5585,2.907,0.5227282460687342,-0.21471,-0.20896,0.0025049946297822,-0.01375,0.0017436163841963,455.7715,433.0188,9.259186830633208,30.8493,38.1079,4.788784023289659,44.1499,0.6233884925683728,85.3105,44.516,0.5453103989821723,90.9055,44.5165,90.9061,1.8914004817544456,0.6508787162061016,0.6750097302475973,0.0062560274078896,0.6712972665489056,0.0069748538525054,0.6711775096553995,0.0071035031411299,0.5886350708062633,0.0282908571877105,0.5886350708062633,0.5191161941259244,0.0383551063442057,0.6508787162061016,0.4547169246429747,0.0074964292052734,-0.3186
30.17,10.1478,-0.16646,1.5585,2.907,0.5227282460687342,-0.21471,-0.20896,0.0025049946297822,-0.01375,0.0017436163841963,455.7715,433.0188,9.259186830633208,30.8493,38.1079,4.788784023289659,44.1499,0.6233884925683728,85.3105,44.516,0.5453103989821723,90.9055,44.5165,90.9061,1.8914004817544456,0.6508787162061016,0.6750097302475973,0.0062560274078896,0.6712972665489056,0.0069748538525054,0.6711775096553995,0.0071035031411299,0.5886350708062633,0.0282908571877105,0.5886350708062633,0.5191161941259244,0.0383551063442057,0.6508787162061016,0.4547169246429747,0.0074964292052734,-0.3186
31.38,11.0112,-0.17387,1.5585,2.907,0.5227282460687342,-0.21471,-0.20896,0.0025049946297822,-0.01375,0.0017436163841963,455.7715,433.0188,9.259186830633208,30.8493,38.1079,4.788784023289659,44.1499,0.6233884925683728,85.3105,44.516,0.5453103989821723,90.9055,44.5165,90.9061,1.8914004817544456,0.6508787162061016,0.6750097302475973,0.0062560274078896,0.6712972665489056,0.0069748538525054,0.6711775096553995,0.0071035031411299,0.5886350708062633,0.0282908571877105,0.5886350708062633,0.5191161941259244,0.0383551063442057,0.6508787162061016,0.4547169246429747,0.0074964292052734,-0.3186
25.08,11.0112,-0.17387,1.5585,2.907,0.5227282460687342,-0.21471,-0.20896,0.0025049946297822,-0.01375,0.0017436163841963,455.7715,433.0188,9.259186830633208,30.8493,38.1079,4.788784023289659,44.1499,0.6233884925683728,85.3105,44.516,0.5453103989821723,90.9055,44.5165,90.9061,1.8914004817544456,0.6508787162061016,0.6750097302475973,0.0062560274078896,0.6712972665489056,0.0069748538525054,0.6711775096553995,0.0071035031411299,0.5886350708062633,0.0282908571877105,0.5886350708062633,0.5191161941259244,0.0383551063442057,0.6508787162061016,0.4547169246429747,0.0074964292052734,-0.3186
37.73,11.0112,-0.17387,1.5585,2.907,0.5227282460687342,-0.21471,-0.20896,0.0025049946297822,-0.01375,0.0017436163841963,455.7715,433.0188,9.259186830633208,30.8493,38.1079,4.788784023289659,44.1499,0.6233884925683728,85.3105,44.516,0.5453103989821723,90.9055,44.5165,90.9061,1.8914004817544456,0.6508787162061016,0.6750097302475973,0.0062560274078896,0.6712972665489056,0.0069748538525054,0.6711775096553995,0.0071035031411299,0.5886350708062633,0.0282908571877105,0.5886350708062633,0.5191161941259244,0.0383551063442057,0.6508787162061016,0.4547169246429747,0.0074964292052734,-0.3186
26.3,11.0112,-0.17387,1.5585,2.907,0.5227282460687342,-0.21471,-0.20896,0.0025049946297822,-0.01375,0.0017436163841963,455.7715,433.0188,9.259186830633208,30.8493,38.1079,4.788784023289659,44.1499,0.6233884925683728,85.3105,44.516,0.5453103989821723,90.9055,44.5165,90.9061,1.8914004817544456,0.6508787162061016,0.6750097302475973,0.0062560274078896,0.6712972665489056,0.0069748538525054,0.6711775096553995,0.0071035031411299,0.5886350708062633,0.0282908571877105,0.5886350708062633,0.5191161941259244,0.0383551063442057,0.6508787162061016,0.4547169246429747,0.0074964292052734,-0.3186
34.47,11.0112,-0.17387,1.5585,2.907,0.5227282460687342,-0.21471,-0.20896,0.0025049946297822,-0.01375,0.0017436163841963,455.7715,433.0188,9.259186830633208,30.8493,38.1079,4.788784023289659,44.1499,0.6233884925683728,85.3105,44.516,0.5453103989821723,90.9055,44.5165,90.9061,1.8914004817544456,0.6508787162061016,0.6750097302475973,0.0062560274078896,0.6712972665489056,0.0069748538525054,0.6711775096553995,0.0071035031411299,0.5886350708062633,0.0282908571877105,0.5886350708062633,0.5191161941259244,0.0383551063442057,0.6508787162061016,0.4547169246429747,0.0074964292052734,-0.3186
23.81,11.0112,-0.17387,1.5585,2.907,0.5227282460687342,-0.21471,-0.20896,0.0025049946297822,-0.01375,0.0017436163841963,455.7715,433.0188,9.259186830633208,30.8493,38.1079,4.788784023289659,44.1499,0.6233884925683728,85.3105,44.516,0.5453103989821723,90.9055,44.5165,90.9061,1.8914004817544456,0.6508787162061016,0.6750097302475973,0.0062560274078896,0.6712972665489056,0.0069748538525054,0.6711775096553995,0.0071035031411299,0.5886350708062633,0.0282908571877105,0.5886350708062633,0.5191161941259244,0.0383551063442057,0.6508787162061016,0.4547169246429747,0.0074964292052734,-0.3186
44.4,11.0112,-0.17387,1.5585,2.907,0.5227282460687342,-0.21471,-0.20896,0.0025049946297822,-0.01375,0.0017436163841963,455.7715,433.0188,9.259186830633208,30.8493,38.1079,4.788784023289659,44.1499,0.6233884925683728,85.3105,44.516,0.5453103989821723,90.9055,44.5165,90.9061,1.8914004817544456,0.6508787162061016,0.6750097302475973,0.0062560274078896,0.6712972665489056,0.0069748538525054,0.6711775096553995,0.0071035031411299,0.5886350708062633,0.0282908571877105,0.5886350708062633,0.5191161941259244,0.0383551063442057,0.6508787162061016,0.4547169246429747,0.0074964292052734,-0.3186
52.69,11.0112,-0.17387,1.5585,2.907,0.5227282460687342,-0.21471,-0.20896,0.0025049946297822,-0.01375,0.0017436163841963,455.7715,433.0188,9.259186830633208,30.8493,38.1079,4.788784023289659,44.1499,0.6233884925683728,85.3105,44.516,0.5453103989821723,90.9055,44.5165,90.9061,1.8914004817544456,0.6508787162061016,0.6750097302475973,0.0062560274078896,0.6712972665489056,0.0069748538525054,0.6711775096553995,0.0071035031411299,0.5886350708062633,0.0282908571877105,0.5886350708062633,0.5191161941259244,0.0383551063442057,0.6508787162061016,0.4547169246429747,0.0074964292052734,-0.3186
49.48,11.0112,-0.17387,1.5585,2.907,0.5227282460687342,-0.21471,-0.20896,0.0025049946297822,-0.01375,0.0017436163841963,455.7715,433.0188,9.259186830633208,30.8493,38.1079,4.788784023289659,44.1499,0.6233884925683728,85.3105,44.516,0.5453103989821723,90.9055,44.5165,90.9061,1.8914004817544456,0.6508787162061016,0.6750097302475973,0.0062560274078896,0.6712972665489056,0.0069748538525054,0.6711775096553995,0.0071035031411299,0.5886350708062633,0.0282908571877105,0.5886350708062633,0.5191161941259244,0.0383551063442057,0.6508787162061016,0.4547169246429747,0.0074964292052734,-0.3186
0.0,7.1686,-0.19743,1.3921,1.3922,7.8679579247e-05,-0.21379,-0.2138,3.779644730085562e-06,-0.0153,0.0,385.0688,385.0682,0.0029370377042463,60.2583,60.2414,0.0087699704077251,52.79,0.4902961277199152,183.2146,51.8693,0.4904474521631572,182.8439,173.0272,19.3273,0.0014040757000348,0.6732133768450046,0.7237807251279902,0.002720706701026,0.718661117930601,0.002736545155356,0.4952246938714409,2.92176902772e-05,0.4952246938714409,2.92176902772e-05,0.718661117930601,0.718661117930601,0.0,0.6732133768450046,0.3724738780276039,5.84353805543e-05,-0.3186
0.0,7.1686,-0.19743,1.3921,1.3922,7.8679579247e-05,-0.21379,-0.2138,3.779644730085562e-06,-0.0153,0.0,385.0688,385.0682,0.0029370377042463,60.2583,60.2414,0.0087699704077251,52.79,0.4902961277199152,183.2146,51.8693,0.4904474521631572,182.8439,173.0272,19.3273,0.0014040757000348,0.6732133768450046,0.7237807251279902,0.002720706701026,0.718661117930601,0.002736545155356,0.4952246938714409,2.92176902772e-05,0.4952246938714409,2.92176902772e-05,0.718661117930601,0.718661117930601,0.0,0.6732133768450046,0.3724738780276039,5.84353805543e-05,-0.3186
0.0,7.1686,-0.19743,1.3921,1.3922,7.8679579247e-05,-0.21379,-0.2138,3.779644730085562e-06,-0.0153,0.0,385.0688,385.0682,0.0029370377042463,60.2583,60.2414,0.0087699704077251,52.79,0.4902961277199152,183.2146,51.8693,0.4904474521631572,182.8439,173.0272,19.3273,0.0014040757000348,0.6732133768450046,0.7237807251279902,0.002720706701026,0.718661117930601,0.002736545155356,0.4952246938714409,2.92176902772e-05,0.4952246938714409,2.92176902772e-05,0.718661117930601,0.718661117930601,0.0,0.6732133768450046,0.3724738780276039,5.84353805543e-05,-0.3186
0.0,7.1686,-0.19743,1.3921,1.3922,7.8679579247e-05,-0.21379,-0.2138,3.779644730085562e-06,-0.0153,0.0,385.0688,385.0682,0.0029370377042463,60.2583,60.2414,0.0087699704077251,52.79,0.4902961277199152,183.2146,51.8693,0.4904474521631572,182.8439,173.0272,19.3273,0.0014040757000348,0.6732133768450046,0.7237807251279902,0.002720706701026,0.718661117930601,0.002736545155356,0.4952246938714409,2.92176902772e-05,0.4952246938714409,2.92176902772e-05,0.718661117930601,0.718661117930601,0.0,0.6732133768450046,0.3724738780276039,5.84353805543e-05,-0.3186
0.0,7.1686,-0.19743,1.3921,1.3922,7.8679579247e-05,-0.21379,-0.2138,3.779644730085562e-06,-0.0153,0.0,385.0688,385.0682,0.0029370377042463,60.2583,60.2414,0.0087699704077251,52.79,0.4902961277199152,183.2146,51.8693,0.4904474521631572,182.8439,173.0272,19.3273,0.0014040757000348,0.6732133768450046,0.7237807251279902,0.002720706701026,0.718661117930601,0.002736545155356,0.4952246938714409,2.92176902772e-05,0.4952246938714409,2.92176902772e-05,0.718661117930601,0.718661117930601,0.0,0.6732133768450046,0.3724738780276039,5.84353805543e-05,-0.3186
0.0,7.1686,-0.19743,1.3921,1.3922,7.8679579247e-05,-0.21379,-0.2138,3.779644730085562e-06,-0.0153,0.0,385.0688,385.0682,0.0029370377042463,60.2583,60.2414,0.0087699704077251,52.79,0.4902961277199152,183.2146,51.8693,0.4904474521631572,182.8439,173.0272,19.3273,0.0014040757000348,0.6732133768450046,0.7237807251279902,0.002720706701026,0.718661117930601,0.002736545155356,0.4952246938714409,2.92176902772e-05,0.4952246938714409,2.92176902772e-05,0.718661117930601,0.718661117930601,0.0,0.6732133768450046,0.3724738780276039,5.84353805543e-05,-0.3186
0.0,7.1686,-0.19743,1.3921,1.3922,7.8679579247e-05,-0.21379,-0.2138,3.779644730085562e-06,-0.0153,0.0,385.0688,385.0682,0.0029370377042463,60.2583,60.2414,0.0087699704077251,52.79,0.4902961277199152,183.2146,51.8693,0.4904474521631572,182.8439,173.0272,19.3273,0.0014040757000348,0.6732133768450046,0.7237807251279902,0.002720706701026,0.718661117930601,0.002736545155356,0.4952246938714409,2.92176902772e-05,0.4952246938714409,2.92176902772e-05,0.718661117930601,0.718661117930601,0.0,0.6732133768450046,0.3724738780276039,5.84353805543e-05,-0.3186
0.0,7.1686,-0.19743,1.3921,1.3922,7.8679579247e-05,-0.21379,-0.2138,3.779644730085562e-06,-0.0153,0.0,385.0688,385.0682,0.0029370377042463,60.2583,60.2414,0.0087699704077251,52.79,0.4902961277199152,183.2146,51.8693,0.4904474521631572,182.8439,173.0272,19.3273,0.0014040757000348,0.6732133768450046,0.7237807251279902,0.002720706701026,0.718661117930601,0.002736545155356,0.4952246938714409,2.92176902772e-05,0.4952246938714409,2.92176902772e-05,0.718661117930601,0.718661117930601,0.0,0.6732133768450046,0.3724738780276039,5.84353805543e-05,-0.3186
0.0,7.1686,-0.19743,1.3921,1.3922,7.8679579247e-05,-0.21379,-0.2138,3.779644730085562e-06,-0.0153,0.0,385.0688,385.0682,0.0029370377042463,60.2583,60.2414,0.0087699704077251,52.79,0.4902961277199152,183.2146,51.8693,0.4904474521631572,182.8439,173.0272,19.3273,0.0014040757000348,0.6732133768450046,0.7237807251279902,0.002720706701026,0.718661117930601,0.002736545155356,0.4952246938714409,2.92176902772e-05,0.4952246938714409,2.92176902772e-05,0.718661117930601,0.718661117930601,0.0,0.6732133768450046,0.3724738780276039,5.84353805543e-05,-0.3186
0.0,7.7731,-0.2019,1.3921,1.3922,7.8679579247e-05,-0.21379,-0.2138,3.779644730085562e-06,-0.0153,0.0,385.0688,385.0682,0.0029370377042463,60.2583,60.2414,0.0087699704077251,52.79,0.4902961277199152,183.2146,51.8693,0.4904474521631572,182.8439,173.0272,19.3273,0.0014040757000348,0.6732133768450046,0.7237807251279902,0.002720706701026,0.718661117930601,0.002736545155356,0.4952246938714409,2.92176902772e-05,0.4952246938714409,2.92176902772e-05,0.718661117930601,0.718661117930601,0.0,0.6732133768450046,0.3724738780276039,5.84353805543e-05,-0.3186
0.0,7.7731,-0.2019,1.3921,1.3922,7.8679579247e-05,-0.21379,-0.2138,3.779644730085562e-06,-0.0153,0.0,385.0688,385.0682,0.0029370377042463,60.2583,60.2414,0.0087699704077251,52.79,0.4902961277199152,183.2146,51.8693,0.4904474521631572,182.8439,173.0272,19.3273,0.0014040757000348,0.6732133768450046,0.7237807251279902,0.002720706701026,0.718661117930601,0.002736545155356,0.4952246938714409,2.92176902772e-05,0.4952246938714409,2.92176902772e-05,0.718661117930601,0.718661117930601,0.0,0.6732133768450046,0.3724738780276039,5.84353805543e-05,-0.3186
0.0,7.7731,-0.2019,1.3921,1.3922,7.8679579247e-05,-0.21379,-0.2138,3.779644730085562e-06,-0.0153,0.0,385.0688,385.0682,0.0029370377042463,60.2583,60.2414,0.0087699704077251,52.79,0.4902961277199152,183.2146,51.8693,0.4904474521631572,182.8439,173.0272,19.3273,0.0014040757000348,0.6732133768450046,0.7237807251279902,0.002720706701026,0.718661117930601,0.002736545155356,0.4952246938714409,2.92176902772e-05,0.4952246938714409,2.92176902772e-05,0.718661117930601,0.718661117930601,0.0,0.6732133768450046,0.3724738780276039,5.84353805543e-05,-0.3186
0.0,7.7731,-0.2019,1.3921,1.3922,7.8679579247e-05,-0.21379,-0.2138,3.779644730085562e-06,-0.0153,0.0,385.0688,385.0682,0.0029370377042463,60.2583,60.2414,0.0087699704077251,52.79,0.4902961277199152,183.2146,51.8693,0.4904474521631572,182.8439,173.0272,19.3273,0.0014040757000348,0.6732133768450046,0.7237807251279902,0.002720706701026,0.718661117930601,0.002736545155356,0.4952246938714409,2.92176902772e-05,0.4952246938714409,2.92176902772e-05,0.718661117930601,0.718661117930601,0.0,0.6732133768450046,0.3724738780276039,5.84353805543e-05,-0.3186
1.52,7.7731,-0.2019,1.3921,1.3922,7.8679579247e-05,-0.21379,-0.2138,3.779644730085562e-06,-0.0153,0.0,385.0688,385.0682,0.0029370377042463,60.2583,60.2414,0.0087699704077251,52.79,0.4902961277199152,183.2146,51.8693,0.4904474521631572,182.8439,173.0272,19.3273,0.0014040757000348,0.6732133768450046,0.7237807251279902,0.002720706701026,0.718661117930601,0.002736545155356,0.4952246938714409,2.92176902772e-05,0.4952246938714409,2.92176902772e-05,0.718661117930601,0.718661117930601,0.0,0.6732133768450046,0.3724738780276039,5.84353805543e-05,-0.3186
0.0,7.7731,-0.2019,1.3921,1.3922,7.8679579247e-05,-0.21379,-0.2138,3.779644730085562e-06,-0.0153,0.0,385.0688,385.0682,0.0029370377042463,60.2583,60.2414,0.0087699704077251,52.79,0.4902961277199152,183.2146,51.8693,0.4904474521631572,182.8439,173.0272,19.3273,0.0014040757000348,0.6732133768450046,0.7237807251279902,0.002720706701026,0.718661117930601,0.002736545155356,0.4952246938714409,2.92176902772e-05,0.4952246938714409,2.92176902772e-05,0.718661117930601,0.718661117930601,0.0,0.6732133768450046,0.3724738780276039,5.84353805543e-05,-0.3186
0.0,7.7731,-0.2019,1.3921,1.3922,7.8679579247e-05,-0.21379,-0.2138,3.779644730085562e-06,-0.0153,0.0,385.0688,385.0682,0.0029370377042463,60.2583,60.2414,0.0087699704077251,52.79,0.4902961277199152,183.2146,51.8693,0.4904474521631572,182.8439,173.0272,19.3273,0.0014040757000348,0.6732133768450046,0.7237807251279902,0.002720706701026,0.718661117930601,0.002736545155356,0.4952246938714409,2.92176902772e-05,0.4952246938714409,2.92176902772e-05,0.718661117930601,0.718661117930601,0.0,0.6732133768450046,0.3724738780276039,5.84353805543e-05,-0.3186
0.0,7.7731,-0.2019,1.3921,1.3922,7.8679579247e-05,-0.21379,-0.2138,3.779644730085562e-06,-0.0153,0.0,385.0688,385.0682,0.0029370377042463,60.2583,60.2414,0.0087699704077251,52.79,0.4902961277199152,183.2146,51.8693,0.4904474521631572,182.8439,173.0272,19.3273,0.0014040757000348,0.6732133768450046,0.7237807251279902,0.002720706701026,0.718661117930601,0.002736545155356,0.4952246938714409,2.92176902772e-05,0.4952246938714409,2.92176902772e-05,0.718661117930601,0.718661117930601,0.0,0.6732133768450046,0.3724738780276039,5.84353805543e-05,-0.3186
0.0,7.7731,-0.2019,1.3921,1.3922,7.8679579247e-05,-0.21379,-0.2138,3.779644730085562e-06,-0.0153,0.0,385.0688,385.0682,0.0029370377042463,60.2583,60.2414,0.0087699704077251,52.79,0.4902961277199152,183.2146,51.8693,0.4904474521631572,182.8439,173.0272,19.3273,0.0014040757000348,0.6732133768450046,0.7237807251279902,0.002720706701026,0.718661117930601,0.002736545155356,0.4952246938714409,2.92176902772e-05,0.4952246938714409,2.92176902772e-05,0.718661117930601,0.718661117930601,0.0,0.6732133768450046,0.3724738780276039,5.84353805543e-05,-0.3186
0.0,10.1478,-0.16646,1.3921,1.3922,7.8679579247e-05,-0.21379,-0.2138,3.779644730085562e-06,-0.0153,0.0,385.0688,385.0682,0.0029370377042463,60.2583,60.2414,0.0087699704077251,52.79,0.4902961277199152,183.2146,51.8693,0.4904474521631572,182.8439,173.0272,19.3273,0.0014040757000348,0.6732133768450046,0.7237807251279902,0.002720706701026,0.718661117930601,0.002736545155356,0.4952246938714409,2.92176902772e-05,0.4952246938714409,2.92176902772e-05,0.718661117930601,0.718661117930601,0.0,0.6732133768450046,0.3724738780276039,5.84353805543e-05,-0.3186
0.0,10.1478,-0.16646,1.3921,1.3922,7.8679579247e-05,-0.21379,-0.2138,3.779644730085562e-06,-0.0153,0.0,385.0688,385.0682,0.0029370377042463,60.2583,60.2414,0.0087699704077251,52.79,0.4902961277199152,183.2146,51.8693,0.4904474521631572,182.8439,173.0272,19.3273,0.0014040757000348,0.6732133768450046,0.7237807251279902,0.002720706701026,0.718661117930601,0.002736545155356,0.4952246938714409,2.92176902772e-05,0.4952246938714409,2.92176902772e-05,0.718661117930601,0.718661117930601,0.0,0.6732133768450046,0.3724738780276039,5.84353805543e-05,-0.3186
0.0,10.1478,-0.16646,1.3921,1.3922,7.8679579247e-05,-0.21379,-0.2138,3.779644730085562e-06,-0.0153,0.0,385.0688,385.0682,0.0029370377042463,60.2583,60.2414,0.0087699704077251,52.79,0.4902961277199152,183.2146,51.8693,0.4904474521631572,182.8439,173.0272,19.3273,0.0014040757000348,0.6732133768450046,0.7237807251279902,0.002720706701026,0.718661117930601,0.002736545155356,0.4952246938714409,2.92176902772e-05,0.4952246938714409,2.92176902772e-05,0.718661117930601,0.718661117930601,0.0,0.6732133768450046,0.3724738780276039,5.84353805543e-05,-0.3186
0.0,10.1478,-0.16646,1.3921,1.3922,7.8679579247e-05,-0.21379,-0.2138,3.779644730085562e-06,-0.0153,0.0,385.0688,385.0682,0.0029370377042463,60.2583,60.2414,0.0087699704077251,52.79,0.4902961277199152,183.2146,51.8693,0.4904474521631572,182.8439,173.0272,19.3273,0.0014040757000348,0.6732133768450046,0.7237807251279902,0.002720706701026,0.718661117930601,0.002736545155356,0.4952246938714409,2.92176902772e-05,0.4952246938714409,2.92176902772e-05,0.718661117930601,0.718661117930601,0.0,0.6732133768450046,0.3724738780276039,5.84353805543e-05,-0.3186
0.04,10.1478,-0.16646,1.3921,1.3922,7.8679579247e-05,-0.21379,-0.2138,3.779644730085562e-06,-0.0153,0.0,385.0688,385.0682,0.0029370377042463,60.2583,60.2414,0.0087699704077251,52.79,0.4902961277199152,183.2146,51.8693,0.4904474521631572,182.8439,173.0272,19.3273,0.0014040757000348,0.6732133768450046,0.7237807251279902,0.002720706701026,0.718661117930601,0.002736545155356,0.4952246938714409,2.92176902772e-05,0.4952246938714409,2.92176902772e-05,0.718661117930601,0.718661117930601,0.0,0.6732133768450046,0.3724738780276039,5.84353805543e-05,-0.3186
0.0,10.1478,-0.16646,1.3921,1.3922,7.8679579247e-05,-0.21379,-0.2138,3.779644730085562e-06,-0.0153,0.0,385.0688,385.0682,0.0029370377042463,60.2583,60.2414,0.0087699704077251,52.79,0.4902961277199152,183.2146,51.8693,0.4904474521631572,182.8439,173.0272,19.3273,0.0014040757000348,0.6732133768450046,0.7237807251279902,0.002720706701026,0.718661117930601,0.002736545155356,0.4952246938714409,2.92176902772e-05,0.4952246938714409,2.92176902772e-05,0.718661117930601,0.718661117930601,0.0,0.6732133768450046,0.3724738780276039,5.84353805543e-05,-0.3186
0.0,10.1478,-0.16646,1.3921,1.3922,7.8679579247e-05,-0.21379,-0.2138,3.779644730085562e-06,-0.0153,0.0,385.0688,385.0682,0.0029370377042463,60.2583,60.2414,0.0087699704077251,52.79,0.4902961277199152,183.2146,51.8693,0.4904474521631572,182.8439,173.0272,19.3273,0.0014040757000348,0.6732133768450046,0.7237807251279902,0.002720706701026,0.718661117930601,0.002736545155356,0.4952246938714409,2.92176902772e-05,0.4952246938714409,2.92176902772e-05,0.718661117930601,0.718661117930601,0.0,0.6732133768450046,0.3724738780276039,5.84353805543e-05,-0.3186
0.0,10.1478,-0.16646,1.3921,1.3922,7.8679579247e-05,-0.21379,-0.2138,3.779644730085562e-06,-0.0153,0.0,385.0688,385.0682,0.0029370377042463,60.2583,60.2414,0.0087699704077251,52.79,0.4902961277199152,183.2146,51.8693,0.4904474521631572,182.8439,173.0272,19.3273,0.0014040757000348,0.6732133768450046,0.7237807251279902,0.002720706701026,0.718661117930601,0.002736545155356,0.4952246938714409,2.92176902772e-05,0.4952246938714409,2.92176902772e-05,0.718661117930601,0.718661117930601,0.0,0.6732133768450046,0.3724738780276039,5.84353805543e-05,-0.3186
0.0,10.1478,-0.16646,1.3921,1.3922,7.8679579247e-05,-0.21379,-0.2138,3.779644730085562e-06,-0.0153,0.0,385.0688,385.0682,0.0029370377042463,60.2583,60.2414,0.0087699704077251,52.79,0.4902961277199152,183.2146,51.8693,0.4904474521631572,182.8439,173.0272,19.3273,0.0014040757000348,0.6732133768450046,0.7237807251279902,0.002720706701026,0.718661117930601,0.002736545155356,0.4952246938714409,2.92176902772e-05,0.4952246938714409,2.92176902772e-05,0.718661117930601,0.718661117930601,0.0,0.6732133768450046,0.3724738780276039,5.84353805543e-05,-0.3186
0.0,11.0112,-0.17387,1.3921,1.3922,7.8679579247e-05,-0.21379,-0.2138,3.779644730085562e-06,-0.0153,0.0,385.0688,385.0682,0.0029370377042463,60.2583,60.2414,0.0087699704077251,52.79,0.4902961277199152,183.2146,51.8693,0.4904474521631572,182.8439,173.0272,19.3273,0.0014040757000348,0.6732133768450046,0.7237807251279902,0.002720706701026,0.718661117930601,0.002736545155356,0.4952246938714409,2.92176902772e-05,0.4952246938714409,2.92176902772e-05,0.718661117930601,0.718661117930601,0.0,0.6732133768450046,0.3724738780276039,5.84353805543e-05,-0.3186
0.0,11.0112,-0.17387,1.3921,1.3922,7.8679579247e-05,-0.21379,-0.2138,3.779644730085562e-06,-0.0153,0.0,385.0688,385.0682,0.0029370377042463,60.2583,60.2414,0.0087699704077251,52.79,0.4902961277199152,183.2146,51.8693,0.4904474521631572,182.8439,173.0272,19.3273,0.0014040757000348,0.6732133768450046,0.7237807251279902,0.002720706701026,0.718661117930601,0.002736545155356,0.4952246938714409,2.92176902772e-05,0.4952246938714409,2.92176902772e-05,0.718661117930601,0.718661117930601,0.0,0.6732133768450046,0.3724738780276039,5.84353805543e-05,-0.3186
0.0,11.0112,-0.17387,1.3921,1.3922,7.8679579247e-05,-0.21379,-0.2138,3.779644730085562e-06,-0.0153,0.0,385.0688,385.0682,0.0029370377042463,60.2583,60.2414,0.0087699704077251,52.79,0.4902961277199152,183.2146,51.8693,0.4904474521631572,182.8439,173.0272,19.3273,0.0014040757000348,0.6732133768450046,0.7237807251279902,0.002720706701026,0.718661117930601,0.002736545155356,0.4952246938714409,2.92176902772e-05,0.4952246938714409,2.92176902772e-05,0.718661117930601,0.718661117930601,0.0,0.6732133768450046,0.3724738780276039,5.84353805543e-05,-0.3186
0.0,11.0112,-0.17387,1.3921,1.3922,7.8679579247e-05,-0.21379,-0.2138,3.779644730085562e-06,-0.0153,0.0,385.0688,385.0682,0.0029370377042463,60.2583,60.2414,0.0087699704077251,52.79,0.4902961277199152,183.2146,51.8693,0.4904474521631572,182.8439,173.0272,19.3273,0.0014040757000348,0.6732133768450046,0.7237807251279902,0.002720706701026,0.718661117930601,0.002736545155356,0.4952246938714409,2.92176902772e-05,0.4952246938714409,2.92176902772e-05,0.718661117930601,0.718661117930601,0.0,0.6732133768450046,0.3724738780276039,5.84353805543e-05,-0.3186
0.53,11.0112,-0.17387,1.3921,1.3922,7.8679579247e-05,-0.21379,-0.2138,3.779644730085562e-06,-0.0153,0.0,385.0688,385.0682,0.0029370377042463,60.2583,60.2414,0.0087699704077251,52.79,0.4902961277199152,183.2146,51.8693,0.4904474521631572,182.8439,173.0272,19.3273,0.0014040757000348,0.6732133768450046,0.7237807251279902,0.002720706701026,0.718661117930601,0.002736545155356,0.4952246938714409,2.92176902772e-05,0.4952246938714409,2.92176902772e-05,0.718661117930601,0.718661117930601,0.0,0.6732133768450046,0.3724738780276039,5.84353805543e-05,-0.3186
0.0,11.0112,-0.17387,1.3921,1.3922,7.8679579247e-05,-0.21379,-0.2138,3.779644730085562e-06,-0.0153,0.0,385.0688,385.0682,0.0029370377042463,60.2583,60.2414,0.0087699704077251,52.79,0.4902961277199152,183.2146,51.8693,0.4904474521631572,182.8439,173.0272,19.3273,0.0014040757000348,0.6732133768450046,0.7237807251279902,0.002720706701026,0.718661117930601,0.002736545155356,0.4952246938714409,2.92176902772e-05,0.4952246938714409,2.92176902772e-05,0.718661117930601,0.718661117930601,0.0,0.6732133768450046,0.3724738780276039,5.84353805543e-05,-0.3186
0.0,11.0112,-0.17387,1.3921,1.3922,7.8679579247e-05,-0.21379,-0.2138,3.779644730085562e-06,-0.0153,0.0,385.0688,385.0682,0.0029370377042463,60.2583,60.2414,0.0087699704077251,52.79,0.4902961277199152,183.2146,51.8693,0.4904474521631572,182.8439,173.0272,19.3273,0.0014040757000348,0.6732133768450046,0.7237807251279902,0.002720706701026,0.718661117930601,0.002736545155356,0.4952246938714409,2.92176902772e-05,0.4952246938714409,2.92176902772e-05,0.718661117930601,0.718661117930601,0.0,0.6732133768450046,0.3724738780276039,5.84353805543e-05,-0.3186
0.0,11.0112,-0.17387,1.3921,1.3922,7.8679579247e-05,-0.21379,-0.2138,3.779644730085562e-06,-0.0153,0.0,385.0688,385.0682,0.0029370377042463,60.2583,60.2414,0.0087699704077251,52.79,0.4902961277199152,183.2146,51.8693,0.4904474521631572,182.8439,173.0272,19.3273,0.0014040757000348,0.6732133768450046,0.7237807251279902,0.002720706701026,0.718661117930601,0.002736545155356,0.4952246938714409,2.92176902772e-05,0.4952246938714409,2.92176902772e-05,0.718661117930601,0.718661117930601,0.0,0.6732133768450046,0.3724738780276039,5.84353805543e-05,-0.3186
0.0,11.0112,-0.17387,1.3921,1.3922,7.8679579247e-05,-0.21379,-0.2138,3.779644730085562e-06,-0.0153,0.0,385.0688,385.0682,0.0029370377042463,60.2583,60.2414,0.0087699704077251,52.79,0.4902961277199152,183.2146,51.8693,0.4904474521631572,182.8439,173.0272,19.3273,0.0014040757000348,0.6732133768450046,0.7237807251279902,0.002720706701026,0.718661117930601,0.002736545155356,0.4952246938714409,2.92176902772e-05,0.4952246938714409,2.92176902772e-05,0.718661117930601,0.718661117930601,0.0,0.6732133768450046,0.3724738780276039,5.84353805543e-05,-0.3186
3.89,7.1686,-0.19743,2.6339,2.77,0.3593056835051934,-0.18921,-0.19511,0.0033466486434726,-0.00519,0.0030321289650353,395.3231,367.3897,10.618636713061743,61.613,31.3355,9.89205504597271,80.1552,4.826754761246569,117.375,152.4507,2.0390792159549327,23.3663,152.0309,20.6458,3.139982759389623,0.8468309332055926,0.817879704200473,0.0077468120071681,0.8022214903745396,0.0084195778697422,0.8134187599173678,0.0127815815126051,0.7918625190862548,0.0275290715118672,0.7083320858656926,0.6896500104787282,0.0213752084938292,0.8468309332055926,0.7324630999071884,0.021882338921431,-0.3186
14.36,7.1686,-0.19743,2.6339,2.77,0.3593056835051934,-0.18921,-0.19511,0.0033466486434726,-0.00519,0.0030321289650353,395.3231,367.3897,10.618636713061743,61.613,31.3355,9.89205504597271,80.1552,4.826754761246569,117.375,152.4507,2.0390792159549327,23.3663,152.0309,20.6458,3.139982759389623,0.8468309332055926,0.817879704200473,0.0077468120071681,0.8022214903745396,0.0084195778697422,0.8134187599173678,0.0127815815126051,0.7918625190862548,0.0275290715118672,0.7083320858656926,0.6896500104787282,0.0213752084938292,0.8468309332055926,0.7324630999071884,0.021882338921431,-0.3186
22.06,7.1686,-0.19743,2.6339,2.77,0.3593056835051934,-0.18921,-0.19511,0.0033466486434726,-0.00519,0.0030321289650353,395.3231,367.3897,10.618636713061743,61.613,31.3355,9.89205504597271,80.1552,4.826754761246569,117.375,152.4507,2.0390792159549327,23.3663,152.0309,20.6458,3.139982759389623,0.8468309332055926,0.817879704200473,0.0077468120071681,0.8022214903745396,0.0084195778697422,0.8134187599173678,0.0127815815126051,0.7918625190862548,0.0275290715118672,0.7083320858656926,0.6896500104787282,0.0213752084938292,0.8468309332055926,0.7324630999071884,0.021882338921431,-0.3186
4.98,7.1686,-0.19743,2.6339,2.77,0.3593056835051934,-0.18921,-0.19511,0.0033466486434726,-0.00519,0.0030321289650353,395.3231,367.3897,10.618636713061743,61.613,31.3355,9.89205504597271,80.1552,4.826754761246569,117.375,152.4507,2.0390792159549327,23.3663,152.0309,20.6458,3.139982759389623,0.8468309332055926,0.817879704200473,0.0077468120071681,0.8022214903745396,0.0084195778697422,0.8134187599173678,0.0127815815126051,0.7918625190862548,0.0275290715118672,0.7083320858656926,0.6896500104787282,0.0213752084938292,0.8468309332055926,0.7324630999071884,0.021882338921431,-0.3186
13.79,7.1686,-0.19743,2.6339,2.77,0.3593056835051934,-0.18921,-0.19511,0.0033466486434726,-0.00519,0.0030321289650353,395.3231,367.3897,10.618636713061743,61.613,31.3355,9.89205504597271,80.1552,4.826754761246569,117.375,152.4507,2.0390792159549327,23.3663,152.0309,20.6458,3.139982759389623,0.8468309332055926,0.817879704200473,0.0077468120071681,0.8022214903745396,0.0084195778697422,0.8134187599173678,0.0127815815126051,0.7918625190862548,0.0275290715118672,0.7083320858656926,0.6896500104787282,0.0213752084938292,0.8468309332055926,0.7324630999071884,0.021882338921431,-0.3186
20.95,7.1686,-0.19743,2.6339,2.77,0.3593056835051934,-0.18921,-0.19511,0.0033466486434726,-0.00519,0.0030321289650353,395.3231,367.3897,10.618636713061743,61.613,31.3355,9.89205504597271,80.1552,4.826754761246569,117.375,152.4507,2.0390792159549327,23.3663,152.0309,20.6458,3.139982759389623,0.8468309332055926,0.817879704200473,0.0077468120071681,0.8022214903745396,0.0084195778697422,0.8134187599173678,0.0127815815126051,0.7918625190862548,0.0275290715118672,0.7083320858656926,0.6896500104787282,0.0213752084938292,0.8468309332055926,0.7324630999071884,0.021882338921431,-0.3186
5.26,7.1686,-0.19743,2.6339,2.77,0.3593056835051934,-0.18921,-0.19511,0.0033466486434726,-0.00519,0.0030321289650353,395.3231,367.3897,10.618636713061743,61.613,31.3355,9.89205504597271,80.1552,4.826754761246569,117.375,152.4507,2.0390792159549327,23.3663,152.0309,20.6458,3.139982759389623,0.8468309332055926,0.817879704200473,0.0077468120071681,0.8022214903745396,0.0084195778697422,0.8134187599173678,0.0127815815126051,0.7918625190862548,0.0275290715118672,0.7083320858656926,0.6896500104787282,0.0213752084938292,0.8468309332055926,0.7324630999071884,0.021882338921431,-0.3186
11.6,7.1686,-0.19743,2.6339,2.77,0.3593056835051934,-0.18921,-0.19511,0.0033466486434726,-0.00519,0.0030321289650353,395.3231,367.3897,10.618636713061743,61.613,31.3355,9.89205504597271,80.1552,4.826754761246569,117.375,152.4507,2.0390792159549327,23.3663,152.0309,20.6458,3.139982759389623,0.8468309332055926,0.817879704200473,0.0077468120071681,0.8022214903745396,0.0084195778697422,0.8134187599173678,0.0127815815126051,0.7918625190862548,0.0275290715118672,0.7083320858656926,0.6896500104787282,0.0213752084938292,0.8468309332055926,0.7324630999071884,0.021882338921431,-0.3186
19.95,7.1686,-0.19743,2.6339,2.77,0.3593056835051934,-0.18921,-0.19511,0.0033466486434726,-0.00519,0.0030321289650353,395.3231,367.3897,10.618636713061743,61.613,31.3355,9.89205504597271,80.1552,4.826754761246569,117.375,152.4507,2.0390792159549327,23.3663,152.0309,20.6458,3.139982759389623,0.8468309332055926,0.817879704200473,0.0077468120071681,0.8022214903745396,0.0084195778697422,0.8134187599173678,0.0127815815126051,0.7918625190862548,0.0275290715118672,0.7083320858656926,0.6896500104787282,0.0213752084938292,0.8468309332055926,0.7324630999071884,0.021882338921431,-0.3186
0.0,7.7731,-0.2019,2.6339,2.77,0.3593056835051934,-0.18921,-0.19511,0.0033466486434726,-0.00519,0.0030321289650353,395.3231,367.3897,10.618636713061743,61.613,31.3355,9.89205504597271,80.1552,4.826754761246569,117.375,152.4507,2.0390792159549327,23.3663,152.0309,20.6458,3.139982759389623,0.8468309332055926,0.817879704200473,0.0077468120071681,0.8022214903745396,0.0084195778697422,0.8134187599173678,0.0127815815126051,0.7918625190862548,0.0275290715118672,0.7083320858656926,0.6896500104787282,0.0213752084938292,0.8468309332055926,0.7324630999071884,0.021882338921431,-0.3186
43.52,7.7731,-0.2019,2.6339,2.77,0.3593056835051934,-0.18921,-0.19511,0.0033466486434726,-0.00519,0.0030321289650353,395.3231,367.3897,10.618636713061743,61.613,31.3355,9.89205504597271,80.1552,4.826754761246569,117.375,152.4507,2.0390792159549327,23.3663,152.0309,20.6458,3.139982759389623,0.8468309332055926,0.817879704200473,0.0077468120071681,0.8022214903745396,0.0084195778697422,0.8134187599173678,0.0127815815126051,0.7918625190862548,0.0275290715118672,0.7083320858656926,0.6896500104787282,0.0213752084938292,0.8468309332055926,0.7324630999071884,0.021882338921431,-0.3186
56.45,7.7731,-0.2019,2.6339,2.77,0.3593056835051934,-0.18921,-0.19511,0.0033466486434726,-0.00519,0.0030321289650353,395.3231,367.3897,10.618636713061743,61.613,31.3355,9.89205504597271,80.1552,4.826754761246569,117.375,152.4507,2.0390792159549327,23.3663,152.0309,20.6458,3.139982759389623,0.8468309332055926,0.817879704200473,0.0077468120071681,0.8022214903745396,0.0084195778697422,0.8134187599173678,0.0127815815126051,0.7918625190862548,0.0275290715118672,0.7083320858656926,0.6896500104787282,0.0213752084938292,0.8468309332055926,0.7324630999071884,0.021882338921431,-0.3186
28.17,7.7731,-0.2019,2.6339,2.77,0.3593056835051934,-0.18921,-0.19511,0.0033466486434726,-0.00519,0.0030321289650353,395.3231,367.3897,10.618636713061743,61.613,31.3355,9.89205504597271,80.1552,4.826754761246569,117.375,152.4507,2.0390792159549327,23.3663,152.0309,20.6458,3.139982759389623,0.8468309332055926,0.817879704200473,0.0077468120071681,0.8022214903745396,0.0084195778697422,0.8134187599173678,0.0127815815126051,0.7918625190862548,0.0275290715118672,0.7083320858656926,0.6896500104787282,0.0213752084938292,0.8468309332055926,0.7324630999071884,0.021882338921431,-0.3186
49.19,7.7731,-0.2019,2.6339,2.77,0.3593056835051934,-0.18921,-0.19511,0.0033466486434726,-0.00519,0.0030321289650353,395.3231,367.3897,10.618636713061743,61.613,31.3355,9.89205504597271,80.1552,4.826754761246569,117.375,152.4507,2.0390792159549327,23.3663,152.0309,20.6458,3.139982759389623,0.8468309332055926,0.817879704200473,0.0077468120071681,0.8022214903745396,0.0084195778697422,0.8134187599173678,0.0127815815126051,0.7918625190862548,0.0275290715118672,0.7083320858656926,0.6896500104787282,0.0213752084938292,0.8468309332055926,0.7324630999071884,0.021882338921431,-0.3186
64.48,7.7731,-0.2019,2.6339,2.77,0.3593056835051934,-0.18921,-0.19511,0.0033466486434726,-0.00519,0.0030321289650353,395.3231,367.3897,10.618636713061743,61.613,31.3355,9.89205504597271,80.1552,4.826754761246569,117.375,152.4507,2.0390792159549327,23.3663,152.0309,20.6458,3.139982759389623,0.8468309332055926,0.817879704200473,0.0077468120071681,0.8022214903745396,0.0084195778697422,0.8134187599173678,0.0127815815126051,0.7918625190862548,0.0275290715118672,0.7083320858656926,0.6896500104787282,0.0213752084938292,0.8468309332055926,0.7324630999071884,0.021882338921431,-0.3186
14.99,7.7731,-0.2019,2.6339,2.77,0.3593056835051934,-0.18921,-0.19511,0.0033466486434726,-0.00519,0.0030321289650353,395.3231,367.3897,10.618636713061743,61.613,31.3355,9.89205504597271,80.1552,4.826754761246569,117.375,152.4507,2.0390792159549327,23.3663,152.0309,20.6458,3.139982759389623,0.8468309332055926,0.817879704200473,0.0077468120071681,0.8022214903745396,0.0084195778697422,0.8134187599173678,0.0127815815126051,0.7918625190862548,0.0275290715118672,0.7083320858656926,0.6896500104787282,0.0213752084938292,0.8468309332055926,0.7324630999071884,0.021882338921431,-0.3186
30.77,7.7731,-0.2019,2.6339,2.77,0.3593056835051934,-0.18921,-0.19511,0.0033466486434726,-0.00519,0.0030321289650353,395.3231,367.3897,10.618636713061743,61.613,31.3355,9.89205504597271,80.1552,4.826754761246569,117.375,152.4507,2.0390792159549327,23.3663,152.0309,20.6458,3.139982759389623,0.8468309332055926,0.817879704200473,0.0077468120071681,0.8022214903745396,0.0084195778697422,0.8134187599173678,0.0127815815126051,0.7918625190862548,0.0275290715118672,0.7083320858656926,0.6896500104787282,0.0213752084938292,0.8468309332055926,0.7324630999071884,0.021882338921431,-0.3186
45.37,7.7731,-0.2019,2.6339,2.77,0.3593056835051934,-0.18921,-0.19511,0.0033466486434726,-0.00519,0.0030321289650353,395.3231,367.3897,10.618636713061743,61.613,31.3355,9.89205504597271,80.1552,4.826754761246569,117.375,152.4507,2.0390792159549327,23.3663,152.0309,20.6458,3.139982759389623,0.8468309332055926,0.817879704200473,0.0077468120071681,0.8022214903745396,0.0084195778697422,0.8134187599173678,0.0127815815126051,0.7918625190862548,0.0275290715118672,0.7083320858656926,0.6896500104787282,0.0213752084938292,0.8468309332055926,0.7324630999071884,0.021882338921431,-0.3186
18.59,10.1478,-0.16646,2.6339,2.77,0.3593056835051934,-0.18921,-0.19511,0.0033466486434726,-0.00519,0.0030321289650353,395.3231,367.3897,10.618636713061743,61.613,31.3355,9.89205504597271,80.1552,4.826754761246569,117.375,152.4507,2.0390792159549327,23.3663,152.0309,20.6458,3.139982759389623,0.8468309332055926,0.817879704200473,0.0077468120071681,0.8022214903745396,0.0084195778697422,0.8134187599173678,0.0127815815126051,0.7918625190862548,0.0275290715118672,0.7083320858656926,0.6896500104787282,0.0213752084938292,0.8468309332055926,0.7324630999071884,0.021882338921431,-0.3186
33.34,10.1478,-0.16646,2.6339,2.77,0.3593056835051934,-0.18921,-0.19511,0.0033466486434726,-0.00519,0.0030321289650353,395.3231,367.3897,10.618636713061743,61.613,31.3355,9.89205504597271,80.1552,4.826754761246569,117.375,152.4507,2.0390792159549327,23.3663,152.0309,20.6458,3.139982759389623,0.8468309332055926,0.817879704200473,0.0077468120071681,0.8022214903745396,0.0084195778697422,0.8134187599173678,0.0127815815126051,0.7918625190862548,0.0275290715118672,0.7083320858656926,0.6896500104787282,0.0213752084938292,0.8468309332055926,0.7324630999071884,0.021882338921431,-0.3186
40.61,10.1478,-0.16646,2.6339,2.77,0.3593056835051934,-0.18921,-0.19511,0.0033466486434726,-0.00519,0.0030321289650353,395.3231,367.3897,10.618636713061743,61.613,31.3355,9.89205504597271,80.1552,4.826754761246569,117.375,152.4507,2.0390792159549327,23.3663,152.0309,20.6458,3.139982759389623,0.8468309332055926,0.817879704200473,0.0077468120071681,0.8022214903745396,0.0084195778697422,0.8134187599173678,0.0127815815126051,0.7918625190862548,0.0275290715118672,0.7083320858656926,0.6896500104787282,0.0213752084938292,0.8468309332055926,0.7324630999071884,0.021882338921431,-0.3186
21.15,10.1478,-0.16646,2.6339,2.77,0.3593056835051934,-0.18921,-0.19511,0.0033466486434726,-0.00519,0.0030321289650353,395.3231,367.3897,10.618636713061743,61.613,31.3355,9.89205504597271,80.1552,4.826754761246569,117.375,152.4507,2.0390792159549327,23.3663,152.0309,20.6458,3.139982759389623,0.8468309332055926,0.817879704200473,0.0077468120071681,0.8022214903745396,0.0084195778697422,0.8134187599173678,0.0127815815126051,0.7918625190862548,0.0275290715118672,0.7083320858656926,0.6896500104787282,0.0213752084938292,0.8468309332055926,0.7324630999071884,0.021882338921431,-0.3186
36.9,10.1478,-0.16646,2.6339,2.77,0.3593056835051934,-0.18921,-0.19511,0.0033466486434726,-0.00519,0.0030321289650353,395.3231,367.3897,10.618636713061743,61.613,31.3355,9.89205504597271,80.1552,4.826754761246569,117.375,152.4507,2.0390792159549327,23.3663,152.0309,20.6458,3.139982759389623,0.8468309332055926,0.817879704200473,0.0077468120071681,0.8022214903745396,0.0084195778697422,0.8134187599173678,0.0127815815126051,0.7918625190862548,0.0275290715118672,0.7083320858656926,0.6896500104787282,0.0213752084938292,0.8468309332055926,0.7324630999071884,0.021882338921431,-0.3186
49.09,10.1478,-0.16646,2.6339,2.77,0.3593056835051934,-0.18921,-0.19511,0.0033466486434726,-0.00519,0.0030321289650353,395.3231,367.3897,10.618636713061743,61.613,31.3355,9.89205504597271,80.1552,4.826754761246569,117.375,152.4507,2.0390792159549327,23.3663,152.0309,20.6458,3.139982759389623,0.8468309332055926,0.817879704200473,0.0077468120071681,0.8022214903745396,0.0084195778697422,0.8134187599173678,0.0127815815126051,0.7918625190862548,0.0275290715118672,0.7083320858656926,0.6896500104787282,0.0213752084938292,0.8468309332055926,0.7324630999071884,0.021882338921431,-0.3186
16.44,10.1478,-0.16646,2.6339,2.77,0.3593056835051934,-0.18921,-0.19511,0.0033466486434726,-0.00519,0.0030321289650353,395.3231,367.3897,10.618636713061743,61.613,31.3355,9.89205504597271,80.1552,4.826754761246569,117.375,152.4507,2.0390792159549327,23.3663,152.0309,20.6458,3.139982759389623,0.8468309332055926,0.817879704200473,0.0077468120071681,0.8022214903745396,0.0084195778697422,0.8134187599173678,0.0127815815126051,0.7918625190862548,0.0275290715118672,0.7083320858656926,0.6896500104787282,0.0213752084938292,0.8468309332055926,0.7324630999071884,0.021882338921431,-0.3186
28.37,10.1478,-0.16646,2.6339,2.77,0.3593056835051934,-0.18921,-0.19511,0.0033466486434726,-0.00519,0.0030321289650353,395.3231,367.3897,10.618636713061743,61.613,31.3355,9.89205504597271,80.1552,4.826754761246569,117.375,152.4507,2.0390792159549327,23.3663,152.0309,20.6458,3.139982759389623,0.8468309332055926,0.817879704200473,0.0077468120071681,0.8022214903745396,0.0084195778697422,0.8134187599173678,0.0127815815126051,0.7918625190862548,0.0275290715118672,0.7083320858656926,0.6896500104787282,0.0213752084938292,0.8468309332055926,0.7324630999071884,0.021882338921431,-0.3186
36.46,10.1478,-0.16646,2.6339,2.77,0.3593056835051934,-0.18921,-0.19511,0.0033466486434726,-0.00519,0.0030321289650353,395.3231,367.3897,10.618636713061743,61.613,31.3355,9.89205504597271,80.1552,4.826754761246569,117.375,152.4507,2.0390792159549327,23.3663,152.0309,20.6458,3.139982759389623,0.8468309332055926,0.817879704200473,0.0077468120071681,0.8022214903745396,0.0084195778697422,0.8134187599173678,0.0127815815126051,0.7918625190862548,0.0275290715118672,0.7083320858656926,0.6896500104787282,0.0213752084938292,0.8468309332055926,0.7324630999071884,0.021882338921431,-0.3186
24.25,11.0112,-0.17387,2.6339,2.77,0.3593056835051934,-0.18921,-0.19511,0.0033466486434726,-0.00519,0.0030321289650353,395.3231,367.3897,10.618636713061743,61.613,31.3355,9.89205504597271,80.1552,4.826754761246569,117.375,152.4507,2.0390792159549327,23.3663,152.0309,20.6458,3.139982759389623,0.8468309332055926,0.817879704200473,0.0077468120071681,0.8022214903745396,0.0084195778697422,0.8134187599173678,0.0127815815126051,0.7918625190862548,0.0275290715118672,0.7083320858656926,0.6896500104787282,0.0213752084938292,0.8468309332055926,0.7324630999071884,0.021882338921431,-0.3186
39.42,11.0112,-0.17387,2.6339,2.77,0.3593056835051934,-0.18921,-0.19511,0.0033466486434726,-0.00519,0.0030321289650353,395.3231,367.3897,10.618636713061743,61.613,31.3355,9.89205504597271,80.1552,4.826754761246569,117.375,152.4507,2.0390792159549327,23.3663,152.0309,20.6458,3.139982759389623,0.8468309332055926,0.817879704200473,0.0077468120071681,0.8022214903745396,0.0084195778697422,0.8134187599173678,0.0127815815126051,0.7918625190862548,0.0275290715118672,0.7083320858656926,0.6896500104787282,0.0213752084938292,0.8468309332055926,0.7324630999071884,0.021882338921431,-0.3186
48.15,11.0112,-0.17387,2.6339,2.77,0.3593056835051934,-0.18921,-0.19511,0.0033466486434726,-0.00519,0.0030321289650353,395.3231,367.3897,10.618636713061743,61.613,31.3355,9.89205504597271,80.1552,4.826754761246569,117.375,152.4507,2.0390792159549327,23.3663,152.0309,20.6458,3.139982759389623,0.8468309332055926,0.817879704200473,0.0077468120071681,0.8022214903745396,0.0084195778697422,0.8134187599173678,0.0127815815126051,0.7918625190862548,0.0275290715118672,0.7083320858656926,0.6896500104787282,0.0213752084938292,0.8468309332055926,0.7324630999071884,0.021882338921431,-0.3186
29.23,11.0112,-0.17387,2.6339,2.77,0.3593056835051934,-0.18921,-0.19511,0.0033466486434726,-0.00519,0.0030321289650353,395.3231,367.3897,10.618636713061743,61.613,31.3355,9.89205504597271,80.1552,4.826754761246569,117.375,152.4507,2.0390792159549327,23.3663,152.0309,20.6458,3.139982759389623,0.8468309332055926,0.817879704200473,0.0077468120071681,0.8022214903745396,0.0084195778697422,0.8134187599173678,0.0127815815126051,0.7918625190862548,0.0275290715118672,0.7083320858656926,0.6896500104787282,0.0213752084938292,0.8468309332055926,0.7324630999071884,0.021882338921431,-0.3186
46.17,11.0112,-0.17387,2.6339,2.77,0.3593056835051934,-0.18921,-0.19511,0.0033466486434726,-0.00519,0.0030321289650353,395.3231,367.3897,10.618636713061743,61.613,31.3355,9.89205504597271,80.1552,4.826754761246569,117.375,152.4507,2.0390792159549327,23.3663,152.0309,20.6458,3.139982759389623,0.8468309332055926,0.817879704200473,0.0077468120071681,0.8022214903745396,0.0084195778697422,0.8134187599173678,0.0127815815126051,0.7918625190862548,0.0275290715118672,0.7083320858656926,0.6896500104787282,0.0213752084938292,0.8468309332055926,0.7324630999071884,0.021882338921431,-0.3186
58.13,11.0112,-0.17387,2.6339,2.77,0.3593056835051934,-0.18921,-0.19511,0.0033466486434726,-0.00519,0.0030321289650353,395.3231,367.3897,10.618636713061743,61.613,31.3355,9.89205504597271,80.1552,4.826754761246569,117.375,152.4507,2.0390792159549327,23.3663,152.0309,20.6458,3.139982759389623,0.8468309332055926,0.817879704200473,0.0077468120071681,0.8022214903745396,0.0084195778697422,0.8134187599173678,0.0127815815126051,0.7918625190862548,0.0275290715118672,0.7083320858656926,0.6896500104787282,0.0213752084938292,0.8468309332055926,0.7324630999071884,0.021882338921431,-0.3186
18.19,11.0112,-0.17387,2.6339,2.77,0.3593056835051934,-0.18921,-0.19511,0.0033466486434726,-0.00519,0.0030321289650353,395.3231,367.3897,10.618636713061743,61.613,31.3355,9.89205504597271,80.1552,4.826754761246569,117.375,152.4507,2.0390792159549327,23.3663,152.0309,20.6458,3.139982759389623,0.8468309332055926,0.817879704200473,0.0077468120071681,0.8022214903745396,0.0084195778697422,0.8134187599173678,0.0127815815126051,0.7918625190862548,0.0275290715118672,0.7083320858656926,0.6896500104787282,0.0213752084938292,0.8468309332055926,0.7324630999071884,0.021882338921431,-0.3186
29.82,11.0112,-0.17387,2.6339,2.77,0.3593056835051934,-0.18921,-0.19511,0.0033466486434726,-0.00519,0.0030321289650353,395.3231,367.3897,10.618636713061743,61.613,31.3355,9.89205504597271,80.1552,4.826754761246569,117.375,152.4507,2.0390792159549327,23.3663,152.0309,20.6458,3.139982759389623,0.8468309332055926,0.817879704200473,0.0077468120071681,0.8022214903745396,0.0084195778697422,0.8134187599173678,0.0127815815126051,0.7918625190862548,0.0275290715118672,0.7083320858656926,0.6896500104787282,0.0213752084938292,0.8468309332055926,0.7324630999071884,0.021882338921431,-0.3186
39.2,11.0112,-0.17387,2.6339,2.77,0.3593056835051934,-0.18921,-0.19511,0.0033466486434726,-0.00519,0.0030321289650353,395.3231,367.3897,10.618636713061743,61.613,31.3355,9.89205504597271,80.1552,4.826754761246569,117.375,152.4507,2.0390792159549327,23.3663,152.0309,20.6458,3.139982759389623,0.8468309332055926,0.817879704200473,0.0077468120071681,0.8022214903745396,0.0084195778697422,0.8134187599173678,0.0127815815126051,0.7918625190862548,0.0275290715118672,0.7083320858656926,0.6896500104787282,0.0213752084938292,0.8468309332055926,0.7324630999071884,0.021882338921431,-0.3186
19.97,7.1686,-0.19743,5.7252,5.9,0.2540583830427603,-0.2167,-0.21227,0.0020039506564828,-0.05314,0.0010207025121129,364.374,349.7109,6.391759350321448,39.9992,65.9115,11.800177005289108,65.3569,1.8530106412026488,127.186,45.1517,2.889778841289926,186.7967,53.169,177.5369,3.7818168035913535,0.7799167689590132,0.8361126912367893,0.0168327617152011,0.7607257267746474,0.0143174789235087,0.7640789197928205,0.0130796662186127,0.7086015388760816,0.0210636374645267,0.671147570432023,0.6921948444657345,0.0143947268286534,0.5670488907517739,0.5773180443699291,0.0125538465204495,-0.3186
19.82,7.1686,-0.19743,5.7252,5.9,0.2540583830427603,-0.2167,-0.21227,0.0020039506564828,-0.05314,0.0010207025121129,364.374,349.7109,6.391759350321448,39.9992,65.9115,11.800177005289108,65.3569,1.8530106412026488,127.186,45.1517,2.889778841289926,186.7967,53.169,177.5369,3.7818168035913535,0.7799167689590132,0.8361126912367893,0.0168327617152011,0.7607257267746474,0.0143174789235087,0.7640789197928205,0.0130796662186127,0.7086015388760816,0.0210636374645267,0.671147570432023,0.6921948444657345,0.0143947268286534,0.5670488907517739,0.5773180443699291,0.0125538465204495,-0.3186
20.08,7.1686,-0.19743,5.7252,5.9,0.2540583830427603,-0.2167,-0.21227,0.0020039506564828,-0.05314,0.0010207025121129,364.374,349.7109,6.391759350321448,39.9992,65.9115,11.800177005289108,65.3569,1.8530106412026488,127.186,45.1517,2.889778841289926,186.7967,53.169,177.5369,3.7818168035913535,0.7799167689590132,0.8361126912367893,0.0168327617152011,0.7607257267746474,0.0143174789235087,0.7640789197928205,0.0130796662186127,0.7086015388760816,0.0210636374645267,0.671147570432023,0.6921948444657345,0.0143947268286534,0.5670488907517739,0.5773180443699291,0.0125538465204495,-0.3186
20.5,7.1686,-0.19743,5.7252,5.9,0.2540583830427603,-0.2167,-0.21227,0.0020039506564828,-0.05314,0.0010207025121129,364.374,349.7109,6.391759350321448,39.9992,65.9115,11.800177005289108,65.3569,1.8530106412026488,127.186,45.1517,2.889778841289926,186.7967,53.169,177.5369,3.7818168035913535,0.7799167689590132,0.8361126912367893,0.0168327617152011,0.7607257267746474,0.0143174789235087,0.7640789197928205,0.0130796662186127,0.7086015388760816,0.0210636374645267,0.671147570432023,0.6921948444657345,0.0143947268286534,0.5670488907517739,0.5773180443699291,0.0125538465204495,-0.3186
24.09,7.1686,-0.19743,5.7252,5.9,0.2540583830427603,-0.2167,-0.21227,0.0020039506564828,-0.05314,0.0010207025121129,364.374,349.7109,6.391759350321448,39.9992,65.9115,11.800177005289108,65.3569,1.8530106412026488,127.186,45.1517,2.889778841289926,186.7967,53.169,177.5369,3.7818168035913535,0.7799167689590132,0.8361126912367893,0.0168327617152011,0.7607257267746474,0.0143174789235087,0.7640789197928205,0.0130796662186127,0.7086015388760816,0.0210636374645267,0.671147570432023,0.6921948444657345,0.0143947268286534,0.5670488907517739,0.5773180443699291,0.0125538465204495,-0.3186
21.88,7.1686,-0.19743,5.7252,5.9,0.2540583830427603,-0.2167,-0.21227,0.0020039506564828,-0.05314,0.0010207025121129,364.374,349.7109,6.391759350321448,39.9992,65.9115,11.800177005289108,65.3569,1.8530106412026488,127.186,45.1517,2.889778841289926,186.7967,53.169,177.5369,3.7818168035913535,0.7799167689590132,0.8361126912367893,0.0168327617152011,0.7607257267746474,0.0143174789235087,0.7640789197928205,0.0130796662186127,0.7086015388760816,0.0210636374645267,0.671147570432023,0.6921948444657345,0.0143947268286534,0.5670488907517739,0.5773180443699291,0.0125538465204495,-0.3186
24.05,7.1686,-0.19743,5.7252,5.9,0.2540583830427603,-0.2167,-0.21227,0.0020039506564828,-0.05314,0.0010207025121129,364.374,349.7109,6.391759350321448,39.9992,65.9115,11.800177005289108,65.3569,1.8530106412026488,127.186,45.1517,2.889778841289926,186.7967,53.169,177.5369,3.7818168035913535,0.7799167689590132,0.8361126912367893,0.0168327617152011,0.7607257267746474,0.0143174789235087,0.7640789197928205,0.0130796662186127,0.7086015388760816,0.0210636374645267,0.671147570432023,0.6921948444657345,0.0143947268286534,0.5670488907517739,0.5773180443699291,0.0125538465204495,-0.3186
21.86,7.1686,-0.19743,5.7252,5.9,0.2540583830427603,-0.2167,-0.21227,0.0020039506564828,-0.05314,0.0010207025121129,364.374,349.7109,6.391759350321448,39.9992,65.9115,11.800177005289108,65.3569,1.8530106412026488,127.186,45.1517,2.889778841289926,186.7967,53.169,177.5369,3.7818168035913535,0.7799167689590132,0.8361126912367893,0.0168327617152011,0.7607257267746474,0.0143174789235087,0.7640789197928205,0.0130796662186127,0.7086015388760816,0.0210636374645267,0.671147570432023,0.6921948444657345,0.0143947268286534,0.5670488907517739,0.5773180443699291,0.0125538465204495,-0.3186
20.72,7.1686,-0.19743,5.7252,5.9,0.2540583830427603,-0.2167,-0.21227,0.0020039506564828,-0.05314,0.0010207025121129,364.374,349.7109,6.391759350321448,39.9992,65.9115,11.800177005289108,65.3569,1.8530106412026488,127.186,45.1517,2.889778841289926,186.7967,53.169,177.5369,3.7818168035913535,0.7799167689590132,0.8361126912367893,0.0168327617152011,0.7607257267746474,0.0143174789235087,0.7640789197928205,0.0130796662186127,0.7086015388760816,0.0210636374645267,0.671147570432023,0.6921948444657345,0.0143947268286534,0.5670488907517739,0.5773180443699291,0.0125538465204495,-0.3186
0.0,7.7731,-0.2019,5.7252,5.9,0.2540583830427603,-0.2167,-0.21227,0.0020039506564828,-0.05314,0.0010207025121129,364.374,349.7109,6.391759350321448,39.9992,65.9115,11.800177005289108,65.3569,1.8530106412026488,127.186,45.1517,2.889778841289926,186.7967,53.169,177.5369,3.7818168035913535,0.7799167689590132,0.8361126912367893,0.0168327617152011,0.7607257267746474,0.0143174789235087,0.7640789197928205,0.0130796662186127,0.7086015388760816,0.0210636374645267,0.671147570432023,0.6921948444657345,0.0143947268286534,0.5670488907517739,0.5773180443699291,0.0125538465204495,-0.3186
16.82,7.7731,-0.2019,5.7252,5.9,0.2540583830427603,-0.2167,-0.21227,0.0020039506564828,-0.05314,0.0010207025121129,364.374,349.7109,6.391759350321448,39.9992,65.9115,11.800177005289108,65.3569,1.8530106412026488,127.186,45.1517,2.889778841289926,186.7967,53.169,177.5369,3.7818168035913535,0.7799167689590132,0.8361126912367893,0.0168327617152011,0.7607257267746474,0.0143174789235087,0.7640789197928205,0.0130796662186127,0.7086015388760816,0.0210636374645267,0.671147570432023,0.6921948444657345,0.0143947268286534,0.5670488907517739,0.5773180443699291,0.0125538465204495,-0.3186
16.47,7.7731,-0.2019,5.7252,5.9,0.2540583830427603,-0.2167,-0.21227,0.0020039506564828,-0.05314,0.0010207025121129,364.374,349.7109,6.391759350321448,39.9992,65.9115,11.800177005289108,65.3569,1.8530106412026488,127.186,45.1517,2.889778841289926,186.7967,53.169,177.5369,3.7818168035913535,0.7799167689590132,0.8361126912367893,0.0168327617152011,0.7607257267746474,0.0143174789235087,0.7640789197928205,0.0130796662186127,0.7086015388760816,0.0210636374645267,0.671147570432023,0.6921948444657345,0.0143947268286534,0.5670488907517739,0.5773180443699291,0.0125538465204495,-0.3186
16.57,7.7731,-0.2019,5.7252,5.9,0.2540583830427603,-0.2167,-0.21227,0.0020039506564828,-0.05314,0.0010207025121129,364.374,349.7109,6.391759350321448,39.9992,65.9115,11.800177005289108,65.3569,1.8530106412026488,127.186,45.1517,2.889778841289926,186.7967,53.169,177.5369,3.7818168035913535,0.7799167689590132,0.8361126912367893,0.0168327617152011,0.7607257267746474,0.0143174789235087,0.7640789197928205,0.0130796662186127,0.7086015388760816,0.0210636374645267,0.671147570432023,0.6921948444657345,0.0143947268286534,0.5670488907517739,0.5773180443699291,0.0125538465204495,-0.3186
15.64,7.7731,-0.2019,5.7252,5.9,0.2540583830427603,-0.2167,-0.21227,0.0020039506564828,-0.05314,0.0010207025121129,364.374,349.7109,6.391759350321448,39.9992,65.9115,11.800177005289108,65.3569,1.8530106412026488,127.186,45.1517,2.889778841289926,186.7967,53.169,177.5369,3.7818168035913535,0.7799167689590132,0.8361126912367893,0.0168327617152011,0.7607257267746474,0.0143174789235087,0.7640789197928205,0.0130796662186127,0.7086015388760816,0.0210636374645267,0.671147570432023,0.6921948444657345,0.0143947268286534,0.5670488907517739,0.5773180443699291,0.0125538465204495,-0.3186
16.07,7.7731,-0.2019,5.7252,5.9,0.2540583830427603,-0.2167,-0.21227,0.0020039506564828,-0.05314,0.0010207025121129,364.374,349.7109,6.391759350321448,39.9992,65.9115,11.800177005289108,65.3569,1.8530106412026488,127.186,45.1517,2.889778841289926,186.7967,53.169,177.5369,3.7818168035913535,0.7799167689590132,0.8361126912367893,0.0168327617152011,0.7607257267746474,0.0143174789235087,0.7640789197928205,0.0130796662186127,0.7086015388760816,0.0210636374645267,0.671147570432023,0.6921948444657345,0.0143947268286534,0.5670488907517739,0.5773180443699291,0.0125538465204495,-0.3186
22.3,7.7731,-0.2019,5.7252,5.9,0.2540583830427603,-0.2167,-0.21227,0.0020039506564828,-0.05314,0.0010207025121129,364.374,349.7109,6.391759350321448,39.9992,65.9115,11.800177005289108,65.3569,1.8530106412026488,127.186,45.1517,2.889778841289926,186.7967,53.169,177.5369,3.7818168035913535,0.7799167689590132,0.8361126912367893,0.0168327617152011,0.7607257267746474,0.0143174789235087,0.7640789197928205,0.0130796662186127,0.7086015388760816,0.0210636374645267,0.671147570432023,0.6921948444657345,0.0143947268286534,0.5670488907517739,0.5773180443699291,0.0125538465204495,-0.3186
23.1,7.7731,-0.2019,5.7252,5.9,0.2540583830427603,-0.2167,-0.21227,0.0020039506564828,-0.05314,0.0010207025121129,364.374,349.7109,6.391759350321448,39.9992,65.9115,11.800177005289108,65.3569,1.8530106412026488,127.186,45.1517,2.889778841289926,186.7967,53.169,177.5369,3.7818168035913535,0.7799167689590132,0.8361126912367893,0.0168327617152011,0.7607257267746474,0.0143174789235087,0.7640789197928205,0.0130796662186127,0.7086015388760816,0.0210636374645267,0.671147570432023,0.6921948444657345,0.0143947268286534,0.5670488907517739,0.5773180443699291,0.0125538465204495,-0.3186
20.51,7.7731,-0.2019,5.7252,5.9,0.2540583830427603,-0.2167,-0.21227,0.0020039506564828,-0.05314,0.0010207025121129,364.374,349.7109,6.391759350321448,39.9992,65.9115,11.800177005289108,65.3569,1.8530106412026488,127.186,45.1517,2.889778841289926,186.7967,53.169,177.5369,3.7818168035913535,0.7799167689590132,0.8361126912367893,0.0168327617152011,0.7607257267746474,0.0143174789235087,0.7640789197928205,0.0130796662186127,0.7086015388760816,0.0210636374645267,0.671147570432023,0.6921948444657345,0.0143947268286534,0.5670488907517739,0.5773180443699291,0.0125538465204495,-0.3186
32.14,10.1478,-0.16646,5.7252,5.9,0.2540583830427603,-0.2167,-0.21227,0.0020039506564828,-0.05314,0.0010207025121129,364.374,349.7109,6.391759350321448,39.9992,65.9115,11.800177005289108,65.3569,1.8530106412026488,127.186,45.1517,2.889778841289926,186.7967,53.169,177.5369,3.7818168035913535,0.7799167689590132,0.8361126912367893,0.0168327617152011,0.7607257267746474,0.0143174789235087,0.7640789197928205,0.0130796662186127,0.7086015388760816,0.0210636374645267,0.671147570432023,0.6921948444657345,0.0143947268286534,0.5670488907517739,0.5773180443699291,0.0125538465204495,-0.3186
26.69,10.1478,-0.16646,5.7252,5.9,0.2540583830427603,-0.2167,-0.21227,0.0020039506564828,-0.05314,0.0010207025121129,364.374,349.7109,6.391759350321448,39.9992,65.9115,11.800177005289108,65.3569,1.8530106412026488,127.186,45.1517,2.889778841289926,186.7967,53.169,177.5369,3.7818168035913535,0.7799167689590132,0.8361126912367893,0.0168327617152011,0.7607257267746474,0.0143174789235087,0.7640789197928205,0.0130796662186127,0.7086015388760816,0.0210636374645267,0.671147570432023,0.6921948444657345,0.0143947268286534,0.5670488907517739,0.5773180443699291,0.0125538465204495,-0.3186
23.5,10.1478,-0.16646,5.7252,5.9,0.2540583830427603,-0.2167,-0.21227,0.0020039506564828,-0.05314,0.0010207025121129,364.374,349.7109,6.391759350321448,39.9992,65.9115,11.800177005289108,65.3569,1.8530106412026488,127.186,45.1517,2.889778841289926,186.7967,53.169,177.5369,3.7818168035913535,0.7799167689590132,0.8361126912367893,0.0168327617152011,0.7607257267746474,0.0143174789235087,0.7640789197928205,0.0130796662186127,0.7086015388760816,0.0210636374645267,0.671147570432023,0.6921948444657345,0.0143947268286534,0.5670488907517739,0.5773180443699291,0.0125538465204495,-0.3186
23.51,10.1478,-0.16646,5.7252,5.9,0.2540583830427603,-0.2167,-0.21227,0.0020039506564828,-0.05314,0.0010207025121129,364.374,349.7109,6.391759350321448,39.9992,65.9115,11.800177005289108,65.3569,1.8530106412026488,127.186,45.1517,2.889778841289926,186.7967,53.169,177.5369,3.7818168035913535,0.7799167689590132,0.8361126912367893,0.0168327617152011,0.7607257267746474,0.0143174789235087,0.7640789197928205,0.0130796662186127,0.7086015388760816,0.0210636374645267,0.671147570432023,0.6921948444657345,0.0143947268286534,0.5670488907517739,0.5773180443699291,0.0125538465204495,-0.3186
23.83,10.1478,-0.16646,5.7252,5.9,0.2540583830427603,-0.2167,-0.21227,0.0020039506564828,-0.05314,0.0010207025121129,364.374,349.7109,6.391759350321448,39.9992,65.9115,11.800177005289108,65.3569,1.8530106412026488,127.186,45.1517,2.889778841289926,186.7967,53.169,177.5369,3.7818168035913535,0.7799167689590132,0.8361126912367893,0.0168327617152011,0.7607257267746474,0.0143174789235087,0.7640789197928205,0.0130796662186127,0.7086015388760816,0.0210636374645267,0.671147570432023,0.6921948444657345,0.0143947268286534,0.5670488907517739,0.5773180443699291,0.0125538465204495,-0.3186
23.23,10.1478,-0.16646,5.7252,5.9,0.2540583830427603,-0.2167,-0.21227,0.0020039506564828,-0.05314,0.0010207025121129,364.374,349.7109,6.391759350321448,39.9992,65.9115,11.800177005289108,65.3569,1.8530106412026488,127.186,45.1517,2.889778841289926,186.7967,53.169,177.5369,3.7818168035913535,0.7799167689590132,0.8361126912367893,0.0168327617152011,0.7607257267746474,0.0143174789235087,0.7640789197928205,0.0130796662186127,0.7086015388760816,0.0210636374645267,0.671147570432023,0.6921948444657345,0.0143947268286534,0.5670488907517739,0.5773180443699291,0.0125538465204495,-0.3186
36.32,10.1478,-0.16646,5.7252,5.9,0.2540583830427603,-0.2167,-0.21227,0.0020039506564828,-0.05314,0.0010207025121129,364.374,349.7109,6.391759350321448,39.9992,65.9115,11.800177005289108,65.3569,1.8530106412026488,127.186,45.1517,2.889778841289926,186.7967,53.169,177.5369,3.7818168035913535,0.7799167689590132,0.8361126912367893,0.0168327617152011,0.7607257267746474,0.0143174789235087,0.7640789197928205,0.0130796662186127,0.7086015388760816,0.0210636374645267,0.671147570432023,0.6921948444657345,0.0143947268286534,0.5670488907517739,0.5773180443699291,0.0125538465204495,-0.3186
32.74,10.1478,-0.16646,5.7252,5.9,0.2540583830427603,-0.2167,-0.21227,0.0020039506564828,-0.05314,0.0010207025121129,364.374,349.7109,6.391759350321448,39.9992,65.9115,11.800177005289108,65.3569,1.8530106412026488,127.186,45.1517,2.889778841289926,186.7967,53.169,177.5369,3.7818168035913535,0.7799167689590132,0.8361126912367893,0.0168327617152011,0.7607257267746474,0.0143174789235087,0.7640789197928205,0.0130796662186127,0.7086015388760816,0.0210636374645267,0.671147570432023,0.6921948444657345,0.0143947268286534,0.5670488907517739,0.5773180443699291,0.0125538465204495,-0.3186
27.41,10.1478,-0.16646,5.7252,5.9,0.2540583830427603,-0.2167,-0.21227,0.0020039506564828,-0.05314,0.0010207025121129,364.374,349.7109,6.391759350321448,39.9992,65.9115,11.800177005289108,65.3569,1.8530106412026488,127.186,45.1517,2.889778841289926,186.7967,53.169,177.5369,3.7818168035913535,0.7799167689590132,0.8361126912367893,0.0168327617152011,0.7607257267746474,0.0143174789235087,0.7640789197928205,0.0130796662186127,0.7086015388760816,0.0210636374645267,0.671147570432023,0.6921948444657345,0.0143947268286534,0.5670488907517739,0.5773180443699291,0.0125538465204495,-0.3186
13.01,11.0112,-0.17387,5.7252,5.9,0.2540583830427603,-0.2167,-0.21227,0.0020039506564828,-0.05314,0.0010207025121129,364.374,349.7109,6.391759350321448,39.9992,65.9115,11.800177005289108,65.3569,1.8530106412026488,127.186,45.1517,2.889778841289926,186.7967,53.169,177.5369,3.7818168035913535,0.7799167689590132,0.8361126912367893,0.0168327617152011,0.7607257267746474,0.0143174789235087,0.7640789197928205,0.0130796662186127,0.7086015388760816,0.0210636374645267,0.671147570432023,0.6921948444657345,0.0143947268286534,0.5670488907517739,0.5773180443699291,0.0125538465204495,-0.3186
11.95,11.0112,-0.17387,5.7252,5.9,0.2540583830427603,-0.2167,-0.21227,0.0020039506564828,-0.05314,0.0010207025121129,364.374,349.7109,6.391759350321448,39.9992,65.9115,11.800177005289108,65.3569,1.8530106412026488,127.186,45.1517,2.889778841289926,186.7967,53.169,177.5369,3.7818168035913535,0.7799167689590132,0.8361126912367893,0.0168327617152011,0.7607257267746474,0.0143174789235087,0.7640789197928205,0.0130796662186127,0.7086015388760816,0.0210636374645267,0.671147570432023,0.6921948444657345,0.0143947268286534,0.5670488907517739,0.5773180443699291,0.0125538465204495,-0.3186
12.12,11.0112,-0.17387,5.7252,5.9,0.2540583830427603,-0.2167,-0.21227,0.0020039506564828,-0.05314,0.0010207025121129,364.374,349.7109,6.391759350321448,39.9992,65.9115,11.800177005289108,65.3569,1.8530106412026488,127.186,45.1517,2.889778841289926,186.7967,53.169,177.5369,3.7818168035913535,0.7799167689590132,0.8361126912367893,0.0168327617152011,0.7607257267746474,0.0143174789235087,0.7640789197928205,0.0130796662186127,0.7086015388760816,0.0210636374645267,0.671147570432023,0.6921948444657345,0.0143947268286534,0.5670488907517739,0.5773180443699291,0.0125538465204495,-0.3186
11.65,11.0112,-0.17387,5.7252,5.9,0.2540583830427603,-0.2167,-0.21227,0.0020039506564828,-0.05314,0.0010207025121129,364.374,349.7109,6.391759350321448,39.9992,65.9115,11.800177005289108,65.3569,1.8530106412026488,127.186,45.1517,2.889778841289926,186.7967,53.169,177.5369,3.7818168035913535,0.7799167689590132,0.8361126912367893,0.0168327617152011,0.7607257267746474,0.0143174789235087,0.7640789197928205,0.0130796662186127,0.7086015388760816,0.0210636374645267,0.671147570432023,0.6921948444657345,0.0143947268286534,0.5670488907517739,0.5773180443699291,0.0125538465204495,-0.3186
10.68,11.0112,-0.17387,5.7252,5.9,0.2540583830427603,-0.2167,-0.21227,0.0020039506564828,-0.05314,0.0010207025121129,364.374,349.7109,6.391759350321448,39.9992,65.9115,11.800177005289108,65.3569,1.8530106412026488,127.186,45.1517,2.889778841289926,186.7967,53.169,177.5369,3.7818168035913535,0.7799167689590132,0.8361126912367893,0.0168327617152011,0.7607257267746474,0.0143174789235087,0.7640789197928205,0.0130796662186127,0.7086015388760816,0.0210636374645267,0.671147570432023,0.6921948444657345,0.0143947268286534,0.5670488907517739,0.5773180443699291,0.0125538465204495,-0.3186
11.26,11.0112,-0.17387,5.7252,5.9,0.2540583830427603,-0.2167,-0.21227,0.0020039506564828,-0.05314,0.0010207025121129,364.374,349.7109,6.391759350321448,39.9992,65.9115,11.800177005289108,65.3569,1.8530106412026488,127.186,45.1517,2.889778841289926,186.7967,53.169,177.5369,3.7818168035913535,0.7799167689590132,0.8361126912367893,0.0168327617152011,0.7607257267746474,0.0143174789235087,0.7640789197928205,0.0130796662186127,0.7086015388760816,0.0210636374645267,0.671147570432023,0.6921948444657345,0.0143947268286534,0.5670488907517739,0.5773180443699291,0.0125538465204495,-0.3186
16.91,11.0112,-0.17387,5.7252,5.9,0.2540583830427603,-0.2167,-0.21227,0.0020039506564828,-0.05314,0.0010207025121129,364.374,349.7109,6.391759350321448,39.9992,65.9115,11.800177005289108,65.3569,1.8530106412026488,127.186,45.1517,2.889778841289926,186.7967,53.169,177.5369,3.7818168035913535,0.7799167689590132,0.8361126912367893,0.0168327617152011,0.7607257267746474,0.0143174789235087,0.7640789197928205,0.0130796662186127,0.7086015388760816,0.0210636374645267,0.671147570432023,0.6921948444657345,0.0143947268286534,0.5670488907517739,0.5773180443699291,0.0125538465204495,-0.3186
13.99,11.0112,-0.17387,5.7252,5.9,0.2540583830427603,-0.2167,-0.21227,0.0020039506564828,-0.05314,0.0010207025121129,364.374,349.7109,6.391759350321448,39.9992,65.9115,11.800177005289108,65.3569,1.8530106412026488,127.186,45.1517,2.889778841289926,186.7967,53.169,177.5369,3.7818168035913535,0.7799167689590132,0.8361126912367893,0.0168327617152011,0.7607257267746474,0.0143174789235087,0.7640789197928205,0.0130796662186127,0.7086015388760816,0.0210636374645267,0.671147570432023,0.6921948444657345,0.0143947268286534,0.5670488907517739,0.5773180443699291,0.0125538465204495,-0.3186
13.79,11.0112,-0.17387,5.7252,5.9,0.2540583830427603,-0.2167,-0.21227,0.0020039506564828,-0.05314,0.0010207025121129,364.374,349.7109,6.391759350321448,39.9992,65.9115,11.800177005289108,65.3569,1.8530106412026488,127.186,45.1517,2.889778841289926,186.7967,53.169,177.5369,3.7818168035913535,0.7799167689590132,0.8361126912367893,0.0168327617152011,0.7607257267746474,0.0143174789235087,0.7640789197928205,0.0130796662186127,0.7086015388760816,0.0210636374645267,0.671147570432023,0.6921948444657345,0.0143947268286534,0.5670488907517739,0.5773180443699291,0.0125538465204495,-0.3186
16.04,7.1686,-0.19743,1.2279,1.1571,0.0405897770380671,-0.22075,-0.21336,0.0042723997940267,-0.01969,0.0024912697565699,381.1196,372.0266,5.24929809045935,154.698,157.1623,1.4285861037519996,57.3221,0.3520251695546785,174.2696,112.5804,0.3323081200733228,59.2517,111.8835,52.8706,2.0790660539450574,0.7568336277356965,0.7574922906499806,0.0085995739661041,0.8146462680758061,0.0064218238359532,0.8334481003562767,0.0078045292392308,0.7056974342085566,0.00263650802883,0.7611748151252955,0.7204874105565701,0.0235254865690311,0.7599473069668572,0.7807850064369329,0.0119875437820114,-0.3186
54.67,7.1686,-0.19743,1.2279,1.1571,0.0405897770380671,-0.22075,-0.21336,0.0042723997940267,-0.01969,0.0024912697565699,381.1196,372.0266,5.24929809045935,154.698,157.1623,1.4285861037519996,57.3221,0.3520251695546785,174.2696,112.5804,0.3323081200733228,59.2517,111.8835,52.8706,2.0790660539450574,0.7568336277356965,0.7574922906499806,0.0085995739661041,0.8146462680758061,0.0064218238359532,0.8334481003562767,0.0078045292392308,0.7056974342085566,0.00263650802883,0.7611748151252955,0.7204874105565701,0.0235254865690311,0.7599473069668572,0.7807850064369329,0.0119875437820114,-0.3186
67.57,7.1686,-0.19743,1.2279,1.1571,0.0405897770380671,-0.22075,-0.21336,0.0042723997940267,-0.01969,0.0024912697565699,381.1196,372.0266,5.24929809045935,154.698,157.1623,1.4285861037519996,57.3221,0.3520251695546785,174.2696,112.5804,0.3323081200733228,59.2517,111.8835,52.8706,2.0790660539450574,0.7568336277356965,0.7574922906499806,0.0085995739661041,0.8146462680758061,0.0064218238359532,0.8334481003562767,0.0078045292392308,0.7056974342085566,0.00263650802883,0.7611748151252955,0.7204874105565701,0.0235254865690311,0.7599473069668572,0.7807850064369329,0.0119875437820114,-0.3186
17.45,7.1686,-0.19743,1.2279,1.1571,0.0405897770380671,-0.22075,-0.21336,0.0042723997940267,-0.01969,0.0024912697565699,381.1196,372.0266,5.24929809045935,154.698,157.1623,1.4285861037519996,57.3221,0.3520251695546785,174.2696,112.5804,0.3323081200733228,59.2517,111.8835,52.8706,2.0790660539450574,0.7568336277356965,0.7574922906499806,0.0085995739661041,0.8146462680758061,0.0064218238359532,0.8334481003562767,0.0078045292392308,0.7056974342085566,0.00263650802883,0.7611748151252955,0.7204874105565701,0.0235254865690311,0.7599473069668572,0.7807850064369329,0.0119875437820114,-0.3186
36.66,7.1686,-0.19743,1.2279,1.1571,0.0405897770380671,-0.22075,-0.21336,0.0042723997940267,-0.01969,0.0024912697565699,381.1196,372.0266,5.24929809045935,154.698,157.1623,1.4285861037519996,57.3221,0.3520251695546785,174.2696,112.5804,0.3323081200733228,59.2517,111.8835,52.8706,2.0790660539450574,0.7568336277356965,0.7574922906499806,0.0085995739661041,0.8146462680758061,0.0064218238359532,0.8334481003562767,0.0078045292392308,0.7056974342085566,0.00263650802883,0.7611748151252955,0.7204874105565701,0.0235254865690311,0.7599473069668572,0.7807850064369329,0.0119875437820114,-0.3186
76.66,7.1686,-0.19743,1.2279,1.1571,0.0405897770380671,-0.22075,-0.21336,0.0042723997940267,-0.01969,0.0024912697565699,381.1196,372.0266,5.24929809045935,154.698,157.1623,1.4285861037519996,57.3221,0.3520251695546785,174.2696,112.5804,0.3323081200733228,59.2517,111.8835,52.8706,2.0790660539450574,0.7568336277356965,0.7574922906499806,0.0085995739661041,0.8146462680758061,0.0064218238359532,0.8334481003562767,0.0078045292392308,0.7056974342085566,0.00263650802883,0.7611748151252955,0.7204874105565701,0.0235254865690311,0.7599473069668572,0.7807850064369329,0.0119875437820114,-0.3186
19.99,7.1686,-0.19743,1.2279,1.1571,0.0405897770380671,-0.22075,-0.21336,0.0042723997940267,-0.01969,0.0024912697565699,381.1196,372.0266,5.24929809045935,154.698,157.1623,1.4285861037519996,57.3221,0.3520251695546785,174.2696,112.5804,0.3323081200733228,59.2517,111.8835,52.8706,2.0790660539450574,0.7568336277356965,0.7574922906499806,0.0085995739661041,0.8146462680758061,0.0064218238359532,0.8334481003562767,0.0078045292392308,0.7056974342085566,0.00263650802883,0.7611748151252955,0.7204874105565701,0.0235254865690311,0.7599473069668572,0.7807850064369329,0.0119875437820114,-0.3186
50.75,7.1686,-0.19743,1.2279,1.1571,0.0405897770380671,-0.22075,-0.21336,0.0042723997940267,-0.01969,0.0024912697565699,381.1196,372.0266,5.24929809045935,154.698,157.1623,1.4285861037519996,57.3221,0.3520251695546785,174.2696,112.5804,0.3323081200733228,59.2517,111.8835,52.8706,2.0790660539450574,0.7568336277356965,0.7574922906499806,0.0085995739661041,0.8146462680758061,0.0064218238359532,0.8334481003562767,0.0078045292392308,0.7056974342085566,0.00263650802883,0.7611748151252955,0.7204874105565701,0.0235254865690311,0.7599473069668572,0.7807850064369329,0.0119875437820114,-0.3186
80.86,7.1686,-0.19743,1.2279,1.1571,0.0405897770380671,-0.22075,-0.21336,0.0042723997940267,-0.01969,0.0024912697565699,381.1196,372.0266,5.24929809045935,154.698,157.1623,1.4285861037519996,57.3221,0.3520251695546785,174.2696,112.5804,0.3323081200733228,59.2517,111.8835,52.8706,2.0790660539450574,0.7568336277356965,0.7574922906499806,0.0085995739661041,0.8146462680758061,0.0064218238359532,0.8334481003562767,0.0078045292392308,0.7056974342085566,0.00263650802883,0.7611748151252955,0.7204874105565701,0.0235254865690311,0.7599473069668572,0.7807850064369329,0.0119875437820114,-0.3186
57.18,7.7731,-0.2019,1.2279,1.1571,0.0405897770380671,-0.22075,-0.21336,0.0042723997940267,-0.01969,0.0024912697565699,381.1196,372.0266,5.24929809045935,154.698,157.1623,1.4285861037519996,57.3221,0.3520251695546785,174.2696,112.5804,0.3323081200733228,59.2517,111.8835,52.8706,2.0790660539450574,0.7568336277356965,0.7574922906499806,0.0085995739661041,0.8146462680758061,0.0064218238359532,0.8334481003562767,0.0078045292392308,0.7056974342085566,0.00263650802883,0.7611748151252955,0.7204874105565701,0.0235254865690311,0.7599473069668572,0.7807850064369329,0.0119875437820114,-0.3186
76.68,7.7731,-0.2019,1.2279,1.1571,0.0405897770380671,-0.22075,-0.21336,0.0042723997940267,-0.01969,0.0024912697565699,381.1196,372.0266,5.24929809045935,154.698,157.1623,1.4285861037519996,57.3221,0.3520251695546785,174.2696,112.5804,0.3323081200733228,59.2517,111.8835,52.8706,2.0790660539450574,0.7568336277356965,0.7574922906499806,0.0085995739661041,0.8146462680758061,0.0064218238359532,0.8334481003562767,0.0078045292392308,0.7056974342085566,0.00263650802883,0.7611748151252955,0.7204874105565701,0.0235254865690311,0.7599473069668572,0.7807850064369329,0.0119875437820114,-0.3186
70.51,7.7731,-0.2019,1.2279,1.1571,0.0405897770380671,-0.22075,-0.21336,0.0042723997940267,-0.01969,0.0024912697565699,381.1196,372.0266,5.24929809045935,154.698,157.1623,1.4285861037519996,57.3221,0.3520251695546785,174.2696,112.5804,0.3323081200733228,59.2517,111.8835,52.8706,2.0790660539450574,0.7568336277356965,0.7574922906499806,0.0085995739661041,0.8146462680758061,0.0064218238359532,0.8334481003562767,0.0078045292392308,0.7056974342085566,0.00263650802883,0.7611748151252955,0.7204874105565701,0.0235254865690311,0.7599473069668572,0.7807850064369329,0.0119875437820114,-0.3186
51.32,7.7731,-0.2019,1.2279,1.1571,0.0405897770380671,-0.22075,-0.21336,0.0042723997940267,-0.01969,0.0024912697565699,381.1196,372.0266,5.24929809045935,154.698,157.1623,1.4285861037519996,57.3221,0.3520251695546785,174.2696,112.5804,0.3323081200733228,59.2517,111.8835,52.8706,2.0790660539450574,0.7568336277356965,0.7574922906499806,0.0085995739661041,0.8146462680758061,0.0064218238359532,0.8334481003562767,0.0078045292392308,0.7056974342085566,0.00263650802883,0.7611748151252955,0.7204874105565701,0.0235254865690311,0.7599473069668572,0.7807850064369329,0.0119875437820114,-0.3186
76.85,7.7731,-0.2019,1.2279,1.1571,0.0405897770380671,-0.22075,-0.21336,0.0042723997940267,-0.01969,0.0024912697565699,381.1196,372.0266,5.24929809045935,154.698,157.1623,1.4285861037519996,57.3221,0.3520251695546785,174.2696,112.5804,0.3323081200733228,59.2517,111.8835,52.8706,2.0790660539450574,0.7568336277356965,0.7574922906499806,0.0085995739661041,0.8146462680758061,0.0064218238359532,0.8334481003562767,0.0078045292392308,0.7056974342085566,0.00263650802883,0.7611748151252955,0.7204874105565701,0.0235254865690311,0.7599473069668572,0.7807850064369329,0.0119875437820114,-0.3186
77.52,7.7731,-0.2019,1.2279,1.1571,0.0405897770380671,-0.22075,-0.21336,0.0042723997940267,-0.01969,0.0024912697565699,381.1196,372.0266,5.24929809045935,154.698,157.1623,1.4285861037519996,57.3221,0.3520251695546785,174.2696,112.5804,0.3323081200733228,59.2517,111.8835,52.8706,2.0790660539450574,0.7568336277356965,0.7574922906499806,0.0085995739661041,0.8146462680758061,0.0064218238359532,0.8334481003562767,0.0078045292392308,0.7056974342085566,0.00263650802883,0.7611748151252955,0.7204874105565701,0.0235254865690311,0.7599473069668572,0.7807850064369329,0.0119875437820114,-0.3186
52.23,7.7731,-0.2019,1.2279,1.1571,0.0405897770380671,-0.22075,-0.21336,0.0042723997940267,-0.01969,0.0024912697565699,381.1196,372.0266,5.24929809045935,154.698,157.1623,1.4285861037519996,57.3221,0.3520251695546785,174.2696,112.5804,0.3323081200733228,59.2517,111.8835,52.8706,2.0790660539450574,0.7568336277356965,0.7574922906499806,0.0085995739661041,0.8146462680758061,0.0064218238359532,0.8334481003562767,0.0078045292392308,0.7056974342085566,0.00263650802883,0.7611748151252955,0.7204874105565701,0.0235254865690311,0.7599473069668572,0.7807850064369329,0.0119875437820114,-0.3186
69.2,7.7731,-0.2019,1.2279,1.1571,0.0405897770380671,-0.22075,-0.21336,0.0042723997940267,-0.01969,0.0024912697565699,381.1196,372.0266,5.24929809045935,154.698,157.1623,1.4285861037519996,57.3221,0.3520251695546785,174.2696,112.5804,0.3323081200733228,59.2517,111.8835,52.8706,2.0790660539450574,0.7568336277356965,0.7574922906499806,0.0085995739661041,0.8146462680758061,0.0064218238359532,0.8334481003562767,0.0078045292392308,0.7056974342085566,0.00263650802883,0.7611748151252955,0.7204874105565701,0.0235254865690311,0.7599473069668572,0.7807850064369329,0.0119875437820114,-0.3186
80.65,7.7731,-0.2019,1.2279,1.1571,0.0405897770380671,-0.22075,-0.21336,0.0042723997940267,-0.01969,0.0024912697565699,381.1196,372.0266,5.24929809045935,154.698,157.1623,1.4285861037519996,57.3221,0.3520251695546785,174.2696,112.5804,0.3323081200733228,59.2517,111.8835,52.8706,2.0790660539450574,0.7568336277356965,0.7574922906499806,0.0085995739661041,0.8146462680758061,0.0064218238359532,0.8334481003562767,0.0078045292392308,0.7056974342085566,0.00263650802883,0.7611748151252955,0.7204874105565701,0.0235254865690311,0.7599473069668572,0.7807850064369329,0.0119875437820114,-0.3186
57.95,10.1478,-0.16646,1.2279,1.1571,0.0405897770380671,-0.22075,-0.21336,0.0042723997940267,-0.01969,0.0024912697565699,381.1196,372.0266,5.24929809045935,154.698,157.1623,1.4285861037519996,57.3221,0.3520251695546785,174.2696,112.5804,0.3323081200733228,59.2517,111.8835,52.8706,2.0790660539450574,0.7568336277356965,0.7574922906499806,0.0085995739661041,0.8146462680758061,0.0064218238359532,0.8334481003562767,0.0078045292392308,0.7056974342085566,0.00263650802883,0.7611748151252955,0.7204874105565701,0.0235254865690311,0.7599473069668572,0.7807850064369329,0.0119875437820114,-0.3186
82.33,10.1478,-0.16646,1.2279,1.1571,0.0405897770380671,-0.22075,-0.21336,0.0042723997940267,-0.01969,0.0024912697565699,381.1196,372.0266,5.24929809045935,154.698,157.1623,1.4285861037519996,57.3221,0.3520251695546785,174.2696,112.5804,0.3323081200733228,59.2517,111.8835,52.8706,2.0790660539450574,0.7568336277356965,0.7574922906499806,0.0085995739661041,0.8146462680758061,0.0064218238359532,0.8334481003562767,0.0078045292392308,0.7056974342085566,0.00263650802883,0.7611748151252955,0.7204874105565701,0.0235254865690311,0.7599473069668572,0.7807850064369329,0.0119875437820114,-0.3186
88.82,10.1478,-0.16646,1.2279,1.1571,0.0405897770380671,-0.22075,-0.21336,0.0042723997940267,-0.01969,0.0024912697565699,381.1196,372.0266,5.24929809045935,154.698,157.1623,1.4285861037519996,57.3221,0.3520251695546785,174.2696,112.5804,0.3323081200733228,59.2517,111.8835,52.8706,2.0790660539450574,0.7568336277356965,0.7574922906499806,0.0085995739661041,0.8146462680758061,0.0064218238359532,0.8334481003562767,0.0078045292392308,0.7056974342085566,0.00263650802883,0.7611748151252955,0.7204874105565701,0.0235254865690311,0.7599473069668572,0.7807850064369329,0.0119875437820114,-0.3186
57.85,10.1478,-0.16646,1.2279,1.1571,0.0405897770380671,-0.22075,-0.21336,0.0042723997940267,-0.01969,0.0024912697565699,381.1196,372.0266,5.24929809045935,154.698,157.1623,1.4285861037519996,57.3221,0.3520251695546785,174.2696,112.5804,0.3323081200733228,59.2517,111.8835,52.8706,2.0790660539450574,0.7568336277356965,0.7574922906499806,0.0085995739661041,0.8146462680758061,0.0064218238359532,0.8334481003562767,0.0078045292392308,0.7056974342085566,0.00263650802883,0.7611748151252955,0.7204874105565701,0.0235254865690311,0.7599473069668572,0.7807850064369329,0.0119875437820114,-0.3186
67.85,10.1478,-0.16646,1.2279,1.1571,0.0405897770380671,-0.22075,-0.21336,0.0042723997940267,-0.01969,0.0024912697565699,381.1196,372.0266,5.24929809045935,154.698,157.1623,1.4285861037519996,57.3221,0.3520251695546785,174.2696,112.5804,0.3323081200733228,59.2517,111.8835,52.8706,2.0790660539450574,0.7568336277356965,0.7574922906499806,0.0085995739661041,0.8146462680758061,0.0064218238359532,0.8334481003562767,0.0078045292392308,0.7056974342085566,0.00263650802883,0.7611748151252955,0.7204874105565701,0.0235254865690311,0.7599473069668572,0.7807850064369329,0.0119875437820114,-0.3186
50.74,10.1478,-0.16646,1.2279,1.1571,0.0405897770380671,-0.22075,-0.21336,0.0042723997940267,-0.01969,0.0024912697565699,381.1196,372.0266,5.24929809045935,154.698,157.1623,1.4285861037519996,57.3221,0.3520251695546785,174.2696,112.5804,0.3323081200733228,59.2517,111.8835,52.8706,2.0790660539450574,0.7568336277356965,0.7574922906499806,0.0085995739661041,0.8146462680758061,0.0064218238359532,0.8334481003562767,0.0078045292392308,0.7056974342085566,0.00263650802883,0.7611748151252955,0.7204874105565701,0.0235254865690311,0.7599473069668572,0.7807850064369329,0.0119875437820114,-0.3186
63.2,10.1478,-0.16646,1.2279,1.1571,0.0405897770380671,-0.22075,-0.21336,0.0042723997940267,-0.01969,0.0024912697565699,381.1196,372.0266,5.24929809045935,154.698,157.1623,1.4285861037519996,57.3221,0.3520251695546785,174.2696,112.5804,0.3323081200733228,59.2517,111.8835,52.8706,2.0790660539450574,0.7568336277356965,0.7574922906499806,0.0085995739661041,0.8146462680758061,0.0064218238359532,0.8334481003562767,0.0078045292392308,0.7056974342085566,0.00263650802883,0.7611748151252955,0.7204874105565701,0.0235254865690311,0.7599473069668572,0.7807850064369329,0.0119875437820114,-0.3186
96.38,10.1478,-0.16646,1.2279,1.1571,0.0405897770380671,-0.22075,-0.21336,0.0042723997940267,-0.01969,0.0024912697565699,381.1196,372.0266,5.24929809045935,154.698,157.1623,1.4285861037519996,57.3221,0.3520251695546785,174.2696,112.5804,0.3323081200733228,59.2517,111.8835,52.8706,2.0790660539450574,0.7568336277356965,0.7574922906499806,0.0085995739661041,0.8146462680758061,0.0064218238359532,0.8334481003562767,0.0078045292392308,0.7056974342085566,0.00263650802883,0.7611748151252955,0.7204874105565701,0.0235254865690311,0.7599473069668572,0.7807850064369329,0.0119875437820114,-0.3186
99.98,10.1478,-0.16646,1.2279,1.1571,0.0405897770380671,-0.22075,-0.21336,0.0042723997940267,-0.01969,0.0024912697565699,381.1196,372.0266,5.24929809045935,154.698,157.1623,1.4285861037519996,57.3221,0.3520251695546785,174.2696,112.5804,0.3323081200733228,59.2517,111.8835,52.8706,2.0790660539450574,0.7568336277356965,0.7574922906499806,0.0085995739661041,0.8146462680758061,0.0064218238359532,0.8334481003562767,0.0078045292392308,0.7056974342085566,0.00263650802883,0.7611748151252955,0.7204874105565701,0.0235254865690311,0.7599473069668572,0.7807850064369329,0.0119875437820114,-0.3186
37.4,11.0112,-0.17387,1.2279,1.1571,0.0405897770380671,-0.22075,-0.21336,0.0042723997940267,-0.01969,0.0024912697565699,381.1196,372.0266,5.24929809045935,154.698,157.1623,1.4285861037519996,57.3221,0.3520251695546785,174.2696,112.5804,0.3323081200733228,59.2517,111.8835,52.8706,2.0790660539450574,0.7568336277356965,0.7574922906499806,0.0085995739661041,0.8146462680758061,0.0064218238359532,0.8334481003562767,0.0078045292392308,0.7056974342085566,0.00263650802883,0.7611748151252955,0.7204874105565701,0.0235254865690311,0.7599473069668572,0.7807850064369329,0.0119875437820114,-0.3186
65.69,11.0112,-0.17387,1.2279,1.1571,0.0405897770380671,-0.22075,-0.21336,0.0042723997940267,-0.01969,0.0024912697565699,381.1196,372.0266,5.24929809045935,154.698,157.1623,1.4285861037519996,57.3221,0.3520251695546785,174.2696,112.5804,0.3323081200733228,59.2517,111.8835,52.8706,2.0790660539450574,0.7568336277356965,0.7574922906499806,0.0085995739661041,0.8146462680758061,0.0064218238359532,0.8334481003562767,0.0078045292392308,0.7056974342085566,0.00263650802883,0.7611748151252955,0.7204874105565701,0.0235254865690311,0.7599473069668572,0.7807850064369329,0.0119875437820114,-0.3186
71.57,11.0112,-0.17387,1.2279,1.1571,0.0405897770380671,-0.22075,-0.21336,0.0042723997940267,-0.01969,0.0024912697565699,381.1196,372.0266,5.24929809045935,154.698,157.1623,1.4285861037519996,57.3221,0.3520251695546785,174.2696,112.5804,0.3323081200733228,59.2517,111.8835,52.8706,2.0790660539450574,0.7568336277356965,0.7574922906499806,0.0085995739661041,0.8146462680758061,0.0064218238359532,0.8334481003562767,0.0078045292392308,0.7056974342085566,0.00263650802883,0.7611748151252955,0.7204874105565701,0.0235254865690311,0.7599473069668572,0.7807850064369329,0.0119875437820114,-0.3186
43.22,11.0112,-0.17387,1.2279,1.1571,0.0405897770380671,-0.22075,-0.21336,0.0042723997940267,-0.01969,0.0024912697565699,381.1196,372.0266,5.24929809045935,154.698,157.1623,1.4285861037519996,57.3221,0.3520251695546785,174.2696,112.5804,0.3323081200733228,59.2517,111.8835,52.8706,2.0790660539450574,0.7568336277356965,0.7574922906499806,0.0085995739661041,0.8146462680758061,0.0064218238359532,0.8334481003562767,0.0078045292392308,0.7056974342085566,0.00263650802883,0.7611748151252955,0.7204874105565701,0.0235254865690311,0.7599473069668572,0.7807850064369329,0.0119875437820114,-0.3186
11.18,11.0112,-0.17387,1.2279,1.1571,0.0405897770380671,-0.22075,-0.21336,0.0042723997940267,-0.01969,0.0024912697565699,381.1196,372.0266,5.24929809045935,154.698,157.1623,1.4285861037519996,57.3221,0.3520251695546785,174.2696,112.5804,0.3323081200733228,59.2517,111.8835,52.8706,2.0790660539450574,0.7568336277356965,0.7574922906499806,0.0085995739661041,0.8146462680758061,0.0064218238359532,0.8334481003562767,0.0078045292392308,0.7056974342085566,0.00263650802883,0.7611748151252955,0.7204874105565701,0.0235254865690311,0.7599473069668572,0.7807850064369329,0.0119875437820114,-0.3186
75.46,11.0112,-0.17387,1.2279,1.1571,0.0405897770380671,-0.22075,-0.21336,0.0042723997940267,-0.01969,0.0024912697565699,381.1196,372.0266,5.24929809045935,154.698,157.1623,1.4285861037519996,57.3221,0.3520251695546785,174.2696,112.5804,0.3323081200733228,59.2517,111.8835,52.8706,2.0790660539450574,0.7568336277356965,0.7574922906499806,0.0085995739661041,0.8146462680758061,0.0064218238359532,0.8334481003562767,0.0078045292392308,0.7056974342085566,0.00263650802883,0.7611748151252955,0.7204874105565701,0.0235254865690311,0.7599473069668572,0.7807850064369329,0.0119875437820114,-0.3186
36.73,11.0112,-0.17387,1.2279,1.1571,0.0405897770380671,-0.22075,-0.21336,0.0042723997940267,-0.01969,0.0024912697565699,381.1196,372.0266,5.24929809045935,154.698,157.1623,1.4285861037519996,57.3221,0.3520251695546785,174.2696,112.5804,0.3323081200733228,59.2517,111.8835,52.8706,2.0790660539450574,0.7568336277356965,0.7574922906499806,0.0085995739661041,0.8146462680758061,0.0064218238359532,0.8334481003562767,0.0078045292392308,0.7056974342085566,0.00263650802883,0.7611748151252955,0.7204874105565701,0.0235254865690311,0.7599473069668572,0.7807850064369329,0.0119875437820114,-0.3186
53.52,11.0112,-0.17387,1.2279,1.1571,0.0405897770380671,-0.22075,-0.21336,0.0042723997940267,-0.01969,0.0024912697565699,381.1196,372.0266,5.24929809045935,154.698,157.1623,1.4285861037519996,57.3221,0.3520251695546785,174.2696,112.5804,0.3323081200733228,59.2517,111.8835,52.8706,2.0790660539450574,0.7568336277356965,0.7574922906499806,0.0085995739661041,0.8146462680758061,0.0064218238359532,0.8334481003562767,0.0078045292392308,0.7056974342085566,0.00263650802883,0.7611748151252955,0.7204874105565701,0.0235254865690311,0.7599473069668572,0.7807850064369329,0.0119875437820114,-0.3186
71.81,11.0112,-0.17387,1.2279,1.1571,0.0405897770380671,-0.22075,-0.21336,0.0042723997940267,-0.01969,0.0024912697565699,381.1196,372.0266,5.24929809045935,154.698,157.1623,1.4285861037519996,57.3221,0.3520251695546785,174.2696,112.5804,0.3323081200733228,59.2517,111.8835,52.8706,2.0790660539450574,0.7568336277356965,0.7574922906499806,0.0085995739661041,0.8146462680758061,0.0064218238359532,0.8334481003562767,0.0078045292392308,0.7056974342085566,0.00263650802883,0.7611748151252955,0.7204874105565701,0.0235254865690311,0.7599473069668572,0.7807850064369329,0.0119875437820114,-0.3186
0.0,7.1686,-0.19743,1.3621,1.3622,5.77350269189e-05,-0.22408,-0.22408,0.0,-0.01341,0.0,411.2345,411.2504,0.009388468103663,64.536,64.5211,0.0074594459132909,54.2411,0.0005773502691923,184.8409,172.1506,0.0018248287590846,23.9094,172.1524,23.9091,0.002055075018907,0.6425855513307984,0.703032843328044,4.57329191237e-05,0.4738780276039639,2.99392233765e-05,0.4739079668273405,2.99392233765e-05,0.4739079668273405,3.45708373515e-05,0.4738780276039639,0.473937906050717,4.57329191237e-05,0.6425855513307984,0.3622945420795784,7.53453932044e-05,-0.3186
0.0,7.1686,-0.19743,1.3621,1.3622,5.77350269189e-05,-0.22408,-0.22408,0.0,-0.01341,0.0,411.2345,411.2504,0.009388468103663,64.536,64.5211,0.0074594459132909,54.2411,0.0005773502691923,184.8409,172.1506,0.0018248287590846,23.9094,172.1524,23.9091,0.002055075018907,0.6425855513307984,0.703032843328044,4.57329191237e-05,0.4738780276039639,2.99392233765e-05,0.4739079668273405,2.99392233765e-05,0.4739079668273405,3.45708373515e-05,0.4738780276039639,0.473937906050717,4.57329191237e-05,0.6425855513307984,0.3622945420795784,7.53453932044e-05,-0.3186
0.0,7.1686,-0.19743,1.3621,1.3622,5.77350269189e-05,-0.22408,-0.22408,0.0,-0.01341,0.0,411.2345,411.2504,0.009388468103663,64.536,64.5211,0.0074594459132909,54.2411,0.0005773502691923,184.8409,172.1506,0.0018248287590846,23.9094,172.1524,23.9091,0.002055075018907,0.6425855513307984,0.703032843328044,4.57329191237e-05,0.4738780276039639,2.99392233765e-05,0.4739079668273405,2.99392233765e-05,0.4739079668273405,3.45708373515e-05,0.4738780276039639,0.473937906050717,4.57329191237e-05,0.6425855513307984,0.3622945420795784,7.53453932044e-05,-0.3186
0.0,7.1686,-0.19743,1.3621,1.3622,5.77350269189e-05,-0.22408,-0.22408,0.0,-0.01341,0.0,411.2345,411.2504,0.009388468103663,64.536,64.5211,0.0074594459132909,54.2411,0.0005773502691923,184.8409,172.1506,0.0018248287590846,23.9094,172.1524,23.9091,0.002055075018907,0.6425855513307984,0.703032843328044,4.57329191237e-05,0.4738780276039639,2.99392233765e-05,0.4739079668273405,2.99392233765e-05,0.4739079668273405,3.45708373515e-05,0.4738780276039639,0.473937906050717,4.57329191237e-05,0.6425855513307984,0.3622945420795784,7.53453932044e-05,-0.3186
0.0,7.1686,-0.19743,1.3621,1.3622,5.77350269189e-05,-0.22408,-0.22408,0.0,-0.01341,0.0,411.2345,411.2504,0.009388468103663,64.536,64.5211,0.0074594459132909,54.2411,0.0005773502691923,184.8409,172.1506,0.0018248287590846,23.9094,172.1524,23.9091,0.002055075018907,0.6425855513307984,0.703032843328044,4.57329191237e-05,0.4738780276039639,2.99392233765e-05,0.4739079668273405,2.99392233765e-05,0.4739079668273405,3.45708373515e-05,0.4738780276039639,0.473937906050717,4.57329191237e-05,0.6425855513307984,0.3622945420795784,7.53453932044e-05,-0.3186
0.0,7.1686,-0.19743,1.3621,1.3622,5.77350269189e-05,-0.22408,-0.22408,0.0,-0.01341,0.0,411.2345,411.2504,0.009388468103663,64.536,64.5211,0.0074594459132909,54.2411,0.0005773502691923,184.8409,172.1506,0.0018248287590846,23.9094,172.1524,23.9091,0.002055075018907,0.6425855513307984,0.703032843328044,4.57329191237e-05,0.4738780276039639,2.99392233765e-05,0.4739079668273405,2.99392233765e-05,0.4739079668273405,3.45708373515e-05,0.4738780276039639,0.473937906050717,4.57329191237e-05,0.6425855513307984,0.3622945420795784,7.53453932044e-05,-0.3186
0.0,7.1686,-0.19743,1.3621,1.3622,5.77350269189e-05,-0.22408,-0.22408,0.0,-0.01341,0.0,411.2345,411.2504,0.009388468103663,64.536,64.5211,0.0074594459132909,54.2411,0.0005773502691923,184.8409,172.1506,0.0018248287590846,23.9094,172.1524,23.9091,0.002055075018907,0.6425855513307984,0.703032843328044,4.57329191237e-05,0.4738780276039639,2.99392233765e-05,0.4739079668273405,2.99392233765e-05,0.4739079668273405,3.45708373515e-05,0.4738780276039639,0.473937906050717,4.57329191237e-05,0.6425855513307984,0.3622945420795784,7.53453932044e-05,-0.3186
0.0,7.1686,-0.19743,1.3621,1.3622,5.77350269189e-05,-0.22408,-0.22408,0.0,-0.01341,0.0,411.2345,411.2504,0.009388468103663,64.536,64.5211,0.0074594459132909,54.2411,0.0005773502691923,184.8409,172.1506,0.0018248287590846,23.9094,172.1524,23.9091,0.002055075018907,0.6425855513307984,0.703032843328044,4.57329191237e-05,0.4738780276039639,2.99392233765e-05,0.4739079668273405,2.99392233765e-05,0.4739079668273405,3.45708373515e-05,0.4738780276039639,0.473937906050717,4.57329191237e-05,0.6425855513307984,0.3622945420795784,7.53453932044e-05,-0.3186
0.0,7.1686,-0.19743,1.3621,1.3622,5.77350269189e-05,-0.22408,-0.22408,0.0,-0.01341,0.0,411.2345,411.2504,0.009388468103663,64.536,64.5211,0.0074594459132909,54.2411,0.0005773502691923,184.8409,172.1506,0.0018248287590846,23.9094,172.1524,23.9091,0.002055075018907,0.6425855513307984,0.703032843328044,4.57329191237e-05,0.4738780276039639,2.99392233765e-05,0.4739079668273405,2.99392233765e-05,0.4739079668273405,3.45708373515e-05,0.4738780276039639,0.473937906050717,4.57329191237e-05,0.6425855513307984,0.3622945420795784,7.53453932044e-05,-0.3186
0.0,7.7731,-0.2019,1.3621,1.3622,5.77350269189e-05,-0.22408,-0.22408,0.0,-0.01341,0.0,411.2345,411.2504,0.009388468103663,64.536,64.5211,0.0074594459132909,54.2411,0.0005773502691923,184.8409,172.1506,0.0018248287590846,23.9094,172.1524,23.9091,0.002055075018907,0.6425855513307984,0.703032843328044,4.57329191237e-05,0.4738780276039639,2.99392233765e-05,0.4739079668273405,2.99392233765e-05,0.4739079668273405,3.45708373515e-05,0.4738780276039639,0.473937906050717,4.57329191237e-05,0.6425855513307984,0.3622945420795784,7.53453932044e-05,-0.3186
0.0,7.7731,-0.2019,1.3621,1.3622,5.77350269189e-05,-0.22408,-0.22408,0.0,-0.01341,0.0,411.2345,411.2504,0.009388468103663,64.536,64.5211,0.0074594459132909,54.2411,0.0005773502691923,184.8409,172.1506,0.0018248287590846,23.9094,172.1524,23.9091,0.002055075018907,0.6425855513307984,0.703032843328044,4.57329191237e-05,0.4738780276039639,2.99392233765e-05,0.4739079668273405,2.99392233765e-05,0.4739079668273405,3.45708373515e-05,0.4738780276039639,0.473937906050717,4.57329191237e-05,0.6425855513307984,0.3622945420795784,7.53453932044e-05,-0.3186
0.0,7.7731,-0.2019,1.3621,1.3622,5.77350269189e-05,-0.22408,-0.22408,0.0,-0.01341,0.0,411.2345,411.2504,0.009388468103663,64.536,64.5211,0.0074594459132909,54.2411,0.0005773502691923,184.8409,172.1506,0.0018248287590846,23.9094,172.1524,23.9091,0.002055075018907,0.6425855513307984,0.703032843328044,4.57329191237e-05,0.4738780276039639,2.99392233765e-05,0.4739079668273405,2.99392233765e-05,0.4739079668273405,3.45708373515e-05,0.4738780276039639,0.473937906050717,4.57329191237e-05,0.6425855513307984,0.3622945420795784,7.53453932044e-05,-0.3186
0.0,7.7731,-0.2019,1.3621,1.3622,5.77350269189e-05,-0.22408,-0.22408,0.0,-0.01341,0.0,411.2345,411.2504,0.009388468103663,64.536,64.5211,0.0074594459132909,54.2411,0.0005773502691923,184.8409,172.1506,0.0018248287590846,23.9094,172.1524,23.9091,0.002055075018907,0.6425855513307984,0.703032843328044,4.57329191237e-05,0.4738780276039639,2.99392233765e-05,0.4739079668273405,2.99392233765e-05,0.4739079668273405,3.45708373515e-05,0.4738780276039639,0.473937906050717,4.57329191237e-05,0.6425855513307984,0.3622945420795784,7.53453932044e-05,-0.3186
0.0,7.7731,-0.2019,1.3621,1.3622,5.77350269189e-05,-0.22408,-0.22408,0.0,-0.01341,0.0,411.2345,411.2504,0.009388468103663,64.536,64.5211,0.0074594459132909,54.2411,0.0005773502691923,184.8409,172.1506,0.0018248287590846,23.9094,172.1524,23.9091,0.002055075018907,0.6425855513307984,0.703032843328044,4.57329191237e-05,0.4738780276039639,2.99392233765e-05,0.4739079668273405,2.99392233765e-05,0.4739079668273405,3.45708373515e-05,0.4738780276039639,0.473937906050717,4.57329191237e-05,0.6425855513307984,0.3622945420795784,7.53453932044e-05,-0.3186
0.0,7.7731,-0.2019,1.3621,1.3622,5.77350269189e-05,-0.22408,-0.22408,0.0,-0.01341,0.0,411.2345,411.2504,0.009388468103663,64.536,64.5211,0.0074594459132909,54.2411,0.0005773502691923,184.8409,172.1506,0.0018248287590846,23.9094,172.1524,23.9091,0.002055075018907,0.6425855513307984,0.703032843328044,4.57329191237e-05,0.4738780276039639,2.99392233765e-05,0.4739079668273405,2.99392233765e-05,0.4739079668273405,3.45708373515e-05,0.4738780276039639,0.473937906050717,4.57329191237e-05,0.6425855513307984,0.3622945420795784,7.53453932044e-05,-0.3186
0.0,7.7731,-0.2019,1.3621,1.3622,5.77350269189e-05,-0.22408,-0.22408,0.0,-0.01341,0.0,411.2345,411.2504,0.009388468103663,64.536,64.5211,0.0074594459132909,54.2411,0.0005773502691923,184.8409,172.1506,0.0018248287590846,23.9094,172.1524,23.9091,0.002055075018907,0.6425855513307984,0.703032843328044,4.57329191237e-05,0.4738780276039639,2.99392233765e-05,0.4739079668273405,2.99392233765e-05,0.4739079668273405,3.45708373515e-05,0.4738780276039639,0.473937906050717,4.57329191237e-05,0.6425855513307984,0.3622945420795784,7.53453932044e-05,-0.3186
0.0,7.7731,-0.2019,1.3621,1.3622,5.77350269189e-05,-0.22408,-0.22408,0.0,-0.01341,0.0,411.2345,411.2504,0.009388468103663,64.536,64.5211,0.0074594459132909,54.2411,0.0005773502691923,184.8409,172.1506,0.0018248287590846,23.9094,172.1524,23.9091,0.002055075018907,0.6425855513307984,0.703032843328044,4.57329191237e-05,0.4738780276039639,2.99392233765e-05,0.4739079668273405,2.99392233765e-05,0.4739079668273405,3.45708373515e-05,0.4738780276039639,0.473937906050717,4.57329191237e-05,0.6425855513307984,0.3622945420795784,7.53453932044e-05,-0.3186
0.0,7.7731,-0.2019,1.3621,1.3622,5.77350269189e-05,-0.22408,-0.22408,0.0,-0.01341,0.0,411.2345,411.2504,0.009388468103663,64.536,64.5211,0.0074594459132909,54.2411,0.0005773502691923,184.8409,172.1506,0.0018248287590846,23.9094,172.1524,23.9091,0.002055075018907,0.6425855513307984,0.703032843328044,4.57329191237e-05,0.4738780276039639,2.99392233765e-05,0.4739079668273405,2.99392233765e-05,0.4739079668273405,3.45708373515e-05,0.4738780276039639,0.473937906050717,4.57329191237e-05,0.6425855513307984,0.3622945420795784,7.53453932044e-05,-0.3186
0.0,10.1478,-0.16646,1.3621,1.3622,5.77350269189e-05,-0.22408,-0.22408,0.0,-0.01341,0.0,411.2345,411.2504,0.009388468103663,64.536,64.5211,0.0074594459132909,54.2411,0.0005773502691923,184.8409,172.1506,0.0018248287590846,23.9094,172.1524,23.9091,0.002055075018907,0.6425855513307984,0.703032843328044,4.57329191237e-05,0.4738780276039639,2.99392233765e-05,0.4739079668273405,2.99392233765e-05,0.4739079668273405,3.45708373515e-05,0.4738780276039639,0.473937906050717,4.57329191237e-05,0.6425855513307984,0.3622945420795784,7.53453932044e-05,-0.3186
0.0,10.1478,-0.16646,1.3621,1.3622,5.77350269189e-05,-0.22408,-0.22408,0.0,-0.01341,0.0,411.2345,411.2504,0.009388468103663,64.536,64.5211,0.0074594459132909,54.2411,0.0005773502691923,184.8409,172.1506,0.0018248287590846,23.9094,172.1524,23.9091,0.002055075018907,0.6425855513307984,0.703032843328044,4.57329191237e-05,0.4738780276039639,2.99392233765e-05,0.4739079668273405,2.99392233765e-05,0.4739079668273405,3.45708373515e-05,0.4738780276039639,0.473937906050717,4.57329191237e-05,0.6425855513307984,0.3622945420795784,7.53453932044e-05,-0.3186
0.0,10.1478,-0.16646,1.3621,1.3622,5.77350269189e-05,-0.22408,-0.22408,0.0,-0.01341,0.0,411.2345,411.2504,0.009388468103663,64.536,64.5211,0.0074594459132909,54.2411,0.0005773502691923,184.8409,172.1506,0.0018248287590846,23.9094,172.1524,23.9091,0.002055075018907,0.6425855513307984,0.703032843328044,4.57329191237e-05,0.4738780276039639,2.99392233765e-05,0.4739079668273405,2.99392233765e-05,0.4739079668273405,3.45708373515e-05,0.4738780276039639,0.473937906050717,4.57329191237e-05,0.6425855513307984,0.3622945420795784,7.53453932044e-05,-0.3186
0.0,10.1478,-0.16646,1.3621,1.3622,5.77350269189e-05,-0.22408,-0.22408,0.0,-0.01341,0.0,411.2345,411.2504,0.009388468103663,64.536,64.5211,0.0074594459132909,54.2411,0.0005773502691923,184.8409,172.1506,0.0018248287590846,23.9094,172.1524,23.9091,0.002055075018907,0.6425855513307984,0.703032843328044,4.57329191237e-05,0.4738780276039639,2.99392233765e-05,0.4739079668273405,2.99392233765e-05,0.4739079668273405,3.45708373515e-05,0.4738780276039639,0.473937906050717,4.57329191237e-05,0.6425855513307984,0.3622945420795784,7.53453932044e-05,-0.3186
0.0,10.1478,-0.16646,1.3621,1.3622,5.77350269189e-05,-0.22408,-0.22408,0.0,-0.01341,0.0,411.2345,411.2504,0.009388468103663,64.536,64.5211,0.0074594459132909,54.2411,0.0005773502691923,184.8409,172.1506,0.0018248287590846,23.9094,172.1524,23.9091,0.002055075018907,0.6425855513307984,0.703032843328044,4.57329191237e-05,0.4738780276039639,2.99392233765e-05,0.4739079668273405,2.99392233765e-05,0.4739079668273405,3.45708373515e-05,0.4738780276039639,0.473937906050717,4.57329191237e-05,0.6425855513307984,0.3622945420795784,7.53453932044e-05,-0.3186
0.0,10.1478,-0.16646,1.3621,1.3622,5.77350269189e-05,-0.22408,-0.22408,0.0,-0.01341,0.0,411.2345,411.2504,0.009388468103663,64.536,64.5211,0.0074594459132909,54.2411,0.0005773502691923,184.8409,172.1506,0.0018248287590846,23.9094,172.1524,23.9091,0.002055075018907,0.6425855513307984,0.703032843328044,4.57329191237e-05,0.4738780276039639,2.99392233765e-05,0.4739079668273405,2.99392233765e-05,0.4739079668273405,3.45708373515e-05,0.4738780276039639,0.473937906050717,4.57329191237e-05,0.6425855513307984,0.3622945420795784,7.53453932044e-05,-0.3186
0.0,10.1478,-0.16646,1.3621,1.3622,5.77350269189e-05,-0.22408,-0.22408,0.0,-0.01341,0.0,411.2345,411.2504,0.009388468103663,64.536,64.5211,0.0074594459132909,54.2411,0.0005773502691923,184.8409,172.1506,0.0018248287590846,23.9094,172.1524,23.9091,0.002055075018907,0.6425855513307984,0.703032843328044,4.57329191237e-05,0.4738780276039639,2.99392233765e-05,0.4739079668273405,2.99392233765e-05,0.4739079668273405,3.45708373515e-05,0.4738780276039639,0.473937906050717,4.57329191237e-05,0.6425855513307984,0.3622945420795784,7.53453932044e-05,-0.3186
0.0,10.1478,-0.16646,1.3621,1.3622,5.77350269189e-05,-0.22408,-0.22408,0.0,-0.01341,0.0,411.2345,411.2504,0.009388468103663,64.536,64.5211,0.0074594459132909,54.2411,0.0005773502691923,184.8409,172.1506,0.0018248287590846,23.9094,172.1524,23.9091,0.002055075018907,0.6425855513307984,0.703032843328044,4.57329191237e-05,0.4738780276039639,2.99392233765e-05,0.4739079668273405,2.99392233765e-05,0.4739079668273405,3.45708373515e-05,0.4738780276039639,0.473937906050717,4.57329191237e-05,0.6425855513307984,0.3622945420795784,7.53453932044e-05,-0.3186
0.0,10.1478,-0.16646,1.3621,1.3622,5.77350269189e-05,-0.22408,-0.22408,0.0,-0.01341,0.0,411.2345,411.2504,0.009388468103663,64.536,64.5211,0.0074594459132909,54.2411,0.0005773502691923,184.8409,172.1506,0.0018248287590846,23.9094,172.1524,23.9091,0.002055075018907,0.6425855513307984,0.703032843328044,4.57329191237e-05,0.4738780276039639,2.99392233765e-05,0.4739079668273405,2.99392233765e-05,0.4739079668273405,3.45708373515e-05,0.4738780276039639,0.473937906050717,4.57329191237e-05,0.6425855513307984,0.3622945420795784,7.53453932044e-05,-0.3186
0.0,11.0112,-0.17387,1.3621,1.3622,5.77350269189e-05,-0.22408,-0.22408,0.0,-0.01341,0.0,411.2345,411.2504,0.009388468103663,64.536,64.5211,0.0074594459132909,54.2411,0.0005773502691923,184.8409,172.1506,0.0018248287590846,23.9094,172.1524,23.9091,0.002055075018907,0.6425855513307984,0.703032843328044,4.57329191237e-05,0.4738780276039639,2.99392233765e-05,0.4739079668273405,2.99392233765e-05,0.4739079668273405,3.45708373515e-05,0.4738780276039639,0.473937906050717,4.57329191237e-05,0.6425855513307984,0.3622945420795784,7.53453932044e-05,-0.3186
0.0,11.0112,-0.17387,1.3621,1.3622,5.77350269189e-05,-0.22408,-0.22408,0.0,-0.01341,0.0,411.2345,411.2504,0.009388468103663,64.536,64.5211,0.0074594459132909,54.2411,0.0005773502691923,184.8409,172.1506,0.0018248287590846,23.9094,172.1524,23.9091,0.002055075018907,0.6425855513307984,0.703032843328044,4.57329191237e-05,0.4738780276039639,2.99392233765e-05,0.4739079668273405,2.99392233765e-05,0.4739079668273405,3.45708373515e-05,0.4738780276039639,0.473937906050717,4.57329191237e-05,0.6425855513307984,0.3622945420795784,7.53453932044e-05,-0.3186
0.0,11.0112,-0.17387,1.3621,1.3622,5.77350269189e-05,-0.22408,-0.22408,0.0,-0.01341,0.0,411.2345,411.2504,0.009388468103663,64.536,64.5211,0.0074594459132909,54.2411,0.0005773502691923,184.8409,172.1506,0.0018248287590846,23.9094,172.1524,23.9091,0.002055075018907,0.6425855513307984,0.703032843328044,4.57329191237e-05,0.4738780276039639,2.99392233765e-05,0.4739079668273405,2.99392233765e-05,0.4739079668273405,3.45708373515e-05,0.4738780276039639,0.473937906050717,4.57329191237e-05,0.6425855513307984,0.3622945420795784,7.53453932044e-05,-0.3186
0.0,11.0112,-0.17387,1.3621,1.3622,5.77350269189e-05,-0.22408,-0.22408,0.0,-0.01341,0.0,411.2345,411.2504,0.009388468103663,64.536,64.5211,0.0074594459132909,54.2411,0.0005773502691923,184.8409,172.1506,0.0018248287590846,23.9094,172.1524,23.9091,0.002055075018907,0.6425855513307984,0.703032843328044,4.57329191237e-05,0.4738780276039639,2.99392233765e-05,0.4739079668273405,2.99392233765e-05,0.4739079668273405,3.45708373515e-05,0.4738780276039639,0.473937906050717,4.57329191237e-05,0.6425855513307984,0.3622945420795784,7.53453932044e-05,-0.3186
0.0,11.0112,-0.17387,1.3621,1.3622,5.77350269189e-05,-0.22408,-0.22408,0.0,-0.01341,0.0,411.2345,411.2504,0.009388468103663,64.536,64.5211,0.0074594459132909,54.2411,0.0005773502691923,184.8409,172.1506,0.0018248287590846,23.9094,172.1524,23.9091,0.002055075018907,0.6425855513307984,0.703032843328044,4.57329191237e-05,0.4738780276039639,2.99392233765e-05,0.4739079668273405,2.99392233765e-05,0.4739079668273405,3.45708373515e-05,0.4738780276039639,0.473937906050717,4.57329191237e-05,0.6425855513307984,0.3622945420795784,7.53453932044e-05,-0.3186
0.0,11.0112,-0.17387,1.3621,1.3622,5.77350269189e-05,-0.22408,-0.22408,0.0,-0.01341,0.0,411.2345,411.2504,0.009388468103663,64.536,64.5211,0.0074594459132909,54.2411,0.0005773502691923,184.8409,172.1506,0.0018248287590846,23.9094,172.1524,23.9091,0.002055075018907,0.6425855513307984,0.703032843328044,4.57329191237e-05,0.4738780276039639,2.99392233765e-05,0.4739079668273405,2.99392233765e-05,0.4739079668273405,3.45708373515e-05,0.4738780276039639,0.473937906050717,4.57329191237e-05,0.6425855513307984,0.3622945420795784,7.53453932044e-05,-0.3186
0.0,11.0112,-0.17387,1.3621,1.3622,5.77350269189e-05,-0.22408,-0.22408,0.0,-0.01341,0.0,411.2345,411.2504,0.009388468103663,64.536,64.5211,0.0074594459132909,54.2411,0.0005773502691923,184.8409,172.1506,0.0018248287590846,23.9094,172.1524,23.9091,0.002055075018907,0.6425855513307984,0.703032843328044,4.57329191237e-05,0.4738780276039639,2.99392233765e-05,0.4739079668273405,2.99392233765e-05,0.4739079668273405,3.45708373515e-05,0.4738780276039639,0.473937906050717,4.57329191237e-05,0.6425855513307984,0.3622945420795784,7.53453932044e-05,-0.3186
0.0,11.0112,-0.17387,1.3621,1.3622,5.77350269189e-05,-0.22408,-0.22408,0.0,-0.01341,0.0,411.2345,411.2504,0.009388468103663,64.536,64.5211,0.0074594459132909,54.2411,0.0005773502691923,184.8409,172.1506,0.0018248287590846,23.9094,172.1524,23.9091,0.002055075018907,0.6425855513307984,0.703032843328044,4.57329191237e-05,0.4738780276039639,2.99392233765e-05,0.4739079668273405,2.99392233765e-05,0.4739079668273405,3.45708373515e-05,0.4738780276039639,0.473937906050717,4.57329191237e-05,0.6425855513307984,0.3622945420795784,7.53453932044e-05,-0.3186
0.0,11.0112,-0.17387,1.3621,1.3622,5.77350269189e-05,-0.22408,-0.22408,0.0,-0.01341,0.0,411.2345,411.2504,0.009388468103663,64.536,64.5211,0.0074594459132909,54.2411,0.0005773502691923,184.8409,172.1506,0.0018248287590846,23.9094,172.1524,23.9091,0.002055075018907,0.6425855513307984,0.703032843328044,4.57329191237e-05,0.4738780276039639,2.99392233765e-05,0.4739079668273405,2.99392233765e-05,0.4739079668273405,3.45708373515e-05,0.4738780276039639,0.473937906050717,4.57329191237e-05,0.6425855513307984,0.3622945420795784,7.53453932044e-05,-0.3186
17.09,7.1686,-0.19743,3.8245,2.6753,0.4345836520384166,-0.19126,-0.1839,0.0040939076687194,-0.01526,0.0031844190619176,348.0845,338.7551,16.217524241433285,52.0536,47.8768,19.23902485195502,60.148,2.262744571974486,148.3333,150.3153,3.861431906936177,24.9874,156.7629,14.51,3.88289496852787,0.8408430885302834,0.8432382264004071,0.0154152017497205,0.8204544774108559,0.020549549864377,0.8381784976497709,0.0165083546647066,0.68590760755666,0.0096491573647638,0.7181521511331995,0.6548905721385586,0.041846017276907,0.8408430885302834,0.7638394060058081,0.0133268038159292,-0.26727
20.73,7.1686,-0.19743,3.8245,2.6753,0.4345836520384166,-0.19126,-0.1839,0.0040939076687194,-0.01526,0.0031844190619176,348.0845,338.7551,16.217524241433285,52.0536,47.8768,19.23902485195502,60.148,2.262744571974486,148.3333,150.3153,3.861431906936177,24.9874,156.7629,14.51,3.88289496852787,0.8408430885302834,0.8432382264004071,0.0154152017497205,0.8204544774108559,0.020549549864377,0.8381784976497709,0.0165083546647066,0.68590760755666,0.0096491573647638,0.7181521511331995,0.6548905721385586,0.041846017276907,0.8408430885302834,0.7638394060058081,0.0133268038159292,-0.26727
25.86,7.1686,-0.19743,3.8245,2.6753,0.4345836520384166,-0.19126,-0.1839,0.0040939076687194,-0.01526,0.0031844190619176,348.0845,338.7551,16.217524241433285,52.0536,47.8768,19.23902485195502,60.148,2.262744571974486,148.3333,150.3153,3.861431906936177,24.9874,156.7629,14.51,3.88289496852787,0.8408430885302834,0.8432382264004071,0.0154152017497205,0.8204544774108559,0.020549549864377,0.8381784976497709,0.0165083546647066,0.68590760755666,0.0096491573647638,0.7181521511331995,0.6548905721385586,0.041846017276907,0.8408430885302834,0.7638394060058081,0.0133268038159292,-0.26727
17.54,7.1686,-0.19743,3.8245,2.6753,0.4345836520384166,-0.19126,-0.1839,0.0040939076687194,-0.01526,0.0031844190619176,348.0845,338.7551,16.217524241433285,52.0536,47.8768,19.23902485195502,60.148,2.262744571974486,148.3333,150.3153,3.861431906936177,24.9874,156.7629,14.51,3.88289496852787,0.8408430885302834,0.8432382264004071,0.0154152017497205,0.8204544774108559,0.020549549864377,0.8381784976497709,0.0165083546647066,0.68590760755666,0.0096491573647638,0.7181521511331995,0.6548905721385586,0.041846017276907,0.8408430885302834,0.7638394060058081,0.0133268038159292,-0.26727
16.39,7.1686,-0.19743,3.8245,2.6753,0.4345836520384166,-0.19126,-0.1839,0.0040939076687194,-0.01526,0.0031844190619176,348.0845,338.7551,16.217524241433285,52.0536,47.8768,19.23902485195502,60.148,2.262744571974486,148.3333,150.3153,3.861431906936177,24.9874,156.7629,14.51,3.88289496852787,0.8408430885302834,0.8432382264004071,0.0154152017497205,0.8204544774108559,0.020549549864377,0.8381784976497709,0.0165083546647066,0.68590760755666,0.0096491573647638,0.7181521511331995,0.6548905721385586,0.041846017276907,0.8408430885302834,0.7638394060058081,0.0133268038159292,-0.26727
27.16,7.1686,-0.19743,3.8245,2.6753,0.4345836520384166,-0.19126,-0.1839,0.0040939076687194,-0.01526,0.0031844190619176,348.0845,338.7551,16.217524241433285,52.0536,47.8768,19.23902485195502,60.148,2.262744571974486,148.3333,150.3153,3.861431906936177,24.9874,156.7629,14.51,3.88289496852787,0.8408430885302834,0.8432382264004071,0.0154152017497205,0.8204544774108559,0.020549549864377,0.8381784976497709,0.0165083546647066,0.68590760755666,0.0096491573647638,0.7181521511331995,0.6548905721385586,0.041846017276907,0.8408430885302834,0.7638394060058081,0.0133268038159292,-0.26727
15.36,7.1686,-0.19743,3.8245,2.6753,0.4345836520384166,-0.19126,-0.1839,0.0040939076687194,-0.01526,0.0031844190619176,348.0845,338.7551,16.217524241433285,52.0536,47.8768,19.23902485195502,60.148,2.262744571974486,148.3333,150.3153,3.861431906936177,24.9874,156.7629,14.51,3.88289496852787,0.8408430885302834,0.8432382264004071,0.0154152017497205,0.8204544774108559,0.020549549864377,0.8381784976497709,0.0165083546647066,0.68590760755666,0.0096491573647638,0.7181521511331995,0.6548905721385586,0.041846017276907,0.8408430885302834,0.7638394060058081,0.0133268038159292,-0.26727
17.26,7.1686,-0.19743,3.8245,2.6753,0.4345836520384166,-0.19126,-0.1839,0.0040939076687194,-0.01526,0.0031844190619176,348.0845,338.7551,16.217524241433285,52.0536,47.8768,19.23902485195502,60.148,2.262744571974486,148.3333,150.3153,3.861431906936177,24.9874,156.7629,14.51,3.88289496852787,0.8408430885302834,0.8432382264004071,0.0154152017497205,0.8204544774108559,0.020549549864377,0.8381784976497709,0.0165083546647066,0.68590760755666,0.0096491573647638,0.7181521511331995,0.6548905721385586,0.041846017276907,0.8408430885302834,0.7638394060058081,0.0133268038159292,-0.26727
18.26,7.1686,-0.19743,3.8245,2.6753,0.4345836520384166,-0.19126,-0.1839,0.0040939076687194,-0.01526,0.0031844190619176,348.0845,338.7551,16.217524241433285,52.0536,47.8768,19.23902485195502,60.148,2.262744571974486,148.3333,150.3153,3.861431906936177,24.9874,156.7629,14.51,3.88289496852787,0.8408430885302834,0.8432382264004071,0.0154152017497205,0.8204544774108559,0.020549549864377,0.8381784976497709,0.0165083546647066,0.68590760755666,0.0096491573647638,0.7181521511331995,0.6548905721385586,0.041846017276907,0.8408430885302834,0.7638394060058081,0.0133268038159292,-0.26727
49.22,7.7731,-0.2019,3.8245,2.6753,0.4345836520384166,-0.19126,-0.1839,0.0040939076687194,-0.01526,0.0031844190619176,348.0845,338.7551,16.217524241433285,52.0536,47.8768,19.23902485195502,60.148,2.262744571974486,148.3333,150.3153,3.861431906936177,24.9874,156.7629,14.51,3.88289496852787,0.8408430885302834,0.8432382264004071,0.0154152017497205,0.8204544774108559,0.020549549864377,0.8381784976497709,0.0165083546647066,0.68590760755666,0.0096491573647638,0.7181521511331995,0.6548905721385586,0.041846017276907,0.8408430885302834,0.7638394060058081,0.0133268038159292,-0.26727
30.95,7.7731,-0.2019,3.8245,2.6753,0.4345836520384166,-0.19126,-0.1839,0.0040939076687194,-0.01526,0.0031844190619176,348.0845,338.7551,16.217524241433285,52.0536,47.8768,19.23902485195502,60.148,2.262744571974486,148.3333,150.3153,3.861431906936177,24.9874,156.7629,14.51,3.88289496852787,0.8408430885302834,0.8432382264004071,0.0154152017497205,0.8204544774108559,0.020549549864377,0.8381784976497709,0.0165083546647066,0.68590760755666,0.0096491573647638,0.7181521511331995,0.6548905721385586,0.041846017276907,0.8408430885302834,0.7638394060058081,0.0133268038159292,-0.26727
43.18,7.7731,-0.2019,3.8245,2.6753,0.4345836520384166,-0.19126,-0.1839,0.0040939076687194,-0.01526,0.0031844190619176,348.0845,338.7551,16.217524241433285,52.0536,47.8768,19.23902485195502,60.148,2.262744571974486,148.3333,150.3153,3.861431906936177,24.9874,156.7629,14.51,3.88289496852787,0.8408430885302834,0.8432382264004071,0.0154152017497205,0.8204544774108559,0.020549549864377,0.8381784976497709,0.0165083546647066,0.68590760755666,0.0096491573647638,0.7181521511331995,0.6548905721385586,0.041846017276907,0.8408430885302834,0.7638394060058081,0.0133268038159292,-0.26727
61.94,7.7731,-0.2019,3.8245,2.6753,0.4345836520384166,-0.19126,-0.1839,0.0040939076687194,-0.01526,0.0031844190619176,348.0845,338.7551,16.217524241433285,52.0536,47.8768,19.23902485195502,60.148,2.262744571974486,148.3333,150.3153,3.861431906936177,24.9874,156.7629,14.51,3.88289496852787,0.8408430885302834,0.8432382264004071,0.0154152017497205,0.8204544774108559,0.020549549864377,0.8381784976497709,0.0165083546647066,0.68590760755666,0.0096491573647638,0.7181521511331995,0.6548905721385586,0.041846017276907,0.8408430885302834,0.7638394060058081,0.0133268038159292,-0.26727
48.88,7.7731,-0.2019,3.8245,2.6753,0.4345836520384166,-0.19126,-0.1839,0.0040939076687194,-0.01526,0.0031844190619176,348.0845,338.7551,16.217524241433285,52.0536,47.8768,19.23902485195502,60.148,2.262744571974486,148.3333,150.3153,3.861431906936177,24.9874,156.7629,14.51,3.88289496852787,0.8408430885302834,0.8432382264004071,0.0154152017497205,0.8204544774108559,0.020549549864377,0.8381784976497709,0.0165083546647066,0.68590760755666,0.0096491573647638,0.7181521511331995,0.6548905721385586,0.041846017276907,0.8408430885302834,0.7638394060058081,0.0133268038159292,-0.26727
66.9,7.7731,-0.2019,3.8245,2.6753,0.4345836520384166,-0.19126,-0.1839,0.0040939076687194,-0.01526,0.0031844190619176,348.0845,338.7551,16.217524241433285,52.0536,47.8768,19.23902485195502,60.148,2.262744571974486,148.3333,150.3153,3.861431906936177,24.9874,156.7629,14.51,3.88289496852787,0.8408430885302834,0.8432382264004071,0.0154152017497205,0.8204544774108559,0.020549549864377,0.8381784976497709,0.0165083546647066,0.68590760755666,0.0096491573647638,0.7181521511331995,0.6548905721385586,0.041846017276907,0.8408430885302834,0.7638394060058081,0.0133268038159292,-0.26727
42.48,7.7731,-0.2019,3.8245,2.6753,0.4345836520384166,-0.19126,-0.1839,0.0040939076687194,-0.01526,0.0031844190619176,348.0845,338.7551,16.217524241433285,52.0536,47.8768,19.23902485195502,60.148,2.262744571974486,148.3333,150.3153,3.861431906936177,24.9874,156.7629,14.51,3.88289496852787,0.8408430885302834,0.8432382264004071,0.0154152017497205,0.8204544774108559,0.020549549864377,0.8381784976497709,0.0165083546647066,0.68590760755666,0.0096491573647638,0.7181521511331995,0.6548905721385586,0.041846017276907,0.8408430885302834,0.7638394060058081,0.0133268038159292,-0.26727
33.97,7.7731,-0.2019,3.8245,2.6753,0.4345836520384166,-0.19126,-0.1839,0.0040939076687194,-0.01526,0.0031844190619176,348.0845,338.7551,16.217524241433285,52.0536,47.8768,19.23902485195502,60.148,2.262744571974486,148.3333,150.3153,3.861431906936177,24.9874,156.7629,14.51,3.88289496852787,0.8408430885302834,0.8432382264004071,0.0154152017497205,0.8204544774108559,0.020549549864377,0.8381784976497709,0.0165083546647066,0.68590760755666,0.0096491573647638,0.7181521511331995,0.6548905721385586,0.041846017276907,0.8408430885302834,0.7638394060058081,0.0133268038159292,-0.26727
36.18,7.7731,-0.2019,3.8245,2.6753,0.4345836520384166,-0.19126,-0.1839,0.0040939076687194,-0.01526,0.0031844190619176,348.0845,338.7551,16.217524241433285,52.0536,47.8768,19.23902485195502,60.148,2.262744571974486,148.3333,150.3153,3.861431906936177,24.9874,156.7629,14.51,3.88289496852787,0.8408430885302834,0.8432382264004071,0.0154152017497205,0.8204544774108559,0.020549549864377,0.8381784976497709,0.0165083546647066,0.68590760755666,0.0096491573647638,0.7181521511331995,0.6548905721385586,0.041846017276907,0.8408430885302834,0.7638394060058081,0.0133268038159292,-0.26727
26.64,10.1478,-0.16646,3.8245,2.6753,0.4345836520384166,-0.19126,-0.1839,0.0040939076687194,-0.01526,0.0031844190619176,348.0845,338.7551,16.217524241433285,52.0536,47.8768,19.23902485195502,60.148,2.262744571974486,148.3333,150.3153,3.861431906936177,24.9874,156.7629,14.51,3.88289496852787,0.8408430885302834,0.8432382264004071,0.0154152017497205,0.8204544774108559,0.020549549864377,0.8381784976497709,0.0165083546647066,0.68590760755666,0.0096491573647638,0.7181521511331995,0.6548905721385586,0.041846017276907,0.8408430885302834,0.7638394060058081,0.0133268038159292,-0.26727
29.21,10.1478,-0.16646,3.8245,2.6753,0.4345836520384166,-0.19126,-0.1839,0.0040939076687194,-0.01526,0.0031844190619176,348.0845,338.7551,16.217524241433285,52.0536,47.8768,19.23902485195502,60.148,2.262744571974486,148.3333,150.3153,3.861431906936177,24.9874,156.7629,14.51,3.88289496852787,0.8408430885302834,0.8432382264004071,0.0154152017497205,0.8204544774108559,0.020549549864377,0.8381784976497709,0.0165083546647066,0.68590760755666,0.0096491573647638,0.7181521511331995,0.6548905721385586,0.041846017276907,0.8408430885302834,0.7638394060058081,0.0133268038159292,-0.26727
35.91,10.1478,-0.16646,3.8245,2.6753,0.4345836520384166,-0.19126,-0.1839,0.0040939076687194,-0.01526,0.0031844190619176,348.0845,338.7551,16.217524241433285,52.0536,47.8768,19.23902485195502,60.148,2.262744571974486,148.3333,150.3153,3.861431906936177,24.9874,156.7629,14.51,3.88289496852787,0.8408430885302834,0.8432382264004071,0.0154152017497205,0.8204544774108559,0.020549549864377,0.8381784976497709,0.0165083546647066,0.68590760755666,0.0096491573647638,0.7181521511331995,0.6548905721385586,0.041846017276907,0.8408430885302834,0.7638394060058081,0.0133268038159292,-0.26727
22.92,10.1478,-0.16646,3.8245,2.6753,0.4345836520384166,-0.19126,-0.1839,0.0040939076687194,-0.01526,0.0031844190619176,348.0845,338.7551,16.217524241433285,52.0536,47.8768,19.23902485195502,60.148,2.262744571974486,148.3333,150.3153,3.861431906936177,24.9874,156.7629,14.51,3.88289496852787,0.8408430885302834,0.8432382264004071,0.0154152017497205,0.8204544774108559,0.020549549864377,0.8381784976497709,0.0165083546647066,0.68590760755666,0.0096491573647638,0.7181521511331995,0.6548905721385586,0.041846017276907,0.8408430885302834,0.7638394060058081,0.0133268038159292,-0.26727
27.71,10.1478,-0.16646,3.8245,2.6753,0.4345836520384166,-0.19126,-0.1839,0.0040939076687194,-0.01526,0.0031844190619176,348.0845,338.7551,16.217524241433285,52.0536,47.8768,19.23902485195502,60.148,2.262744571974486,148.3333,150.3153,3.861431906936177,24.9874,156.7629,14.51,3.88289496852787,0.8408430885302834,0.8432382264004071,0.0154152017497205,0.8204544774108559,0.020549549864377,0.8381784976497709,0.0165083546647066,0.68590760755666,0.0096491573647638,0.7181521511331995,0.6548905721385586,0.041846017276907,0.8408430885302834,0.7638394060058081,0.0133268038159292,-0.26727
30.02,10.1478,-0.16646,3.8245,2.6753,0.4345836520384166,-0.19126,-0.1839,0.0040939076687194,-0.01526,0.0031844190619176,348.0845,338.7551,16.217524241433285,52.0536,47.8768,19.23902485195502,60.148,2.262744571974486,148.3333,150.3153,3.861431906936177,24.9874,156.7629,14.51,3.88289496852787,0.8408430885302834,0.8432382264004071,0.0154152017497205,0.8204544774108559,0.020549549864377,0.8381784976497709,0.0165083546647066,0.68590760755666,0.0096491573647638,0.7181521511331995,0.6548905721385586,0.041846017276907,0.8408430885302834,0.7638394060058081,0.0133268038159292,-0.26727
17.16,10.1478,-0.16646,3.8245,2.6753,0.4345836520384166,-0.19126,-0.1839,0.0040939076687194,-0.01526,0.0031844190619176,348.0845,338.7551,16.217524241433285,52.0536,47.8768,19.23902485195502,60.148,2.262744571974486,148.3333,150.3153,3.861431906936177,24.9874,156.7629,14.51,3.88289496852787,0.8408430885302834,0.8432382264004071,0.0154152017497205,0.8204544774108559,0.020549549864377,0.8381784976497709,0.0165083546647066,0.68590760755666,0.0096491573647638,0.7181521511331995,0.6548905721385586,0.041846017276907,0.8408430885302834,0.7638394060058081,0.0133268038159292,-0.26727
20.35,10.1478,-0.16646,3.8245,2.6753,0.4345836520384166,-0.19126,-0.1839,0.0040939076687194,-0.01526,0.0031844190619176,348.0845,338.7551,16.217524241433285,52.0536,47.8768,19.23902485195502,60.148,2.262744571974486,148.3333,150.3153,3.861431906936177,24.9874,156.7629,14.51,3.88289496852787,0.8408430885302834,0.8432382264004071,0.0154152017497205,0.8204544774108559,0.020549549864377,0.8381784976497709,0.0165083546647066,0.68590760755666,0.0096491573647638,0.7181521511331995,0.6548905721385586,0.041846017276907,0.8408430885302834,0.7638394060058081,0.0133268038159292,-0.26727
20.6,10.1478,-0.16646,3.8245,2.6753,0.4345836520384166,-0.19126,-0.1839,0.0040939076687194,-0.01526,0.0031844190619176,348.0845,338.7551,16.217524241433285,52.0536,47.8768,19.23902485195502,60.148,2.262744571974486,148.3333,150.3153,3.861431906936177,24.9874,156.7629,14.51,3.88289496852787,0.8408430885302834,0.8432382264004071,0.0154152017497205,0.8204544774108559,0.020549549864377,0.8381784976497709,0.0165083546647066,0.68590760755666,0.0096491573647638,0.7181521511331995,0.6548905721385586,0.041846017276907,0.8408430885302834,0.7638394060058081,0.0133268038159292,-0.26727
27.48,11.0112,-0.17387,3.8245,2.6753,0.4345836520384166,-0.19126,-0.1839,0.0040939076687194,-0.01526,0.0031844190619176,348.0845,338.7551,16.217524241433285,52.0536,47.8768,19.23902485195502,60.148,2.262744571974486,148.3333,150.3153,3.861431906936177,24.9874,156.7629,14.51,3.88289496852787,0.8408430885302834,0.8432382264004071,0.0154152017497205,0.8204544774108559,0.020549549864377,0.8381784976497709,0.0165083546647066,0.68590760755666,0.0096491573647638,0.7181521511331995,0.6548905721385586,0.041846017276907,0.8408430885302834,0.7638394060058081,0.0133268038159292,-0.26727
23.75,11.0112,-0.17387,3.8245,2.6753,0.4345836520384166,-0.19126,-0.1839,0.0040939076687194,-0.01526,0.0031844190619176,348.0845,338.7551,16.217524241433285,52.0536,47.8768,19.23902485195502,60.148,2.262744571974486,148.3333,150.3153,3.861431906936177,24.9874,156.7629,14.51,3.88289496852787,0.8408430885302834,0.8432382264004071,0.0154152017497205,0.8204544774108559,0.020549549864377,0.8381784976497709,0.0165083546647066,0.68590760755666,0.0096491573647638,0.7181521511331995,0.6548905721385586,0.041846017276907,0.8408430885302834,0.7638394060058081,0.0133268038159292,-0.26727
51.99,11.0112,-0.17387,3.8245,2.6753,0.4345836520384166,-0.19126,-0.1839,0.0040939076687194,-0.01526,0.0031844190619176,348.0845,338.7551,16.217524241433285,52.0536,47.8768,19.23902485195502,60.148,2.262744571974486,148.3333,150.3153,3.861431906936177,24.9874,156.7629,14.51,3.88289496852787,0.8408430885302834,0.8432382264004071,0.0154152017497205,0.8204544774108559,0.020549549864377,0.8381784976497709,0.0165083546647066,0.68590760755666,0.0096491573647638,0.7181521511331995,0.6548905721385586,0.041846017276907,0.8408430885302834,0.7638394060058081,0.0133268038159292,-0.26727
28.74,11.0112,-0.17387,3.8245,2.6753,0.4345836520384166,-0.19126,-0.1839,0.0040939076687194,-0.01526,0.0031844190619176,348.0845,338.7551,16.217524241433285,52.0536,47.8768,19.23902485195502,60.148,2.262744571974486,148.3333,150.3153,3.861431906936177,24.9874,156.7629,14.51,3.88289496852787,0.8408430885302834,0.8432382264004071,0.0154152017497205,0.8204544774108559,0.020549549864377,0.8381784976497709,0.0165083546647066,0.68590760755666,0.0096491573647638,0.7181521511331995,0.6548905721385586,0.041846017276907,0.8408430885302834,0.7638394060058081,0.0133268038159292,-0.26727
49.23,11.0112,-0.17387,3.8245,2.6753,0.4345836520384166,-0.19126,-0.1839,0.0040939076687194,-0.01526,0.0031844190619176,348.0845,338.7551,16.217524241433285,52.0536,47.8768,19.23902485195502,60.148,2.262744571974486,148.3333,150.3153,3.861431906936177,24.9874,156.7629,14.51,3.88289496852787,0.8408430885302834,0.8432382264004071,0.0154152017497205,0.8204544774108559,0.020549549864377,0.8381784976497709,0.0165083546647066,0.68590760755666,0.0096491573647638,0.7181521511331995,0.6548905721385586,0.041846017276907,0.8408430885302834,0.7638394060058081,0.0133268038159292,-0.26727
33.65,11.0112,-0.17387,3.8245,2.6753,0.4345836520384166,-0.19126,-0.1839,0.0040939076687194,-0.01526,0.0031844190619176,348.0845,338.7551,16.217524241433285,52.0536,47.8768,19.23902485195502,60.148,2.262744571974486,148.3333,150.3153,3.861431906936177,24.9874,156.7629,14.51,3.88289496852787,0.8408430885302834,0.8432382264004071,0.0154152017497205,0.8204544774108559,0.020549549864377,0.8381784976497709,0.0165083546647066,0.68590760755666,0.0096491573647638,0.7181521511331995,0.6548905721385586,0.041846017276907,0.8408430885302834,0.7638394060058081,0.0133268038159292,-0.26727
21.5,11.0112,-0.17387,3.8245,2.6753,0.4345836520384166,-0.19126,-0.1839,0.0040939076687194,-0.01526,0.0031844190619176,348.0845,338.7551,16.217524241433285,52.0536,47.8768,19.23902485195502,60.148,2.262744571974486,148.3333,150.3153,3.861431906936177,24.9874,156.7629,14.51,3.88289496852787,0.8408430885302834,0.8432382264004071,0.0154152017497205,0.8204544774108559,0.020549549864377,0.8381784976497709,0.0165083546647066,0.68590760755666,0.0096491573647638,0.7181521511331995,0.6548905721385586,0.041846017276907,0.8408430885302834,0.7638394060058081,0.0133268038159292,-0.26727
24.56,11.0112,-0.17387,3.8245,2.6753,0.4345836520384166,-0.19126,-0.1839,0.0040939076687194,-0.01526,0.0031844190619176,348.0845,338.7551,16.217524241433285,52.0536,47.8768,19.23902485195502,60.148,2.262744571974486,148.3333,150.3153,3.861431906936177,24.9874,156.7629,14.51,3.88289496852787,0.8408430885302834,0.8432382264004071,0.0154152017497205,0.8204544774108559,0.020549549864377,0.8381784976497709,0.0165083546647066,0.68590760755666,0.0096491573647638,0.7181521511331995,0.6548905721385586,0.041846017276907,0.8408430885302834,0.7638394060058081,0.0133268038159292,-0.26727
25.67,11.0112,-0.17387,3.8245,2.6753,0.4345836520384166,-0.19126,-0.1839,0.0040939076687194,-0.01526,0.0031844190619176,348.0845,338.7551,16.217524241433285,52.0536,47.8768,19.23902485195502,60.148,2.262744571974486,148.3333,150.3153,3.861431906936177,24.9874,156.7629,14.51,3.88289496852787,0.8408430885302834,0.8432382264004071,0.0154152017497205,0.8204544774108559,0.020549549864377,0.8381784976497709,0.0165083546647066,0.68590760755666,0.0096491573647638,0.7181521511331995,0.6548905721385586,0.041846017276907,0.8408430885302834,0.7638394060058081,0.0133268038159292,-0.26727
0.0,7.1686,-0.19743,1.1538,1.1539,8.16496580927e-05,-0.20814,-0.20815,9.574271077572956e-06,-0.0136,5.000000000000664e-06,318.9138,318.9524,0.0187941480253841,62.2462,62.18,0.0288015624576177,55.7799,0.0025748786379169,180.3811,151.1408,0.2625538214665098,17.6349,151.5965,19.4034,1.0220875859403311,0.8029699709589534,0.7883895691745755,7.33358205676e-05,0.8376395916289932,0.001202890037721,0.8396754588185982,0.0011498052099166,0.597347384808838,0.0001206888678228,0.5584862728660818,0.5584563336427053,3.86513711785e-05,0.8029699709589534,0.4296877339001826,2.86646240458e-05,-0.26727
0.0,7.1686,-0.19743,1.1538,1.1539,8.16496580927e-05,-0.20814,-0.20815,9.574271077572956e-06,-0.0136,5.000000000000664e-06,318.9138,318.9524,0.0187941480253841,62.2462,62.18,0.0288015624576177,55.7799,0.0025748786379169,180.3811,151.1408,0.2625538214665098,17.6349,151.5965,19.4034,1.0220875859403311,0.8029699709589534,0.7883895691745755,7.33358205676e-05,0.8376395916289932,0.001202890037721,0.8396754588185982,0.0011498052099166,0.597347384808838,0.0001206888678228,0.5584862728660818,0.5584563336427053,3.86513711785e-05,0.8029699709589534,0.4296877339001826,2.86646240458e-05,-0.26727
0.0,7.1686,-0.19743,1.1538,1.1539,8.16496580927e-05,-0.20814,-0.20815,9.574271077572956e-06,-0.0136,5.000000000000664e-06,318.9138,318.9524,0.0187941480253841,62.2462,62.18,0.0288015624576177,55.7799,0.0025748786379169,180.3811,151.1408,0.2625538214665098,17.6349,151.5965,19.4034,1.0220875859403311,0.8029699709589534,0.7883895691745755,7.33358205676e-05,0.8376395916289932,0.001202890037721,0.8396754588185982,0.0011498052099166,0.597347384808838,0.0001206888678228,0.5584862728660818,0.5584563336427053,3.86513711785e-05,0.8029699709589534,0.4296877339001826,2.86646240458e-05,-0.26727
0.0,7.1686,-0.19743,1.1538,1.1539,8.16496580927e-05,-0.20814,-0.20815,9.574271077572956e-06,-0.0136,5.000000000000664e-06,318.9138,318.9524,0.0187941480253841,62.2462,62.18,0.0288015624576177,55.7799,0.0025748786379169,180.3811,151.1408,0.2625538214665098,17.6349,151.5965,19.4034,1.0220875859403311,0.8029699709589534,0.7883895691745755,7.33358205676e-05,0.8376395916289932,0.001202890037721,0.8396754588185982,0.0011498052099166,0.597347384808838,0.0001206888678228,0.5584862728660818,0.5584563336427053,3.86513711785e-05,0.8029699709589534,0.4296877339001826,2.86646240458e-05,-0.26727
0.0,7.1686,-0.19743,1.1538,1.1539,8.16496580927e-05,-0.20814,-0.20815,9.574271077572956e-06,-0.0136,5.000000000000664e-06,318.9138,318.9524,0.0187941480253841,62.2462,62.18,0.0288015624576177,55.7799,0.0025748786379169,180.3811,151.1408,0.2625538214665098,17.6349,151.5965,19.4034,1.0220875859403311,0.8029699709589534,0.7883895691745755,7.33358205676e-05,0.8376395916289932,0.001202890037721,0.8396754588185982,0.0011498052099166,0.597347384808838,0.0001206888678228,0.5584862728660818,0.5584563336427053,3.86513711785e-05,0.8029699709589534,0.4296877339001826,2.86646240458e-05,-0.26727
0.0,7.1686,-0.19743,1.1538,1.1539,8.16496580927e-05,-0.20814,-0.20815,9.574271077572956e-06,-0.0136,5.000000000000664e-06,318.9138,318.9524,0.0187941480253841,62.2462,62.18,0.0288015624576177,55.7799,0.0025748786379169,180.3811,151.1408,0.2625538214665098,17.6349,151.5965,19.4034,1.0220875859403311,0.8029699709589534,0.7883895691745755,7.33358205676e-05,0.8376395916289932,0.001202890037721,0.8396754588185982,0.0011498052099166,0.597347384808838,0.0001206888678228,0.5584862728660818,0.5584563336427053,3.86513711785e-05,0.8029699709589534,0.4296877339001826,2.86646240458e-05,-0.26727
0.0,7.1686,-0.19743,1.1538,1.1539,8.16496580927e-05,-0.20814,-0.20815,9.574271077572956e-06,-0.0136,5.000000000000664e-06,318.9138,318.9524,0.0187941480253841,62.2462,62.18,0.0288015624576177,55.7799,0.0025748786379169,180.3811,151.1408,0.2625538214665098,17.6349,151.5965,19.4034,1.0220875859403311,0.8029699709589534,0.7883895691745755,7.33358205676e-05,0.8376395916289932,0.001202890037721,0.8396754588185982,0.0011498052099166,0.597347384808838,0.0001206888678228,0.5584862728660818,0.5584563336427053,3.86513711785e-05,0.8029699709589534,0.4296877339001826,2.86646240458e-05,-0.26727
0.0,7.1686,-0.19743,1.1538,1.1539,8.16496580927e-05,-0.20814,-0.20815,9.574271077572956e-06,-0.0136,5.000000000000664e-06,318.9138,318.9524,0.0187941480253841,62.2462,62.18,0.0288015624576177,55.7799,0.0025748786379169,180.3811,151.1408,0.2625538214665098,17.6349,151.5965,19.4034,1.0220875859403311,0.8029699709589534,0.7883895691745755,7.33358205676e-05,0.8376395916289932,0.001202890037721,0.8396754588185982,0.0011498052099166,0.597347384808838,0.0001206888678228,0.5584862728660818,0.5584563336427053,3.86513711785e-05,0.8029699709589534,0.4296877339001826,2.86646240458e-05,-0.26727
0.0,7.1686,-0.19743,1.1538,1.1539,8.16496580927e-05,-0.20814,-0.20815,9.574271077572956e-06,-0.0136,5.000000000000664e-06,318.9138,318.9524,0.0187941480253841,62.2462,62.18,0.0288015624576177,55.7799,0.0025748786379169,180.3811,151.1408,0.2625538214665098,17.6349,151.5965,19.4034,1.0220875859403311,0.8029699709589534,0.7883895691745755,7.33358205676e-05,0.8376395916289932,0.001202890037721,0.8396754588185982,0.0011498052099166,0.597347384808838,0.0001206888678228,0.5584862728660818,0.5584563336427053,3.86513711785e-05,0.8029699709589534,0.4296877339001826,2.86646240458e-05,-0.26727
0.0,7.7731,-0.2019,1.1538,1.1539,8.16496580927e-05,-0.20814,-0.20815,9.574271077572956e-06,-0.0136,5.000000000000664e-06,318.9138,318.9524,0.0187941480253841,62.2462,62.18,0.0288015624576177,55.7799,0.0025748786379169,180.3811,151.1408,0.2625538214665098,17.6349,151.5965,19.4034,1.0220875859403311,0.8029699709589534,0.7883895691745755,7.33358205676e-05,0.8376395916289932,0.001202890037721,0.8396754588185982,0.0011498052099166,0.597347384808838,0.0001206888678228,0.5584862728660818,0.5584563336427053,3.86513711785e-05,0.8029699709589534,0.4296877339001826,2.86646240458e-05,-0.26727
0.0,7.7731,-0.2019,1.1538,1.1539,8.16496580927e-05,-0.20814,-0.20815,9.574271077572956e-06,-0.0136,5.000000000000664e-06,318.9138,318.9524,0.0187941480253841,62.2462,62.18,0.0288015624576177,55.7799,0.0025748786379169,180.3811,151.1408,0.2625538214665098,17.6349,151.5965,19.4034,1.0220875859403311,0.8029699709589534,0.7883895691745755,7.33358205676e-05,0.8376395916289932,0.001202890037721,0.8396754588185982,0.0011498052099166,0.597347384808838,0.0001206888678228,0.5584862728660818,0.5584563336427053,3.86513711785e-05,0.8029699709589534,0.4296877339001826,2.86646240458e-05,-0.26727
0.0,7.7731,-0.2019,1.1538,1.1539,8.16496580927e-05,-0.20814,-0.20815,9.574271077572956e-06,-0.0136,5.000000000000664e-06,318.9138,318.9524,0.0187941480253841,62.2462,62.18,0.0288015624576177,55.7799,0.0025748786379169,180.3811,151.1408,0.2625538214665098,17.6349,151.5965,19.4034,1.0220875859403311,0.8029699709589534,0.7883895691745755,7.33358205676e-05,0.8376395916289932,0.001202890037721,0.8396754588185982,0.0011498052099166,0.597347384808838,0.0001206888678228,0.5584862728660818,0.5584563336427053,3.86513711785e-05,0.8029699709589534,0.4296877339001826,2.86646240458e-05,-0.26727
0.0,7.7731,-0.2019,1.1538,1.1539,8.16496580927e-05,-0.20814,-0.20815,9.574271077572956e-06,-0.0136,5.000000000000664e-06,318.9138,318.9524,0.0187941480253841,62.2462,62.18,0.0288015624576177,55.7799,0.0025748786379169,180.3811,151.1408,0.2625538214665098,17.6349,151.5965,19.4034,1.0220875859403311,0.8029699709589534,0.7883895691745755,7.33358205676e-05,0.8376395916289932,0.001202890037721,0.8396754588185982,0.0011498052099166,0.597347384808838,0.0001206888678228,0.5584862728660818,0.5584563336427053,3.86513711785e-05,0.8029699709589534,0.4296877339001826,2.86646240458e-05,-0.26727
0.0,7.7731,-0.2019,1.1538,1.1539,8.16496580927e-05,-0.20814,-0.20815,9.574271077572956e-06,-0.0136,5.000000000000664e-06,318.9138,318.9524,0.0187941480253841,62.2462,62.18,0.0288015624576177,55.7799,0.0025748786379169,180.3811,151.1408,0.2625538214665098,17.6349,151.5965,19.4034,1.0220875859403311,0.8029699709589534,0.7883895691745755,7.33358205676e-05,0.8376395916289932,0.001202890037721,0.8396754588185982,0.0011498052099166,0.597347384808838,0.0001206888678228,0.5584862728660818,0.5584563336427053,3.86513711785e-05,0.8029699709589534,0.4296877339001826,2.86646240458e-05,-0.26727
0.0,7.7731,-0.2019,1.1538,1.1539,8.16496580927e-05,-0.20814,-0.20815,9.574271077572956e-06,-0.0136,5.000000000000664e-06,318.9138,318.9524,0.0187941480253841,62.2462,62.18,0.0288015624576177,55.7799,0.0025748786379169,180.3811,151.1408,0.2625538214665098,17.6349,151.5965,19.4034,1.0220875859403311,0.8029699709589534,0.7883895691745755,7.33358205676e-05,0.8376395916289932,0.001202890037721,0.8396754588185982,0.0011498052099166,0.597347384808838,0.0001206888678228,0.5584862728660818,0.5584563336427053,3.86513711785e-05,0.8029699709589534,0.4296877339001826,2.86646240458e-05,-0.26727
0.0,7.7731,-0.2019,1.1538,1.1539,8.16496580927e-05,-0.20814,-0.20815,9.574271077572956e-06,-0.0136,5.000000000000664e-06,318.9138,318.9524,0.0187941480253841,62.2462,62.18,0.0288015624576177,55.7799,0.0025748786379169,180.3811,151.1408,0.2625538214665098,17.6349,151.5965,19.4034,1.0220875859403311,0.8029699709589534,0.7883895691745755,7.33358205676e-05,0.8376395916289932,0.001202890037721,0.8396754588185982,0.0011498052099166,0.597347384808838,0.0001206888678228,0.5584862728660818,0.5584563336427053,3.86513711785e-05,0.8029699709589534,0.4296877339001826,2.86646240458e-05,-0.26727
0.0,7.7731,-0.2019,1.1538,1.1539,8.16496580927e-05,-0.20814,-0.20815,9.574271077572956e-06,-0.0136,5.000000000000664e-06,318.9138,318.9524,0.0187941480253841,62.2462,62.18,0.0288015624576177,55.7799,0.0025748786379169,180.3811,151.1408,0.2625538214665098,17.6349,151.5965,19.4034,1.0220875859403311,0.8029699709589534,0.7883895691745755,7.33358205676e-05,0.8376395916289932,0.001202890037721,0.8396754588185982,0.0011498052099166,0.597347384808838,0.0001206888678228,0.5584862728660818,0.5584563336427053,3.86513711785e-05,0.8029699709589534,0.4296877339001826,2.86646240458e-05,-0.26727
0.0,7.7731,-0.2019,1.1538,1.1539,8.16496580927e-05,-0.20814,-0.20815,9.574271077572956e-06,-0.0136,5.000000000000664e-06,318.9138,318.9524,0.0187941480253841,62.2462,62.18,0.0288015624576177,55.7799,0.0025748786379169,180.3811,151.1408,0.2625538214665098,17.6349,151.5965,19.4034,1.0220875859403311,0.8029699709589534,0.7883895691745755,7.33358205676e-05,0.8376395916289932,0.001202890037721,0.8396754588185982,0.0011498052099166,0.597347384808838,0.0001206888678228,0.5584862728660818,0.5584563336427053,3.86513711785e-05,0.8029699709589534,0.4296877339001826,2.86646240458e-05,-0.26727
0.0,10.1478,-0.16646,1.1538,1.1539,8.16496580927e-05,-0.20814,-0.20815,9.574271077572956e-06,-0.0136,5.000000000000664e-06,318.9138,318.9524,0.0187941480253841,62.2462,62.18,0.0288015624576177,55.7799,0.0025748786379169,180.3811,151.1408,0.2625538214665098,17.6349,151.5965,19.4034,1.0220875859403311,0.8029699709589534,0.7883895691745755,7.33358205676e-05,0.8376395916289932,0.001202890037721,0.8396754588185982,0.0011498052099166,0.597347384808838,0.0001206888678228,0.5584862728660818,0.5584563336427053,3.86513711785e-05,0.8029699709589534,0.4296877339001826,2.86646240458e-05,-0.26727
0.0,10.1478,-0.16646,1.1538,1.1539,8.16496580927e-05,-0.20814,-0.20815,9.574271077572956e-06,-0.0136,5.000000000000664e-06,318.9138,318.9524,0.0187941480253841,62.2462,62.18,0.0288015624576177,55.7799,0.0025748786379169,180.3811,151.1408,0.2625538214665098,17.6349,151.5965,19.4034,1.0220875859403311,0.8029699709589534,0.7883895691745755,7.33358205676e-05,0.8376395916289932,0.001202890037721,0.8396754588185982,0.0011498052099166,0.597347384808838,0.0001206888678228,0.5584862728660818,0.5584563336427053,3.86513711785e-05,0.8029699709589534,0.4296877339001826,2.86646240458e-05,-0.26727
0.0,10.1478,-0.16646,1.1538,1.1539,8.16496580927e-05,-0.20814,-0.20815,9.574271077572956e-06,-0.0136,5.000000000000664e-06,318.9138,318.9524,0.0187941480253841,62.2462,62.18,0.0288015624576177,55.7799,0.0025748786379169,180.3811,151.1408,0.2625538214665098,17.6349,151.5965,19.4034,1.0220875859403311,0.8029699709589534,0.7883895691745755,7.33358205676e-05,0.8376395916289932,0.001202890037721,0.8396754588185982,0.0011498052099166,0.597347384808838,0.0001206888678228,0.5584862728660818,0.5584563336427053,3.86513711785e-05,0.8029699709589534,0.4296877339001826,2.86646240458e-05,-0.26727
0.0,10.1478,-0.16646,1.1538,1.1539,8.16496580927e-05,-0.20814,-0.20815,9.574271077572956e-06,-0.0136,5.000000000000664e-06,318.9138,318.9524,0.0187941480253841,62.2462,62.18,0.0288015624576177,55.7799,0.0025748786379169,180.3811,151.1408,0.2625538214665098,17.6349,151.5965,19.4034,1.0220875859403311,0.8029699709589534,0.7883895691745755,7.33358205676e-05,0.8376395916289932,0.001202890037721,0.8396754588185982,0.0011498052099166,0.597347384808838,0.0001206888678228,0.5584862728660818,0.5584563336427053,3.86513711785e-05,0.8029699709589534,0.4296877339001826,2.86646240458e-05,-0.26727
0.0,10.1478,-0.16646,1.1538,1.1539,8.16496580927e-05,-0.20814,-0.20815,9.574271077572956e-06,-0.0136,5.000000000000664e-06,318.9138,318.9524,0.0187941480253841,62.2462,62.18,0.0288015624576177,55.7799,0.0025748786379169,180.3811,151.1408,0.2625538214665098,17.6349,151.5965,19.4034,1.0220875859403311,0.8029699709589534,0.7883895691745755,7.33358205676e-05,0.8376395916289932,0.001202890037721,0.8396754588185982,0.0011498052099166,0.597347384808838,0.0001206888678228,0.5584862728660818,0.5584563336427053,3.86513711785e-05,0.8029699709589534,0.4296877339001826,2.86646240458e-05,-0.26727
0.0,10.1478,-0.16646,1.1538,1.1539,8.16496580927e-05,-0.20814,-0.20815,9.574271077572956e-06,-0.0136,5.000000000000664e-06,318.9138,318.9524,0.0187941480253841,62.2462,62.18,0.0288015624576177,55.7799,0.0025748786379169,180.3811,151.1408,0.2625538214665098,17.6349,151.5965,19.4034,1.0220875859403311,0.8029699709589534,0.7883895691745755,7.33358205676e-05,0.8376395916289932,0.001202890037721,0.8396754588185982,0.0011498052099166,0.597347384808838,0.0001206888678228,0.5584862728660818,0.5584563336427053,3.86513711785e-05,0.8029699709589534,0.4296877339001826,2.86646240458e-05,-0.26727
0.0,10.1478,-0.16646,1.1538,1.1539,8.16496580927e-05,-0.20814,-0.20815,9.574271077572956e-06,-0.0136,5.000000000000664e-06,318.9138,318.9524,0.0187941480253841,62.2462,62.18,0.0288015624576177,55.7799,0.0025748786379169,180.3811,151.1408,0.2625538214665098,17.6349,151.5965,19.4034,1.0220875859403311,0.8029699709589534,0.7883895691745755,7.33358205676e-05,0.8376395916289932,0.001202890037721,0.8396754588185982,0.0011498052099166,0.597347384808838,0.0001206888678228,0.5584862728660818,0.5584563336427053,3.86513711785e-05,0.8029699709589534,0.4296877339001826,2.86646240458e-05,-0.26727
0.0,10.1478,-0.16646,1.1538,1.1539,8.16496580927e-05,-0.20814,-0.20815,9.574271077572956e-06,-0.0136,5.000000000000664e-06,318.9138,318.9524,0.0187941480253841,62.2462,62.18,0.0288015624576177,55.7799,0.0025748786379169,180.3811,151.1408,0.2625538214665098,17.6349,151.5965,19.4034,1.0220875859403311,0.8029699709589534,0.7883895691745755,7.33358205676e-05,0.8376395916289932,0.001202890037721,0.8396754588185982,0.0011498052099166,0.597347384808838,0.0001206888678228,0.5584862728660818,0.5584563336427053,3.86513711785e-05,0.8029699709589534,0.4296877339001826,2.86646240458e-05,-0.26727
0.0,10.1478,-0.16646,1.1538,1.1539,8.16496580927e-05,-0.20814,-0.20815,9.574271077572956e-06,-0.0136,5.000000000000664e-06,318.9138,318.9524,0.0187941480253841,62.2462,62.18,0.0288015624576177,55.7799,0.0025748786379169,180.3811,151.1408,0.2625538214665098,17.6349,151.5965,19.4034,1.0220875859403311,0.8029699709589534,0.7883895691745755,7.33358205676e-05,0.8376395916289932,0.001202890037721,0.8396754588185982,0.0011498052099166,0.597347384808838,0.0001206888678228,0.5584862728660818,0.5584563336427053,3.86513711785e-05,0.8029699709589534,0.4296877339001826,2.86646240458e-05,-0.26727
0.0,11.0112,-0.17387,1.1538,1.1539,8.16496580927e-05,-0.20814,-0.20815,9.574271077572956e-06,-0.0136,5.000000000000664e-06,318.9138,318.9524,0.0187941480253841,62.2462,62.18,0.0288015624576177,55.7799,0.0025748786379169,180.3811,151.1408,0.2625538214665098,17.6349,151.5965,19.4034,1.0220875859403311,0.8029699709589534,0.7883895691745755,7.33358205676e-05,0.8376395916289932,0.001202890037721,0.8396754588185982,0.0011498052099166,0.597347384808838,0.0001206888678228,0.5584862728660818,0.5584563336427053,3.86513711785e-05,0.8029699709589534,0.4296877339001826,2.86646240458e-05,-0.26727
0.0,11.0112,-0.17387,1.1538,1.1539,8.16496580927e-05,-0.20814,-0.20815,9.574271077572956e-06,-0.0136,5.000000000000664e-06,318.9138,318.9524,0.0187941480253841,62.2462,62.18,0.0288015624576177,55.7799,0.0025748786379169,180.3811,151.1408,0.2625538214665098,17.6349,151.5965,19.4034,1.0220875859403311,0.8029699709589534,0.7883895691745755,7.33358205676e-05,0.8376395916289932,0.001202890037721,0.8396754588185982,0.0011498052099166,0.597347384808838,0.0001206888678228,0.5584862728660818,0.5584563336427053,3.86513711785e-05,0.8029699709589534,0.4296877339001826,2.86646240458e-05,-0.26727
0.0,11.0112,-0.17387,1.1538,1.1539,8.16496580927e-05,-0.20814,-0.20815,9.574271077572956e-06,-0.0136,5.000000000000664e-06,318.9138,318.9524,0.0187941480253841,62.2462,62.18,0.0288015624576177,55.7799,0.0025748786379169,180.3811,151.1408,0.2625538214665098,17.6349,151.5965,19.4034,1.0220875859403311,0.8029699709589534,0.7883895691745755,7.33358205676e-05,0.8376395916289932,0.001202890037721,0.8396754588185982,0.0011498052099166,0.597347384808838,0.0001206888678228,0.5584862728660818,0.5584563336427053,3.86513711785e-05,0.8029699709589534,0.4296877339001826,2.86646240458e-05,-0.26727
0.0,11.0112,-0.17387,1.1538,1.1539,8.16496580927e-05,-0.20814,-0.20815,9.574271077572956e-06,-0.0136,5.000000000000664e-06,318.9138,318.9524,0.0187941480253841,62.2462,62.18,0.0288015624576177,55.7799,0.0025748786379169,180.3811,151.1408,0.2625538214665098,17.6349,151.5965,19.4034,1.0220875859403311,0.8029699709589534,0.7883895691745755,7.33358205676e-05,0.8376395916289932,0.001202890037721,0.8396754588185982,0.0011498052099166,0.597347384808838,0.0001206888678228,0.5584862728660818,0.5584563336427053,3.86513711785e-05,0.8029699709589534,0.4296877339001826,2.86646240458e-05,-0.26727
0.0,11.0112,-0.17387,1.1538,1.1539,8.16496580927e-05,-0.20814,-0.20815,9.574271077572956e-06,-0.0136,5.000000000000664e-06,318.9138,318.9524,0.0187941480253841,62.2462,62.18,0.0288015624576177,55.7799,0.0025748786379169,180.3811,151.1408,0.2625538214665098,17.6349,151.5965,19.4034,1.0220875859403311,0.8029699709589534,0.7883895691745755,7.33358205676e-05,0.8376395916289932,0.001202890037721,0.8396754588185982,0.0011498052099166,0.597347384808838,0.0001206888678228,0.5584862728660818,0.5584563336427053,3.86513711785e-05,0.8029699709589534,0.4296877339001826,2.86646240458e-05,-0.26727
0.0,11.0112,-0.17387,1.1538,1.1539,8.16496580927e-05,-0.20814,-0.20815,9.574271077572956e-06,-0.0136,5.000000000000664e-06,318.9138,318.9524,0.0187941480253841,62.2462,62.18,0.0288015624576177,55.7799,0.0025748786379169,180.3811,151.1408,0.2625538214665098,17.6349,151.5965,19.4034,1.0220875859403311,0.8029699709589534,0.7883895691745755,7.33358205676e-05,0.8376395916289932,0.001202890037721,0.8396754588185982,0.0011498052099166,0.597347384808838,0.0001206888678228,0.5584862728660818,0.5584563336427053,3.86513711785e-05,0.8029699709589534,0.4296877339001826,2.86646240458e-05,-0.26727
0.0,11.0112,-0.17387,1.1538,1.1539,8.16496580927e-05,-0.20814,-0.20815,9.574271077572956e-06,-0.0136,5.000000000000664e-06,318.9138,318.9524,0.0187941480253841,62.2462,62.18,0.0288015624576177,55.7799,0.0025748786379169,180.3811,151.1408,0.2625538214665098,17.6349,151.5965,19.4034,1.0220875859403311,0.8029699709589534,0.7883895691745755,7.33358205676e-05,0.8376395916289932,0.001202890037721,0.8396754588185982,0.0011498052099166,0.597347384808838,0.0001206888678228,0.5584862728660818,0.5584563336427053,3.86513711785e-05,0.8029699709589534,0.4296877339001826,2.86646240458e-05,-0.26727
0.0,11.0112,-0.17387,1.1538,1.1539,8.16496580927e-05,-0.20814,-0.20815,9.574271077572956e-06,-0.0136,5.000000000000664e-06,318.9138,318.9524,0.0187941480253841,62.2462,62.18,0.0288015624576177,55.7799,0.0025748786379169,180.3811,151.1408,0.2625538214665098,17.6349,151.5965,19.4034,1.0220875859403311,0.8029699709589534,0.7883895691745755,7.33358205676e-05,0.8376395916289932,0.001202890037721,0.8396754588185982,0.0011498052099166,0.597347384808838,0.0001206888678228,0.5584862728660818,0.5584563336427053,3.86513711785e-05,0.8029699709589534,0.4296877339001826,2.86646240458e-05,-0.26727
0.0,11.0112,-0.17387,1.1538,1.1539,8.16496580927e-05,-0.20814,-0.20815,9.574271077572956e-06,-0.0136,5.000000000000664e-06,318.9138,318.9524,0.0187941480253841,62.2462,62.18,0.0288015624576177,55.7799,0.0025748786379169,180.3811,151.1408,0.2625538214665098,17.6349,151.5965,19.4034,1.0220875859403311,0.8029699709589534,0.7883895691745755,7.33358205676e-05,0.8376395916289932,0.001202890037721,0.8396754588185982,0.0011498052099166,0.597347384808838,0.0001206888678228,0.5584862728660818,0.5584563336427053,3.86513711785e-05,0.8029699709589534,0.4296877339001826,2.86646240458e-05,-0.26727
0.0,7.1686,-0.19743,0.6204,1.8969,0.5319408485121154,-0.1898,-0.18974,0.0014709738986556,-0.0168,0.0017038787793551,349.9173,306.6397,17.384206621964598,60.345,67.615,15.654294332505394,55.8007,1.8054842246756504,170.9014,55.4709,2.341285963356574,187.1462,152.2288,18.2583,1.304384203278757,0.8270710457770725,0.8594952246938714,0.0225759893373934,0.7847669231460136,0.0204296706095137,0.8353342714289991,0.0035377721489757,0.7881201161641866,0.0227038024952494,0.727343492709799,0.8194664830394299,0.0303586265417111,0.8270710457770725,0.7745277087512349,0.0082061014274112,-0.26727
0.0,7.1686,-0.19743,0.6204,1.8969,0.5319408485121154,-0.1898,-0.18974,0.0014709738986556,-0.0168,0.0017038787793551,349.9173,306.6397,17.384206621964598,60.345,67.615,15.654294332505394,55.8007,1.8054842246756504,170.9014,55.4709,2.341285963356574,187.1462,152.2288,18.2583,1.304384203278757,0.8270710457770725,0.8594952246938714,0.0225759893373934,0.7847669231460136,0.0204296706095137,0.8353342714289991,0.0035377721489757,0.7881201161641866,0.0227038024952494,0.727343492709799,0.8194664830394299,0.0303586265417111,0.8270710457770725,0.7745277087512349,0.0082061014274112,-0.26727
0.0,7.1686,-0.19743,0.6204,1.8969,0.5319408485121154,-0.1898,-0.18974,0.0014709738986556,-0.0168,0.0017038787793551,349.9173,306.6397,17.384206621964598,60.345,67.615,15.654294332505394,55.8007,1.8054842246756504,170.9014,55.4709,2.341285963356574,187.1462,152.2288,18.2583,1.304384203278757,0.8270710457770725,0.8594952246938714,0.0225759893373934,0.7847669231460136,0.0204296706095137,0.8353342714289991,0.0035377721489757,0.7881201161641866,0.0227038024952494,0.727343492709799,0.8194664830394299,0.0303586265417111,0.8270710457770725,0.7745277087512349,0.0082061014274112,-0.26727
2.72,7.1686,-0.19743,0.6204,1.8969,0.5319408485121154,-0.1898,-0.18974,0.0014709738986556,-0.0168,0.0017038787793551,349.9173,306.6397,17.384206621964598,60.345,67.615,15.654294332505394,55.8007,1.8054842246756504,170.9014,55.4709,2.341285963356574,187.1462,152.2288,18.2583,1.304384203278757,0.8270710457770725,0.8594952246938714,0.0225759893373934,0.7847669231460136,0.0204296706095137,0.8353342714289991,0.0035377721489757,0.7881201161641866,0.0227038024952494,0.727343492709799,0.8194664830394299,0.0303586265417111,0.8270710457770725,0.7745277087512349,0.0082061014274112,-0.26727
2.85,7.1686,-0.19743,0.6204,1.8969,0.5319408485121154,-0.1898,-0.18974,0.0014709738986556,-0.0168,0.0017038787793551,349.9173,306.6397,17.384206621964598,60.345,67.615,15.654294332505394,55.8007,1.8054842246756504,170.9014,55.4709,2.341285963356574,187.1462,152.2288,18.2583,1.304384203278757,0.8270710457770725,0.8594952246938714,0.0225759893373934,0.7847669231460136,0.0204296706095137,0.8353342714289991,0.0035377721489757,0.7881201161641866,0.0227038024952494,0.727343492709799,0.8194664830394299,0.0303586265417111,0.8270710457770725,0.7745277087512349,0.0082061014274112,-0.26727
6.22,7.1686,-0.19743,0.6204,1.8969,0.5319408485121154,-0.1898,-0.18974,0.0014709738986556,-0.0168,0.0017038787793551,349.9173,306.6397,17.384206621964598,60.345,67.615,15.654294332505394,55.8007,1.8054842246756504,170.9014,55.4709,2.341285963356574,187.1462,152.2288,18.2583,1.304384203278757,0.8270710457770725,0.8594952246938714,0.0225759893373934,0.7847669231460136,0.0204296706095137,0.8353342714289991,0.0035377721489757,0.7881201161641866,0.0227038024952494,0.727343492709799,0.8194664830394299,0.0303586265417111,0.8270710457770725,0.7745277087512349,0.0082061014274112,-0.26727
3.68,7.1686,-0.19743,0.6204,1.8969,0.5319408485121154,-0.1898,-0.18974,0.0014709738986556,-0.0168,0.0017038787793551,349.9173,306.6397,17.384206621964598,60.345,67.615,15.654294332505394,55.8007,1.8054842246756504,170.9014,55.4709,2.341285963356574,187.1462,152.2288,18.2583,1.304384203278757,0.8270710457770725,0.8594952246938714,0.0225759893373934,0.7847669231460136,0.0204296706095137,0.8353342714289991,0.0035377721489757,0.7881201161641866,0.0227038024952494,0.727343492709799,0.8194664830394299,0.0303586265417111,0.8270710457770725,0.7745277087512349,0.0082061014274112,-0.26727
0.0,7.1686,-0.19743,0.6204,1.8969,0.5319408485121154,-0.1898,-0.18974,0.0014709738986556,-0.0168,0.0017038787793551,349.9173,306.6397,17.384206621964598,60.345,67.615,15.654294332505394,55.8007,1.8054842246756504,170.9014,55.4709,2.341285963356574,187.1462,152.2288,18.2583,1.304384203278757,0.8270710457770725,0.8594952246938714,0.0225759893373934,0.7847669231460136,0.0204296706095137,0.8353342714289991,0.0035377721489757,0.7881201161641866,0.0227038024952494,0.727343492709799,0.8194664830394299,0.0303586265417111,0.8270710457770725,0.7745277087512349,0.0082061014274112,-0.26727
0.0,7.1686,-0.19743,0.6204,1.8969,0.5319408485121154,-0.1898,-0.18974,0.0014709738986556,-0.0168,0.0017038787793551,349.9173,306.6397,17.384206621964598,60.345,67.615,15.654294332505394,55.8007,1.8054842246756504,170.9014,55.4709,2.341285963356574,187.1462,152.2288,18.2583,1.304384203278757,0.8270710457770725,0.8594952246938714,0.0225759893373934,0.7847669231460136,0.0204296706095137,0.8353342714289991,0.0035377721489757,0.7881201161641866,0.0227038024952494,0.727343492709799,0.8194664830394299,0.0303586265417111,0.8270710457770725,0.7745277087512349,0.0082061014274112,-0.26727
22.75,7.7731,-0.2019,0.6204,1.8969,0.5319408485121154,-0.1898,-0.18974,0.0014709738986556,-0.0168,0.0017038787793551,349.9173,306.6397,17.384206621964598,60.345,67.615,15.654294332505394,55.8007,1.8054842246756504,170.9014,55.4709,2.341285963356574,187.1462,152.2288,18.2583,1.304384203278757,0.8270710457770725,0.8594952246938714,0.0225759893373934,0.7847669231460136,0.0204296706095137,0.8353342714289991,0.0035377721489757,0.7881201161641866,0.0227038024952494,0.727343492709799,0.8194664830394299,0.0303586265417111,0.8270710457770725,0.7745277087512349,0.0082061014274112,-0.26727
0.0,7.7731,-0.2019,0.6204,1.8969,0.5319408485121154,-0.1898,-0.18974,0.0014709738986556,-0.0168,0.0017038787793551,349.9173,306.6397,17.384206621964598,60.345,67.615,15.654294332505394,55.8007,1.8054842246756504,170.9014,55.4709,2.341285963356574,187.1462,152.2288,18.2583,1.304384203278757,0.8270710457770725,0.8594952246938714,0.0225759893373934,0.7847669231460136,0.0204296706095137,0.8353342714289991,0.0035377721489757,0.7881201161641866,0.0227038024952494,0.727343492709799,0.8194664830394299,0.0303586265417111,0.8270710457770725,0.7745277087512349,0.0082061014274112,-0.26727
0.0,7.7731,-0.2019,0.6204,1.8969,0.5319408485121154,-0.1898,-0.18974,0.0014709738986556,-0.0168,0.0017038787793551,349.9173,306.6397,17.384206621964598,60.345,67.615,15.654294332505394,55.8007,1.8054842246756504,170.9014,55.4709,2.341285963356574,187.1462,152.2288,18.2583,1.304384203278757,0.8270710457770725,0.8594952246938714,0.0225759893373934,0.7847669231460136,0.0204296706095137,0.8353342714289991,0.0035377721489757,0.7881201161641866,0.0227038024952494,0.727343492709799,0.8194664830394299,0.0303586265417111,0.8270710457770725,0.7745277087512349,0.0082061014274112,-0.26727
17.9,7.7731,-0.2019,0.6204,1.8969,0.5319408485121154,-0.1898,-0.18974,0.0014709738986556,-0.0168,0.0017038787793551,349.9173,306.6397,17.384206621964598,60.345,67.615,15.654294332505394,55.8007,1.8054842246756504,170.9014,55.4709,2.341285963356574,187.1462,152.2288,18.2583,1.304384203278757,0.8270710457770725,0.8594952246938714,0.0225759893373934,0.7847669231460136,0.0204296706095137,0.8353342714289991,0.0035377721489757,0.7881201161641866,0.0227038024952494,0.727343492709799,0.8194664830394299,0.0303586265417111,0.8270710457770725,0.7745277087512349,0.0082061014274112,-0.26727
11.64,7.7731,-0.2019,0.6204,1.8969,0.5319408485121154,-0.1898,-0.18974,0.0014709738986556,-0.0168,0.0017038787793551,349.9173,306.6397,17.384206621964598,60.345,67.615,15.654294332505394,55.8007,1.8054842246756504,170.9014,55.4709,2.341285963356574,187.1462,152.2288,18.2583,1.304384203278757,0.8270710457770725,0.8594952246938714,0.0225759893373934,0.7847669231460136,0.0204296706095137,0.8353342714289991,0.0035377721489757,0.7881201161641866,0.0227038024952494,0.727343492709799,0.8194664830394299,0.0303586265417111,0.8270710457770725,0.7745277087512349,0.0082061014274112,-0.26727
3.88,7.7731,-0.2019,0.6204,1.8969,0.5319408485121154,-0.1898,-0.18974,0.0014709738986556,-0.0168,0.0017038787793551,349.9173,306.6397,17.384206621964598,60.345,67.615,15.654294332505394,55.8007,1.8054842246756504,170.9014,55.4709,2.341285963356574,187.1462,152.2288,18.2583,1.304384203278757,0.8270710457770725,0.8594952246938714,0.0225759893373934,0.7847669231460136,0.0204296706095137,0.8353342714289991,0.0035377721489757,0.7881201161641866,0.0227038024952494,0.727343492709799,0.8194664830394299,0.0303586265417111,0.8270710457770725,0.7745277087512349,0.0082061014274112,-0.26727
11.24,7.7731,-0.2019,0.6204,1.8969,0.5319408485121154,-0.1898,-0.18974,0.0014709738986556,-0.0168,0.0017038787793551,349.9173,306.6397,17.384206621964598,60.345,67.615,15.654294332505394,55.8007,1.8054842246756504,170.9014,55.4709,2.341285963356574,187.1462,152.2288,18.2583,1.304384203278757,0.8270710457770725,0.8594952246938714,0.0225759893373934,0.7847669231460136,0.0204296706095137,0.8353342714289991,0.0035377721489757,0.7881201161641866,0.0227038024952494,0.727343492709799,0.8194664830394299,0.0303586265417111,0.8270710457770725,0.7745277087512349,0.0082061014274112,-0.26727
0.0,7.7731,-0.2019,0.6204,1.8969,0.5319408485121154,-0.1898,-0.18974,0.0014709738986556,-0.0168,0.0017038787793551,349.9173,306.6397,17.384206621964598,60.345,67.615,15.654294332505394,55.8007,1.8054842246756504,170.9014,55.4709,2.341285963356574,187.1462,152.2288,18.2583,1.304384203278757,0.8270710457770725,0.8594952246938714,0.0225759893373934,0.7847669231460136,0.0204296706095137,0.8353342714289991,0.0035377721489757,0.7881201161641866,0.0227038024952494,0.727343492709799,0.8194664830394299,0.0303586265417111,0.8270710457770725,0.7745277087512349,0.0082061014274112,-0.26727
14.01,7.7731,-0.2019,0.6204,1.8969,0.5319408485121154,-0.1898,-0.18974,0.0014709738986556,-0.0168,0.0017038787793551,349.9173,306.6397,17.384206621964598,60.345,67.615,15.654294332505394,55.8007,1.8054842246756504,170.9014,55.4709,2.341285963356574,187.1462,152.2288,18.2583,1.304384203278757,0.8270710457770725,0.8594952246938714,0.0225759893373934,0.7847669231460136,0.0204296706095137,0.8353342714289991,0.0035377721489757,0.7881201161641866,0.0227038024952494,0.727343492709799,0.8194664830394299,0.0303586265417111,0.8270710457770725,0.7745277087512349,0.0082061014274112,-0.26727
0.0,10.1478,-0.16646,0.6204,1.8969,0.5319408485121154,-0.1898,-0.18974,0.0014709738986556,-0.0168,0.0017038787793551,349.9173,306.6397,17.384206621964598,60.345,67.615,15.654294332505394,55.8007,1.8054842246756504,170.9014,55.4709,2.341285963356574,187.1462,152.2288,18.2583,1.304384203278757,0.8270710457770725,0.8594952246938714,0.0225759893373934,0.7847669231460136,0.0204296706095137,0.8353342714289991,0.0035377721489757,0.7881201161641866,0.0227038024952494,0.727343492709799,0.8194664830394299,0.0303586265417111,0.8270710457770725,0.7745277087512349,0.0082061014274112,-0.26727
0.0,10.1478,-0.16646,0.6204,1.8969,0.5319408485121154,-0.1898,-0.18974,0.0014709738986556,-0.0168,0.0017038787793551,349.9173,306.6397,17.384206621964598,60.345,67.615,15.654294332505394,55.8007,1.8054842246756504,170.9014,55.4709,2.341285963356574,187.1462,152.2288,18.2583,1.304384203278757,0.8270710457770725,0.8594952246938714,0.0225759893373934,0.7847669231460136,0.0204296706095137,0.8353342714289991,0.0035377721489757,0.7881201161641866,0.0227038024952494,0.727343492709799,0.8194664830394299,0.0303586265417111,0.8270710457770725,0.7745277087512349,0.0082061014274112,-0.26727
0.0,10.1478,-0.16646,0.6204,1.8969,0.5319408485121154,-0.1898,-0.18974,0.0014709738986556,-0.0168,0.0017038787793551,349.9173,306.6397,17.384206621964598,60.345,67.615,15.654294332505394,55.8007,1.8054842246756504,170.9014,55.4709,2.341285963356574,187.1462,152.2288,18.2583,1.304384203278757,0.8270710457770725,0.8594952246938714,0.0225759893373934,0.7847669231460136,0.0204296706095137,0.8353342714289991,0.0035377721489757,0.7881201161641866,0.0227038024952494,0.727343492709799,0.8194664830394299,0.0303586265417111,0.8270710457770725,0.7745277087512349,0.0082061014274112,-0.26727
7.84,10.1478,-0.16646,0.6204,1.8969,0.5319408485121154,-0.1898,-0.18974,0.0014709738986556,-0.0168,0.0017038787793551,349.9173,306.6397,17.384206621964598,60.345,67.615,15.654294332505394,55.8007,1.8054842246756504,170.9014,55.4709,2.341285963356574,187.1462,152.2288,18.2583,1.304384203278757,0.8270710457770725,0.8594952246938714,0.0225759893373934,0.7847669231460136,0.0204296706095137,0.8353342714289991,0.0035377721489757,0.7881201161641866,0.0227038024952494,0.727343492709799,0.8194664830394299,0.0303586265417111,0.8270710457770725,0.7745277087512349,0.0082061014274112,-0.26727
10.39,10.1478,-0.16646,0.6204,1.8969,0.5319408485121154,-0.1898,-0.18974,0.0014709738986556,-0.0168,0.0017038787793551,349.9173,306.6397,17.384206621964598,60.345,67.615,15.654294332505394,55.8007,1.8054842246756504,170.9014,55.4709,2.341285963356574,187.1462,152.2288,18.2583,1.304384203278757,0.8270710457770725,0.8594952246938714,0.0225759893373934,0.7847669231460136,0.0204296706095137,0.8353342714289991,0.0035377721489757,0.7881201161641866,0.0227038024952494,0.727343492709799,0.8194664830394299,0.0303586265417111,0.8270710457770725,0.7745277087512349,0.0082061014274112,-0.26727
4.85,10.1478,-0.16646,0.6204,1.8969,0.5319408485121154,-0.1898,-0.18974,0.0014709738986556,-0.0168,0.0017038787793551,349.9173,306.6397,17.384206621964598,60.345,67.615,15.654294332505394,55.8007,1.8054842246756504,170.9014,55.4709,2.341285963356574,187.1462,152.2288,18.2583,1.304384203278757,0.8270710457770725,0.8594952246938714,0.0225759893373934,0.7847669231460136,0.0204296706095137,0.8353342714289991,0.0035377721489757,0.7881201161641866,0.0227038024952494,0.727343492709799,0.8194664830394299,0.0303586265417111,0.8270710457770725,0.7745277087512349,0.0082061014274112,-0.26727
7.74,10.1478,-0.16646,0.6204,1.8969,0.5319408485121154,-0.1898,-0.18974,0.0014709738986556,-0.0168,0.0017038787793551,349.9173,306.6397,17.384206621964598,60.345,67.615,15.654294332505394,55.8007,1.8054842246756504,170.9014,55.4709,2.341285963356574,187.1462,152.2288,18.2583,1.304384203278757,0.8270710457770725,0.8594952246938714,0.0225759893373934,0.7847669231460136,0.0204296706095137,0.8353342714289991,0.0035377721489757,0.7881201161641866,0.0227038024952494,0.727343492709799,0.8194664830394299,0.0303586265417111,0.8270710457770725,0.7745277087512349,0.0082061014274112,-0.26727
0.0,10.1478,-0.16646,0.6204,1.8969,0.5319408485121154,-0.1898,-0.18974,0.0014709738986556,-0.0168,0.0017038787793551,349.9173,306.6397,17.384206621964598,60.345,67.615,15.654294332505394,55.8007,1.8054842246756504,170.9014,55.4709,2.341285963356574,187.1462,152.2288,18.2583,1.304384203278757,0.8270710457770725,0.8594952246938714,0.0225759893373934,0.7847669231460136,0.0204296706095137,0.8353342714289991,0.0035377721489757,0.7881201161641866,0.0227038024952494,0.727343492709799,0.8194664830394299,0.0303586265417111,0.8270710457770725,0.7745277087512349,0.0082061014274112,-0.26727
0.0,10.1478,-0.16646,0.6204,1.8969,0.5319408485121154,-0.1898,-0.18974,0.0014709738986556,-0.0168,0.0017038787793551,349.9173,306.6397,17.384206621964598,60.345,67.615,15.654294332505394,55.8007,1.8054842246756504,170.9014,55.4709,2.341285963356574,187.1462,152.2288,18.2583,1.304384203278757,0.8270710457770725,0.8594952246938714,0.0225759893373934,0.7847669231460136,0.0204296706095137,0.8353342714289991,0.0035377721489757,0.7881201161641866,0.0227038024952494,0.727343492709799,0.8194664830394299,0.0303586265417111,0.8270710457770725,0.7745277087512349,0.0082061014274112,-0.26727
15.16,11.0112,-0.17387,0.6204,1.8969,0.5319408485121154,-0.1898,-0.18974,0.0014709738986556,-0.0168,0.0017038787793551,349.9173,306.6397,17.384206621964598,60.345,67.615,15.654294332505394,55.8007,1.8054842246756504,170.9014,55.4709,2.341285963356574,187.1462,152.2288,18.2583,1.304384203278757,0.8270710457770725,0.8594952246938714,0.0225759893373934,0.7847669231460136,0.0204296706095137,0.8353342714289991,0.0035377721489757,0.7881201161641866,0.0227038024952494,0.727343492709799,0.8194664830394299,0.0303586265417111,0.8270710457770725,0.7745277087512349,0.0082061014274112,-0.26727
0.0,11.0112,-0.17387,0.6204,1.8969,0.5319408485121154,-0.1898,-0.18974,0.0014709738986556,-0.0168,0.0017038787793551,349.9173,306.6397,17.384206621964598,60.345,67.615,15.654294332505394,55.8007,1.8054842246756504,170.9014,55.4709,2.341285963356574,187.1462,152.2288,18.2583,1.304384203278757,0.8270710457770725,0.8594952246938714,0.0225759893373934,0.7847669231460136,0.0204296706095137,0.8353342714289991,0.0035377721489757,0.7881201161641866,0.0227038024952494,0.727343492709799,0.8194664830394299,0.0303586265417111,0.8270710457770725,0.7745277087512349,0.0082061014274112,-0.26727
19.42,11.0112,-0.17387,0.6204,1.8969,0.5319408485121154,-0.1898,-0.18974,0.0014709738986556,-0.0168,0.0017038787793551,349.9173,306.6397,17.384206621964598,60.345,67.615,15.654294332505394,55.8007,1.8054842246756504,170.9014,55.4709,2.341285963356574,187.1462,152.2288,18.2583,1.304384203278757,0.8270710457770725,0.8594952246938714,0.0225759893373934,0.7847669231460136,0.0204296706095137,0.8353342714289991,0.0035377721489757,0.7881201161641866,0.0227038024952494,0.727343492709799,0.8194664830394299,0.0303586265417111,0.8270710457770725,0.7745277087512349,0.0082061014274112,-0.26727
16.51,11.0112,-0.17387,0.6204,1.8969,0.5319408485121154,-0.1898,-0.18974,0.0014709738986556,-0.0168,0.0017038787793551,349.9173,306.6397,17.384206621964598,60.345,67.615,15.654294332505394,55.8007,1.8054842246756504,170.9014,55.4709,2.341285963356574,187.1462,152.2288,18.2583,1.304384203278757,0.8270710457770725,0.8594952246938714,0.0225759893373934,0.7847669231460136,0.0204296706095137,0.8353342714289991,0.0035377721489757,0.7881201161641866,0.0227038024952494,0.727343492709799,0.8194664830394299,0.0303586265417111,0.8270710457770725,0.7745277087512349,0.0082061014274112,-0.26727
11.3,11.0112,-0.17387,0.6204,1.8969,0.5319408485121154,-0.1898,-0.18974,0.0014709738986556,-0.0168,0.0017038787793551,349.9173,306.6397,17.384206621964598,60.345,67.615,15.654294332505394,55.8007,1.8054842246756504,170.9014,55.4709,2.341285963356574,187.1462,152.2288,18.2583,1.304384203278757,0.8270710457770725,0.8594952246938714,0.0225759893373934,0.7847669231460136,0.0204296706095137,0.8353342714289991,0.0035377721489757,0.7881201161641866,0.0227038024952494,0.727343492709799,0.8194664830394299,0.0303586265417111,0.8270710457770725,0.7745277087512349,0.0082061014274112,-0.26727
8.24,11.0112,-0.17387,0.6204,1.8969,0.5319408485121154,-0.1898,-0.18974,0.0014709738986556,-0.0168,0.0017038787793551,349.9173,306.6397,17.384206621964598,60.345,67.615,15.654294332505394,55.8007,1.8054842246756504,170.9014,55.4709,2.341285963356574,187.1462,152.2288,18.2583,1.304384203278757,0.8270710457770725,0.8594952246938714,0.0225759893373934,0.7847669231460136,0.0204296706095137,0.8353342714289991,0.0035377721489757,0.7881201161641866,0.0227038024952494,0.727343492709799,0.8194664830394299,0.0303586265417111,0.8270710457770725,0.7745277087512349,0.0082061014274112,-0.26727
8.72,11.0112,-0.17387,0.6204,1.8969,0.5319408485121154,-0.1898,-0.18974,0.0014709738986556,-0.0168,0.0017038787793551,349.9173,306.6397,17.384206621964598,60.345,67.615,15.654294332505394,55.8007,1.8054842246756504,170.9014,55.4709,2.341285963356574,187.1462,152.2288,18.2583,1.304384203278757,0.8270710457770725,0.8594952246938714,0.0225759893373934,0.7847669231460136,0.0204296706095137,0.8353342714289991,0.0035377721489757,0.7881201161641866,0.0227038024952494,0.727343492709799,0.8194664830394299,0.0303586265417111,0.8270710457770725,0.7745277087512349,0.0082061014274112,-0.26727
0.0,11.0112,-0.17387,0.6204,1.8969,0.5319408485121154,-0.1898,-0.18974,0.0014709738986556,-0.0168,0.0017038787793551,349.9173,306.6397,17.384206621964598,60.345,67.615,15.654294332505394,55.8007,1.8054842246756504,170.9014,55.4709,2.341285963356574,187.1462,152.2288,18.2583,1.304384203278757,0.8270710457770725,0.8594952246938714,0.0225759893373934,0.7847669231460136,0.0204296706095137,0.8353342714289991,0.0035377721489757,0.7881201161641866,0.0227038024952494,0.727343492709799,0.8194664830394299,0.0303586265417111,0.8270710457770725,0.7745277087512349,0.0082061014274112,-0.26727
0.0,11.0112,-0.17387,0.6204,1.8969,0.5319408485121154,-0.1898,-0.18974,0.0014709738986556,-0.0168,0.0017038787793551,349.9173,306.6397,17.384206621964598,60.345,67.615,15.654294332505394,55.8007,1.8054842246756504,170.9014,55.4709,2.341285963356574,187.1462,152.2288,18.2583,1.304384203278757,0.8270710457770725,0.8594952246938714,0.0225759893373934,0.7847669231460136,0.0204296706095137,0.8353342714289991,0.0035377721489757,0.7881201161641866,0.0227038024952494,0.727343492709799,0.8194664830394299,0.0303586265417111,0.8270710457770725,0.7745277087512349,0.0082061014274112,-0.26727
0.0,7.1686,-0.19743,1.1472,1.0986,0.0332546046025618,-0.2016,-0.2008,0.0007382608555985,0.05385,0.0020549395036439,354.7681,369.9001,13.330470595600962,83.7445,73.2185,18.84236308038111,157.8727,5.019573292911369,15.7077,152.6202,3.2967818542826373,19.6166,152.9891,20.0956,3.187319775325629,0.8231789467381215,0.8104248375797132,0.0069840940238335,0.8138379090446394,0.0118009680208351,0.8187479416783928,0.0128665868004957,0.8104248375797132,0.0056182580940854,0.8138379090446394,0.7971018831771504,0.0138188901445329,0.8231789467381215,0.5129187748869795,0.0045416493000341,-0.26727
0.0,7.1686,-0.19743,1.1472,1.0986,0.0332546046025618,-0.2016,-0.2008,0.0007382608555985,0.05385,0.0020549395036439,354.7681,369.9001,13.330470595600962,83.7445,73.2185,18.84236308038111,157.8727,5.019573292911369,15.7077,152.6202,3.2967818542826373,19.6166,152.9891,20.0956,3.187319775325629,0.8231789467381215,0.8104248375797132,0.0069840940238335,0.8138379090446394,0.0118009680208351,0.8187479416783928,0.0128665868004957,0.8104248375797132,0.0056182580940854,0.8138379090446394,0.7971018831771504,0.0138188901445329,0.8231789467381215,0.5129187748869795,0.0045416493000341,-0.26727
0.0,7.1686,-0.19743,1.1472,1.0986,0.0332546046025618,-0.2016,-0.2008,0.0007382608555985,0.05385,0.0020549395036439,354.7681,369.9001,13.330470595600962,83.7445,73.2185,18.84236308038111,157.8727,5.019573292911369,15.7077,152.6202,3.2967818542826373,19.6166,152.9891,20.0956,3.187319775325629,0.8231789467381215,0.8104248375797132,0.0069840940238335,0.8138379090446394,0.0118009680208351,0.8187479416783928,0.0128665868004957,0.8104248375797132,0.0056182580940854,0.8138379090446394,0.7971018831771504,0.0138188901445329,0.8231789467381215,0.5129187748869795,0.0045416493000341,-0.26727
0.0,7.1686,-0.19743,1.1472,1.0986,0.0332546046025618,-0.2016,-0.2008,0.0007382608555985,0.05385,0.0020549395036439,354.7681,369.9001,13.330470595600962,83.7445,73.2185,18.84236308038111,157.8727,5.019573292911369,15.7077,152.6202,3.2967818542826373,19.6166,152.9891,20.0956,3.187319775325629,0.8231789467381215,0.8104248375797132,0.0069840940238335,0.8138379090446394,0.0118009680208351,0.8187479416783928,0.0128665868004957,0.8104248375797132,0.0056182580940854,0.8138379090446394,0.7971018831771504,0.0138188901445329,0.8231789467381215,0.5129187748869795,0.0045416493000341,-0.26727
0.0,7.1686,-0.19743,1.1472,1.0986,0.0332546046025618,-0.2016,-0.2008,0.0007382608555985,0.05385,0.0020549395036439,354.7681,369.9001,13.330470595600962,83.7445,73.2185,18.84236308038111,157.8727,5.019573292911369,15.7077,152.6202,3.2967818542826373,19.6166,152.9891,20.0956,3.187319775325629,0.8231789467381215,0.8104248375797132,0.0069840940238335,0.8138379090446394,0.0118009680208351,0.8187479416783928,0.0128665868004957,0.8104248375797132,0.0056182580940854,0.8138379090446394,0.7971018831771504,0.0138188901445329,0.8231789467381215,0.5129187748869795,0.0045416493000341,-0.26727
0.0,7.1686,-0.19743,1.1472,1.0986,0.0332546046025618,-0.2016,-0.2008,0.0007382608555985,0.05385,0.0020549395036439,354.7681,369.9001,13.330470595600962,83.7445,73.2185,18.84236308038111,157.8727,5.019573292911369,15.7077,152.6202,3.2967818542826373,19.6166,152.9891,20.0956,3.187319775325629,0.8231789467381215,0.8104248375797132,0.0069840940238335,0.8138379090446394,0.0118009680208351,0.8187479416783928,0.0128665868004957,0.8104248375797132,0.0056182580940854,0.8138379090446394,0.7971018831771504,0.0138188901445329,0.8231789467381215,0.5129187748869795,0.0045416493000341,-0.26727
0.0,7.1686,-0.19743,1.1472,1.0986,0.0332546046025618,-0.2016,-0.2008,0.0007382608555985,0.05385,0.0020549395036439,354.7681,369.9001,13.330470595600962,83.7445,73.2185,18.84236308038111,157.8727,5.019573292911369,15.7077,152.6202,3.2967818542826373,19.6166,152.9891,20.0956,3.187319775325629,0.8231789467381215,0.8104248375797132,0.0069840940238335,0.8138379090446394,0.0118009680208351,0.8187479416783928,0.0128665868004957,0.8104248375797132,0.0056182580940854,0.8138379090446394,0.7971018831771504,0.0138188901445329,0.8231789467381215,0.5129187748869795,0.0045416493000341,-0.26727
0.0,7.1686,-0.19743,1.1472,1.0986,0.0332546046025618,-0.2016,-0.2008,0.0007382608555985,0.05385,0.0020549395036439,354.7681,369.9001,13.330470595600962,83.7445,73.2185,18.84236308038111,157.8727,5.019573292911369,15.7077,152.6202,3.2967818542826373,19.6166,152.9891,20.0956,3.187319775325629,0.8231789467381215,0.8104248375797132,0.0069840940238335,0.8138379090446394,0.0118009680208351,0.8187479416783928,0.0128665868004957,0.8104248375797132,0.0056182580940854,0.8138379090446394,0.7971018831771504,0.0138188901445329,0.8231789467381215,0.5129187748869795,0.0045416493000341,-0.26727
0.0,7.1686,-0.19743,1.1472,1.0986,0.0332546046025618,-0.2016,-0.2008,0.0007382608555985,0.05385,0.0020549395036439,354.7681,369.9001,13.330470595600962,83.7445,73.2185,18.84236308038111,157.8727,5.019573292911369,15.7077,152.6202,3.2967818542826373,19.6166,152.9891,20.0956,3.187319775325629,0.8231789467381215,0.8104248375797132,0.0069840940238335,0.8138379090446394,0.0118009680208351,0.8187479416783928,0.0128665868004957,0.8104248375797132,0.0056182580940854,0.8138379090446394,0.7971018831771504,0.0138188901445329,0.8231789467381215,0.5129187748869795,0.0045416493000341,-0.26727
0.0,7.7731,-0.2019,1.1472,1.0986,0.0332546046025618,-0.2016,-0.2008,0.0007382608555985,0.05385,0.0020549395036439,354.7681,369.9001,13.330470595600962,83.7445,73.2185,18.84236308038111,157.8727,5.019573292911369,15.7077,152.6202,3.2967818542826373,19.6166,152.9891,20.0956,3.187319775325629,0.8231789467381215,0.8104248375797132,0.0069840940238335,0.8138379090446394,0.0118009680208351,0.8187479416783928,0.0128665868004957,0.8104248375797132,0.0056182580940854,0.8138379090446394,0.7971018831771504,0.0138188901445329,0.8231789467381215,0.5129187748869795,0.0045416493000341,-0.26727
0.0,7.7731,-0.2019,1.1472,1.0986,0.0332546046025618,-0.2016,-0.2008,0.0007382608555985,0.05385,0.0020549395036439,354.7681,369.9001,13.330470595600962,83.7445,73.2185,18.84236308038111,157.8727,5.019573292911369,15.7077,152.6202,3.2967818542826373,19.6166,152.9891,20.0956,3.187319775325629,0.8231789467381215,0.8104248375797132,0.0069840940238335,0.8138379090446394,0.0118009680208351,0.8187479416783928,0.0128665868004957,0.8104248375797132,0.0056182580940854,0.8138379090446394,0.7971018831771504,0.0138188901445329,0.8231789467381215,0.5129187748869795,0.0045416493000341,-0.26727
0.0,7.7731,-0.2019,1.1472,1.0986,0.0332546046025618,-0.2016,-0.2008,0.0007382608555985,0.05385,0.0020549395036439,354.7681,369.9001,13.330470595600962,83.7445,73.2185,18.84236308038111,157.8727,5.019573292911369,15.7077,152.6202,3.2967818542826373,19.6166,152.9891,20.0956,3.187319775325629,0.8231789467381215,0.8104248375797132,0.0069840940238335,0.8138379090446394,0.0118009680208351,0.8187479416783928,0.0128665868004957,0.8104248375797132,0.0056182580940854,0.8138379090446394,0.7971018831771504,0.0138188901445329,0.8231789467381215,0.5129187748869795,0.0045416493000341,-0.26727
0.0,7.7731,-0.2019,1.1472,1.0986,0.0332546046025618,-0.2016,-0.2008,0.0007382608555985,0.05385,0.0020549395036439,354.7681,369.9001,13.330470595600962,83.7445,73.2185,18.84236308038111,157.8727,5.019573292911369,15.7077,152.6202,3.2967818542826373,19.6166,152.9891,20.0956,3.187319775325629,0.8231789467381215,0.8104248375797132,0.0069840940238335,0.8138379090446394,0.0118009680208351,0.8187479416783928,0.0128665868004957,0.8104248375797132,0.0056182580940854,0.8138379090446394,0.7971018831771504,0.0138188901445329,0.8231789467381215,0.5129187748869795,0.0045416493000341,-0.26727
0.0,7.7731,-0.2019,1.1472,1.0986,0.0332546046025618,-0.2016,-0.2008,0.0007382608555985,0.05385,0.0020549395036439,354.7681,369.9001,13.330470595600962,83.7445,73.2185,18.84236308038111,157.8727,5.019573292911369,15.7077,152.6202,3.2967818542826373,19.6166,152.9891,20.0956,3.187319775325629,0.8231789467381215,0.8104248375797132,0.0069840940238335,0.8138379090446394,0.0118009680208351,0.8187479416783928,0.0128665868004957,0.8104248375797132,0.0056182580940854,0.8138379090446394,0.7971018831771504,0.0138188901445329,0.8231789467381215,0.5129187748869795,0.0045416493000341,-0.26727
0.0,7.7731,-0.2019,1.1472,1.0986,0.0332546046025618,-0.2016,-0.2008,0.0007382608555985,0.05385,0.0020549395036439,354.7681,369.9001,13.330470595600962,83.7445,73.2185,18.84236308038111,157.8727,5.019573292911369,15.7077,152.6202,3.2967818542826373,19.6166,152.9891,20.0956,3.187319775325629,0.8231789467381215,0.8104248375797132,0.0069840940238335,0.8138379090446394,0.0118009680208351,0.8187479416783928,0.0128665868004957,0.8104248375797132,0.0056182580940854,0.8138379090446394,0.7971018831771504,0.0138188901445329,0.8231789467381215,0.5129187748869795,0.0045416493000341,-0.26727
0.0,7.7731,-0.2019,1.1472,1.0986,0.0332546046025618,-0.2016,-0.2008,0.0007382608555985,0.05385,0.0020549395036439,354.7681,369.9001,13.330470595600962,83.7445,73.2185,18.84236308038111,157.8727,5.019573292911369,15.7077,152.6202,3.2967818542826373,19.6166,152.9891,20.0956,3.187319775325629,0.8231789467381215,0.8104248375797132,0.0069840940238335,0.8138379090446394,0.0118009680208351,0.8187479416783928,0.0128665868004957,0.8104248375797132,0.0056182580940854,0.8138379090446394,0.7971018831771504,0.0138188901445329,0.8231789467381215,0.5129187748869795,0.0045416493000341,-0.26727
0.0,7.7731,-0.2019,1.1472,1.0986,0.0332546046025618,-0.2016,-0.2008,0.0007382608555985,0.05385,0.0020549395036439,354.7681,369.9001,13.330470595600962,83.7445,73.2185,18.84236308038111,157.8727,5.019573292911369,15.7077,152.6202,3.2967818542826373,19.6166,152.9891,20.0956,3.187319775325629,0.8231789467381215,0.8104248375797132,0.0069840940238335,0.8138379090446394,0.0118009680208351,0.8187479416783928,0.0128665868004957,0.8104248375797132,0.0056182580940854,0.8138379090446394,0.7971018831771504,0.0138188901445329,0.8231789467381215,0.5129187748869795,0.0045416493000341,-0.26727
0.0,7.7731,-0.2019,1.1472,1.0986,0.0332546046025618,-0.2016,-0.2008,0.0007382608555985,0.05385,0.0020549395036439,354.7681,369.9001,13.330470595600962,83.7445,73.2185,18.84236308038111,157.8727,5.019573292911369,15.7077,152.6202,3.2967818542826373,19.6166,152.9891,20.0956,3.187319775325629,0.8231789467381215,0.8104248375797132,0.0069840940238335,0.8138379090446394,0.0118009680208351,0.8187479416783928,0.0128665868004957,0.8104248375797132,0.0056182580940854,0.8138379090446394,0.7971018831771504,0.0138188901445329,0.8231789467381215,0.5129187748869795,0.0045416493000341,-0.26727
0.0,10.1478,-0.16646,1.1472,1.0986,0.0332546046025618,-0.2016,-0.2008,0.0007382608555985,0.05385,0.0020549395036439,354.7681,369.9001,13.330470595600962,83.7445,73.2185,18.84236308038111,157.8727,5.019573292911369,15.7077,152.6202,3.2967818542826373,19.6166,152.9891,20.0956,3.187319775325629,0.8231789467381215,0.8104248375797132,0.0069840940238335,0.8138379090446394,0.0118009680208351,0.8187479416783928,0.0128665868004957,0.8104248375797132,0.0056182580940854,0.8138379090446394,0.7971018831771504,0.0138188901445329,0.8231789467381215,0.5129187748869795,0.0045416493000341,-0.26727
0.0,10.1478,-0.16646,1.1472,1.0986,0.0332546046025618,-0.2016,-0.2008,0.0007382608555985,0.05385,0.0020549395036439,354.7681,369.9001,13.330470595600962,83.7445,73.2185,18.84236308038111,157.8727,5.019573292911369,15.7077,152.6202,3.2967818542826373,19.6166,152.9891,20.0956,3.187319775325629,0.8231789467381215,0.8104248375797132,0.0069840940238335,0.8138379090446394,0.0118009680208351,0.8187479416783928,0.0128665868004957,0.8104248375797132,0.0056182580940854,0.8138379090446394,0.7971018831771504,0.0138188901445329,0.8231789467381215,0.5129187748869795,0.0045416493000341,-0.26727
0.03,10.1478,-0.16646,1.1472,1.0986,0.0332546046025618,-0.2016,-0.2008,0.0007382608555985,0.05385,0.0020549395036439,354.7681,369.9001,13.330470595600962,83.7445,73.2185,18.84236308038111,157.8727,5.019573292911369,15.7077,152.6202,3.2967818542826373,19.6166,152.9891,20.0956,3.187319775325629,0.8231789467381215,0.8104248375797132,0.0069840940238335,0.8138379090446394,0.0118009680208351,0.8187479416783928,0.0128665868004957,0.8104248375797132,0.0056182580940854,0.8138379090446394,0.7971018831771504,0.0138188901445329,0.8231789467381215,0.5129187748869795,0.0045416493000341,-0.26727
0.0,10.1478,-0.16646,1.1472,1.0986,0.0332546046025618,-0.2016,-0.2008,0.0007382608555985,0.05385,0.0020549395036439,354.7681,369.9001,13.330470595600962,83.7445,73.2185,18.84236308038111,157.8727,5.019573292911369,15.7077,152.6202,3.2967818542826373,19.6166,152.9891,20.0956,3.187319775325629,0.8231789467381215,0.8104248375797132,0.0069840940238335,0.8138379090446394,0.0118009680208351,0.8187479416783928,0.0128665868004957,0.8104248375797132,0.0056182580940854,0.8138379090446394,0.7971018831771504,0.0138188901445329,0.8231789467381215,0.5129187748869795,0.0045416493000341,-0.26727
0.0,10.1478,-0.16646,1.1472,1.0986,0.0332546046025618,-0.2016,-0.2008,0.0007382608555985,0.05385,0.0020549395036439,354.7681,369.9001,13.330470595600962,83.7445,73.2185,18.84236308038111,157.8727,5.019573292911369,15.7077,152.6202,3.2967818542826373,19.6166,152.9891,20.0956,3.187319775325629,0.8231789467381215,0.8104248375797132,0.0069840940238335,0.8138379090446394,0.0118009680208351,0.8187479416783928,0.0128665868004957,0.8104248375797132,0.0056182580940854,0.8138379090446394,0.7971018831771504,0.0138188901445329,0.8231789467381215,0.5129187748869795,0.0045416493000341,-0.26727
0.0,10.1478,-0.16646,1.1472,1.0986,0.0332546046025618,-0.2016,-0.2008,0.0007382608555985,0.05385,0.0020549395036439,354.7681,369.9001,13.330470595600962,83.7445,73.2185,18.84236308038111,157.8727,5.019573292911369,15.7077,152.6202,3.2967818542826373,19.6166,152.9891,20.0956,3.187319775325629,0.8231789467381215,0.8104248375797132,0.0069840940238335,0.8138379090446394,0.0118009680208351,0.8187479416783928,0.0128665868004957,0.8104248375797132,0.0056182580940854,0.8138379090446394,0.7971018831771504,0.0138188901445329,0.8231789467381215,0.5129187748869795,0.0045416493000341,-0.26727
0.0,10.1478,-0.16646,1.1472,1.0986,0.0332546046025618,-0.2016,-0.2008,0.0007382608555985,0.05385,0.0020549395036439,354.7681,369.9001,13.330470595600962,83.7445,73.2185,18.84236308038111,157.8727,5.019573292911369,15.7077,152.6202,3.2967818542826373,19.6166,152.9891,20.0956,3.187319775325629,0.8231789467381215,0.8104248375797132,0.0069840940238335,0.8138379090446394,0.0118009680208351,0.8187479416783928,0.0128665868004957,0.8104248375797132,0.0056182580940854,0.8138379090446394,0.7971018831771504,0.0138188901445329,0.8231789467381215,0.5129187748869795,0.0045416493000341,-0.26727
0.0,10.1478,-0.16646,1.1472,1.0986,0.0332546046025618,-0.2016,-0.2008,0.0007382608555985,0.05385,0.0020549395036439,354.7681,369.9001,13.330470595600962,83.7445,73.2185,18.84236308038111,157.8727,5.019573292911369,15.7077,152.6202,3.2967818542826373,19.6166,152.9891,20.0956,3.187319775325629,0.8231789467381215,0.8104248375797132,0.0069840940238335,0.8138379090446394,0.0118009680208351,0.8187479416783928,0.0128665868004957,0.8104248375797132,0.0056182580940854,0.8138379090446394,0.7971018831771504,0.0138188901445329,0.8231789467381215,0.5129187748869795,0.0045416493000341,-0.26727
0.0,10.1478,-0.16646,1.1472,1.0986,0.0332546046025618,-0.2016,-0.2008,0.0007382608555985,0.05385,0.0020549395036439,354.7681,369.9001,13.330470595600962,83.7445,73.2185,18.84236308038111,157.8727,5.019573292911369,15.7077,152.6202,3.2967818542826373,19.6166,152.9891,20.0956,3.187319775325629,0.8231789467381215,0.8104248375797132,0.0069840940238335,0.8138379090446394,0.0118009680208351,0.8187479416783928,0.0128665868004957,0.8104248375797132,0.0056182580940854,0.8138379090446394,0.7971018831771504,0.0138188901445329,0.8231789467381215,0.5129187748869795,0.0045416493000341,-0.26727
0.0,11.0112,-0.17387,1.1472,1.0986,0.0332546046025618,-0.2016,-0.2008,0.0007382608555985,0.05385,0.0020549395036439,354.7681,369.9001,13.330470595600962,83.7445,73.2185,18.84236308038111,157.8727,5.019573292911369,15.7077,152.6202,3.2967818542826373,19.6166,152.9891,20.0956,3.187319775325629,0.8231789467381215,0.8104248375797132,0.0069840940238335,0.8138379090446394,0.0118009680208351,0.8187479416783928,0.0128665868004957,0.8104248375797132,0.0056182580940854,0.8138379090446394,0.7971018831771504,0.0138188901445329,0.8231789467381215,0.5129187748869795,0.0045416493000341,-0.26727
0.0,11.0112,-0.17387,1.1472,1.0986,0.0332546046025618,-0.2016,-0.2008,0.0007382608555985,0.05385,0.0020549395036439,354.7681,369.9001,13.330470595600962,83.7445,73.2185,18.84236308038111,157.8727,5.019573292911369,15.7077,152.6202,3.2967818542826373,19.6166,152.9891,20.0956,3.187319775325629,0.8231789467381215,0.8104248375797132,0.0069840940238335,0.8138379090446394,0.0118009680208351,0.8187479416783928,0.0128665868004957,0.8104248375797132,0.0056182580940854,0.8138379090446394,0.7971018831771504,0.0138188901445329,0.8231789467381215,0.5129187748869795,0.0045416493000341,-0.26727
1.37,11.0112,-0.17387,1.1472,1.0986,0.0332546046025618,-0.2016,-0.2008,0.0007382608555985,0.05385,0.0020549395036439,354.7681,369.9001,13.330470595600962,83.7445,73.2185,18.84236308038111,157.8727,5.019573292911369,15.7077,152.6202,3.2967818542826373,19.6166,152.9891,20.0956,3.187319775325629,0.8231789467381215,0.8104248375797132,0.0069840940238335,0.8138379090446394,0.0118009680208351,0.8187479416783928,0.0128665868004957,0.8104248375797132,0.0056182580940854,0.8138379090446394,0.7971018831771504,0.0138188901445329,0.8231789467381215,0.5129187748869795,0.0045416493000341,-0.26727
0.0,11.0112,-0.17387,1.1472,1.0986,0.0332546046025618,-0.2016,-0.2008,0.0007382608555985,0.05385,0.0020549395036439,354.7681,369.9001,13.330470595600962,83.7445,73.2185,18.84236308038111,157.8727,5.019573292911369,15.7077,152.6202,3.2967818542826373,19.6166,152.9891,20.0956,3.187319775325629,0.8231789467381215,0.8104248375797132,0.0069840940238335,0.8138379090446394,0.0118009680208351,0.8187479416783928,0.0128665868004957,0.8104248375797132,0.0056182580940854,0.8138379090446394,0.7971018831771504,0.0138188901445329,0.8231789467381215,0.5129187748869795,0.0045416493000341,-0.26727
0.0,11.0112,-0.17387,1.1472,1.0986,0.0332546046025618,-0.2016,-0.2008,0.0007382608555985,0.05385,0.0020549395036439,354.7681,369.9001,13.330470595600962,83.7445,73.2185,18.84236308038111,157.8727,5.019573292911369,15.7077,152.6202,3.2967818542826373,19.6166,152.9891,20.0956,3.187319775325629,0.8231789467381215,0.8104248375797132,0.0069840940238335,0.8138379090446394,0.0118009680208351,0.8187479416783928,0.0128665868004957,0.8104248375797132,0.0056182580940854,0.8138379090446394,0.7971018831771504,0.0138188901445329,0.8231789467381215,0.5129187748869795,0.0045416493000341,-0.26727
0.0,11.0112,-0.17387,1.1472,1.0986,0.0332546046025618,-0.2016,-0.2008,0.0007382608555985,0.05385,0.0020549395036439,354.7681,369.9001,13.330470595600962,83.7445,73.2185,18.84236308038111,157.8727,5.019573292911369,15.7077,152.6202,3.2967818542826373,19.6166,152.9891,20.0956,3.187319775325629,0.8231789467381215,0.8104248375797132,0.0069840940238335,0.8138379090446394,0.0118009680208351,0.8187479416783928,0.0128665868004957,0.8104248375797132,0.0056182580940854,0.8138379090446394,0.7971018831771504,0.0138188901445329,0.8231789467381215,0.5129187748869795,0.0045416493000341,-0.26727
0.0,11.0112,-0.17387,1.1472,1.0986,0.0332546046025618,-0.2016,-0.2008,0.0007382608555985,0.05385,0.0020549395036439,354.7681,369.9001,13.330470595600962,83.7445,73.2185,18.84236308038111,157.8727,5.019573292911369,15.7077,152.6202,3.2967818542826373,19.6166,152.9891,20.0956,3.187319775325629,0.8231789467381215,0.8104248375797132,0.0069840940238335,0.8138379090446394,0.0118009680208351,0.8187479416783928,0.0128665868004957,0.8104248375797132,0.0056182580940854,0.8138379090446394,0.7971018831771504,0.0138188901445329,0.8231789467381215,0.5129187748869795,0.0045416493000341,-0.26727
0.0,11.0112,-0.17387,1.1472,1.0986,0.0332546046025618,-0.2016,-0.2008,0.0007382608555985,0.05385,0.0020549395036439,354.7681,369.9001,13.330470595600962,83.7445,73.2185,18.84236308038111,157.8727,5.019573292911369,15.7077,152.6202,3.2967818542826373,19.6166,152.9891,20.0956,3.187319775325629,0.8231789467381215,0.8104248375797132,0.0069840940238335,0.8138379090446394,0.0118009680208351,0.8187479416783928,0.0128665868004957,0.8104248375797132,0.0056182580940854,0.8138379090446394,0.7971018831771504,0.0138188901445329,0.8231789467381215,0.5129187748869795,0.0045416493000341,-0.26727
0.0,11.0112,-0.17387,1.1472,1.0986,0.0332546046025618,-0.2016,-0.2008,0.0007382608555985,0.05385,0.0020549395036439,354.7681,369.9001,13.330470595600962,83.7445,73.2185,18.84236308038111,157.8727,5.019573292911369,15.7077,152.6202,3.2967818542826373,19.6166,152.9891,20.0956,3.187319775325629,0.8231789467381215,0.8104248375797132,0.0069840940238335,0.8138379090446394,0.0118009680208351,0.8187479416783928,0.0128665868004957,0.8104248375797132,0.0056182580940854,0.8138379090446394,0.7971018831771504,0.0138188901445329,0.8231789467381215,0.5129187748869795,0.0045416493000341,-0.26727
3.41,7.1686,-0.19743,1.413,1.413,0.0,-0.21146,-0.21146,0.0,-0.01885,0.0,361.4428,361.4428,0.0,39.667,39.667,0.0,56.1606,0.0,179.4228,56.1046,0.0,179.4567,56.1021,179.4687,0.0,0.7028831472111613,0.7320439507799167,0.0,0.7324331606838118,0.0,0.7329720667045896,0.0,0.7320439507799167,0.0,0.7324331606838118,0.7324331606838118,0.0,0.7028831472111613,0.5225891440376037,0.0,-0.26727
1.19,7.1686,-0.19743,1.413,1.413,0.0,-0.21146,-0.21146,0.0,-0.01885,0.0,361.4428,361.4428,0.0,39.667,39.667,0.0,56.1606,0.0,179.4228,56.1046,0.0,179.4567,56.1021,179.4687,0.0,0.7028831472111613,0.7320439507799167,0.0,0.7324331606838118,0.0,0.7329720667045896,0.0,0.7320439507799167,0.0,0.7324331606838118,0.7324331606838118,0.0,0.7028831472111613,0.5225891440376037,0.0,-0.26727
7.89,7.1686,-0.19743,1.413,1.413,0.0,-0.21146,-0.21146,0.0,-0.01885,0.0,361.4428,361.4428,0.0,39.667,39.667,0.0,56.1606,0.0,179.4228,56.1046,0.0,179.4567,56.1021,179.4687,0.0,0.7028831472111613,0.7320439507799167,0.0,0.7324331606838118,0.0,0.7329720667045896,0.0,0.7320439507799167,0.0,0.7324331606838118,0.7324331606838118,0.0,0.7028831472111613,0.5225891440376037,0.0,-0.26727
1.27,7.1686,-0.19743,1.413,1.413,0.0,-0.21146,-0.21146,0.0,-0.01885,0.0,361.4428,361.4428,0.0,39.667,39.667,0.0,56.1606,0.0,179.4228,56.1046,0.0,179.4567,56.1021,179.4687,0.0,0.7028831472111613,0.7320439507799167,0.0,0.7324331606838118,0.0,0.7329720667045896,0.0,0.7320439507799167,0.0,0.7324331606838118,0.7324331606838118,0.0,0.7028831472111613,0.5225891440376037,0.0,-0.26727
1.94,7.1686,-0.19743,1.413,1.413,0.0,-0.21146,-0.21146,0.0,-0.01885,0.0,361.4428,361.4428,0.0,39.667,39.667,0.0,56.1606,0.0,179.4228,56.1046,0.0,179.4567,56.1021,179.4687,0.0,0.7028831472111613,0.7320439507799167,0.0,0.7324331606838118,0.0,0.7329720667045896,0.0,0.7320439507799167,0.0,0.7324331606838118,0.7324331606838118,0.0,0.7028831472111613,0.5225891440376037,0.0,-0.26727
5.67,7.1686,-0.19743,1.413,1.413,0.0,-0.21146,-0.21146,0.0,-0.01885,0.0,361.4428,361.4428,0.0,39.667,39.667,0.0,56.1606,0.0,179.4228,56.1046,0.0,179.4567,56.1021,179.4687,0.0,0.7028831472111613,0.7320439507799167,0.0,0.7324331606838118,0.0,0.7329720667045896,0.0,0.7320439507799167,0.0,0.7324331606838118,0.7324331606838118,0.0,0.7028831472111613,0.5225891440376037,0.0,-0.26727
1.39,7.1686,-0.19743,1.413,1.413,0.0,-0.21146,-0.21146,0.0,-0.01885,0.0,361.4428,361.4428,0.0,39.667,39.667,0.0,56.1606,0.0,179.4228,56.1046,0.0,179.4567,56.1021,179.4687,0.0,0.7028831472111613,0.7320439507799167,0.0,0.7324331606838118,0.0,0.7329720667045896,0.0,0.7320439507799167,0.0,0.7324331606838118,0.7324331606838118,0.0,0.7028831472111613,0.5225891440376037,0.0,-0.26727
4.51,7.1686,-0.19743,1.413,1.413,0.0,-0.21146,-0.21146,0.0,-0.01885,0.0,361.4428,361.4428,0.0,39.667,39.667,0.0,56.1606,0.0,179.4228,56.1046,0.0,179.4567,56.1021,179.4687,0.0,0.7028831472111613,0.7320439507799167,0.0,0.7324331606838118,0.0,0.7329720667045896,0.0,0.7320439507799167,0.0,0.7324331606838118,0.7324331606838118,0.0,0.7028831472111613,0.5225891440376037,0.0,-0.26727
4.86,7.1686,-0.19743,1.413,1.413,0.0,-0.21146,-0.21146,0.0,-0.01885,0.0,361.4428,361.4428,0.0,39.667,39.667,0.0,56.1606,0.0,179.4228,56.1046,0.0,179.4567,56.1021,179.4687,0.0,0.7028831472111613,0.7320439507799167,0.0,0.7324331606838118,0.0,0.7329720667045896,0.0,0.7320439507799167,0.0,0.7324331606838118,0.7324331606838118,0.0,0.7028831472111613,0.5225891440376037,0.0,-0.26727
1.92,7.7731,-0.2019,1.413,1.413,0.0,-0.21146,-0.21146,0.0,-0.01885,0.0,361.4428,361.4428,0.0,39.667,39.667,0.0,56.1606,0.0,179.4228,56.1046,0.0,179.4567,56.1021,179.4687,0.0,0.7028831472111613,0.7320439507799167,0.0,0.7324331606838118,0.0,0.7329720667045896,0.0,0.7320439507799167,0.0,0.7324331606838118,0.7324331606838118,0.0,0.7028831472111613,0.5225891440376037,0.0,-0.26727
0.65,7.7731,-0.2019,1.413,1.413,0.0,-0.21146,-0.21146,0.0,-0.01885,0.0,361.4428,361.4428,0.0,39.667,39.667,0.0,56.1606,0.0,179.4228,56.1046,0.0,179.4567,56.1021,179.4687,0.0,0.7028831472111613,0.7320439507799167,0.0,0.7324331606838118,0.0,0.7329720667045896,0.0,0.7320439507799167,0.0,0.7324331606838118,0.7324331606838118,0.0,0.7028831472111613,0.5225891440376037,0.0,-0.26727
4.23,7.7731,-0.2019,1.413,1.413,0.0,-0.21146,-0.21146,0.0,-0.01885,0.0,361.4428,361.4428,0.0,39.667,39.667,0.0,56.1606,0.0,179.4228,56.1046,0.0,179.4567,56.1021,179.4687,0.0,0.7028831472111613,0.7320439507799167,0.0,0.7324331606838118,0.0,0.7329720667045896,0.0,0.7320439507799167,0.0,0.7324331606838118,0.7324331606838118,0.0,0.7028831472111613,0.5225891440376037,0.0,-0.26727
0.05,7.7731,-0.2019,1.413,1.413,0.0,-0.21146,-0.21146,0.0,-0.01885,0.0,361.4428,361.4428,0.0,39.667,39.667,0.0,56.1606,0.0,179.4228,56.1046,0.0,179.4567,56.1021,179.4687,0.0,0.7028831472111613,0.7320439507799167,0.0,0.7324331606838118,0.0,0.7329720667045896,0.0,0.7320439507799167,0.0,0.7324331606838118,0.7324331606838118,0.0,0.7028831472111613,0.5225891440376037,0.0,-0.26727
0.98,7.7731,-0.2019,1.413,1.413,0.0,-0.21146,-0.21146,0.0,-0.01885,0.0,361.4428,361.4428,0.0,39.667,39.667,0.0,56.1606,0.0,179.4228,56.1046,0.0,179.4567,56.1021,179.4687,0.0,0.7028831472111613,0.7320439507799167,0.0,0.7324331606838118,0.0,0.7329720667045896,0.0,0.7320439507799167,0.0,0.7324331606838118,0.7324331606838118,0.0,0.7028831472111613,0.5225891440376037,0.0,-0.26727
3.07,7.7731,-0.2019,1.413,1.413,0.0,-0.21146,-0.21146,0.0,-0.01885,0.0,361.4428,361.4428,0.0,39.667,39.667,0.0,56.1606,0.0,179.4228,56.1046,0.0,179.4567,56.1021,179.4687,0.0,0.7028831472111613,0.7320439507799167,0.0,0.7324331606838118,0.0,0.7329720667045896,0.0,0.7320439507799167,0.0,0.7324331606838118,0.7324331606838118,0.0,0.7028831472111613,0.5225891440376037,0.0,-0.26727
2.58,7.7731,-0.2019,1.413,1.413,0.0,-0.21146,-0.21146,0.0,-0.01885,0.0,361.4428,361.4428,0.0,39.667,39.667,0.0,56.1606,0.0,179.4228,56.1046,0.0,179.4567,56.1021,179.4687,0.0,0.7028831472111613,0.7320439507799167,0.0,0.7324331606838118,0.0,0.7329720667045896,0.0,0.7320439507799167,0.0,0.7324331606838118,0.7324331606838118,0.0,0.7028831472111613,0.5225891440376037,0.0,-0.26727
2.95,7.7731,-0.2019,1.413,1.413,0.0,-0.21146,-0.21146,0.0,-0.01885,0.0,361.4428,361.4428,0.0,39.667,39.667,0.0,56.1606,0.0,179.4228,56.1046,0.0,179.4567,56.1021,179.4687,0.0,0.7028831472111613,0.7320439507799167,0.0,0.7324331606838118,0.0,0.7329720667045896,0.0,0.7320439507799167,0.0,0.7324331606838118,0.7324331606838118,0.0,0.7028831472111613,0.5225891440376037,0.0,-0.26727
4.33,7.7731,-0.2019,1.413,1.413,0.0,-0.21146,-0.21146,0.0,-0.01885,0.0,361.4428,361.4428,0.0,39.667,39.667,0.0,56.1606,0.0,179.4228,56.1046,0.0,179.4567,56.1021,179.4687,0.0,0.7028831472111613,0.7320439507799167,0.0,0.7324331606838118,0.0,0.7329720667045896,0.0,0.7320439507799167,0.0,0.7324331606838118,0.7324331606838118,0.0,0.7028831472111613,0.5225891440376037,0.0,-0.26727
4.22,10.1478,-0.16646,1.413,1.413,0.0,-0.21146,-0.21146,0.0,-0.01885,0.0,361.4428,361.4428,0.0,39.667,39.667,0.0,56.1606,0.0,179.4228,56.1046,0.0,179.4567,56.1021,179.4687,0.0,0.7028831472111613,0.7320439507799167,0.0,0.7324331606838118,0.0,0.7329720667045896,0.0,0.7320439507799167,0.0,0.7324331606838118,0.7324331606838118,0.0,0.7028831472111613,0.5225891440376037,0.0,-0.26727
1.9,10.1478,-0.16646,1.413,1.413,0.0,-0.21146,-0.21146,0.0,-0.01885,0.0,361.4428,361.4428,0.0,39.667,39.667,0.0,56.1606,0.0,179.4228,56.1046,0.0,179.4567,56.1021,179.4687,0.0,0.7028831472111613,0.7320439507799167,0.0,0.7324331606838118,0.0,0.7329720667045896,0.0,0.7320439507799167,0.0,0.7324331606838118,0.7324331606838118,0.0,0.7028831472111613,0.5225891440376037,0.0,-0.26727
4.94,10.1478,-0.16646,1.413,1.413,0.0,-0.21146,-0.21146,0.0,-0.01885,0.0,361.4428,361.4428,0.0,39.667,39.667,0.0,56.1606,0.0,179.4228,56.1046,0.0,179.4567,56.1021,179.4687,0.0,0.7028831472111613,0.7320439507799167,0.0,0.7324331606838118,0.0,0.7329720667045896,0.0,0.7320439507799167,0.0,0.7324331606838118,0.7324331606838118,0.0,0.7028831472111613,0.5225891440376037,0.0,-0.26727
1.03,10.1478,-0.16646,1.413,1.413,0.0,-0.21146,-0.21146,0.0,-0.01885,0.0,361.4428,361.4428,0.0,39.667,39.667,0.0,56.1606,0.0,179.4228,56.1046,0.0,179.4567,56.1021,179.4687,0.0,0.7028831472111613,0.7320439507799167,0.0,0.7324331606838118,0.0,0.7329720667045896,0.0,0.7320439507799167,0.0,0.7324331606838118,0.7324331606838118,0.0,0.7028831472111613,0.5225891440376037,0.0,-0.26727
2.72,10.1478,-0.16646,1.413,1.413,0.0,-0.21146,-0.21146,0.0,-0.01885,0.0,361.4428,361.4428,0.0,39.667,39.667,0.0,56.1606,0.0,179.4228,56.1046,0.0,179.4567,56.1021,179.4687,0.0,0.7028831472111613,0.7320439507799167,0.0,0.7324331606838118,0.0,0.7329720667045896,0.0,0.7320439507799167,0.0,0.7324331606838118,0.7324331606838118,0.0,0.7028831472111613,0.5225891440376037,0.0,-0.26727
3.51,10.1478,-0.16646,1.413,1.413,0.0,-0.21146,-0.21146,0.0,-0.01885,0.0,361.4428,361.4428,0.0,39.667,39.667,0.0,56.1606,0.0,179.4228,56.1046,0.0,179.4567,56.1021,179.4687,0.0,0.7028831472111613,0.7320439507799167,0.0,0.7324331606838118,0.0,0.7329720667045896,0.0,0.7320439507799167,0.0,0.7324331606838118,0.7324331606838118,0.0,0.7028831472111613,0.5225891440376037,0.0,-0.26727
0.81,10.1478,-0.16646,1.413,1.413,0.0,-0.21146,-0.21146,0.0,-0.01885,0.0,361.4428,361.4428,0.0,39.667,39.667,0.0,56.1606,0.0,179.4228,56.1046,0.0,179.4567,56.1021,179.4687,0.0,0.7028831472111613,0.7320439507799167,0.0,0.7324331606838118,0.0,0.7329720667045896,0.0,0.7320439507799167,0.0,0.7324331606838118,0.7324331606838118,0.0,0.7028831472111613,0.5225891440376037,0.0,-0.26727
4.2,10.1478,-0.16646,1.413,1.413,0.0,-0.21146,-0.21146,0.0,-0.01885,0.0,361.4428,361.4428,0.0,39.667,39.667,0.0,56.1606,0.0,179.4228,56.1046,0.0,179.4567,56.1021,179.4687,0.0,0.7028831472111613,0.7320439507799167,0.0,0.7324331606838118,0.0,0.7329720667045896,0.0,0.7320439507799167,0.0,0.7324331606838118,0.7324331606838118,0.0,0.7028831472111613,0.5225891440376037,0.0,-0.26727
14.26,10.1478,-0.16646,1.413,1.413,0.0,-0.21146,-0.21146,0.0,-0.01885,0.0,361.4428,361.4428,0.0,39.667,39.667,0.0,56.1606,0.0,179.4228,56.1046,0.0,179.4567,56.1021,179.4687,0.0,0.7028831472111613,0.7320439507799167,0.0,0.7324331606838118,0.0,0.7329720667045896,0.0,0.7320439507799167,0.0,0.7324331606838118,0.7324331606838118,0.0,0.7028831472111613,0.5225891440376037,0.0,-0.26727
0.91,11.0112,-0.17387,1.413,1.413,0.0,-0.21146,-0.21146,0.0,-0.01885,0.0,361.4428,361.4428,0.0,39.667,39.667,0.0,56.1606,0.0,179.4228,56.1046,0.0,179.4567,56.1021,179.4687,0.0,0.7028831472111613,0.7320439507799167,0.0,0.7324331606838118,0.0,0.7329720667045896,0.0,0.7320439507799167,0.0,0.7324331606838118,0.7324331606838118,0.0,0.7028831472111613,0.5225891440376037,0.0,-0.26727
0.26,11.0112,-0.17387,1.413,1.413,0.0,-0.21146,-0.21146,0.0,-0.01885,0.0,361.4428,361.4428,0.0,39.667,39.667,0.0,56.1606,0.0,179.4228,56.1046,0.0,179.4567,56.1021,179.4687,0.0,0.7028831472111613,0.7320439507799167,0.0,0.7324331606838118,0.0,0.7329720667045896,0.0,0.7320439507799167,0.0,0.7324331606838118,0.7324331606838118,0.0,0.7028831472111613,0.5225891440376037,0.0,-0.26727
2.49,11.0112,-0.17387,1.413,1.413,0.0,-0.21146,-0.21146,0.0,-0.01885,0.0,361.4428,361.4428,0.0,39.667,39.667,0.0,56.1606,0.0,179.4228,56.1046,0.0,179.4567,56.1021,179.4687,0.0,0.7028831472111613,0.7320439507799167,0.0,0.7324331606838118,0.0,0.7329720667045896,0.0,0.7320439507799167,0.0,0.7324331606838118,0.7324331606838118,0.0,0.7028831472111613,0.5225891440376037,0.0,-0.26727
0.43,11.0112,-0.17387,1.413,1.413,0.0,-0.21146,-0.21146,0.0,-0.01885,0.0,361.4428,361.4428,0.0,39.667,39.667,0.0,56.1606,0.0,179.4228,56.1046,0.0,179.4567,56.1021,179.4687,0.0,0.7028831472111613,0.7320439507799167,0.0,0.7324331606838118,0.0,0.7329720667045896,0.0,0.7320439507799167,0.0,0.7324331606838118,0.7324331606838118,0.0,0.7028831472111613,0.5225891440376037,0.0,-0.26727
0.58,11.0112,-0.17387,1.413,1.413,0.0,-0.21146,-0.21146,0.0,-0.01885,0.0,361.4428,361.4428,0.0,39.667,39.667,0.0,56.1606,0.0,179.4228,56.1046,0.0,179.4567,56.1021,179.4687,0.0,0.7028831472111613,0.7320439507799167,0.0,0.7324331606838118,0.0,0.7329720667045896,0.0,0.7320439507799167,0.0,0.7324331606838118,0.7324331606838118,0.0,0.7028831472111613,0.5225891440376037,0.0,-0.26727
2.35,11.0112,-0.17387,1.413,1.413,0.0,-0.21146,-0.21146,0.0,-0.01885,0.0,361.4428,361.4428,0.0,39.667,39.667,0.0,56.1606,0.0,179.4228,56.1046,0.0,179.4567,56.1021,179.4687,0.0,0.7028831472111613,0.7320439507799167,0.0,0.7324331606838118,0.0,0.7329720667045896,0.0,0.7320439507799167,0.0,0.7324331606838118,0.7324331606838118,0.0,0.7028831472111613,0.5225891440376037,0.0,-0.26727
0.6,11.0112,-0.17387,1.413,1.413,0.0,-0.21146,-0.21146,0.0,-0.01885,0.0,361.4428,361.4428,0.0,39.667,39.667,0.0,56.1606,0.0,179.4228,56.1046,0.0,179.4567,56.1021,179.4687,0.0,0.7028831472111613,0.7320439507799167,0.0,0.7324331606838118,0.0,0.7329720667045896,0.0,0.7320439507799167,0.0,0.7324331606838118,0.7324331606838118,0.0,0.7028831472111613,0.5225891440376037,0.0,-0.26727
1.94,11.0112,-0.17387,1.413,1.413,0.0,-0.21146,-0.21146,0.0,-0.01885,0.0,361.4428,361.4428,0.0,39.667,39.667,0.0,56.1606,0.0,179.4228,56.1046,0.0,179.4567,56.1021,179.4687,0.0,0.7028831472111613,0.7320439507799167,0.0,0.7324331606838118,0.0,0.7329720667045896,0.0,0.7320439507799167,0.0,0.7324331606838118,0.7324331606838118,0.0,0.7028831472111613,0.5225891440376037,0.0,-0.26727
2.81,11.0112,-0.17387,1.413,1.413,0.0,-0.21146,-0.21146,0.0,-0.01885,0.0,361.4428,361.4428,0.0,39.667,39.667,0.0,56.1606,0.0,179.4228,56.1046,0.0,179.4567,56.1021,179.4687,0.0,0.7028831472111613,0.7320439507799167,0.0,0.7324331606838118,0.0,0.7329720667045896,0.0,0.7320439507799167,0.0,0.7324331606838118,0.7324331606838118,0.0,0.7028831472111613,0.5225891440376037,0.0,-0.26727
64.62,7.1686,-0.19743,1.0935,0.9283,0.0971362433021055,-0.20155,-0.19721,0.0032312838403515,-0.0138,0.0024626037025976,358.6186,336.0617,19.96752004577877,63.524,52.288,11.526095462392362,52.6306,1.2062278029823994,179.6306,157.2257,4.79223079534879,13.8836,151.933,21.9405,5.6734377040920645,0.8281189185952516,0.8438370108679379,0.0147870026560164,0.8263225651926589,0.0100367415902332,0.8206341127511152,0.0128719983958064,0.5313313972635549,0.0159419143824157,0.5294452261908326,0.5903715457621029,0.0272390268189839,0.8281189185952516,0.4858836561779587,0.0538216911651726,-0.26727
28.11,7.1686,-0.19743,1.0935,0.9283,0.0971362433021055,-0.20155,-0.19721,0.0032312838403515,-0.0138,0.0024626037025976,358.6186,336.0617,19.96752004577877,63.524,52.288,11.526095462392362,52.6306,1.2062278029823994,179.6306,157.2257,4.79223079534879,13.8836,151.933,21.9405,5.6734377040920645,0.8281189185952516,0.8438370108679379,0.0147870026560164,0.8263225651926589,0.0100367415902332,0.8206341127511152,0.0128719983958064,0.5313313972635549,0.0159419143824157,0.5294452261908326,0.5903715457621029,0.0272390268189839,0.8281189185952516,0.4858836561779587,0.0538216911651726,-0.26727
73.71,7.1686,-0.19743,1.0935,0.9283,0.0971362433021055,-0.20155,-0.19721,0.0032312838403515,-0.0138,0.0024626037025976,358.6186,336.0617,19.96752004577877,63.524,52.288,11.526095462392362,52.6306,1.2062278029823994,179.6306,157.2257,4.79223079534879,13.8836,151.933,21.9405,5.6734377040920645,0.8281189185952516,0.8438370108679379,0.0147870026560164,0.8263225651926589,0.0100367415902332,0.8206341127511152,0.0128719983958064,0.5313313972635549,0.0159419143824157,0.5294452261908326,0.5903715457621029,0.0272390268189839,0.8281189185952516,0.4858836561779587,0.0538216911651726,-0.26727
32.71,7.1686,-0.19743,1.0935,0.9283,0.0971362433021055,-0.20155,-0.19721,0.0032312838403515,-0.0138,0.0024626037025976,358.6186,336.0617,19.96752004577877,63.524,52.288,11.526095462392362,52.6306,1.2062278029823994,179.6306,157.2257,4.79223079534879,13.8836,151.933,21.9405,5.6734377040920645,0.8281189185952516,0.8438370108679379,0.0147870026560164,0.8263225651926589,0.0100367415902332,0.8206341127511152,0.0128719983958064,0.5313313972635549,0.0159419143824157,0.5294452261908326,0.5903715457621029,0.0272390268189839,0.8281189185952516,0.4858836561779587,0.0538216911651726,-0.26727
41.69,7.1686,-0.19743,1.0935,0.9283,0.0971362433021055,-0.20155,-0.19721,0.0032312838403515,-0.0138,0.0024626037025976,358.6186,336.0617,19.96752004577877,63.524,52.288,11.526095462392362,52.6306,1.2062278029823994,179.6306,157.2257,4.79223079534879,13.8836,151.933,21.9405,5.6734377040920645,0.8281189185952516,0.8438370108679379,0.0147870026560164,0.8263225651926589,0.0100367415902332,0.8206341127511152,0.0128719983958064,0.5313313972635549,0.0159419143824157,0.5294452261908326,0.5903715457621029,0.0272390268189839,0.8281189185952516,0.4858836561779587,0.0538216911651726,-0.26727
61.86,7.1686,-0.19743,1.0935,0.9283,0.0971362433021055,-0.20155,-0.19721,0.0032312838403515,-0.0138,0.0024626037025976,358.6186,336.0617,19.96752004577877,63.524,52.288,11.526095462392362,52.6306,1.2062278029823994,179.6306,157.2257,4.79223079534879,13.8836,151.933,21.9405,5.6734377040920645,0.8281189185952516,0.8438370108679379,0.0147870026560164,0.8263225651926589,0.0100367415902332,0.8206341127511152,0.0128719983958064,0.5313313972635549,0.0159419143824157,0.5294452261908326,0.5903715457621029,0.0272390268189839,0.8281189185952516,0.4858836561779587,0.0538216911651726,-0.26727
25.35,7.1686,-0.19743,1.0935,0.9283,0.0971362433021055,-0.20155,-0.19721,0.0032312838403515,-0.0138,0.0024626037025976,358.6186,336.0617,19.96752004577877,63.524,52.288,11.526095462392362,52.6306,1.2062278029823994,179.6306,157.2257,4.79223079534879,13.8836,151.933,21.9405,5.6734377040920645,0.8281189185952516,0.8438370108679379,0.0147870026560164,0.8263225651926589,0.0100367415902332,0.8206341127511152,0.0128719983958064,0.5313313972635549,0.0159419143824157,0.5294452261908326,0.5903715457621029,0.0272390268189839,0.8281189185952516,0.4858836561779587,0.0538216911651726,-0.26727
53.49,7.1686,-0.19743,1.0935,0.9283,0.0971362433021055,-0.20155,-0.19721,0.0032312838403515,-0.0138,0.0024626037025976,358.6186,336.0617,19.96752004577877,63.524,52.288,11.526095462392362,52.6306,1.2062278029823994,179.6306,157.2257,4.79223079534879,13.8836,151.933,21.9405,5.6734377040920645,0.8281189185952516,0.8438370108679379,0.0147870026560164,0.8263225651926589,0.0100367415902332,0.8206341127511152,0.0128719983958064,0.5313313972635549,0.0159419143824157,0.5294452261908326,0.5903715457621029,0.0272390268189839,0.8281189185952516,0.4858836561779587,0.0538216911651726,-0.26727
76.24,7.1686,-0.19743,1.0935,0.9283,0.0971362433021055,-0.20155,-0.19721,0.0032312838403515,-0.0138,0.0024626037025976,358.6186,336.0617,19.96752004577877,63.524,52.288,11.526095462392362,52.6306,1.2062278029823994,179.6306,157.2257,4.79223079534879,13.8836,151.933,21.9405,5.6734377040920645,0.8281189185952516,0.8438370108679379,0.0147870026560164,0.8263225651926589,0.0100367415902332,0.8206341127511152,0.0128719983958064,0.5313313972635549,0.0159419143824157,0.5294452261908326,0.5903715457621029,0.0272390268189839,0.8281189185952516,0.4858836561779587,0.0538216911651726,-0.26727
48.25,7.7731,-0.2019,1.0935,0.9283,0.0971362433021055,-0.20155,-0.19721,0.0032312838403515,-0.0138,0.0024626037025976,358.6186,336.0617,19.96752004577877,63.524,52.288,11.526095462392362,52.6306,1.2062278029823994,179.6306,157.2257,4.79223079534879,13.8836,151.933,21.9405,5.6734377040920645,0.8281189185952516,0.8438370108679379,0.0147870026560164,0.8263225651926589,0.0100367415902332,0.8206341127511152,0.0128719983958064,0.5313313972635549,0.0159419143824157,0.5294452261908326,0.5903715457621029,0.0272390268189839,0.8281189185952516,0.4858836561779587,0.0538216911651726,-0.26727
42.3,7.7731,-0.2019,1.0935,0.9283,0.0971362433021055,-0.20155,-0.19721,0.0032312838403515,-0.0138,0.0024626037025976,358.6186,336.0617,19.96752004577877,63.524,52.288,11.526095462392362,52.6306,1.2062278029823994,179.6306,157.2257,4.79223079534879,13.8836,151.933,21.9405,5.6734377040920645,0.8281189185952516,0.8438370108679379,0.0147870026560164,0.8263225651926589,0.0100367415902332,0.8206341127511152,0.0128719983958064,0.5313313972635549,0.0159419143824157,0.5294452261908326,0.5903715457621029,0.0272390268189839,0.8281189185952516,0.4858836561779587,0.0538216911651726,-0.26727
66.49,7.7731,-0.2019,1.0935,0.9283,0.0971362433021055,-0.20155,-0.19721,0.0032312838403515,-0.0138,0.0024626037025976,358.6186,336.0617,19.96752004577877,63.524,52.288,11.526095462392362,52.6306,1.2062278029823994,179.6306,157.2257,4.79223079534879,13.8836,151.933,21.9405,5.6734377040920645,0.8281189185952516,0.8438370108679379,0.0147870026560164,0.8263225651926589,0.0100367415902332,0.8206341127511152,0.0128719983958064,0.5313313972635549,0.0159419143824157,0.5294452261908326,0.5903715457621029,0.0272390268189839,0.8281189185952516,0.4858836561779587,0.0538216911651726,-0.26727
68.86,7.7731,-0.2019,1.0935,0.9283,0.0971362433021055,-0.20155,-0.19721,0.0032312838403515,-0.0138,0.0024626037025976,358.6186,336.0617,19.96752004577877,63.524,52.288,11.526095462392362,52.6306,1.2062278029823994,179.6306,157.2257,4.79223079534879,13.8836,151.933,21.9405,5.6734377040920645,0.8281189185952516,0.8438370108679379,0.0147870026560164,0.8263225651926589,0.0100367415902332,0.8206341127511152,0.0128719983958064,0.5313313972635549,0.0159419143824157,0.5294452261908326,0.5903715457621029,0.0272390268189839,0.8281189185952516,0.4858836561779587,0.0538216911651726,-0.26727
69.26,7.7731,-0.2019,1.0935,0.9283,0.0971362433021055,-0.20155,-0.19721,0.0032312838403515,-0.0138,0.0024626037025976,358.6186,336.0617,19.96752004577877,63.524,52.288,11.526095462392362,52.6306,1.2062278029823994,179.6306,157.2257,4.79223079534879,13.8836,151.933,21.9405,5.6734377040920645,0.8281189185952516,0.8438370108679379,0.0147870026560164,0.8263225651926589,0.0100367415902332,0.8206341127511152,0.0128719983958064,0.5313313972635549,0.0159419143824157,0.5294452261908326,0.5903715457621029,0.0272390268189839,0.8281189185952516,0.4858836561779587,0.0538216911651726,-0.26727
21.74,7.7731,-0.2019,1.0935,0.9283,0.0971362433021055,-0.20155,-0.19721,0.0032312838403515,-0.0138,0.0024626037025976,358.6186,336.0617,19.96752004577877,63.524,52.288,11.526095462392362,52.6306,1.2062278029823994,179.6306,157.2257,4.79223079534879,13.8836,151.933,21.9405,5.6734377040920645,0.8281189185952516,0.8438370108679379,0.0147870026560164,0.8263225651926589,0.0100367415902332,0.8206341127511152,0.0128719983958064,0.5313313972635549,0.0159419143824157,0.5294452261908326,0.5903715457621029,0.0272390268189839,0.8281189185952516,0.4858836561779587,0.0538216911651726,-0.26727
32.68,7.7731,-0.2019,1.0935,0.9283,0.0971362433021055,-0.20155,-0.19721,0.0032312838403515,-0.0138,0.0024626037025976,358.6186,336.0617,19.96752004577877,63.524,52.288,11.526095462392362,52.6306,1.2062278029823994,179.6306,157.2257,4.79223079534879,13.8836,151.933,21.9405,5.6734377040920645,0.8281189185952516,0.8438370108679379,0.0147870026560164,0.8263225651926589,0.0100367415902332,0.8206341127511152,0.0128719983958064,0.5313313972635549,0.0159419143824157,0.5294452261908326,0.5903715457621029,0.0272390268189839,0.8281189185952516,0.4858836561779587,0.0538216911651726,-0.26727
44.48,7.7731,-0.2019,1.0935,0.9283,0.0971362433021055,-0.20155,-0.19721,0.0032312838403515,-0.0138,0.0024626037025976,358.6186,336.0617,19.96752004577877,63.524,52.288,11.526095462392362,52.6306,1.2062278029823994,179.6306,157.2257,4.79223079534879,13.8836,151.933,21.9405,5.6734377040920645,0.8281189185952516,0.8438370108679379,0.0147870026560164,0.8263225651926589,0.0100367415902332,0.8206341127511152,0.0128719983958064,0.5313313972635549,0.0159419143824157,0.5294452261908326,0.5903715457621029,0.0272390268189839,0.8281189185952516,0.4858836561779587,0.0538216911651726,-0.26727
48.91,7.7731,-0.2019,1.0935,0.9283,0.0971362433021055,-0.20155,-0.19721,0.0032312838403515,-0.0138,0.0024626037025976,358.6186,336.0617,19.96752004577877,63.524,52.288,11.526095462392362,52.6306,1.2062278029823994,179.6306,157.2257,4.79223079534879,13.8836,151.933,21.9405,5.6734377040920645,0.8281189185952516,0.8438370108679379,0.0147870026560164,0.8263225651926589,0.0100367415902332,0.8206341127511152,0.0128719983958064,0.5313313972635549,0.0159419143824157,0.5294452261908326,0.5903715457621029,0.0272390268189839,0.8281189185952516,0.4858836561779587,0.0538216911651726,-0.26727
86.43,10.1478,-0.16646,1.0935,0.9283,0.0971362433021055,-0.20155,-0.19721,0.0032312838403515,-0.0138,0.0024626037025976,358.6186,336.0617,19.96752004577877,63.524,52.288,11.526095462392362,52.6306,1.2062278029823994,179.6306,157.2257,4.79223079534879,13.8836,151.933,21.9405,5.6734377040920645,0.8281189185952516,0.8438370108679379,0.0147870026560164,0.8263225651926589,0.0100367415902332,0.8206341127511152,0.0128719983958064,0.5313313972635549,0.0159419143824157,0.5294452261908326,0.5903715457621029,0.0272390268189839,0.8281189185952516,0.4858836561779587,0.0538216911651726,-0.26727
85.24,10.1478,-0.16646,1.0935,0.9283,0.0971362433021055,-0.20155,-0.19721,0.0032312838403515,-0.0138,0.0024626037025976,358.6186,336.0617,19.96752004577877,63.524,52.288,11.526095462392362,52.6306,1.2062278029823994,179.6306,157.2257,4.79223079534879,13.8836,151.933,21.9405,5.6734377040920645,0.8281189185952516,0.8438370108679379,0.0147870026560164,0.8263225651926589,0.0100367415902332,0.8206341127511152,0.0128719983958064,0.5313313972635549,0.0159419143824157,0.5294452261908326,0.5903715457621029,0.0272390268189839,0.8281189185952516,0.4858836561779587,0.0538216911651726,-0.26727
2.79,10.1478,-0.16646,1.0935,0.9283,0.0971362433021055,-0.20155,-0.19721,0.0032312838403515,-0.0138,0.0024626037025976,358.6186,336.0617,19.96752004577877,63.524,52.288,11.526095462392362,52.6306,1.2062278029823994,179.6306,157.2257,4.79223079534879,13.8836,151.933,21.9405,5.6734377040920645,0.8281189185952516,0.8438370108679379,0.0147870026560164,0.8263225651926589,0.0100367415902332,0.8206341127511152,0.0128719983958064,0.5313313972635549,0.0159419143824157,0.5294452261908326,0.5903715457621029,0.0272390268189839,0.8281189185952516,0.4858836561779587,0.0538216911651726,-0.26727
61.71,10.1478,-0.16646,1.0935,0.9283,0.0971362433021055,-0.20155,-0.19721,0.0032312838403515,-0.0138,0.0024626037025976,358.6186,336.0617,19.96752004577877,63.524,52.288,11.526095462392362,52.6306,1.2062278029823994,179.6306,157.2257,4.79223079534879,13.8836,151.933,21.9405,5.6734377040920645,0.8281189185952516,0.8438370108679379,0.0147870026560164,0.8263225651926589,0.0100367415902332,0.8206341127511152,0.0128719983958064,0.5313313972635549,0.0159419143824157,0.5294452261908326,0.5903715457621029,0.0272390268189839,0.8281189185952516,0.4858836561779587,0.0538216911651726,-0.26727
80.77,10.1478,-0.16646,1.0935,0.9283,0.0971362433021055,-0.20155,-0.19721,0.0032312838403515,-0.0138,0.0024626037025976,358.6186,336.0617,19.96752004577877,63.524,52.288,11.526095462392362,52.6306,1.2062278029823994,179.6306,157.2257,4.79223079534879,13.8836,151.933,21.9405,5.6734377040920645,0.8281189185952516,0.8438370108679379,0.0147870026560164,0.8263225651926589,0.0100367415902332,0.8206341127511152,0.0128719983958064,0.5313313972635549,0.0159419143824157,0.5294452261908326,0.5903715457621029,0.0272390268189839,0.8281189185952516,0.4858836561779587,0.0538216911651726,-0.26727
7.02,10.1478,-0.16646,1.0935,0.9283,0.0971362433021055,-0.20155,-0.19721,0.0032312838403515,-0.0138,0.0024626037025976,358.6186,336.0617,19.96752004577877,63.524,52.288,11.526095462392362,52.6306,1.2062278029823994,179.6306,157.2257,4.79223079534879,13.8836,151.933,21.9405,5.6734377040920645,0.8281189185952516,0.8438370108679379,0.0147870026560164,0.8263225651926589,0.0100367415902332,0.8206341127511152,0.0128719983958064,0.5313313972635549,0.0159419143824157,0.5294452261908326,0.5903715457621029,0.0272390268189839,0.8281189185952516,0.4858836561779587,0.0538216911651726,-0.26727
82.21,10.1478,-0.16646,1.0935,0.9283,0.0971362433021055,-0.20155,-0.19721,0.0032312838403515,-0.0138,0.0024626037025976,358.6186,336.0617,19.96752004577877,63.524,52.288,11.526095462392362,52.6306,1.2062278029823994,179.6306,157.2257,4.79223079534879,13.8836,151.933,21.9405,5.6734377040920645,0.8281189185952516,0.8438370108679379,0.0147870026560164,0.8263225651926589,0.0100367415902332,0.8206341127511152,0.0128719983958064,0.5313313972635549,0.0159419143824157,0.5294452261908326,0.5903715457621029,0.0272390268189839,0.8281189185952516,0.4858836561779587,0.0538216911651726,-0.26727
81.66,10.1478,-0.16646,1.0935,0.9283,0.0971362433021055,-0.20155,-0.19721,0.0032312838403515,-0.0138,0.0024626037025976,358.6186,336.0617,19.96752004577877,63.524,52.288,11.526095462392362,52.6306,1.2062278029823994,179.6306,157.2257,4.79223079534879,13.8836,151.933,21.9405,5.6734377040920645,0.8281189185952516,0.8438370108679379,0.0147870026560164,0.8263225651926589,0.0100367415902332,0.8206341127511152,0.0128719983958064,0.5313313972635549,0.0159419143824157,0.5294452261908326,0.5903715457621029,0.0272390268189839,0.8281189185952516,0.4858836561779587,0.0538216911651726,-0.26727
6.23,10.1478,-0.16646,1.0935,0.9283,0.0971362433021055,-0.20155,-0.19721,0.0032312838403515,-0.0138,0.0024626037025976,358.6186,336.0617,19.96752004577877,63.524,52.288,11.526095462392362,52.6306,1.2062278029823994,179.6306,157.2257,4.79223079534879,13.8836,151.933,21.9405,5.6734377040920645,0.8281189185952516,0.8438370108679379,0.0147870026560164,0.8263225651926589,0.0100367415902332,0.8206341127511152,0.0128719983958064,0.5313313972635549,0.0159419143824157,0.5294452261908326,0.5903715457621029,0.0272390268189839,0.8281189185952516,0.4858836561779587,0.0538216911651726,-0.26727
59.92,11.0112,-0.17387,1.0935,0.9283,0.0971362433021055,-0.20155,-0.19721,0.0032312838403515,-0.0138,0.0024626037025976,358.6186,336.0617,19.96752004577877,63.524,52.288,11.526095462392362,52.6306,1.2062278029823994,179.6306,157.2257,4.79223079534879,13.8836,151.933,21.9405,5.6734377040920645,0.8281189185952516,0.8438370108679379,0.0147870026560164,0.8263225651926589,0.0100367415902332,0.8206341127511152,0.0128719983958064,0.5313313972635549,0.0159419143824157,0.5294452261908326,0.5903715457621029,0.0272390268189839,0.8281189185952516,0.4858836561779587,0.0538216911651726,-0.26727
3.0,11.0112,-0.17387,1.0935,0.9283,0.0971362433021055,-0.20155,-0.19721,0.0032312838403515,-0.0138,0.0024626037025976,358.6186,336.0617,19.96752004577877,63.524,52.288,11.526095462392362,52.6306,1.2062278029823994,179.6306,157.2257,4.79223079534879,13.8836,151.933,21.9405,5.6734377040920645,0.8281189185952516,0.8438370108679379,0.0147870026560164,0.8263225651926589,0.0100367415902332,0.8206341127511152,0.0128719983958064,0.5313313972635549,0.0159419143824157,0.5294452261908326,0.5903715457621029,0.0272390268189839,0.8281189185952516,0.4858836561779587,0.0538216911651726,-0.26727
52.22,11.0112,-0.17387,1.0935,0.9283,0.0971362433021055,-0.20155,-0.19721,0.0032312838403515,-0.0138,0.0024626037025976,358.6186,336.0617,19.96752004577877,63.524,52.288,11.526095462392362,52.6306,1.2062278029823994,179.6306,157.2257,4.79223079534879,13.8836,151.933,21.9405,5.6734377040920645,0.8281189185952516,0.8438370108679379,0.0147870026560164,0.8263225651926589,0.0100367415902332,0.8206341127511152,0.0128719983958064,0.5313313972635549,0.0159419143824157,0.5294452261908326,0.5903715457621029,0.0272390268189839,0.8281189185952516,0.4858836561779587,0.0538216911651726,-0.26727
62.34,11.0112,-0.17387,1.0935,0.9283,0.0971362433021055,-0.20155,-0.19721,0.0032312838403515,-0.0138,0.0024626037025976,358.6186,336.0617,19.96752004577877,63.524,52.288,11.526095462392362,52.6306,1.2062278029823994,179.6306,157.2257,4.79223079534879,13.8836,151.933,21.9405,5.6734377040920645,0.8281189185952516,0.8438370108679379,0.0147870026560164,0.8263225651926589,0.0100367415902332,0.8206341127511152,0.0128719983958064,0.5313313972635549,0.0159419143824157,0.5294452261908326,0.5903715457621029,0.0272390268189839,0.8281189185952516,0.4858836561779587,0.0538216911651726,-0.26727
5.4,11.0112,-0.17387,1.0935,0.9283,0.0971362433021055,-0.20155,-0.19721,0.0032312838403515,-0.0138,0.0024626037025976,358.6186,336.0617,19.96752004577877,63.524,52.288,11.526095462392362,52.6306,1.2062278029823994,179.6306,157.2257,4.79223079534879,13.8836,151.933,21.9405,5.6734377040920645,0.8281189185952516,0.8438370108679379,0.0147870026560164,0.8263225651926589,0.0100367415902332,0.8206341127511152,0.0128719983958064,0.5313313972635549,0.0159419143824157,0.5294452261908326,0.5903715457621029,0.0272390268189839,0.8281189185952516,0.4858836561779587,0.0538216911651726,-0.26727
22.87,11.0112,-0.17387,1.0935,0.9283,0.0971362433021055,-0.20155,-0.19721,0.0032312838403515,-0.0138,0.0024626037025976,358.6186,336.0617,19.96752004577877,63.524,52.288,11.526095462392362,52.6306,1.2062278029823994,179.6306,157.2257,4.79223079534879,13.8836,151.933,21.9405,5.6734377040920645,0.8281189185952516,0.8438370108679379,0.0147870026560164,0.8263225651926589,0.0100367415902332,0.8206341127511152,0.0128719983958064,0.5313313972635549,0.0159419143824157,0.5294452261908326,0.5903715457621029,0.0272390268189839,0.8281189185952516,0.4858836561779587,0.0538216911651726,-0.26727
46.57,11.0112,-0.17387,1.0935,0.9283,0.0971362433021055,-0.20155,-0.19721,0.0032312838403515,-0.0138,0.0024626037025976,358.6186,336.0617,19.96752004577877,63.524,52.288,11.526095462392362,52.6306,1.2062278029823994,179.6306,157.2257,4.79223079534879,13.8836,151.933,21.9405,5.6734377040920645,0.8281189185952516,0.8438370108679379,0.0147870026560164,0.8263225651926589,0.0100367415902332,0.8206341127511152,0.0128719983958064,0.5313313972635549,0.0159419143824157,0.5294452261908326,0.5903715457621029,0.0272390268189839,0.8281189185952516,0.4858836561779587,0.0538216911651726,-0.26727
5.53,11.0112,-0.17387,1.0935,0.9283,0.0971362433021055,-0.20155,-0.19721,0.0032312838403515,-0.0138,0.0024626037025976,358.6186,336.0617,19.96752004577877,63.524,52.288,11.526095462392362,52.6306,1.2062278029823994,179.6306,157.2257,4.79223079534879,13.8836,151.933,21.9405,5.6734377040920645,0.8281189185952516,0.8438370108679379,0.0147870026560164,0.8263225651926589,0.0100367415902332,0.8206341127511152,0.0128719983958064,0.5313313972635549,0.0159419143824157,0.5294452261908326,0.5903715457621029,0.0272390268189839,0.8281189185952516,0.4858836561779587,0.0538216911651726,-0.26727
59.05,11.0112,-0.17387,1.0935,0.9283,0.0971362433021055,-0.20155,-0.19721,0.0032312838403515,-0.0138,0.0024626037025976,358.6186,336.0617,19.96752004577877,63.524,52.288,11.526095462392362,52.6306,1.2062278029823994,179.6306,157.2257,4.79223079534879,13.8836,151.933,21.9405,5.6734377040920645,0.8281189185952516,0.8438370108679379,0.0147870026560164,0.8263225651926589,0.0100367415902332,0.8206341127511152,0.0128719983958064,0.5313313972635549,0.0159419143824157,0.5294452261908326,0.5903715457621029,0.0272390268189839,0.8281189185952516,0.4858836561779587,0.0538216911651726,-0.26727
5.5,7.1686,-0.19743,1.5585,2.907,0.5227282460687342,-0.21471,-0.20896,0.0025049946297822,-0.01375,0.0017436163841963,455.7715,433.0188,9.259186830633208,30.8493,38.1079,4.788784023289659,44.1499,0.6233884925683728,85.3105,44.516,0.5453103989821723,90.9055,44.5165,90.9061,1.8914004817544456,0.6508787162061016,0.6750097302475973,0.0062560274078896,0.6712972665489056,0.0069748538525054,0.6711775096553995,0.0071035031411299,0.5886350708062633,0.0282908571877105,0.5886350708062633,0.5191161941259244,0.0383551063442057,0.6508787162061016,0.4547169246429747,0.0074964292052734,-0.26727
9.87,7.1686,-0.19743,1.5585,2.907,0.5227282460687342,-0.21471,-0.20896,0.0025049946297822,-0.01375,0.0017436163841963,455.7715,433.0188,9.259186830633208,30.8493,38.1079,4.788784023289659,44.1499,0.6233884925683728,85.3105,44.516,0.5453103989821723,90.9055,44.5165,90.9061,1.8914004817544456,0.6508787162061016,0.6750097302475973,0.0062560274078896,0.6712972665489056,0.0069748538525054,0.6711775096553995,0.0071035031411299,0.5886350708062633,0.0282908571877105,0.5886350708062633,0.5191161941259244,0.0383551063442057,0.6508787162061016,0.4547169246429747,0.0074964292052734,-0.26727
21.34,7.1686,-0.19743,1.5585,2.907,0.5227282460687342,-0.21471,-0.20896,0.0025049946297822,-0.01375,0.0017436163841963,455.7715,433.0188,9.259186830633208,30.8493,38.1079,4.788784023289659,44.1499,0.6233884925683728,85.3105,44.516,0.5453103989821723,90.9055,44.5165,90.9061,1.8914004817544456,0.6508787162061016,0.6750097302475973,0.0062560274078896,0.6712972665489056,0.0069748538525054,0.6711775096553995,0.0071035031411299,0.5886350708062633,0.0282908571877105,0.5886350708062633,0.5191161941259244,0.0383551063442057,0.6508787162061016,0.4547169246429747,0.0074964292052734,-0.26727
3.78,7.1686,-0.19743,1.5585,2.907,0.5227282460687342,-0.21471,-0.20896,0.0025049946297822,-0.01375,0.0017436163841963,455.7715,433.0188,9.259186830633208,30.8493,38.1079,4.788784023289659,44.1499,0.6233884925683728,85.3105,44.516,0.5453103989821723,90.9055,44.5165,90.9061,1.8914004817544456,0.6508787162061016,0.6750097302475973,0.0062560274078896,0.6712972665489056,0.0069748538525054,0.6711775096553995,0.0071035031411299,0.5886350708062633,0.0282908571877105,0.5886350708062633,0.5191161941259244,0.0383551063442057,0.6508787162061016,0.4547169246429747,0.0074964292052734,-0.26727
8.43,7.1686,-0.19743,1.5585,2.907,0.5227282460687342,-0.21471,-0.20896,0.0025049946297822,-0.01375,0.0017436163841963,455.7715,433.0188,9.259186830633208,30.8493,38.1079,4.788784023289659,44.1499,0.6233884925683728,85.3105,44.516,0.5453103989821723,90.9055,44.5165,90.9061,1.8914004817544456,0.6508787162061016,0.6750097302475973,0.0062560274078896,0.6712972665489056,0.0069748538525054,0.6711775096553995,0.0071035031411299,0.5886350708062633,0.0282908571877105,0.5886350708062633,0.5191161941259244,0.0383551063442057,0.6508787162061016,0.4547169246429747,0.0074964292052734,-0.26727
9.35,7.1686,-0.19743,1.5585,2.907,0.5227282460687342,-0.21471,-0.20896,0.0025049946297822,-0.01375,0.0017436163841963,455.7715,433.0188,9.259186830633208,30.8493,38.1079,4.788784023289659,44.1499,0.6233884925683728,85.3105,44.516,0.5453103989821723,90.9055,44.5165,90.9061,1.8914004817544456,0.6508787162061016,0.6750097302475973,0.0062560274078896,0.6712972665489056,0.0069748538525054,0.6711775096553995,0.0071035031411299,0.5886350708062633,0.0282908571877105,0.5886350708062633,0.5191161941259244,0.0383551063442057,0.6508787162061016,0.4547169246429747,0.0074964292052734,-0.26727
10.04,7.1686,-0.19743,1.5585,2.907,0.5227282460687342,-0.21471,-0.20896,0.0025049946297822,-0.01375,0.0017436163841963,455.7715,433.0188,9.259186830633208,30.8493,38.1079,4.788784023289659,44.1499,0.6233884925683728,85.3105,44.516,0.5453103989821723,90.9055,44.5165,90.9061,1.8914004817544456,0.6508787162061016,0.6750097302475973,0.0062560274078896,0.6712972665489056,0.0069748538525054,0.6711775096553995,0.0071035031411299,0.5886350708062633,0.0282908571877105,0.5886350708062633,0.5191161941259244,0.0383551063442057,0.6508787162061016,0.4547169246429747,0.0074964292052734,-0.26727
14.19,7.1686,-0.19743,1.5585,2.907,0.5227282460687342,-0.21471,-0.20896,0.0025049946297822,-0.01375,0.0017436163841963,455.7715,433.0188,9.259186830633208,30.8493,38.1079,4.788784023289659,44.1499,0.6233884925683728,85.3105,44.516,0.5453103989821723,90.9055,44.5165,90.9061,1.8914004817544456,0.6508787162061016,0.6750097302475973,0.0062560274078896,0.6712972665489056,0.0069748538525054,0.6711775096553995,0.0071035031411299,0.5886350708062633,0.0282908571877105,0.5886350708062633,0.5191161941259244,0.0383551063442057,0.6508787162061016,0.4547169246429747,0.0074964292052734,-0.26727
13.12,7.1686,-0.19743,1.5585,2.907,0.5227282460687342,-0.21471,-0.20896,0.0025049946297822,-0.01375,0.0017436163841963,455.7715,433.0188,9.259186830633208,30.8493,38.1079,4.788784023289659,44.1499,0.6233884925683728,85.3105,44.516,0.5453103989821723,90.9055,44.5165,90.9061,1.8914004817544456,0.6508787162061016,0.6750097302475973,0.0062560274078896,0.6712972665489056,0.0069748538525054,0.6711775096553995,0.0071035031411299,0.5886350708062633,0.0282908571877105,0.5886350708062633,0.5191161941259244,0.0383551063442057,0.6508787162061016,0.4547169246429747,0.0074964292052734,-0.26727
25.0,7.7731,-0.2019,1.5585,2.907,0.5227282460687342,-0.21471,-0.20896,0.0025049946297822,-0.01375,0.0017436163841963,455.7715,433.0188,9.259186830633208,30.8493,38.1079,4.788784023289659,44.1499,0.6233884925683728,85.3105,44.516,0.5453103989821723,90.9055,44.5165,90.9061,1.8914004817544456,0.6508787162061016,0.6750097302475973,0.0062560274078896,0.6712972665489056,0.0069748538525054,0.6711775096553995,0.0071035031411299,0.5886350708062633,0.0282908571877105,0.5886350708062633,0.5191161941259244,0.0383551063442057,0.6508787162061016,0.4547169246429747,0.0074964292052734,-0.26727
18.21,7.7731,-0.2019,1.5585,2.907,0.5227282460687342,-0.21471,-0.20896,0.0025049946297822,-0.01375,0.0017436163841963,455.7715,433.0188,9.259186830633208,30.8493,38.1079,4.788784023289659,44.1499,0.6233884925683728,85.3105,44.516,0.5453103989821723,90.9055,44.5165,90.9061,1.8914004817544456,0.6508787162061016,0.6750097302475973,0.0062560274078896,0.6712972665489056,0.0069748538525054,0.6711775096553995,0.0071035031411299,0.5886350708062633,0.0282908571877105,0.5886350708062633,0.5191161941259244,0.0383551063442057,0.6508787162061016,0.4547169246429747,0.0074964292052734,-0.26727
21.0,7.7731,-0.2019,1.5585,2.907,0.5227282460687342,-0.21471,-0.20896,0.0025049946297822,-0.01375,0.0017436163841963,455.7715,433.0188,9.259186830633208,30.8493,38.1079,4.788784023289659,44.1499,0.6233884925683728,85.3105,44.516,0.5453103989821723,90.9055,44.5165,90.9061,1.8914004817544456,0.6508787162061016,0.6750097302475973,0.0062560274078896,0.6712972665489056,0.0069748538525054,0.6711775096553995,0.0071035031411299,0.5886350708062633,0.0282908571877105,0.5886350708062633,0.5191161941259244,0.0383551063442057,0.6508787162061016,0.4547169246429747,0.0074964292052734,-0.26727
15.73,7.7731,-0.2019,1.5585,2.907,0.5227282460687342,-0.21471,-0.20896,0.0025049946297822,-0.01375,0.0017436163841963,455.7715,433.0188,9.259186830633208,30.8493,38.1079,4.788784023289659,44.1499,0.6233884925683728,85.3105,44.516,0.5453103989821723,90.9055,44.5165,90.9061,1.8914004817544456,0.6508787162061016,0.6750097302475973,0.0062560274078896,0.6712972665489056,0.0069748538525054,0.6711775096553995,0.0071035031411299,0.5886350708062633,0.0282908571877105,0.5886350708062633,0.5191161941259244,0.0383551063442057,0.6508787162061016,0.4547169246429747,0.0074964292052734,-0.26727
16.31,7.7731,-0.2019,1.5585,2.907,0.5227282460687342,-0.21471,-0.20896,0.0025049946297822,-0.01375,0.0017436163841963,455.7715,433.0188,9.259186830633208,30.8493,38.1079,4.788784023289659,44.1499,0.6233884925683728,85.3105,44.516,0.5453103989821723,90.9055,44.5165,90.9061,1.8914004817544456,0.6508787162061016,0.6750097302475973,0.0062560274078896,0.6712972665489056,0.0069748538525054,0.6711775096553995,0.0071035031411299,0.5886350708062633,0.0282908571877105,0.5886350708062633,0.5191161941259244,0.0383551063442057,0.6508787162061016,0.4547169246429747,0.0074964292052734,-0.26727
14.81,7.7731,-0.2019,1.5585,2.907,0.5227282460687342,-0.21471,-0.20896,0.0025049946297822,-0.01375,0.0017436163841963,455.7715,433.0188,9.259186830633208,30.8493,38.1079,4.788784023289659,44.1499,0.6233884925683728,85.3105,44.516,0.5453103989821723,90.9055,44.5165,90.9061,1.8914004817544456,0.6508787162061016,0.6750097302475973,0.0062560274078896,0.6712972665489056,0.0069748538525054,0.6711775096553995,0.0071035031411299,0.5886350708062633,0.0282908571877105,0.5886350708062633,0.5191161941259244,0.0383551063442057,0.6508787162061016,0.4547169246429747,0.0074964292052734,-0.26727
33.6,7.7731,-0.2019,1.5585,2.907,0.5227282460687342,-0.21471,-0.20896,0.0025049946297822,-0.01375,0.0017436163841963,455.7715,433.0188,9.259186830633208,30.8493,38.1079,4.788784023289659,44.1499,0.6233884925683728,85.3105,44.516,0.5453103989821723,90.9055,44.5165,90.9061,1.8914004817544456,0.6508787162061016,0.6750097302475973,0.0062560274078896,0.6712972665489056,0.0069748538525054,0.6711775096553995,0.0071035031411299,0.5886350708062633,0.0282908571877105,0.5886350708062633,0.5191161941259244,0.0383551063442057,0.6508787162061016,0.4547169246429747,0.0074964292052734,-0.26727
36.7,7.7731,-0.2019,1.5585,2.907,0.5227282460687342,-0.21471,-0.20896,0.0025049946297822,-0.01375,0.0017436163841963,455.7715,433.0188,9.259186830633208,30.8493,38.1079,4.788784023289659,44.1499,0.6233884925683728,85.3105,44.516,0.5453103989821723,90.9055,44.5165,90.9061,1.8914004817544456,0.6508787162061016,0.6750097302475973,0.0062560274078896,0.6712972665489056,0.0069748538525054,0.6711775096553995,0.0071035031411299,0.5886350708062633,0.0282908571877105,0.5886350708062633,0.5191161941259244,0.0383551063442057,0.6508787162061016,0.4547169246429747,0.0074964292052734,-0.26727
31.43,7.7731,-0.2019,1.5585,2.907,0.5227282460687342,-0.21471,-0.20896,0.0025049946297822,-0.01375,0.0017436163841963,455.7715,433.0188,9.259186830633208,30.8493,38.1079,4.788784023289659,44.1499,0.6233884925683728,85.3105,44.516,0.5453103989821723,90.9055,44.5165,90.9061,1.8914004817544456,0.6508787162061016,0.6750097302475973,0.0062560274078896,0.6712972665489056,0.0069748538525054,0.6711775096553995,0.0071035031411299,0.5886350708062633,0.0282908571877105,0.5886350708062633,0.5191161941259244,0.0383551063442057,0.6508787162061016,0.4547169246429747,0.0074964292052734,-0.26727
16.28,10.1478,-0.16646,1.5585,2.907,0.5227282460687342,-0.21471,-0.20896,0.0025049946297822,-0.01375,0.0017436163841963,455.7715,433.0188,9.259186830633208,30.8493,38.1079,4.788784023289659,44.1499,0.6233884925683728,85.3105,44.516,0.5453103989821723,90.9055,44.5165,90.9061,1.8914004817544456,0.6508787162061016,0.6750097302475973,0.0062560274078896,0.6712972665489056,0.0069748538525054,0.6711775096553995,0.0071035031411299,0.5886350708062633,0.0282908571877105,0.5886350708062633,0.5191161941259244,0.0383551063442057,0.6508787162061016,0.4547169246429747,0.0074964292052734,-0.26727
15.72,10.1478,-0.16646,1.5585,2.907,0.5227282460687342,-0.21471,-0.20896,0.0025049946297822,-0.01375,0.0017436163841963,455.7715,433.0188,9.259186830633208,30.8493,38.1079,4.788784023289659,44.1499,0.6233884925683728,85.3105,44.516,0.5453103989821723,90.9055,44.5165,90.9061,1.8914004817544456,0.6508787162061016,0.6750097302475973,0.0062560274078896,0.6712972665489056,0.0069748538525054,0.6711775096553995,0.0071035031411299,0.5886350708062633,0.0282908571877105,0.5886350708062633,0.5191161941259244,0.0383551063442057,0.6508787162061016,0.4547169246429747,0.0074964292052734,-0.26727
14.73,10.1478,-0.16646,1.5585,2.907,0.5227282460687342,-0.21471,-0.20896,0.0025049946297822,-0.01375,0.0017436163841963,455.7715,433.0188,9.259186830633208,30.8493,38.1079,4.788784023289659,44.1499,0.6233884925683728,85.3105,44.516,0.5453103989821723,90.9055,44.5165,90.9061,1.8914004817544456,0.6508787162061016,0.6750097302475973,0.0062560274078896,0.6712972665489056,0.0069748538525054,0.6711775096553995,0.0071035031411299,0.5886350708062633,0.0282908571877105,0.5886350708062633,0.5191161941259244,0.0383551063442057,0.6508787162061016,0.4547169246429747,0.0074964292052734,-0.26727
13.72,10.1478,-0.16646,1.5585,2.907,0.5227282460687342,-0.21471,-0.20896,0.0025049946297822,-0.01375,0.0017436163841963,455.7715,433.0188,9.259186830633208,30.8493,38.1079,4.788784023289659,44.1499,0.6233884925683728,85.3105,44.516,0.5453103989821723,90.9055,44.5165,90.9061,1.8914004817544456,0.6508787162061016,0.6750097302475973,0.0062560274078896,0.6712972665489056,0.0069748538525054,0.6711775096553995,0.0071035031411299,0.5886350708062633,0.0282908571877105,0.5886350708062633,0.5191161941259244,0.0383551063442057,0.6508787162061016,0.4547169246429747,0.0074964292052734,-0.26727
14.5,10.1478,-0.16646,1.5585,2.907,0.5227282460687342,-0.21471,-0.20896,0.0025049946297822,-0.01375,0.0017436163841963,455.7715,433.0188,9.259186830633208,30.8493,38.1079,4.788784023289659,44.1499,0.6233884925683728,85.3105,44.516,0.5453103989821723,90.9055,44.5165,90.9061,1.8914004817544456,0.6508787162061016,0.6750097302475973,0.0062560274078896,0.6712972665489056,0.0069748538525054,0.6711775096553995,0.0071035031411299,0.5886350708062633,0.0282908571877105,0.5886350708062633,0.5191161941259244,0.0383551063442057,0.6508787162061016,0.4547169246429747,0.0074964292052734,-0.26727
12.14,10.1478,-0.16646,1.5585,2.907,0.5227282460687342,-0.21471,-0.20896,0.0025049946297822,-0.01375,0.0017436163841963,455.7715,433.0188,9.259186830633208,30.8493,38.1079,4.788784023289659,44.1499,0.6233884925683728,85.3105,44.516,0.5453103989821723,90.9055,44.5165,90.9061,1.8914004817544456,0.6508787162061016,0.6750097302475973,0.0062560274078896,0.6712972665489056,0.0069748538525054,0.6711775096553995,0.0071035031411299,0.5886350708062633,0.0282908571877105,0.5886350708062633,0.5191161941259244,0.0383551063442057,0.6508787162061016,0.4547169246429747,0.0074964292052734,-0.26727
34.6,10.1478,-0.16646,1.5585,2.907,0.5227282460687342,-0.21471,-0.20896,0.0025049946297822,-0.01375,0.0017436163841963,455.7715,433.0188,9.259186830633208,30.8493,38.1079,4.788784023289659,44.1499,0.6233884925683728,85.3105,44.516,0.5453103989821723,90.9055,44.5165,90.9061,1.8914004817544456,0.6508787162061016,0.6750097302475973,0.0062560274078896,0.6712972665489056,0.0069748538525054,0.6711775096553995,0.0071035031411299,0.5886350708062633,0.0282908571877105,0.5886350708062633,0.5191161941259244,0.0383551063442057,0.6508787162061016,0.4547169246429747,0.0074964292052734,-0.26727
34.53,10.1478,-0.16646,1.5585,2.907,0.5227282460687342,-0.21471,-0.20896,0.0025049946297822,-0.01375,0.0017436163841963,455.7715,433.0188,9.259186830633208,30.8493,38.1079,4.788784023289659,44.1499,0.6233884925683728,85.3105,44.516,0.5453103989821723,90.9055,44.5165,90.9061,1.8914004817544456,0.6508787162061016,0.6750097302475973,0.0062560274078896,0.6712972665489056,0.0069748538525054,0.6711775096553995,0.0071035031411299,0.5886350708062633,0.0282908571877105,0.5886350708062633,0.5191161941259244,0.0383551063442057,0.6508787162061016,0.4547169246429747,0.0074964292052734,-0.26727
53.61,10.1478,-0.16646,1.5585,2.907,0.5227282460687342,-0.21471,-0.20896,0.0025049946297822,-0.01375,0.0017436163841963,455.7715,433.0188,9.259186830633208,30.8493,38.1079,4.788784023289659,44.1499,0.6233884925683728,85.3105,44.516,0.5453103989821723,90.9055,44.5165,90.9061,1.8914004817544456,0.6508787162061016,0.6750097302475973,0.0062560274078896,0.6712972665489056,0.0069748538525054,0.6711775096553995,0.0071035031411299,0.5886350708062633,0.0282908571877105,0.5886350708062633,0.5191161941259244,0.0383551063442057,0.6508787162061016,0.4547169246429747,0.0074964292052734,-0.26727
14.58,11.0112,-0.17387,1.5585,2.907,0.5227282460687342,-0.21471,-0.20896,0.0025049946297822,-0.01375,0.0017436163841963,455.7715,433.0188,9.259186830633208,30.8493,38.1079,4.788784023289659,44.1499,0.6233884925683728,85.3105,44.516,0.5453103989821723,90.9055,44.5165,90.9061,1.8914004817544456,0.6508787162061016,0.6750097302475973,0.0062560274078896,0.6712972665489056,0.0069748538525054,0.6711775096553995,0.0071035031411299,0.5886350708062633,0.0282908571877105,0.5886350708062633,0.5191161941259244,0.0383551063442057,0.6508787162061016,0.4547169246429747,0.0074964292052734,-0.26727
14.51,11.0112,-0.17387,1.5585,2.907,0.5227282460687342,-0.21471,-0.20896,0.0025049946297822,-0.01375,0.0017436163841963,455.7715,433.0188,9.259186830633208,30.8493,38.1079,4.788784023289659,44.1499,0.6233884925683728,85.3105,44.516,0.5453103989821723,90.9055,44.5165,90.9061,1.8914004817544456,0.6508787162061016,0.6750097302475973,0.0062560274078896,0.6712972665489056,0.0069748538525054,0.6711775096553995,0.0071035031411299,0.5886350708062633,0.0282908571877105,0.5886350708062633,0.5191161941259244,0.0383551063442057,0.6508787162061016,0.4547169246429747,0.0074964292052734,-0.26727
15.21,11.0112,-0.17387,1.5585,2.907,0.5227282460687342,-0.21471,-0.20896,0.0025049946297822,-0.01375,0.0017436163841963,455.7715,433.0188,9.259186830633208,30.8493,38.1079,4.788784023289659,44.1499,0.6233884925683728,85.3105,44.516,0.5453103989821723,90.9055,44.5165,90.9061,1.8914004817544456,0.6508787162061016,0.6750097302475973,0.0062560274078896,0.6712972665489056,0.0069748538525054,0.6711775096553995,0.0071035031411299,0.5886350708062633,0.0282908571877105,0.5886350708062633,0.5191161941259244,0.0383551063442057,0.6508787162061016,0.4547169246429747,0.0074964292052734,-0.26727
13.13,11.0112,-0.17387,1.5585,2.907,0.5227282460687342,-0.21471,-0.20896,0.0025049946297822,-0.01375,0.0017436163841963,455.7715,433.0188,9.259186830633208,30.8493,38.1079,4.788784023289659,44.1499,0.6233884925683728,85.3105,44.516,0.5453103989821723,90.9055,44.5165,90.9061,1.8914004817544456,0.6508787162061016,0.6750097302475973,0.0062560274078896,0.6712972665489056,0.0069748538525054,0.6711775096553995,0.0071035031411299,0.5886350708062633,0.0282908571877105,0.5886350708062633,0.5191161941259244,0.0383551063442057,0.6508787162061016,0.4547169246429747,0.0074964292052734,-0.26727
14.84,11.0112,-0.17387,1.5585,2.907,0.5227282460687342,-0.21471,-0.20896,0.0025049946297822,-0.01375,0.0017436163841963,455.7715,433.0188,9.259186830633208,30.8493,38.1079,4.788784023289659,44.1499,0.6233884925683728,85.3105,44.516,0.5453103989821723,90.9055,44.5165,90.9061,1.8914004817544456,0.6508787162061016,0.6750097302475973,0.0062560274078896,0.6712972665489056,0.0069748538525054,0.6711775096553995,0.0071035031411299,0.5886350708062633,0.0282908571877105,0.5886350708062633,0.5191161941259244,0.0383551063442057,0.6508787162061016,0.4547169246429747,0.0074964292052734,-0.26727
10.59,11.0112,-0.17387,1.5585,2.907,0.5227282460687342,-0.21471,-0.20896,0.0025049946297822,-0.01375,0.0017436163841963,455.7715,433.0188,9.259186830633208,30.8493,38.1079,4.788784023289659,44.1499,0.6233884925683728,85.3105,44.516,0.5453103989821723,90.9055,44.5165,90.9061,1.8914004817544456,0.6508787162061016,0.6750097302475973,0.0062560274078896,0.6712972665489056,0.0069748538525054,0.6711775096553995,0.0071035031411299,0.5886350708062633,0.0282908571877105,0.5886350708062633,0.5191161941259244,0.0383551063442057,0.6508787162061016,0.4547169246429747,0.0074964292052734,-0.26727
25.64,11.0112,-0.17387,1.5585,2.907,0.5227282460687342,-0.21471,-0.20896,0.0025049946297822,-0.01375,0.0017436163841963,455.7715,433.0188,9.259186830633208,30.8493,38.1079,4.788784023289659,44.1499,0.6233884925683728,85.3105,44.516,0.5453103989821723,90.9055,44.5165,90.9061,1.8914004817544456,0.6508787162061016,0.6750097302475973,0.0062560274078896,0.6712972665489056,0.0069748538525054,0.6711775096553995,0.0071035031411299,0.5886350708062633,0.0282908571877105,0.5886350708062633,0.5191161941259244,0.0383551063442057,0.6508787162061016,0.4547169246429747,0.0074964292052734,-0.26727
27.05,11.0112,-0.17387,1.5585,2.907,0.5227282460687342,-0.21471,-0.20896,0.0025049946297822,-0.01375,0.0017436163841963,455.7715,433.0188,9.259186830633208,30.8493,38.1079,4.788784023289659,44.1499,0.6233884925683728,85.3105,44.516,0.5453103989821723,90.9055,44.5165,90.9061,1.8914004817544456,0.6508787162061016,0.6750097302475973,0.0062560274078896,0.6712972665489056,0.0069748538525054,0.6711775096553995,0.0071035031411299,0.5886350708062633,0.0282908571877105,0.5886350708062633,0.5191161941259244,0.0383551063442057,0.6508787162061016,0.4547169246429747,0.0074964292052734,-0.26727
21.09,11.0112,-0.17387,1.5585,2.907,0.5227282460687342,-0.21471,-0.20896,0.0025049946297822,-0.01375,0.0017436163841963,455.7715,433.0188,9.259186830633208,30.8493,38.1079,4.788784023289659,44.1499,0.6233884925683728,85.3105,44.516,0.5453103989821723,90.9055,44.5165,90.9061,1.8914004817544456,0.6508787162061016,0.6750097302475973,0.0062560274078896,0.6712972665489056,0.0069748538525054,0.6711775096553995,0.0071035031411299,0.5886350708062633,0.0282908571877105,0.5886350708062633,0.5191161941259244,0.0383551063442057,0.6508787162061016,0.4547169246429747,0.0074964292052734,-0.26727
0.0,7.1686,-0.19743,1.3921,1.3922,7.8679579247e-05,-0.21379,-0.2138,3.779644730085562e-06,-0.0153,0.0,385.0688,385.0682,0.0029370377042463,60.2583,60.2414,0.0087699704077251,52.79,0.4902961277199152,183.2146,51.8693,0.4904474521631572,182.8439,173.0272,19.3273,0.0014040757000348,0.6732133768450046,0.7237807251279902,0.002720706701026,0.718661117930601,0.002736545155356,0.4952246938714409,2.92176902772e-05,0.4952246938714409,2.92176902772e-05,0.718661117930601,0.718661117930601,0.0,0.6732133768450046,0.3724738780276039,5.84353805543e-05,-0.26727
0.0,7.1686,-0.19743,1.3921,1.3922,7.8679579247e-05,-0.21379,-0.2138,3.779644730085562e-06,-0.0153,0.0,385.0688,385.0682,0.0029370377042463,60.2583,60.2414,0.0087699704077251,52.79,0.4902961277199152,183.2146,51.8693,0.4904474521631572,182.8439,173.0272,19.3273,0.0014040757000348,0.6732133768450046,0.7237807251279902,0.002720706701026,0.718661117930601,0.002736545155356,0.4952246938714409,2.92176902772e-05,0.4952246938714409,2.92176902772e-05,0.718661117930601,0.718661117930601,0.0,0.6732133768450046,0.3724738780276039,5.84353805543e-05,-0.26727
0.0,7.1686,-0.19743,1.3921,1.3922,7.8679579247e-05,-0.21379,-0.2138,3.779644730085562e-06,-0.0153,0.0,385.0688,385.0682,0.0029370377042463,60.2583,60.2414,0.0087699704077251,52.79,0.4902961277199152,183.2146,51.8693,0.4904474521631572,182.8439,173.0272,19.3273,0.0014040757000348,0.6732133768450046,0.7237807251279902,0.002720706701026,0.718661117930601,0.002736545155356,0.4952246938714409,2.92176902772e-05,0.4952246938714409,2.92176902772e-05,0.718661117930601,0.718661117930601,0.0,0.6732133768450046,0.3724738780276039,5.84353805543e-05,-0.26727
0.0,7.1686,-0.19743,1.3921,1.3922,7.8679579247e-05,-0.21379,-0.2138,3.779644730085562e-06,-0.0153,0.0,385.0688,385.0682,0.0029370377042463,60.2583,60.2414,0.0087699704077251,52.79,0.4902961277199152,183.2146,51.8693,0.4904474521631572,182.8439,173.0272,19.3273,0.0014040757000348,0.6732133768450046,0.7237807251279902,0.002720706701026,0.718661117930601,0.002736545155356,0.4952246938714409,2.92176902772e-05,0.4952246938714409,2.92176902772e-05,0.718661117930601,0.718661117930601,0.0,0.6732133768450046,0.3724738780276039,5.84353805543e-05,-0.26727
0.0,7.1686,-0.19743,1.3921,1.3922,7.8679579247e-05,-0.21379,-0.2138,3.779644730085562e-06,-0.0153,0.0,385.0688,385.0682,0.0029370377042463,60.2583,60.2414,0.0087699704077251,52.79,0.4902961277199152,183.2146,51.8693,0.4904474521631572,182.8439,173.0272,19.3273,0.0014040757000348,0.6732133768450046,0.7237807251279902,0.002720706701026,0.718661117930601,0.002736545155356,0.4952246938714409,2.92176902772e-05,0.4952246938714409,2.92176902772e-05,0.718661117930601,0.718661117930601,0.0,0.6732133768450046,0.3724738780276039,5.84353805543e-05,-0.26727
0.0,7.1686,-0.19743,1.3921,1.3922,7.8679579247e-05,-0.21379,-0.2138,3.779644730085562e-06,-0.0153,0.0,385.0688,385.0682,0.0029370377042463,60.2583,60.2414,0.0087699704077251,52.79,0.4902961277199152,183.2146,51.8693,0.4904474521631572,182.8439,173.0272,19.3273,0.0014040757000348,0.6732133768450046,0.7237807251279902,0.002720706701026,0.718661117930601,0.002736545155356,0.4952246938714409,2.92176902772e-05,0.4952246938714409,2.92176902772e-05,0.718661117930601,0.718661117930601,0.0,0.6732133768450046,0.3724738780276039,5.84353805543e-05,-0.26727
0.0,7.1686,-0.19743,1.3921,1.3922,7.8679579247e-05,-0.21379,-0.2138,3.779644730085562e-06,-0.0153,0.0,385.0688,385.0682,0.0029370377042463,60.2583,60.2414,0.0087699704077251,52.79,0.4902961277199152,183.2146,51.8693,0.4904474521631572,182.8439,173.0272,19.3273,0.0014040757000348,0.6732133768450046,0.7237807251279902,0.002720706701026,0.718661117930601,0.002736545155356,0.4952246938714409,2.92176902772e-05,0.4952246938714409,2.92176902772e-05,0.718661117930601,0.718661117930601,0.0,0.6732133768450046,0.3724738780276039,5.84353805543e-05,-0.26727
0.0,7.1686,-0.19743,1.3921,1.3922,7.8679579247e-05,-0.21379,-0.2138,3.779644730085562e-06,-0.0153,0.0,385.0688,385.0682,0.0029370377042463,60.2583,60.2414,0.0087699704077251,52.79,0.4902961277199152,183.2146,51.8693,0.4904474521631572,182.8439,173.0272,19.3273,0.0014040757000348,0.6732133768450046,0.7237807251279902,0.002720706701026,0.718661117930601,0.002736545155356,0.4952246938714409,2.92176902772e-05,0.4952246938714409,2.92176902772e-05,0.718661117930601,0.718661117930601,0.0,0.6732133768450046,0.3724738780276039,5.84353805543e-05,-0.26727
0.0,7.1686,-0.19743,1.3921,1.3922,7.8679579247e-05,-0.21379,-0.2138,3.779644730085562e-06,-0.0153,0.0,385.0688,385.0682,0.0029370377042463,60.2583,60.2414,0.0087699704077251,52.79,0.4902961277199152,183.2146,51.8693,0.4904474521631572,182.8439,173.0272,19.3273,0.0014040757000348,0.6732133768450046,0.7237807251279902,0.002720706701026,0.718661117930601,0.002736545155356,0.4952246938714409,2.92176902772e-05,0.4952246938714409,2.92176902772e-05,0.718661117930601,0.718661117930601,0.0,0.6732133768450046,0.3724738780276039,5.84353805543e-05,-0.26727
0.0,7.7731,-0.2019,1.3921,1.3922,7.8679579247e-05,-0.21379,-0.2138,3.779644730085562e-06,-0.0153,0.0,385.0688,385.0682,0.0029370377042463,60.2583,60.2414,0.0087699704077251,52.79,0.4902961277199152,183.2146,51.8693,0.4904474521631572,182.8439,173.0272,19.3273,0.0014040757000348,0.6732133768450046,0.7237807251279902,0.002720706701026,0.718661117930601,0.002736545155356,0.4952246938714409,2.92176902772e-05,0.4952246938714409,2.92176902772e-05,0.718661117930601,0.718661117930601,0.0,0.6732133768450046,0.3724738780276039,5.84353805543e-05,-0.26727
0.0,7.7731,-0.2019,1.3921,1.3922,7.8679579247e-05,-0.21379,-0.2138,3.779644730085562e-06,-0.0153,0.0,385.0688,385.0682,0.0029370377042463,60.2583,60.2414,0.0087699704077251,52.79,0.4902961277199152,183.2146,51.8693,0.4904474521631572,182.8439,173.0272,19.3273,0.0014040757000348,0.6732133768450046,0.7237807251279902,0.002720706701026,0.718661117930601,0.002736545155356,0.4952246938714409,2.92176902772e-05,0.4952246938714409,2.92176902772e-05,0.718661117930601,0.718661117930601,0.0,0.6732133768450046,0.3724738780276039,5.84353805543e-05,-0.26727
0.31,7.7731,-0.2019,1.3921,1.3922,7.8679579247e-05,-0.21379,-0.2138,3.779644730085562e-06,-0.0153,0.0,385.0688,385.0682,0.0029370377042463,60.2583,60.2414,0.0087699704077251,52.79,0.4902961277199152,183.2146,51.8693,0.4904474521631572,182.8439,173.0272,19.3273,0.0014040757000348,0.6732133768450046,0.7237807251279902,0.002720706701026,0.718661117930601,0.002736545155356,0.4952246938714409,2.92176902772e-05,0.4952246938714409,2.92176902772e-05,0.718661117930601,0.718661117930601,0.0,0.6732133768450046,0.3724738780276039,5.84353805543e-05,-0.26727
0.0,7.7731,-0.2019,1.3921,1.3922,7.8679579247e-05,-0.21379,-0.2138,3.779644730085562e-06,-0.0153,0.0,385.0688,385.0682,0.0029370377042463,60.2583,60.2414,0.0087699704077251,52.79,0.4902961277199152,183.2146,51.8693,0.4904474521631572,182.8439,173.0272,19.3273,0.0014040757000348,0.6732133768450046,0.7237807251279902,0.002720706701026,0.718661117930601,0.002736545155356,0.4952246938714409,2.92176902772e-05,0.4952246938714409,2.92176902772e-05,0.718661117930601,0.718661117930601,0.0,0.6732133768450046,0.3724738780276039,5.84353805543e-05,-0.26727
0.0,7.7731,-0.2019,1.3921,1.3922,7.8679579247e-05,-0.21379,-0.2138,3.779644730085562e-06,-0.0153,0.0,385.0688,385.0682,0.0029370377042463,60.2583,60.2414,0.0087699704077251,52.79,0.4902961277199152,183.2146,51.8693,0.4904474521631572,182.8439,173.0272,19.3273,0.0014040757000348,0.6732133768450046,0.7237807251279902,0.002720706701026,0.718661117930601,0.002736545155356,0.4952246938714409,2.92176902772e-05,0.4952246938714409,2.92176902772e-05,0.718661117930601,0.718661117930601,0.0,0.6732133768450046,0.3724738780276039,5.84353805543e-05,-0.26727
0.0,7.7731,-0.2019,1.3921,1.3922,7.8679579247e-05,-0.21379,-0.2138,3.779644730085562e-06,-0.0153,0.0,385.0688,385.0682,0.0029370377042463,60.2583,60.2414,0.0087699704077251,52.79,0.4902961277199152,183.2146,51.8693,0.4904474521631572,182.8439,173.0272,19.3273,0.0014040757000348,0.6732133768450046,0.7237807251279902,0.002720706701026,0.718661117930601,0.002736545155356,0.4952246938714409,2.92176902772e-05,0.4952246938714409,2.92176902772e-05,0.718661117930601,0.718661117930601,0.0,0.6732133768450046,0.3724738780276039,5.84353805543e-05,-0.26727
0.0,7.7731,-0.2019,1.3921,1.3922,7.8679579247e-05,-0.21379,-0.2138,3.779644730085562e-06,-0.0153,0.0,385.0688,385.0682,0.0029370377042463,60.2583,60.2414,0.0087699704077251,52.79,0.4902961277199152,183.2146,51.8693,0.4904474521631572,182.8439,173.0272,19.3273,0.0014040757000348,0.6732133768450046,0.7237807251279902,0.002720706701026,0.718661117930601,0.002736545155356,0.4952246938714409,2.92176902772e-05,0.4952246938714409,2.92176902772e-05,0.718661117930601,0.718661117930601,0.0,0.6732133768450046,0.3724738780276039,5.84353805543e-05,-0.26727
0.0,7.7731,-0.2019,1.3921,1.3922,7.8679579247e-05,-0.21379,-0.2138,3.779644730085562e-06,-0.0153,0.0,385.0688,385.0682,0.0029370377042463,60.2583,60.2414,0.0087699704077251,52.79,0.4902961277199152,183.2146,51.8693,0.4904474521631572,182.8439,173.0272,19.3273,0.0014040757000348,0.6732133768450046,0.7237807251279902,0.002720706701026,0.718661117930601,0.002736545155356,0.4952246938714409,2.92176902772e-05,0.4952246938714409,2.92176902772e-05,0.718661117930601,0.718661117930601,0.0,0.6732133768450046,0.3724738780276039,5.84353805543e-05,-0.26727
0.0,7.7731,-0.2019,1.3921,1.3922,7.8679579247e-05,-0.21379,-0.2138,3.779644730085562e-06,-0.0153,0.0,385.0688,385.0682,0.0029370377042463,60.2583,60.2414,0.0087699704077251,52.79,0.4902961277199152,183.2146,51.8693,0.4904474521631572,182.8439,173.0272,19.3273,0.0014040757000348,0.6732133768450046,0.7237807251279902,0.002720706701026,0.718661117930601,0.002736545155356,0.4952246938714409,2.92176902772e-05,0.4952246938714409,2.92176902772e-05,0.718661117930601,0.718661117930601,0.0,0.6732133768450046,0.3724738780276039,5.84353805543e-05,-0.26727
0.0,10.1478,-0.16646,1.3921,1.3922,7.8679579247e-05,-0.21379,-0.2138,3.779644730085562e-06,-0.0153,0.0,385.0688,385.0682,0.0029370377042463,60.2583,60.2414,0.0087699704077251,52.79,0.4902961277199152,183.2146,51.8693,0.4904474521631572,182.8439,173.0272,19.3273,0.0014040757000348,0.6732133768450046,0.7237807251279902,0.002720706701026,0.718661117930601,0.002736545155356,0.4952246938714409,2.92176902772e-05,0.4952246938714409,2.92176902772e-05,0.718661117930601,0.718661117930601,0.0,0.6732133768450046,0.3724738780276039,5.84353805543e-05,-0.26727
0.0,10.1478,-0.16646,1.3921,1.3922,7.8679579247e-05,-0.21379,-0.2138,3.779644730085562e-06,-0.0153,0.0,385.0688,385.0682,0.0029370377042463,60.2583,60.2414,0.0087699704077251,52.79,0.4902961277199152,183.2146,51.8693,0.4904474521631572,182.8439,173.0272,19.3273,0.0014040757000348,0.6732133768450046,0.7237807251279902,0.002720706701026,0.718661117930601,0.002736545155356,0.4952246938714409,2.92176902772e-05,0.4952246938714409,2.92176902772e-05,0.718661117930601,0.718661117930601,0.0,0.6732133768450046,0.3724738780276039,5.84353805543e-05,-0.26727
0.0,10.1478,-0.16646,1.3921,1.3922,7.8679579247e-05,-0.21379,-0.2138,3.779644730085562e-06,-0.0153,0.0,385.0688,385.0682,0.0029370377042463,60.2583,60.2414,0.0087699704077251,52.79,0.4902961277199152,183.2146,51.8693,0.4904474521631572,182.8439,173.0272,19.3273,0.0014040757000348,0.6732133768450046,0.7237807251279902,0.002720706701026,0.718661117930601,0.002736545155356,0.4952246938714409,2.92176902772e-05,0.4952246938714409,2.92176902772e-05,0.718661117930601,0.718661117930601,0.0,0.6732133768450046,0.3724738780276039,5.84353805543e-05,-0.26727
0.0,10.1478,-0.16646,1.3921,1.3922,7.8679579247e-05,-0.21379,-0.2138,3.779644730085562e-06,-0.0153,0.0,385.0688,385.0682,0.0029370377042463,60.2583,60.2414,0.0087699704077251,52.79,0.4902961277199152,183.2146,51.8693,0.4904474521631572,182.8439,173.0272,19.3273,0.0014040757000348,0.6732133768450046,0.7237807251279902,0.002720706701026,0.718661117930601,0.002736545155356,0.4952246938714409,2.92176902772e-05,0.4952246938714409,2.92176902772e-05,0.718661117930601,0.718661117930601,0.0,0.6732133768450046,0.3724738780276039,5.84353805543e-05,-0.26727
0.0,10.1478,-0.16646,1.3921,1.3922,7.8679579247e-05,-0.21379,-0.2138,3.779644730085562e-06,-0.0153,0.0,385.0688,385.0682,0.0029370377042463,60.2583,60.2414,0.0087699704077251,52.79,0.4902961277199152,183.2146,51.8693,0.4904474521631572,182.8439,173.0272,19.3273,0.0014040757000348,0.6732133768450046,0.7237807251279902,0.002720706701026,0.718661117930601,0.002736545155356,0.4952246938714409,2.92176902772e-05,0.4952246938714409,2.92176902772e-05,0.718661117930601,0.718661117930601,0.0,0.6732133768450046,0.3724738780276039,5.84353805543e-05,-0.26727
0.0,10.1478,-0.16646,1.3921,1.3922,7.8679579247e-05,-0.21379,-0.2138,3.779644730085562e-06,-0.0153,0.0,385.0688,385.0682,0.0029370377042463,60.2583,60.2414,0.0087699704077251,52.79,0.4902961277199152,183.2146,51.8693,0.4904474521631572,182.8439,173.0272,19.3273,0.0014040757000348,0.6732133768450046,0.7237807251279902,0.002720706701026,0.718661117930601,0.002736545155356,0.4952246938714409,2.92176902772e-05,0.4952246938714409,2.92176902772e-05,0.718661117930601,0.718661117930601,0.0,0.6732133768450046,0.3724738780276039,5.84353805543e-05,-0.26727
0.0,10.1478,-0.16646,1.3921,1.3922,7.8679579247e-05,-0.21379,-0.2138,3.779644730085562e-06,-0.0153,0.0,385.0688,385.0682,0.0029370377042463,60.2583,60.2414,0.0087699704077251,52.79,0.4902961277199152,183.2146,51.8693,0.4904474521631572,182.8439,173.0272,19.3273,0.0014040757000348,0.6732133768450046,0.7237807251279902,0.002720706701026,0.718661117930601,0.002736545155356,0.4952246938714409,2.92176902772e-05,0.4952246938714409,2.92176902772e-05,0.718661117930601,0.718661117930601,0.0,0.6732133768450046,0.3724738780276039,5.84353805543e-05,-0.26727
0.0,10.1478,-0.16646,1.3921,1.3922,7.8679579247e-05,-0.21379,-0.2138,3.779644730085562e-06,-0.0153,0.0,385.0688,385.0682,0.0029370377042463,60.2583,60.2414,0.0087699704077251,52.79,0.4902961277199152,183.2146,51.8693,0.4904474521631572,182.8439,173.0272,19.3273,0.0014040757000348,0.6732133768450046,0.7237807251279902,0.002720706701026,0.718661117930601,0.002736545155356,0.4952246938714409,2.92176902772e-05,0.4952246938714409,2.92176902772e-05,0.718661117930601,0.718661117930601,0.0,0.6732133768450046,0.3724738780276039,5.84353805543e-05,-0.26727
0.0,10.1478,-0.16646,1.3921,1.3922,7.8679579247e-05,-0.21379,-0.2138,3.779644730085562e-06,-0.0153,0.0,385.0688,385.0682,0.0029370377042463,60.2583,60.2414,0.0087699704077251,52.79,0.4902961277199152,183.2146,51.8693,0.4904474521631572,182.8439,173.0272,19.3273,0.0014040757000348,0.6732133768450046,0.7237807251279902,0.002720706701026,0.718661117930601,0.002736545155356,0.4952246938714409,2.92176902772e-05,0.4952246938714409,2.92176902772e-05,0.718661117930601,0.718661117930601,0.0,0.6732133768450046,0.3724738780276039,5.84353805543e-05,-0.26727
0.0,11.0112,-0.17387,1.3921,1.3922,7.8679579247e-05,-0.21379,-0.2138,3.779644730085562e-06,-0.0153,0.0,385.0688,385.0682,0.0029370377042463,60.2583,60.2414,0.0087699704077251,52.79,0.4902961277199152,183.2146,51.8693,0.4904474521631572,182.8439,173.0272,19.3273,0.0014040757000348,0.6732133768450046,0.7237807251279902,0.002720706701026,0.718661117930601,0.002736545155356,0.4952246938714409,2.92176902772e-05,0.4952246938714409,2.92176902772e-05,0.718661117930601,0.718661117930601,0.0,0.6732133768450046,0.3724738780276039,5.84353805543e-05,-0.26727
0.0,11.0112,-0.17387,1.3921,1.3922,7.8679579247e-05,-0.21379,-0.2138,3.779644730085562e-06,-0.0153,0.0,385.0688,385.0682,0.0029370377042463,60.2583,60.2414,0.0087699704077251,52.79,0.4902961277199152,183.2146,51.8693,0.4904474521631572,182.8439,173.0272,19.3273,0.0014040757000348,0.6732133768450046,0.7237807251279902,0.002720706701026,0.718661117930601,0.002736545155356,0.4952246938714409,2.92176902772e-05,0.4952246938714409,2.92176902772e-05,0.718661117930601,0.718661117930601,0.0,0.6732133768450046,0.3724738780276039,5.84353805543e-05,-0.26727
0.0,11.0112,-0.17387,1.3921,1.3922,7.8679579247e-05,-0.21379,-0.2138,3.779644730085562e-06,-0.0153,0.0,385.0688,385.0682,0.0029370377042463,60.2583,60.2414,0.0087699704077251,52.79,0.4902961277199152,183.2146,51.8693,0.4904474521631572,182.8439,173.0272,19.3273,0.0014040757000348,0.6732133768450046,0.7237807251279902,0.002720706701026,0.718661117930601,0.002736545155356,0.4952246938714409,2.92176902772e-05,0.4952246938714409,2.92176902772e-05,0.718661117930601,0.718661117930601,0.0,0.6732133768450046,0.3724738780276039,5.84353805543e-05,-0.26727
0.0,11.0112,-0.17387,1.3921,1.3922,7.8679579247e-05,-0.21379,-0.2138,3.779644730085562e-06,-0.0153,0.0,385.0688,385.0682,0.0029370377042463,60.2583,60.2414,0.0087699704077251,52.79,0.4902961277199152,183.2146,51.8693,0.4904474521631572,182.8439,173.0272,19.3273,0.0014040757000348,0.6732133768450046,0.7237807251279902,0.002720706701026,0.718661117930601,0.002736545155356,0.4952246938714409,2.92176902772e-05,0.4952246938714409,2.92176902772e-05,0.718661117930601,0.718661117930601,0.0,0.6732133768450046,0.3724738780276039,5.84353805543e-05,-0.26727
0.0,11.0112,-0.17387,1.3921,1.3922,7.8679579247e-05,-0.21379,-0.2138,3.779644730085562e-06,-0.0153,0.0,385.0688,385.0682,0.0029370377042463,60.2583,60.2414,0.0087699704077251,52.79,0.4902961277199152,183.2146,51.8693,0.4904474521631572,182.8439,173.0272,19.3273,0.0014040757000348,0.6732133768450046,0.7237807251279902,0.002720706701026,0.718661117930601,0.002736545155356,0.4952246938714409,2.92176902772e-05,0.4952246938714409,2.92176902772e-05,0.718661117930601,0.718661117930601,0.0,0.6732133768450046,0.3724738780276039,5.84353805543e-05,-0.26727
0.0,11.0112,-0.17387,1.3921,1.3922,7.8679579247e-05,-0.21379,-0.2138,3.779644730085562e-06,-0.0153,0.0,385.0688,385.0682,0.0029370377042463,60.2583,60.2414,0.0087699704077251,52.79,0.4902961277199152,183.2146,51.8693,0.4904474521631572,182.8439,173.0272,19.3273,0.0014040757000348,0.6732133768450046,0.7237807251279902,0.002720706701026,0.718661117930601,0.002736545155356,0.4952246938714409,2.92176902772e-05,0.4952246938714409,2.92176902772e-05,0.718661117930601,0.718661117930601,0.0,0.6732133768450046,0.3724738780276039,5.84353805543e-05,-0.26727
0.0,11.0112,-0.17387,1.3921,1.3922,7.8679579247e-05,-0.21379,-0.2138,3.779644730085562e-06,-0.0153,0.0,385.0688,385.0682,0.0029370377042463,60.2583,60.2414,0.0087699704077251,52.79,0.4902961277199152,183.2146,51.8693,0.4904474521631572,182.8439,173.0272,19.3273,0.0014040757000348,0.6732133768450046,0.7237807251279902,0.002720706701026,0.718661117930601,0.002736545155356,0.4952246938714409,2.92176902772e-05,0.4952246938714409,2.92176902772e-05,0.718661117930601,0.718661117930601,0.0,0.6732133768450046,0.3724738780276039,5.84353805543e-05,-0.26727
0.0,11.0112,-0.17387,1.3921,1.3922,7.8679579247e-05,-0.21379,-0.2138,3.779644730085562e-06,-0.0153,0.0,385.0688,385.0682,0.0029370377042463,60.2583,60.2414,0.0087699704077251,52.79,0.4902961277199152,183.2146,51.8693,0.4904474521631572,182.8439,173.0272,19.3273,0.0014040757000348,0.6732133768450046,0.7237807251279902,0.002720706701026,0.718661117930601,0.002736545155356,0.4952246938714409,2.92176902772e-05,0.4952246938714409,2.92176902772e-05,0.718661117930601,0.718661117930601,0.0,0.6732133768450046,0.3724738780276039,5.84353805543e-05,-0.26727
0.0,11.0112,-0.17387,1.3921,1.3922,7.8679579247e-05,-0.21379,-0.2138,3.779644730085562e-06,-0.0153,0.0,385.0688,385.0682,0.0029370377042463,60.2583,60.2414,0.0087699704077251,52.79,0.4902961277199152,183.2146,51.8693,0.4904474521631572,182.8439,173.0272,19.3273,0.0014040757000348,0.6732133768450046,0.7237807251279902,0.002720706701026,0.718661117930601,0.002736545155356,0.4952246938714409,2.92176902772e-05,0.4952246938714409,2.92176902772e-05,0.718661117930601,0.718661117930601,0.0,0.6732133768450046,0.3724738780276039,5.84353805543e-05,-0.26727
0.79,7.1686,-0.19743,2.6339,2.77,0.3593056835051934,-0.18921,-0.19511,0.0033466486434726,-0.00519,0.0030321289650353,395.3231,367.3897,10.618636713061743,61.613,31.3355,9.89205504597271,80.1552,4.826754761246569,117.375,152.4507,2.0390792159549327,23.3663,152.0309,20.6458,3.139982759389623,0.8468309332055926,0.817879704200473,0.0077468120071681,0.8022214903745396,0.0084195778697422,0.8134187599173678,0.0127815815126051,0.7918625190862548,0.0275290715118672,0.7083320858656926,0.6896500104787282,0.0213752084938292,0.8468309332055926,0.7324630999071884,0.021882338921431,-0.26727
2.85,7.1686,-0.19743,2.6339,2.77,0.3593056835051934,-0.18921,-0.19511,0.0033466486434726,-0.00519,0.0030321289650353,395.3231,367.3897,10.618636713061743,61.613,31.3355,9.89205504597271,80.1552,4.826754761246569,117.375,152.4507,2.0390792159549327,23.3663,152.0309,20.6458,3.139982759389623,0.8468309332055926,0.817879704200473,0.0077468120071681,0.8022214903745396,0.0084195778697422,0.8134187599173678,0.0127815815126051,0.7918625190862548,0.0275290715118672,0.7083320858656926,0.6896500104787282,0.0213752084938292,0.8468309332055926,0.7324630999071884,0.021882338921431,-0.26727
11.31,7.1686,-0.19743,2.6339,2.77,0.3593056835051934,-0.18921,-0.19511,0.0033466486434726,-0.00519,0.0030321289650353,395.3231,367.3897,10.618636713061743,61.613,31.3355,9.89205504597271,80.1552,4.826754761246569,117.375,152.4507,2.0390792159549327,23.3663,152.0309,20.6458,3.139982759389623,0.8468309332055926,0.817879704200473,0.0077468120071681,0.8022214903745396,0.0084195778697422,0.8134187599173678,0.0127815815126051,0.7918625190862548,0.0275290715118672,0.7083320858656926,0.6896500104787282,0.0213752084938292,0.8468309332055926,0.7324630999071884,0.021882338921431,-0.26727
3.14,7.1686,-0.19743,2.6339,2.77,0.3593056835051934,-0.18921,-0.19511,0.0033466486434726,-0.00519,0.0030321289650353,395.3231,367.3897,10.618636713061743,61.613,31.3355,9.89205504597271,80.1552,4.826754761246569,117.375,152.4507,2.0390792159549327,23.3663,152.0309,20.6458,3.139982759389623,0.8468309332055926,0.817879704200473,0.0077468120071681,0.8022214903745396,0.0084195778697422,0.8134187599173678,0.0127815815126051,0.7918625190862548,0.0275290715118672,0.7083320858656926,0.6896500104787282,0.0213752084938292,0.8468309332055926,0.7324630999071884,0.021882338921431,-0.26727
2.21,7.1686,-0.19743,2.6339,2.77,0.3593056835051934,-0.18921,-0.19511,0.0033466486434726,-0.00519,0.0030321289650353,395.3231,367.3897,10.618636713061743,61.613,31.3355,9.89205504597271,80.1552,4.826754761246569,117.375,152.4507,2.0390792159549327,23.3663,152.0309,20.6458,3.139982759389623,0.8468309332055926,0.817879704200473,0.0077468120071681,0.8022214903745396,0.0084195778697422,0.8134187599173678,0.0127815815126051,0.7918625190862548,0.0275290715118672,0.7083320858656926,0.6896500104787282,0.0213752084938292,0.8468309332055926,0.7324630999071884,0.021882338921431,-0.26727
0.0,7.1686,-0.19743,2.6339,2.77,0.3593056835051934,-0.18921,-0.19511,0.0033466486434726,-0.00519,0.0030321289650353,395.3231,367.3897,10.618636713061743,61.613,31.3355,9.89205504597271,80.1552,4.826754761246569,117.375,152.4507,2.0390792159549327,23.3663,152.0309,20.6458,3.139982759389623,0.8468309332055926,0.817879704200473,0.0077468120071681,0.8022214903745396,0.0084195778697422,0.8134187599173678,0.0127815815126051,0.7918625190862548,0.0275290715118672,0.7083320858656926,0.6896500104787282,0.0213752084938292,0.8468309332055926,0.7324630999071884,0.021882338921431,-0.26727
0.0,7.1686,-0.19743,2.6339,2.77,0.3593056835051934,-0.18921,-0.19511,0.0033466486434726,-0.00519,0.0030321289650353,395.3231,367.3897,10.618636713061743,61.613,31.3355,9.89205504597271,80.1552,4.826754761246569,117.375,152.4507,2.0390792159549327,23.3663,152.0309,20.6458,3.139982759389623,0.8468309332055926,0.817879704200473,0.0077468120071681,0.8022214903745396,0.0084195778697422,0.8134187599173678,0.0127815815126051,0.7918625190862548,0.0275290715118672,0.7083320858656926,0.6896500104787282,0.0213752084938292,0.8468309332055926,0.7324630999071884,0.021882338921431,-0.26727
1.31,7.1686,-0.19743,2.6339,2.77,0.3593056835051934,-0.18921,-0.19511,0.0033466486434726,-0.00519,0.0030321289650353,395.3231,367.3897,10.618636713061743,61.613,31.3355,9.89205504597271,80.1552,4.826754761246569,117.375,152.4507,2.0390792159549327,23.3663,152.0309,20.6458,3.139982759389623,0.8468309332055926,0.817879704200473,0.0077468120071681,0.8022214903745396,0.0084195778697422,0.8134187599173678,0.0127815815126051,0.7918625190862548,0.0275290715118672,0.7083320858656926,0.6896500104787282,0.0213752084938292,0.8468309332055926,0.7324630999071884,0.021882338921431,-0.26727
8.2,7.1686,-0.19743,2.6339,2.77,0.3593056835051934,-0.18921,-0.19511,0.0033466486434726,-0.00519,0.0030321289650353,395.3231,367.3897,10.618636713061743,61.613,31.3355,9.89205504597271,80.1552,4.826754761246569,117.375,152.4507,2.0390792159549327,23.3663,152.0309,20.6458,3.139982759389623,0.8468309332055926,0.817879704200473,0.0077468120071681,0.8022214903745396,0.0084195778697422,0.8134187599173678,0.0127815815126051,0.7918625190862548,0.0275290715118672,0.7083320858656926,0.6896500104787282,0.0213752084938292,0.8468309332055926,0.7324630999071884,0.021882338921431,-0.26727
8.16,7.7731,-0.2019,2.6339,2.77,0.3593056835051934,-0.18921,-0.19511,0.0033466486434726,-0.00519,0.0030321289650353,395.3231,367.3897,10.618636713061743,61.613,31.3355,9.89205504597271,80.1552,4.826754761246569,117.375,152.4507,2.0390792159549327,23.3663,152.0309,20.6458,3.139982759389623,0.8468309332055926,0.817879704200473,0.0077468120071681,0.8022214903745396,0.0084195778697422,0.8134187599173678,0.0127815815126051,0.7918625190862548,0.0275290715118672,0.7083320858656926,0.6896500104787282,0.0213752084938292,0.8468309332055926,0.7324630999071884,0.021882338921431,-0.26727
20.21,7.7731,-0.2019,2.6339,2.77,0.3593056835051934,-0.18921,-0.19511,0.0033466486434726,-0.00519,0.0030321289650353,395.3231,367.3897,10.618636713061743,61.613,31.3355,9.89205504597271,80.1552,4.826754761246569,117.375,152.4507,2.0390792159549327,23.3663,152.0309,20.6458,3.139982759389623,0.8468309332055926,0.817879704200473,0.0077468120071681,0.8022214903745396,0.0084195778697422,0.8134187599173678,0.0127815815126051,0.7918625190862548,0.0275290715118672,0.7083320858656926,0.6896500104787282,0.0213752084938292,0.8468309332055926,0.7324630999071884,0.021882338921431,-0.26727
35.43,7.7731,-0.2019,2.6339,2.77,0.3593056835051934,-0.18921,-0.19511,0.0033466486434726,-0.00519,0.0030321289650353,395.3231,367.3897,10.618636713061743,61.613,31.3355,9.89205504597271,80.1552,4.826754761246569,117.375,152.4507,2.0390792159549327,23.3663,152.0309,20.6458,3.139982759389623,0.8468309332055926,0.817879704200473,0.0077468120071681,0.8022214903745396,0.0084195778697422,0.8134187599173678,0.0127815815126051,0.7918625190862548,0.0275290715118672,0.7083320858656926,0.6896500104787282,0.0213752084938292,0.8468309332055926,0.7324630999071884,0.021882338921431,-0.26727
3.04,7.7731,-0.2019,2.6339,2.77,0.3593056835051934,-0.18921,-0.19511,0.0033466486434726,-0.00519,0.0030321289650353,395.3231,367.3897,10.618636713061743,61.613,31.3355,9.89205504597271,80.1552,4.826754761246569,117.375,152.4507,2.0390792159549327,23.3663,152.0309,20.6458,3.139982759389623,0.8468309332055926,0.817879704200473,0.0077468120071681,0.8022214903745396,0.0084195778697422,0.8134187599173678,0.0127815815126051,0.7918625190862548,0.0275290715118672,0.7083320858656926,0.6896500104787282,0.0213752084938292,0.8468309332055926,0.7324630999071884,0.021882338921431,-0.26727
10.68,7.7731,-0.2019,2.6339,2.77,0.3593056835051934,-0.18921,-0.19511,0.0033466486434726,-0.00519,0.0030321289650353,395.3231,367.3897,10.618636713061743,61.613,31.3355,9.89205504597271,80.1552,4.826754761246569,117.375,152.4507,2.0390792159549327,23.3663,152.0309,20.6458,3.139982759389623,0.8468309332055926,0.817879704200473,0.0077468120071681,0.8022214903745396,0.0084195778697422,0.8134187599173678,0.0127815815126051,0.7918625190862548,0.0275290715118672,0.7083320858656926,0.6896500104787282,0.0213752084938292,0.8468309332055926,0.7324630999071884,0.021882338921431,-0.26727
38.63,7.7731,-0.2019,2.6339,2.77,0.3593056835051934,-0.18921,-0.19511,0.0033466486434726,-0.00519,0.0030321289650353,395.3231,367.3897,10.618636713061743,61.613,31.3355,9.89205504597271,80.1552,4.826754761246569,117.375,152.4507,2.0390792159549327,23.3663,152.0309,20.6458,3.139982759389623,0.8468309332055926,0.817879704200473,0.0077468120071681,0.8022214903745396,0.0084195778697422,0.8134187599173678,0.0127815815126051,0.7918625190862548,0.0275290715118672,0.7083320858656926,0.6896500104787282,0.0213752084938292,0.8468309332055926,0.7324630999071884,0.021882338921431,-0.26727
5.65,7.7731,-0.2019,2.6339,2.77,0.3593056835051934,-0.18921,-0.19511,0.0033466486434726,-0.00519,0.0030321289650353,395.3231,367.3897,10.618636713061743,61.613,31.3355,9.89205504597271,80.1552,4.826754761246569,117.375,152.4507,2.0390792159549327,23.3663,152.0309,20.6458,3.139982759389623,0.8468309332055926,0.817879704200473,0.0077468120071681,0.8022214903745396,0.0084195778697422,0.8134187599173678,0.0127815815126051,0.7918625190862548,0.0275290715118672,0.7083320858656926,0.6896500104787282,0.0213752084938292,0.8468309332055926,0.7324630999071884,0.021882338921431,-0.26727
13.22,7.7731,-0.2019,2.6339,2.77,0.3593056835051934,-0.18921,-0.19511,0.0033466486434726,-0.00519,0.0030321289650353,395.3231,367.3897,10.618636713061743,61.613,31.3355,9.89205504597271,80.1552,4.826754761246569,117.375,152.4507,2.0390792159549327,23.3663,152.0309,20.6458,3.139982759389623,0.8468309332055926,0.817879704200473,0.0077468120071681,0.8022214903745396,0.0084195778697422,0.8134187599173678,0.0127815815126051,0.7918625190862548,0.0275290715118672,0.7083320858656926,0.6896500104787282,0.0213752084938292,0.8468309332055926,0.7324630999071884,0.021882338921431,-0.26727
26.48,7.7731,-0.2019,2.6339,2.77,0.3593056835051934,-0.18921,-0.19511,0.0033466486434726,-0.00519,0.0030321289650353,395.3231,367.3897,10.618636713061743,61.613,31.3355,9.89205504597271,80.1552,4.826754761246569,117.375,152.4507,2.0390792159549327,23.3663,152.0309,20.6458,3.139982759389623,0.8468309332055926,0.817879704200473,0.0077468120071681,0.8022214903745396,0.0084195778697422,0.8134187599173678,0.0127815815126051,0.7918625190862548,0.0275290715118672,0.7083320858656926,0.6896500104787282,0.0213752084938292,0.8468309332055926,0.7324630999071884,0.021882338921431,-0.26727
2.67,10.1478,-0.16646,2.6339,2.77,0.3593056835051934,-0.18921,-0.19511,0.0033466486434726,-0.00519,0.0030321289650353,395.3231,367.3897,10.618636713061743,61.613,31.3355,9.89205504597271,80.1552,4.826754761246569,117.375,152.4507,2.0390792159549327,23.3663,152.0309,20.6458,3.139982759389623,0.8468309332055926,0.817879704200473,0.0077468120071681,0.8022214903745396,0.0084195778697422,0.8134187599173678,0.0127815815126051,0.7918625190862548,0.0275290715118672,0.7083320858656926,0.6896500104787282,0.0213752084938292,0.8468309332055926,0.7324630999071884,0.021882338921431,-0.26727
8.11,10.1478,-0.16646,2.6339,2.77,0.3593056835051934,-0.18921,-0.19511,0.0033466486434726,-0.00519,0.0030321289650353,395.3231,367.3897,10.618636713061743,61.613,31.3355,9.89205504597271,80.1552,4.826754761246569,117.375,152.4507,2.0390792159549327,23.3663,152.0309,20.6458,3.139982759389623,0.8468309332055926,0.817879704200473,0.0077468120071681,0.8022214903745396,0.0084195778697422,0.8134187599173678,0.0127815815126051,0.7918625190862548,0.0275290715118672,0.7083320858656926,0.6896500104787282,0.0213752084938292,0.8468309332055926,0.7324630999071884,0.021882338921431,-0.26727
29.75,10.1478,-0.16646,2.6339,2.77,0.3593056835051934,-0.18921,-0.19511,0.0033466486434726,-0.00519,0.0030321289650353,395.3231,367.3897,10.618636713061743,61.613,31.3355,9.89205504597271,80.1552,4.826754761246569,117.375,152.4507,2.0390792159549327,23.3663,152.0309,20.6458,3.139982759389623,0.8468309332055926,0.817879704200473,0.0077468120071681,0.8022214903745396,0.0084195778697422,0.8134187599173678,0.0127815815126051,0.7918625190862548,0.0275290715118672,0.7083320858656926,0.6896500104787282,0.0213752084938292,0.8468309332055926,0.7324630999071884,0.021882338921431,-0.26727
8.14,10.1478,-0.16646,2.6339,2.77,0.3593056835051934,-0.18921,-0.19511,0.0033466486434726,-0.00519,0.0030321289650353,395.3231,367.3897,10.618636713061743,61.613,31.3355,9.89205504597271,80.1552,4.826754761246569,117.375,152.4507,2.0390792159549327,23.3663,152.0309,20.6458,3.139982759389623,0.8468309332055926,0.817879704200473,0.0077468120071681,0.8022214903745396,0.0084195778697422,0.8134187599173678,0.0127815815126051,0.7918625190862548,0.0275290715118672,0.7083320858656926,0.6896500104787282,0.0213752084938292,0.8468309332055926,0.7324630999071884,0.021882338921431,-0.26727
22.02,10.1478,-0.16646,2.6339,2.77,0.3593056835051934,-0.18921,-0.19511,0.0033466486434726,-0.00519,0.0030321289650353,395.3231,367.3897,10.618636713061743,61.613,31.3355,9.89205504597271,80.1552,4.826754761246569,117.375,152.4507,2.0390792159549327,23.3663,152.0309,20.6458,3.139982759389623,0.8468309332055926,0.817879704200473,0.0077468120071681,0.8022214903745396,0.0084195778697422,0.8134187599173678,0.0127815815126051,0.7918625190862548,0.0275290715118672,0.7083320858656926,0.6896500104787282,0.0213752084938292,0.8468309332055926,0.7324630999071884,0.021882338921431,-0.26727
34.4,10.1478,-0.16646,2.6339,2.77,0.3593056835051934,-0.18921,-0.19511,0.0033466486434726,-0.00519,0.0030321289650353,395.3231,367.3897,10.618636713061743,61.613,31.3355,9.89205504597271,80.1552,4.826754761246569,117.375,152.4507,2.0390792159549327,23.3663,152.0309,20.6458,3.139982759389623,0.8468309332055926,0.817879704200473,0.0077468120071681,0.8022214903745396,0.0084195778697422,0.8134187599173678,0.0127815815126051,0.7918625190862548,0.0275290715118672,0.7083320858656926,0.6896500104787282,0.0213752084938292,0.8468309332055926,0.7324630999071884,0.021882338921431,-0.26727
4.16,10.1478,-0.16646,2.6339,2.77,0.3593056835051934,-0.18921,-0.19511,0.0033466486434726,-0.00519,0.0030321289650353,395.3231,367.3897,10.618636713061743,61.613,31.3355,9.89205504597271,80.1552,4.826754761246569,117.375,152.4507,2.0390792159549327,23.3663,152.0309,20.6458,3.139982759389623,0.8468309332055926,0.817879704200473,0.0077468120071681,0.8022214903745396,0.0084195778697422,0.8134187599173678,0.0127815815126051,0.7918625190862548,0.0275290715118672,0.7083320858656926,0.6896500104787282,0.0213752084938292,0.8468309332055926,0.7324630999071884,0.021882338921431,-0.26727
5.13,10.1478,-0.16646,2.6339,2.77,0.3593056835051934,-0.18921,-0.19511,0.0033466486434726,-0.00519,0.0030321289650353,395.3231,367.3897,10.618636713061743,61.613,31.3355,9.89205504597271,80.1552,4.826754761246569,117.375,152.4507,2.0390792159549327,23.3663,152.0309,20.6458,3.139982759389623,0.8468309332055926,0.817879704200473,0.0077468120071681,0.8022214903745396,0.0084195778697422,0.8134187599173678,0.0127815815126051,0.7918625190862548,0.0275290715118672,0.7083320858656926,0.6896500104787282,0.0213752084938292,0.8468309332055926,0.7324630999071884,0.021882338921431,-0.26727
23.3,10.1478,-0.16646,2.6339,2.77,0.3593056835051934,-0.18921,-0.19511,0.0033466486434726,-0.00519,0.0030321289650353,395.3231,367.3897,10.618636713061743,61.613,31.3355,9.89205504597271,80.1552,4.826754761246569,117.375,152.4507,2.0390792159549327,23.3663,152.0309,20.6458,3.139982759389623,0.8468309332055926,0.817879704200473,0.0077468120071681,0.8022214903745396,0.0084195778697422,0.8134187599173678,0.0127815815126051,0.7918625190862548,0.0275290715118672,0.7083320858656926,0.6896500104787282,0.0213752084938292,0.8468309332055926,0.7324630999071884,0.021882338921431,-0.26727
8.88,11.0112,-0.17387,2.6339,2.77,0.3593056835051934,-0.18921,-0.19511,0.0033466486434726,-0.00519,0.0030321289650353,395.3231,367.3897,10.618636713061743,61.613,31.3355,9.89205504597271,80.1552,4.826754761246569,117.375,152.4507,2.0390792159549327,23.3663,152.0309,20.6458,3.139982759389623,0.8468309332055926,0.817879704200473,0.0077468120071681,0.8022214903745396,0.0084195778697422,0.8134187599173678,0.0127815815126051,0.7918625190862548,0.0275290715118672,0.7083320858656926,0.6896500104787282,0.0213752084938292,0.8468309332055926,0.7324630999071884,0.021882338921431,-0.26727
20.63,11.0112,-0.17387,2.6339,2.77,0.3593056835051934,-0.18921,-0.19511,0.0033466486434726,-0.00519,0.0030321289650353,395.3231,367.3897,10.618636713061743,61.613,31.3355,9.89205504597271,80.1552,4.826754761246569,117.375,152.4507,2.0390792159549327,23.3663,152.0309,20.6458,3.139982759389623,0.8468309332055926,0.817879704200473,0.0077468120071681,0.8022214903745396,0.0084195778697422,0.8134187599173678,0.0127815815126051,0.7918625190862548,0.0275290715118672,0.7083320858656926,0.6896500104787282,0.0213752084938292,0.8468309332055926,0.7324630999071884,0.021882338921431,-0.26727
42.04,11.0112,-0.17387,2.6339,2.77,0.3593056835051934,-0.18921,-0.19511,0.0033466486434726,-0.00519,0.0030321289650353,395.3231,367.3897,10.618636713061743,61.613,31.3355,9.89205504597271,80.1552,4.826754761246569,117.375,152.4507,2.0390792159549327,23.3663,152.0309,20.6458,3.139982759389623,0.8468309332055926,0.817879704200473,0.0077468120071681,0.8022214903745396,0.0084195778697422,0.8134187599173678,0.0127815815126051,0.7918625190862548,0.0275290715118672,0.7083320858656926,0.6896500104787282,0.0213752084938292,0.8468309332055926,0.7324630999071884,0.021882338921431,-0.26727
11.0,11.0112,-0.17387,2.6339,2.77,0.3593056835051934,-0.18921,-0.19511,0.0033466486434726,-0.00519,0.0030321289650353,395.3231,367.3897,10.618636713061743,61.613,31.3355,9.89205504597271,80.1552,4.826754761246569,117.375,152.4507,2.0390792159549327,23.3663,152.0309,20.6458,3.139982759389623,0.8468309332055926,0.817879704200473,0.0077468120071681,0.8022214903745396,0.0084195778697422,0.8134187599173678,0.0127815815126051,0.7918625190862548,0.0275290715118672,0.7083320858656926,0.6896500104787282,0.0213752084938292,0.8468309332055926,0.7324630999071884,0.021882338921431,-0.26727
33.41,11.0112,-0.17387,2.6339,2.77,0.3593056835051934,-0.18921,-0.19511,0.0033466486434726,-0.00519,0.0030321289650353,395.3231,367.3897,10.618636713061743,61.613,31.3355,9.89205504597271,80.1552,4.826754761246569,117.375,152.4507,2.0390792159549327,23.3663,152.0309,20.6458,3.139982759389623,0.8468309332055926,0.817879704200473,0.0077468120071681,0.8022214903745396,0.0084195778697422,0.8134187599173678,0.0127815815126051,0.7918625190862548,0.0275290715118672,0.7083320858656926,0.6896500104787282,0.0213752084938292,0.8468309332055926,0.7324630999071884,0.021882338921431,-0.26727
13.52,11.0112,-0.17387,2.6339,2.77,0.3593056835051934,-0.18921,-0.19511,0.0033466486434726,-0.00519,0.0030321289650353,395.3231,367.3897,10.618636713061743,61.613,31.3355,9.89205504597271,80.1552,4.826754761246569,117.375,152.4507,2.0390792159549327,23.3663,152.0309,20.6458,3.139982759389623,0.8468309332055926,0.817879704200473,0.0077468120071681,0.8022214903745396,0.0084195778697422,0.8134187599173678,0.0127815815126051,0.7918625190862548,0.0275290715118672,0.7083320858656926,0.6896500104787282,0.0213752084938292,0.8468309332055926,0.7324630999071884,0.021882338921431,-0.26727
9.39,11.0112,-0.17387,2.6339,2.77,0.3593056835051934,-0.18921,-0.19511,0.0033466486434726,-0.00519,0.0030321289650353,395.3231,367.3897,10.618636713061743,61.613,31.3355,9.89205504597271,80.1552,4.826754761246569,117.375,152.4507,2.0390792159549327,23.3663,152.0309,20.6458,3.139982759389623,0.8468309332055926,0.817879704200473,0.0077468120071681,0.8022214903745396,0.0084195778697422,0.8134187599173678,0.0127815815126051,0.7918625190862548,0.0275290715118672,0.7083320858656926,0.6896500104787282,0.0213752084938292,0.8468309332055926,0.7324630999071884,0.021882338921431,-0.26727
9.03,11.0112,-0.17387,2.6339,2.77,0.3593056835051934,-0.18921,-0.19511,0.0033466486434726,-0.00519,0.0030321289650353,395.3231,367.3897,10.618636713061743,61.613,31.3355,9.89205504597271,80.1552,4.826754761246569,117.375,152.4507,2.0390792159549327,23.3663,152.0309,20.6458,3.139982759389623,0.8468309332055926,0.817879704200473,0.0077468120071681,0.8022214903745396,0.0084195778697422,0.8134187599173678,0.0127815815126051,0.7918625190862548,0.0275290715118672,0.7083320858656926,0.6896500104787282,0.0213752084938292,0.8468309332055926,0.7324630999071884,0.021882338921431,-0.26727
22.22,11.0112,-0.17387,2.6339,2.77,0.3593056835051934,-0.18921,-0.19511,0.0033466486434726,-0.00519,0.0030321289650353,395.3231,367.3897,10.618636713061743,61.613,31.3355,9.89205504597271,80.1552,4.826754761246569,117.375,152.4507,2.0390792159549327,23.3663,152.0309,20.6458,3.139982759389623,0.8468309332055926,0.817879704200473,0.0077468120071681,0.8022214903745396,0.0084195778697422,0.8134187599173678,0.0127815815126051,0.7918625190862548,0.0275290715118672,0.7083320858656926,0.6896500104787282,0.0213752084938292,0.8468309332055926,0.7324630999071884,0.021882338921431,-0.26727
4.43,7.1686,-0.19743,5.7252,5.9,0.2540583830427603,-0.2167,-0.21227,0.0020039506564828,-0.05314,0.0010207025121129,364.374,349.7109,6.391759350321448,39.9992,65.9115,11.800177005289108,65.3569,1.8530106412026488,127.186,45.1517,2.889778841289926,186.7967,53.169,177.5369,3.7818168035913535,0.7799167689590132,0.8361126912367893,0.0168327617152011,0.7607257267746474,0.0143174789235087,0.7640789197928205,0.0130796662186127,0.7086015388760816,0.0210636374645267,0.671147570432023,0.6921948444657345,0.0143947268286534,0.5670488907517739,0.5773180443699291,0.0125538465204495,-0.26727
7.74,7.1686,-0.19743,5.7252,5.9,0.2540583830427603,-0.2167,-0.21227,0.0020039506564828,-0.05314,0.0010207025121129,364.374,349.7109,6.391759350321448,39.9992,65.9115,11.800177005289108,65.3569,1.8530106412026488,127.186,45.1517,2.889778841289926,186.7967,53.169,177.5369,3.7818168035913535,0.7799167689590132,0.8361126912367893,0.0168327617152011,0.7607257267746474,0.0143174789235087,0.7640789197928205,0.0130796662186127,0.7086015388760816,0.0210636374645267,0.671147570432023,0.6921948444657345,0.0143947268286534,0.5670488907517739,0.5773180443699291,0.0125538465204495,-0.26727
7.82,7.1686,-0.19743,5.7252,5.9,0.2540583830427603,-0.2167,-0.21227,0.0020039506564828,-0.05314,0.0010207025121129,364.374,349.7109,6.391759350321448,39.9992,65.9115,11.800177005289108,65.3569,1.8530106412026488,127.186,45.1517,2.889778841289926,186.7967,53.169,177.5369,3.7818168035913535,0.7799167689590132,0.8361126912367893,0.0168327617152011,0.7607257267746474,0.0143174789235087,0.7640789197928205,0.0130796662186127,0.7086015388760816,0.0210636374645267,0.671147570432023,0.6921948444657345,0.0143947268286534,0.5670488907517739,0.5773180443699291,0.0125538465204495,-0.26727
3.77,7.1686,-0.19743,5.7252,5.9,0.2540583830427603,-0.2167,-0.21227,0.0020039506564828,-0.05314,0.0010207025121129,364.374,349.7109,6.391759350321448,39.9992,65.9115,11.800177005289108,65.3569,1.8530106412026488,127.186,45.1517,2.889778841289926,186.7967,53.169,177.5369,3.7818168035913535,0.7799167689590132,0.8361126912367893,0.0168327617152011,0.7607257267746474,0.0143174789235087,0.7640789197928205,0.0130796662186127,0.7086015388760816,0.0210636374645267,0.671147570432023,0.6921948444657345,0.0143947268286534,0.5670488907517739,0.5773180443699291,0.0125538465204495,-0.26727
5.59,7.1686,-0.19743,5.7252,5.9,0.2540583830427603,-0.2167,-0.21227,0.0020039506564828,-0.05314,0.0010207025121129,364.374,349.7109,6.391759350321448,39.9992,65.9115,11.800177005289108,65.3569,1.8530106412026488,127.186,45.1517,2.889778841289926,186.7967,53.169,177.5369,3.7818168035913535,0.7799167689590132,0.8361126912367893,0.0168327617152011,0.7607257267746474,0.0143174789235087,0.7640789197928205,0.0130796662186127,0.7086015388760816,0.0210636374645267,0.671147570432023,0.6921948444657345,0.0143947268286534,0.5670488907517739,0.5773180443699291,0.0125538465204495,-0.26727
5.16,7.1686,-0.19743,5.7252,5.9,0.2540583830427603,-0.2167,-0.21227,0.0020039506564828,-0.05314,0.0010207025121129,364.374,349.7109,6.391759350321448,39.9992,65.9115,11.800177005289108,65.3569,1.8530106412026488,127.186,45.1517,2.889778841289926,186.7967,53.169,177.5369,3.7818168035913535,0.7799167689590132,0.8361126912367893,0.0168327617152011,0.7607257267746474,0.0143174789235087,0.7640789197928205,0.0130796662186127,0.7086015388760816,0.0210636374645267,0.671147570432023,0.6921948444657345,0.0143947268286534,0.5670488907517739,0.5773180443699291,0.0125538465204495,-0.26727
4.39,7.1686,-0.19743,5.7252,5.9,0.2540583830427603,-0.2167,-0.21227,0.0020039506564828,-0.05314,0.0010207025121129,364.374,349.7109,6.391759350321448,39.9992,65.9115,11.800177005289108,65.3569,1.8530106412026488,127.186,45.1517,2.889778841289926,186.7967,53.169,177.5369,3.7818168035913535,0.7799167689590132,0.8361126912367893,0.0168327617152011,0.7607257267746474,0.0143174789235087,0.7640789197928205,0.0130796662186127,0.7086015388760816,0.0210636374645267,0.671147570432023,0.6921948444657345,0.0143947268286534,0.5670488907517739,0.5773180443699291,0.0125538465204495,-0.26727
6.18,7.1686,-0.19743,5.7252,5.9,0.2540583830427603,-0.2167,-0.21227,0.0020039506564828,-0.05314,0.0010207025121129,364.374,349.7109,6.391759350321448,39.9992,65.9115,11.800177005289108,65.3569,1.8530106412026488,127.186,45.1517,2.889778841289926,186.7967,53.169,177.5369,3.7818168035913535,0.7799167689590132,0.8361126912367893,0.0168327617152011,0.7607257267746474,0.0143174789235087,0.7640789197928205,0.0130796662186127,0.7086015388760816,0.0210636374645267,0.671147570432023,0.6921948444657345,0.0143947268286534,0.5670488907517739,0.5773180443699291,0.0125538465204495,-0.26727
6.48,7.1686,-0.19743,5.7252,5.9,0.2540583830427603,-0.2167,-0.21227,0.0020039506564828,-0.05314,0.0010207025121129,364.374,349.7109,6.391759350321448,39.9992,65.9115,11.800177005289108,65.3569,1.8530106412026488,127.186,45.1517,2.889778841289926,186.7967,53.169,177.5369,3.7818168035913535,0.7799167689590132,0.8361126912367893,0.0168327617152011,0.7607257267746474,0.0143174789235087,0.7640789197928205,0.0130796662186127,0.7086015388760816,0.0210636374645267,0.671147570432023,0.6921948444657345,0.0143947268286534,0.5670488907517739,0.5773180443699291,0.0125538465204495,-0.26727
0.0,7.7731,-0.2019,5.7252,5.9,0.2540583830427603,-0.2167,-0.21227,0.0020039506564828,-0.05314,0.0010207025121129,364.374,349.7109,6.391759350321448,39.9992,65.9115,11.800177005289108,65.3569,1.8530106412026488,127.186,45.1517,2.889778841289926,186.7967,53.169,177.5369,3.7818168035913535,0.7799167689590132,0.8361126912367893,0.0168327617152011,0.7607257267746474,0.0143174789235087,0.7640789197928205,0.0130796662186127,0.7086015388760816,0.0210636374645267,0.671147570432023,0.6921948444657345,0.0143947268286534,0.5670488907517739,0.5773180443699291,0.0125538465204495,-0.26727
5.98,7.7731,-0.2019,5.7252,5.9,0.2540583830427603,-0.2167,-0.21227,0.0020039506564828,-0.05314,0.0010207025121129,364.374,349.7109,6.391759350321448,39.9992,65.9115,11.800177005289108,65.3569,1.8530106412026488,127.186,45.1517,2.889778841289926,186.7967,53.169,177.5369,3.7818168035913535,0.7799167689590132,0.8361126912367893,0.0168327617152011,0.7607257267746474,0.0143174789235087,0.7640789197928205,0.0130796662186127,0.7086015388760816,0.0210636374645267,0.671147570432023,0.6921948444657345,0.0143947268286534,0.5670488907517739,0.5773180443699291,0.0125538465204495,-0.26727
6.73,7.7731,-0.2019,5.7252,5.9,0.2540583830427603,-0.2167,-0.21227,0.0020039506564828,-0.05314,0.0010207025121129,364.374,349.7109,6.391759350321448,39.9992,65.9115,11.800177005289108,65.3569,1.8530106412026488,127.186,45.1517,2.889778841289926,186.7967,53.169,177.5369,3.7818168035913535,0.7799167689590132,0.8361126912367893,0.0168327617152011,0.7607257267746474,0.0143174789235087,0.7640789197928205,0.0130796662186127,0.7086015388760816,0.0210636374645267,0.671147570432023,0.6921948444657345,0.0143947268286534,0.5670488907517739,0.5773180443699291,0.0125538465204495,-0.26727
3.67,7.7731,-0.2019,5.7252,5.9,0.2540583830427603,-0.2167,-0.21227,0.0020039506564828,-0.05314,0.0010207025121129,364.374,349.7109,6.391759350321448,39.9992,65.9115,11.800177005289108,65.3569,1.8530106412026488,127.186,45.1517,2.889778841289926,186.7967,53.169,177.5369,3.7818168035913535,0.7799167689590132,0.8361126912367893,0.0168327617152011,0.7607257267746474,0.0143174789235087,0.7640789197928205,0.0130796662186127,0.7086015388760816,0.0210636374645267,0.671147570432023,0.6921948444657345,0.0143947268286534,0.5670488907517739,0.5773180443699291,0.0125538465204495,-0.26727
4.15,7.7731,-0.2019,5.7252,5.9,0.2540583830427603,-0.2167,-0.21227,0.0020039506564828,-0.05314,0.0010207025121129,364.374,349.7109,6.391759350321448,39.9992,65.9115,11.800177005289108,65.3569,1.8530106412026488,127.186,45.1517,2.889778841289926,186.7967,53.169,177.5369,3.7818168035913535,0.7799167689590132,0.8361126912367893,0.0168327617152011,0.7607257267746474,0.0143174789235087,0.7640789197928205,0.0130796662186127,0.7086015388760816,0.0210636374645267,0.671147570432023,0.6921948444657345,0.0143947268286534,0.5670488907517739,0.5773180443699291,0.0125538465204495,-0.26727
3.96,7.7731,-0.2019,5.7252,5.9,0.2540583830427603,-0.2167,-0.21227,0.0020039506564828,-0.05314,0.0010207025121129,364.374,349.7109,6.391759350321448,39.9992,65.9115,11.800177005289108,65.3569,1.8530106412026488,127.186,45.1517,2.889778841289926,186.7967,53.169,177.5369,3.7818168035913535,0.7799167689590132,0.8361126912367893,0.0168327617152011,0.7607257267746474,0.0143174789235087,0.7640789197928205,0.0130796662186127,0.7086015388760816,0.0210636374645267,0.671147570432023,0.6921948444657345,0.0143947268286534,0.5670488907517739,0.5773180443699291,0.0125538465204495,-0.26727
5.68,7.7731,-0.2019,5.7252,5.9,0.2540583830427603,-0.2167,-0.21227,0.0020039506564828,-0.05314,0.0010207025121129,364.374,349.7109,6.391759350321448,39.9992,65.9115,11.800177005289108,65.3569,1.8530106412026488,127.186,45.1517,2.889778841289926,186.7967,53.169,177.5369,3.7818168035913535,0.7799167689590132,0.8361126912367893,0.0168327617152011,0.7607257267746474,0.0143174789235087,0.7640789197928205,0.0130796662186127,0.7086015388760816,0.0210636374645267,0.671147570432023,0.6921948444657345,0.0143947268286534,0.5670488907517739,0.5773180443699291,0.0125538465204495,-0.26727
6.7,7.7731,-0.2019,5.7252,5.9,0.2540583830427603,-0.2167,-0.21227,0.0020039506564828,-0.05314,0.0010207025121129,364.374,349.7109,6.391759350321448,39.9992,65.9115,11.800177005289108,65.3569,1.8530106412026488,127.186,45.1517,2.889778841289926,186.7967,53.169,177.5369,3.7818168035913535,0.7799167689590132,0.8361126912367893,0.0168327617152011,0.7607257267746474,0.0143174789235087,0.7640789197928205,0.0130796662186127,0.7086015388760816,0.0210636374645267,0.671147570432023,0.6921948444657345,0.0143947268286534,0.5670488907517739,0.5773180443699291,0.0125538465204495,-0.26727
6.87,7.7731,-0.2019,5.7252,5.9,0.2540583830427603,-0.2167,-0.21227,0.0020039506564828,-0.05314,0.0010207025121129,364.374,349.7109,6.391759350321448,39.9992,65.9115,11.800177005289108,65.3569,1.8530106412026488,127.186,45.1517,2.889778841289926,186.7967,53.169,177.5369,3.7818168035913535,0.7799167689590132,0.8361126912367893,0.0168327617152011,0.7607257267746474,0.0143174789235087,0.7640789197928205,0.0130796662186127,0.7086015388760816,0.0210636374645267,0.671147570432023,0.6921948444657345,0.0143947268286534,0.5670488907517739,0.5773180443699291,0.0125538465204495,-0.26727
2.69,10.1478,-0.16646,5.7252,5.9,0.2540583830427603,-0.2167,-0.21227,0.0020039506564828,-0.05314,0.0010207025121129,364.374,349.7109,6.391759350321448,39.9992,65.9115,11.800177005289108,65.3569,1.8530106412026488,127.186,45.1517,2.889778841289926,186.7967,53.169,177.5369,3.7818168035913535,0.7799167689590132,0.8361126912367893,0.0168327617152011,0.7607257267746474,0.0143174789235087,0.7640789197928205,0.0130796662186127,0.7086015388760816,0.0210636374645267,0.671147570432023,0.6921948444657345,0.0143947268286534,0.5670488907517739,0.5773180443699291,0.0125538465204495,-0.26727
3.08,10.1478,-0.16646,5.7252,5.9,0.2540583830427603,-0.2167,-0.21227,0.0020039506564828,-0.05314,0.0010207025121129,364.374,349.7109,6.391759350321448,39.9992,65.9115,11.800177005289108,65.3569,1.8530106412026488,127.186,45.1517,2.889778841289926,186.7967,53.169,177.5369,3.7818168035913535,0.7799167689590132,0.8361126912367893,0.0168327617152011,0.7607257267746474,0.0143174789235087,0.7640789197928205,0.0130796662186127,0.7086015388760816,0.0210636374645267,0.671147570432023,0.6921948444657345,0.0143947268286534,0.5670488907517739,0.5773180443699291,0.0125538465204495,-0.26727
4.06,10.1478,-0.16646,5.7252,5.9,0.2540583830427603,-0.2167,-0.21227,0.0020039506564828,-0.05314,0.0010207025121129,364.374,349.7109,6.391759350321448,39.9992,65.9115,11.800177005289108,65.3569,1.8530106412026488,127.186,45.1517,2.889778841289926,186.7967,53.169,177.5369,3.7818168035913535,0.7799167689590132,0.8361126912367893,0.0168327617152011,0.7607257267746474,0.0143174789235087,0.7640789197928205,0.0130796662186127,0.7086015388760816,0.0210636374645267,0.671147570432023,0.6921948444657345,0.0143947268286534,0.5670488907517739,0.5773180443699291,0.0125538465204495,-0.26727
1.79,10.1478,-0.16646,5.7252,5.9,0.2540583830427603,-0.2167,-0.21227,0.0020039506564828,-0.05314,0.0010207025121129,364.374,349.7109,6.391759350321448,39.9992,65.9115,11.800177005289108,65.3569,1.8530106412026488,127.186,45.1517,2.889778841289926,186.7967,53.169,177.5369,3.7818168035913535,0.7799167689590132,0.8361126912367893,0.0168327617152011,0.7607257267746474,0.0143174789235087,0.7640789197928205,0.0130796662186127,0.7086015388760816,0.0210636374645267,0.671147570432023,0.6921948444657345,0.0143947268286534,0.5670488907517739,0.5773180443699291,0.0125538465204495,-0.26727
3.37,10.1478,-0.16646,5.7252,5.9,0.2540583830427603,-0.2167,-0.21227,0.0020039506564828,-0.05314,0.0010207025121129,364.374,349.7109,6.391759350321448,39.9992,65.9115,11.800177005289108,65.3569,1.8530106412026488,127.186,45.1517,2.889778841289926,186.7967,53.169,177.5369,3.7818168035913535,0.7799167689590132,0.8361126912367893,0.0168327617152011,0.7607257267746474,0.0143174789235087,0.7640789197928205,0.0130796662186127,0.7086015388760816,0.0210636374645267,0.671147570432023,0.6921948444657345,0.0143947268286534,0.5670488907517739,0.5773180443699291,0.0125538465204495,-0.26727
2.45,10.1478,-0.16646,5.7252,5.9,0.2540583830427603,-0.2167,-0.21227,0.0020039506564828,-0.05314,0.0010207025121129,364.374,349.7109,6.391759350321448,39.9992,65.9115,11.800177005289108,65.3569,1.8530106412026488,127.186,45.1517,2.889778841289926,186.7967,53.169,177.5369,3.7818168035913535,0.7799167689590132,0.8361126912367893,0.0168327617152011,0.7607257267746474,0.0143174789235087,0.7640789197928205,0.0130796662186127,0.7086015388760816,0.0210636374645267,0.671147570432023,0.6921948444657345,0.0143947268286534,0.5670488907517739,0.5773180443699291,0.0125538465204495,-0.26727
3.38,10.1478,-0.16646,5.7252,5.9,0.2540583830427603,-0.2167,-0.21227,0.0020039506564828,-0.05314,0.0010207025121129,364.374,349.7109,6.391759350321448,39.9992,65.9115,11.800177005289108,65.3569,1.8530106412026488,127.186,45.1517,2.889778841289926,186.7967,53.169,177.5369,3.7818168035913535,0.7799167689590132,0.8361126912367893,0.0168327617152011,0.7607257267746474,0.0143174789235087,0.7640789197928205,0.0130796662186127,0.7086015388760816,0.0210636374645267,0.671147570432023,0.6921948444657345,0.0143947268286534,0.5670488907517739,0.5773180443699291,0.0125538465204495,-0.26727
4.09,10.1478,-0.16646,5.7252,5.9,0.2540583830427603,-0.2167,-0.21227,0.0020039506564828,-0.05314,0.0010207025121129,364.374,349.7109,6.391759350321448,39.9992,65.9115,11.800177005289108,65.3569,1.8530106412026488,127.186,45.1517,2.889778841289926,186.7967,53.169,177.5369,3.7818168035913535,0.7799167689590132,0.8361126912367893,0.0168327617152011,0.7607257267746474,0.0143174789235087,0.7640789197928205,0.0130796662186127,0.7086015388760816,0.0210636374645267,0.671147570432023,0.6921948444657345,0.0143947268286534,0.5670488907517739,0.5773180443699291,0.0125538465204495,-0.26727
4.87,10.1478,-0.16646,5.7252,5.9,0.2540583830427603,-0.2167,-0.21227,0.0020039506564828,-0.05314,0.0010207025121129,364.374,349.7109,6.391759350321448,39.9992,65.9115,11.800177005289108,65.3569,1.8530106412026488,127.186,45.1517,2.889778841289926,186.7967,53.169,177.5369,3.7818168035913535,0.7799167689590132,0.8361126912367893,0.0168327617152011,0.7607257267746474,0.0143174789235087,0.7640789197928205,0.0130796662186127,0.7086015388760816,0.0210636374645267,0.671147570432023,0.6921948444657345,0.0143947268286534,0.5670488907517739,0.5773180443699291,0.0125538465204495,-0.26727
2.21,11.0112,-0.17387,5.7252,5.9,0.2540583830427603,-0.2167,-0.21227,0.0020039506564828,-0.05314,0.0010207025121129,364.374,349.7109,6.391759350321448,39.9992,65.9115,11.800177005289108,65.3569,1.8530106412026488,127.186,45.1517,2.889778841289926,186.7967,53.169,177.5369,3.7818168035913535,0.7799167689590132,0.8361126912367893,0.0168327617152011,0.7607257267746474,0.0143174789235087,0.7640789197928205,0.0130796662186127,0.7086015388760816,0.0210636374645267,0.671147570432023,0.6921948444657345,0.0143947268286534,0.5670488907517739,0.5773180443699291,0.0125538465204495,-0.26727
2.41,11.0112,-0.17387,5.7252,5.9,0.2540583830427603,-0.2167,-0.21227,0.0020039506564828,-0.05314,0.0010207025121129,364.374,349.7109,6.391759350321448,39.9992,65.9115,11.800177005289108,65.3569,1.8530106412026488,127.186,45.1517,2.889778841289926,186.7967,53.169,177.5369,3.7818168035913535,0.7799167689590132,0.8361126912367893,0.0168327617152011,0.7607257267746474,0.0143174789235087,0.7640789197928205,0.0130796662186127,0.7086015388760816,0.0210636374645267,0.671147570432023,0.6921948444657345,0.0143947268286534,0.5670488907517739,0.5773180443699291,0.0125538465204495,-0.26727
2.48,11.0112,-0.17387,5.7252,5.9,0.2540583830427603,-0.2167,-0.21227,0.0020039506564828,-0.05314,0.0010207025121129,364.374,349.7109,6.391759350321448,39.9992,65.9115,11.800177005289108,65.3569,1.8530106412026488,127.186,45.1517,2.889778841289926,186.7967,53.169,177.5369,3.7818168035913535,0.7799167689590132,0.8361126912367893,0.0168327617152011,0.7607257267746474,0.0143174789235087,0.7640789197928205,0.0130796662186127,0.7086015388760816,0.0210636374645267,0.671147570432023,0.6921948444657345,0.0143947268286534,0.5670488907517739,0.5773180443699291,0.0125538465204495,-0.26727
0.99,11.0112,-0.17387,5.7252,5.9,0.2540583830427603,-0.2167,-0.21227,0.0020039506564828,-0.05314,0.0010207025121129,364.374,349.7109,6.391759350321448,39.9992,65.9115,11.800177005289108,65.3569,1.8530106412026488,127.186,45.1517,2.889778841289926,186.7967,53.169,177.5369,3.7818168035913535,0.7799167689590132,0.8361126912367893,0.0168327617152011,0.7607257267746474,0.0143174789235087,0.7640789197928205,0.0130796662186127,0.7086015388760816,0.0210636374645267,0.671147570432023,0.6921948444657345,0.0143947268286534,0.5670488907517739,0.5773180443699291,0.0125538465204495,-0.26727
1.3,11.0112,-0.17387,5.7252,5.9,0.2540583830427603,-0.2167,-0.21227,0.0020039506564828,-0.05314,0.0010207025121129,364.374,349.7109,6.391759350321448,39.9992,65.9115,11.800177005289108,65.3569,1.8530106412026488,127.186,45.1517,2.889778841289926,186.7967,53.169,177.5369,3.7818168035913535,0.7799167689590132,0.8361126912367893,0.0168327617152011,0.7607257267746474,0.0143174789235087,0.7640789197928205,0.0130796662186127,0.7086015388760816,0.0210636374645267,0.671147570432023,0.6921948444657345,0.0143947268286534,0.5670488907517739,0.5773180443699291,0.0125538465204495,-0.26727
1.23,11.0112,-0.17387,5.7252,5.9,0.2540583830427603,-0.2167,-0.21227,0.0020039506564828,-0.05314,0.0010207025121129,364.374,349.7109,6.391759350321448,39.9992,65.9115,11.800177005289108,65.3569,1.8530106412026488,127.186,45.1517,2.889778841289926,186.7967,53.169,177.5369,3.7818168035913535,0.7799167689590132,0.8361126912367893,0.0168327617152011,0.7607257267746474,0.0143174789235087,0.7640789197928205,0.0130796662186127,0.7086015388760816,0.0210636374645267,0.671147570432023,0.6921948444657345,0.0143947268286534,0.5670488907517739,0.5773180443699291,0.0125538465204495,-0.26727
2.77,11.0112,-0.17387,5.7252,5.9,0.2540583830427603,-0.2167,-0.21227,0.0020039506564828,-0.05314,0.0010207025121129,364.374,349.7109,6.391759350321448,39.9992,65.9115,11.800177005289108,65.3569,1.8530106412026488,127.186,45.1517,2.889778841289926,186.7967,53.169,177.5369,3.7818168035913535,0.7799167689590132,0.8361126912367893,0.0168327617152011,0.7607257267746474,0.0143174789235087,0.7640789197928205,0.0130796662186127,0.7086015388760816,0.0210636374645267,0.671147570432023,0.6921948444657345,0.0143947268286534,0.5670488907517739,0.5773180443699291,0.0125538465204495,-0.26727
3.13,11.0112,-0.17387,5.7252,5.9,0.2540583830427603,-0.2167,-0.21227,0.0020039506564828,-0.05314,0.0010207025121129,364.374,349.7109,6.391759350321448,39.9992,65.9115,11.800177005289108,65.3569,1.8530106412026488,127.186,45.1517,2.889778841289926,186.7967,53.169,177.5369,3.7818168035913535,0.7799167689590132,0.8361126912367893,0.0168327617152011,0.7607257267746474,0.0143174789235087,0.7640789197928205,0.0130796662186127,0.7086015388760816,0.0210636374645267,0.671147570432023,0.6921948444657345,0.0143947268286534,0.5670488907517739,0.5773180443699291,0.0125538465204495,-0.26727
3.18,11.0112,-0.17387,5.7252,5.9,0.2540583830427603,-0.2167,-0.21227,0.0020039506564828,-0.05314,0.0010207025121129,364.374,349.7109,6.391759350321448,39.9992,65.9115,11.800177005289108,65.3569,1.8530106412026488,127.186,45.1517,2.889778841289926,186.7967,53.169,177.5369,3.7818168035913535,0.7799167689590132,0.8361126912367893,0.0168327617152011,0.7607257267746474,0.0143174789235087,0.7640789197928205,0.0130796662186127,0.7086015388760816,0.0210636374645267,0.671147570432023,0.6921948444657345,0.0143947268286534,0.5670488907517739,0.5773180443699291,0.0125538465204495,-0.26727
14.83,7.1686,-0.19743,1.2279,1.1571,0.0405897770380671,-0.22075,-0.21336,0.0042723997940267,-0.01969,0.0024912697565699,381.1196,372.0266,5.24929809045935,154.698,157.1623,1.4285861037519996,57.3221,0.3520251695546785,174.2696,112.5804,0.3323081200733228,59.2517,111.8835,52.8706,2.0790660539450574,0.7568336277356965,0.7574922906499806,0.0085995739661041,0.8146462680758061,0.0064218238359532,0.8334481003562767,0.0078045292392308,0.7056974342085566,0.00263650802883,0.7611748151252955,0.7204874105565701,0.0235254865690311,0.7599473069668572,0.7807850064369329,0.0119875437820114,-0.26727
41.35,7.1686,-0.19743,1.2279,1.1571,0.0405897770380671,-0.22075,-0.21336,0.0042723997940267,-0.01969,0.0024912697565699,381.1196,372.0266,5.24929809045935,154.698,157.1623,1.4285861037519996,57.3221,0.3520251695546785,174.2696,112.5804,0.3323081200733228,59.2517,111.8835,52.8706,2.0790660539450574,0.7568336277356965,0.7574922906499806,0.0085995739661041,0.8146462680758061,0.0064218238359532,0.8334481003562767,0.0078045292392308,0.7056974342085566,0.00263650802883,0.7611748151252955,0.7204874105565701,0.0235254865690311,0.7599473069668572,0.7807850064369329,0.0119875437820114,-0.26727
51.37,7.1686,-0.19743,1.2279,1.1571,0.0405897770380671,-0.22075,-0.21336,0.0042723997940267,-0.01969,0.0024912697565699,381.1196,372.0266,5.24929809045935,154.698,157.1623,1.4285861037519996,57.3221,0.3520251695546785,174.2696,112.5804,0.3323081200733228,59.2517,111.8835,52.8706,2.0790660539450574,0.7568336277356965,0.7574922906499806,0.0085995739661041,0.8146462680758061,0.0064218238359532,0.8334481003562767,0.0078045292392308,0.7056974342085566,0.00263650802883,0.7611748151252955,0.7204874105565701,0.0235254865690311,0.7599473069668572,0.7807850064369329,0.0119875437820114,-0.26727
12.61,7.1686,-0.19743,1.2279,1.1571,0.0405897770380671,-0.22075,-0.21336,0.0042723997940267,-0.01969,0.0024912697565699,381.1196,372.0266,5.24929809045935,154.698,157.1623,1.4285861037519996,57.3221,0.3520251695546785,174.2696,112.5804,0.3323081200733228,59.2517,111.8835,52.8706,2.0790660539450574,0.7568336277356965,0.7574922906499806,0.0085995739661041,0.8146462680758061,0.0064218238359532,0.8334481003562767,0.0078045292392308,0.7056974342085566,0.00263650802883,0.7611748151252955,0.7204874105565701,0.0235254865690311,0.7599473069668572,0.7807850064369329,0.0119875437820114,-0.26727
35.64,7.1686,-0.19743,1.2279,1.1571,0.0405897770380671,-0.22075,-0.21336,0.0042723997940267,-0.01969,0.0024912697565699,381.1196,372.0266,5.24929809045935,154.698,157.1623,1.4285861037519996,57.3221,0.3520251695546785,174.2696,112.5804,0.3323081200733228,59.2517,111.8835,52.8706,2.0790660539450574,0.7568336277356965,0.7574922906499806,0.0085995739661041,0.8146462680758061,0.0064218238359532,0.8334481003562767,0.0078045292392308,0.7056974342085566,0.00263650802883,0.7611748151252955,0.7204874105565701,0.0235254865690311,0.7599473069668572,0.7807850064369329,0.0119875437820114,-0.26727
46.42,7.1686,-0.19743,1.2279,1.1571,0.0405897770380671,-0.22075,-0.21336,0.0042723997940267,-0.01969,0.0024912697565699,381.1196,372.0266,5.24929809045935,154.698,157.1623,1.4285861037519996,57.3221,0.3520251695546785,174.2696,112.5804,0.3323081200733228,59.2517,111.8835,52.8706,2.0790660539450574,0.7568336277356965,0.7574922906499806,0.0085995739661041,0.8146462680758061,0.0064218238359532,0.8334481003562767,0.0078045292392308,0.7056974342085566,0.00263650802883,0.7611748151252955,0.7204874105565701,0.0235254865690311,0.7599473069668572,0.7807850064369329,0.0119875437820114,-0.26727
16.83,7.1686,-0.19743,1.2279,1.1571,0.0405897770380671,-0.22075,-0.21336,0.0042723997940267,-0.01969,0.0024912697565699,381.1196,372.0266,5.24929809045935,154.698,157.1623,1.4285861037519996,57.3221,0.3520251695546785,174.2696,112.5804,0.3323081200733228,59.2517,111.8835,52.8706,2.0790660539450574,0.7568336277356965,0.7574922906499806,0.0085995739661041,0.8146462680758061,0.0064218238359532,0.8334481003562767,0.0078045292392308,0.7056974342085566,0.00263650802883,0.7611748151252955,0.7204874105565701,0.0235254865690311,0.7599473069668572,0.7807850064369329,0.0119875437820114,-0.26727
38.53,7.1686,-0.19743,1.2279,1.1571,0.0405897770380671,-0.22075,-0.21336,0.0042723997940267,-0.01969,0.0024912697565699,381.1196,372.0266,5.24929809045935,154.698,157.1623,1.4285861037519996,57.3221,0.3520251695546785,174.2696,112.5804,0.3323081200733228,59.2517,111.8835,52.8706,2.0790660539450574,0.7568336277356965,0.7574922906499806,0.0085995739661041,0.8146462680758061,0.0064218238359532,0.8334481003562767,0.0078045292392308,0.7056974342085566,0.00263650802883,0.7611748151252955,0.7204874105565701,0.0235254865690311,0.7599473069668572,0.7807850064369329,0.0119875437820114,-0.26727
52.47,7.1686,-0.19743,1.2279,1.1571,0.0405897770380671,-0.22075,-0.21336,0.0042723997940267,-0.01969,0.0024912697565699,381.1196,372.0266,5.24929809045935,154.698,157.1623,1.4285861037519996,57.3221,0.3520251695546785,174.2696,112.5804,0.3323081200733228,59.2517,111.8835,52.8706,2.0790660539450574,0.7568336277356965,0.7574922906499806,0.0085995739661041,0.8146462680758061,0.0064218238359532,0.8334481003562767,0.0078045292392308,0.7056974342085566,0.00263650802883,0.7611748151252955,0.7204874105565701,0.0235254865690311,0.7599473069668572,0.7807850064369329,0.0119875437820114,-0.26727
21.51,7.7731,-0.2019,1.2279,1.1571,0.0405897770380671,-0.22075,-0.21336,0.0042723997940267,-0.01969,0.0024912697565699,381.1196,372.0266,5.24929809045935,154.698,157.1623,1.4285861037519996,57.3221,0.3520251695546785,174.2696,112.5804,0.3323081200733228,59.2517,111.8835,52.8706,2.0790660539450574,0.7568336277356965,0.7574922906499806,0.0085995739661041,0.8146462680758061,0.0064218238359532,0.8334481003562767,0.0078045292392308,0.7056974342085566,0.00263650802883,0.7611748151252955,0.7204874105565701,0.0235254865690311,0.7599473069668572,0.7807850064369329,0.0119875437820114,-0.26727
36.23,7.7731,-0.2019,1.2279,1.1571,0.0405897770380671,-0.22075,-0.21336,0.0042723997940267,-0.01969,0.0024912697565699,381.1196,372.0266,5.24929809045935,154.698,157.1623,1.4285861037519996,57.3221,0.3520251695546785,174.2696,112.5804,0.3323081200733228,59.2517,111.8835,52.8706,2.0790660539450574,0.7568336277356965,0.7574922906499806,0.0085995739661041,0.8146462680758061,0.0064218238359532,0.8334481003562767,0.0078045292392308,0.7056974342085566,0.00263650802883,0.7611748151252955,0.7204874105565701,0.0235254865690311,0.7599473069668572,0.7807850064369329,0.0119875437820114,-0.26727
42.62,7.7731,-0.2019,1.2279,1.1571,0.0405897770380671,-0.22075,-0.21336,0.0042723997940267,-0.01969,0.0024912697565699,381.1196,372.0266,5.24929809045935,154.698,157.1623,1.4285861037519996,57.3221,0.3520251695546785,174.2696,112.5804,0.3323081200733228,59.2517,111.8835,52.8706,2.0790660539450574,0.7568336277356965,0.7574922906499806,0.0085995739661041,0.8146462680758061,0.0064218238359532,0.8334481003562767,0.0078045292392308,0.7056974342085566,0.00263650802883,0.7611748151252955,0.7204874105565701,0.0235254865690311,0.7599473069668572,0.7807850064369329,0.0119875437820114,-0.26727
17.63,7.7731,-0.2019,1.2279,1.1571,0.0405897770380671,-0.22075,-0.21336,0.0042723997940267,-0.01969,0.0024912697565699,381.1196,372.0266,5.24929809045935,154.698,157.1623,1.4285861037519996,57.3221,0.3520251695546785,174.2696,112.5804,0.3323081200733228,59.2517,111.8835,52.8706,2.0790660539450574,0.7568336277356965,0.7574922906499806,0.0085995739661041,0.8146462680758061,0.0064218238359532,0.8334481003562767,0.0078045292392308,0.7056974342085566,0.00263650802883,0.7611748151252955,0.7204874105565701,0.0235254865690311,0.7599473069668572,0.7807850064369329,0.0119875437820114,-0.26727
30.75,7.7731,-0.2019,1.2279,1.1571,0.0405897770380671,-0.22075,-0.21336,0.0042723997940267,-0.01969,0.0024912697565699,381.1196,372.0266,5.24929809045935,154.698,157.1623,1.4285861037519996,57.3221,0.3520251695546785,174.2696,112.5804,0.3323081200733228,59.2517,111.8835,52.8706,2.0790660539450574,0.7568336277356965,0.7574922906499806,0.0085995739661041,0.8146462680758061,0.0064218238359532,0.8334481003562767,0.0078045292392308,0.7056974342085566,0.00263650802883,0.7611748151252955,0.7204874105565701,0.0235254865690311,0.7599473069668572,0.7807850064369329,0.0119875437820114,-0.26727
33.69,7.7731,-0.2019,1.2279,1.1571,0.0405897770380671,-0.22075,-0.21336,0.0042723997940267,-0.01969,0.0024912697565699,381.1196,372.0266,5.24929809045935,154.698,157.1623,1.4285861037519996,57.3221,0.3520251695546785,174.2696,112.5804,0.3323081200733228,59.2517,111.8835,52.8706,2.0790660539450574,0.7568336277356965,0.7574922906499806,0.0085995739661041,0.8146462680758061,0.0064218238359532,0.8334481003562767,0.0078045292392308,0.7056974342085566,0.00263650802883,0.7611748151252955,0.7204874105565701,0.0235254865690311,0.7599473069668572,0.7807850064369329,0.0119875437820114,-0.26727
22.65,7.7731,-0.2019,1.2279,1.1571,0.0405897770380671,-0.22075,-0.21336,0.0042723997940267,-0.01969,0.0024912697565699,381.1196,372.0266,5.24929809045935,154.698,157.1623,1.4285861037519996,57.3221,0.3520251695546785,174.2696,112.5804,0.3323081200733228,59.2517,111.8835,52.8706,2.0790660539450574,0.7568336277356965,0.7574922906499806,0.0085995739661041,0.8146462680758061,0.0064218238359532,0.8334481003562767,0.0078045292392308,0.7056974342085566,0.00263650802883,0.7611748151252955,0.7204874105565701,0.0235254865690311,0.7599473069668572,0.7807850064369329,0.0119875437820114,-0.26727
32.43,7.7731,-0.2019,1.2279,1.1571,0.0405897770380671,-0.22075,-0.21336,0.0042723997940267,-0.01969,0.0024912697565699,381.1196,372.0266,5.24929809045935,154.698,157.1623,1.4285861037519996,57.3221,0.3520251695546785,174.2696,112.5804,0.3323081200733228,59.2517,111.8835,52.8706,2.0790660539450574,0.7568336277356965,0.7574922906499806,0.0085995739661041,0.8146462680758061,0.0064218238359532,0.8334481003562767,0.0078045292392308,0.7056974342085566,0.00263650802883,0.7611748151252955,0.7204874105565701,0.0235254865690311,0.7599473069668572,0.7807850064369329,0.0119875437820114,-0.26727
45.73,7.7731,-0.2019,1.2279,1.1571,0.0405897770380671,-0.22075,-0.21336,0.0042723997940267,-0.01969,0.0024912697565699,381.1196,372.0266,5.24929809045935,154.698,157.1623,1.4285861037519996,57.3221,0.3520251695546785,174.2696,112.5804,0.3323081200733228,59.2517,111.8835,52.8706,2.0790660539450574,0.7568336277356965,0.7574922906499806,0.0085995739661041,0.8146462680758061,0.0064218238359532,0.8334481003562767,0.0078045292392308,0.7056974342085566,0.00263650802883,0.7611748151252955,0.7204874105565701,0.0235254865690311,0.7599473069668572,0.7807850064369329,0.0119875437820114,-0.26727
24.59,10.1478,-0.16646,1.2279,1.1571,0.0405897770380671,-0.22075,-0.21336,0.0042723997940267,-0.01969,0.0024912697565699,381.1196,372.0266,5.24929809045935,154.698,157.1623,1.4285861037519996,57.3221,0.3520251695546785,174.2696,112.5804,0.3323081200733228,59.2517,111.8835,52.8706,2.0790660539450574,0.7568336277356965,0.7574922906499806,0.0085995739661041,0.8146462680758061,0.0064218238359532,0.8334481003562767,0.0078045292392308,0.7056974342085566,0.00263650802883,0.7611748151252955,0.7204874105565701,0.0235254865690311,0.7599473069668572,0.7807850064369329,0.0119875437820114,-0.26727
45.01,10.1478,-0.16646,1.2279,1.1571,0.0405897770380671,-0.22075,-0.21336,0.0042723997940267,-0.01969,0.0024912697565699,381.1196,372.0266,5.24929809045935,154.698,157.1623,1.4285861037519996,57.3221,0.3520251695546785,174.2696,112.5804,0.3323081200733228,59.2517,111.8835,52.8706,2.0790660539450574,0.7568336277356965,0.7574922906499806,0.0085995739661041,0.8146462680758061,0.0064218238359532,0.8334481003562767,0.0078045292392308,0.7056974342085566,0.00263650802883,0.7611748151252955,0.7204874105565701,0.0235254865690311,0.7599473069668572,0.7807850064369329,0.0119875437820114,-0.26727
57.84,10.1478,-0.16646,1.2279,1.1571,0.0405897770380671,-0.22075,-0.21336,0.0042723997940267,-0.01969,0.0024912697565699,381.1196,372.0266,5.24929809045935,154.698,157.1623,1.4285861037519996,57.3221,0.3520251695546785,174.2696,112.5804,0.3323081200733228,59.2517,111.8835,52.8706,2.0790660539450574,0.7568336277356965,0.7574922906499806,0.0085995739661041,0.8146462680758061,0.0064218238359532,0.8334481003562767,0.0078045292392308,0.7056974342085566,0.00263650802883,0.7611748151252955,0.7204874105565701,0.0235254865690311,0.7599473069668572,0.7807850064369329,0.0119875437820114,-0.26727
20.2,10.1478,-0.16646,1.2279,1.1571,0.0405897770380671,-0.22075,-0.21336,0.0042723997940267,-0.01969,0.0024912697565699,381.1196,372.0266,5.24929809045935,154.698,157.1623,1.4285861037519996,57.3221,0.3520251695546785,174.2696,112.5804,0.3323081200733228,59.2517,111.8835,52.8706,2.0790660539450574,0.7568336277356965,0.7574922906499806,0.0085995739661041,0.8146462680758061,0.0064218238359532,0.8334481003562767,0.0078045292392308,0.7056974342085566,0.00263650802883,0.7611748151252955,0.7204874105565701,0.0235254865690311,0.7599473069668572,0.7807850064369329,0.0119875437820114,-0.26727
38.53,10.1478,-0.16646,1.2279,1.1571,0.0405897770380671,-0.22075,-0.21336,0.0042723997940267,-0.01969,0.0024912697565699,381.1196,372.0266,5.24929809045935,154.698,157.1623,1.4285861037519996,57.3221,0.3520251695546785,174.2696,112.5804,0.3323081200733228,59.2517,111.8835,52.8706,2.0790660539450574,0.7568336277356965,0.7574922906499806,0.0085995739661041,0.8146462680758061,0.0064218238359532,0.8334481003562767,0.0078045292392308,0.7056974342085566,0.00263650802883,0.7611748151252955,0.7204874105565701,0.0235254865690311,0.7599473069668572,0.7807850064369329,0.0119875437820114,-0.26727
38.65,10.1478,-0.16646,1.2279,1.1571,0.0405897770380671,-0.22075,-0.21336,0.0042723997940267,-0.01969,0.0024912697565699,381.1196,372.0266,5.24929809045935,154.698,157.1623,1.4285861037519996,57.3221,0.3520251695546785,174.2696,112.5804,0.3323081200733228,59.2517,111.8835,52.8706,2.0790660539450574,0.7568336277356965,0.7574922906499806,0.0085995739661041,0.8146462680758061,0.0064218238359532,0.8334481003562767,0.0078045292392308,0.7056974342085566,0.00263650802883,0.7611748151252955,0.7204874105565701,0.0235254865690311,0.7599473069668572,0.7807850064369329,0.0119875437820114,-0.26727
31.58,10.1478,-0.16646,1.2279,1.1571,0.0405897770380671,-0.22075,-0.21336,0.0042723997940267,-0.01969,0.0024912697565699,381.1196,372.0266,5.24929809045935,154.698,157.1623,1.4285861037519996,57.3221,0.3520251695546785,174.2696,112.5804,0.3323081200733228,59.2517,111.8835,52.8706,2.0790660539450574,0.7568336277356965,0.7574922906499806,0.0085995739661041,0.8146462680758061,0.0064218238359532,0.8334481003562767,0.0078045292392308,0.7056974342085566,0.00263650802883,0.7611748151252955,0.7204874105565701,0.0235254865690311,0.7599473069668572,0.7807850064369329,0.0119875437820114,-0.26727
50.69,10.1478,-0.16646,1.2279,1.1571,0.0405897770380671,-0.22075,-0.21336,0.0042723997940267,-0.01969,0.0024912697565699,381.1196,372.0266,5.24929809045935,154.698,157.1623,1.4285861037519996,57.3221,0.3520251695546785,174.2696,112.5804,0.3323081200733228,59.2517,111.8835,52.8706,2.0790660539450574,0.7568336277356965,0.7574922906499806,0.0085995739661041,0.8146462680758061,0.0064218238359532,0.8334481003562767,0.0078045292392308,0.7056974342085566,0.00263650802883,0.7611748151252955,0.7204874105565701,0.0235254865690311,0.7599473069668572,0.7807850064369329,0.0119875437820114,-0.26727
62.33,10.1478,-0.16646,1.2279,1.1571,0.0405897770380671,-0.22075,-0.21336,0.0042723997940267,-0.01969,0.0024912697565699,381.1196,372.0266,5.24929809045935,154.698,157.1623,1.4285861037519996,57.3221,0.3520251695546785,174.2696,112.5804,0.3323081200733228,59.2517,111.8835,52.8706,2.0790660539450574,0.7568336277356965,0.7574922906499806,0.0085995739661041,0.8146462680758061,0.0064218238359532,0.8334481003562767,0.0078045292392308,0.7056974342085566,0.00263650802883,0.7611748151252955,0.7204874105565701,0.0235254865690311,0.7599473069668572,0.7807850064369329,0.0119875437820114,-0.26727
17.93,11.0112,-0.17387,1.2279,1.1571,0.0405897770380671,-0.22075,-0.21336,0.0042723997940267,-0.01969,0.0024912697565699,381.1196,372.0266,5.24929809045935,154.698,157.1623,1.4285861037519996,57.3221,0.3520251695546785,174.2696,112.5804,0.3323081200733228,59.2517,111.8835,52.8706,2.0790660539450574,0.7568336277356965,0.7574922906499806,0.0085995739661041,0.8146462680758061,0.0064218238359532,0.8334481003562767,0.0078045292392308,0.7056974342085566,0.00263650802883,0.7611748151252955,0.7204874105565701,0.0235254865690311,0.7599473069668572,0.7807850064369329,0.0119875437820114,-0.26727
24.0,11.0112,-0.17387,1.2279,1.1571,0.0405897770380671,-0.22075,-0.21336,0.0042723997940267,-0.01969,0.0024912697565699,381.1196,372.0266,5.24929809045935,154.698,157.1623,1.4285861037519996,57.3221,0.3520251695546785,174.2696,112.5804,0.3323081200733228,59.2517,111.8835,52.8706,2.0790660539450574,0.7568336277356965,0.7574922906499806,0.0085995739661041,0.8146462680758061,0.0064218238359532,0.8334481003562767,0.0078045292392308,0.7056974342085566,0.00263650802883,0.7611748151252955,0.7204874105565701,0.0235254865690311,0.7599473069668572,0.7807850064369329,0.0119875437820114,-0.26727
26.74,11.0112,-0.17387,1.2279,1.1571,0.0405897770380671,-0.22075,-0.21336,0.0042723997940267,-0.01969,0.0024912697565699,381.1196,372.0266,5.24929809045935,154.698,157.1623,1.4285861037519996,57.3221,0.3520251695546785,174.2696,112.5804,0.3323081200733228,59.2517,111.8835,52.8706,2.0790660539450574,0.7568336277356965,0.7574922906499806,0.0085995739661041,0.8146462680758061,0.0064218238359532,0.8334481003562767,0.0078045292392308,0.7056974342085566,0.00263650802883,0.7611748151252955,0.7204874105565701,0.0235254865690311,0.7599473069668572,0.7807850064369329,0.0119875437820114,-0.26727
14.68,11.0112,-0.17387,1.2279,1.1571,0.0405897770380671,-0.22075,-0.21336,0.0042723997940267,-0.01969,0.0024912697565699,381.1196,372.0266,5.24929809045935,154.698,157.1623,1.4285861037519996,57.3221,0.3520251695546785,174.2696,112.5804,0.3323081200733228,59.2517,111.8835,52.8706,2.0790660539450574,0.7568336277356965,0.7574922906499806,0.0085995739661041,0.8146462680758061,0.0064218238359532,0.8334481003562767,0.0078045292392308,0.7056974342085566,0.00263650802883,0.7611748151252955,0.7204874105565701,0.0235254865690311,0.7599473069668572,0.7807850064369329,0.0119875437820114,-0.26727
19.84,11.0112,-0.17387,1.2279,1.1571,0.0405897770380671,-0.22075,-0.21336,0.0042723997940267,-0.01969,0.0024912697565699,381.1196,372.0266,5.24929809045935,154.698,157.1623,1.4285861037519996,57.3221,0.3520251695546785,174.2696,112.5804,0.3323081200733228,59.2517,111.8835,52.8706,2.0790660539450574,0.7568336277356965,0.7574922906499806,0.0085995739661041,0.8146462680758061,0.0064218238359532,0.8334481003562767,0.0078045292392308,0.7056974342085566,0.00263650802883,0.7611748151252955,0.7204874105565701,0.0235254865690311,0.7599473069668572,0.7807850064369329,0.0119875437820114,-0.26727
19.71,11.0112,-0.17387,1.2279,1.1571,0.0405897770380671,-0.22075,-0.21336,0.0042723997940267,-0.01969,0.0024912697565699,381.1196,372.0266,5.24929809045935,154.698,157.1623,1.4285861037519996,57.3221,0.3520251695546785,174.2696,112.5804,0.3323081200733228,59.2517,111.8835,52.8706,2.0790660539450574,0.7568336277356965,0.7574922906499806,0.0085995739661041,0.8146462680758061,0.0064218238359532,0.8334481003562767,0.0078045292392308,0.7056974342085566,0.00263650802883,0.7611748151252955,0.7204874105565701,0.0235254865690311,0.7599473069668572,0.7807850064369329,0.0119875437820114,-0.26727
18.93,11.0112,-0.17387,1.2279,1.1571,0.0405897770380671,-0.22075,-0.21336,0.0042723997940267,-0.01969,0.0024912697565699,381.1196,372.0266,5.24929809045935,154.698,157.1623,1.4285861037519996,57.3221,0.3520251695546785,174.2696,112.5804,0.3323081200733228,59.2517,111.8835,52.8706,2.0790660539450574,0.7568336277356965,0.7574922906499806,0.0085995739661041,0.8146462680758061,0.0064218238359532,0.8334481003562767,0.0078045292392308,0.7056974342085566,0.00263650802883,0.7611748151252955,0.7204874105565701,0.0235254865690311,0.7599473069668572,0.7807850064369329,0.0119875437820114,-0.26727
22.88,11.0112,-0.17387,1.2279,1.1571,0.0405897770380671,-0.22075,-0.21336,0.0042723997940267,-0.01969,0.0024912697565699,381.1196,372.0266,5.24929809045935,154.698,157.1623,1.4285861037519996,57.3221,0.3520251695546785,174.2696,112.5804,0.3323081200733228,59.2517,111.8835,52.8706,2.0790660539450574,0.7568336277356965,0.7574922906499806,0.0085995739661041,0.8146462680758061,0.0064218238359532,0.8334481003562767,0.0078045292392308,0.7056974342085566,0.00263650802883,0.7611748151252955,0.7204874105565701,0.0235254865690311,0.7599473069668572,0.7807850064369329,0.0119875437820114,-0.26727
26.69,11.0112,-0.17387,1.2279,1.1571,0.0405897770380671,-0.22075,-0.21336,0.0042723997940267,-0.01969,0.0024912697565699,381.1196,372.0266,5.24929809045935,154.698,157.1623,1.4285861037519996,57.3221,0.3520251695546785,174.2696,112.5804,0.3323081200733228,59.2517,111.8835,52.8706,2.0790660539450574,0.7568336277356965,0.7574922906499806,0.0085995739661041,0.8146462680758061,0.0064218238359532,0.8334481003562767,0.0078045292392308,0.7056974342085566,0.00263650802883,0.7611748151252955,0.7204874105565701,0.0235254865690311,0.7599473069668572,0.7807850064369329,0.0119875437820114,-0.26727
0.0,7.1686,-0.19743,1.3621,1.3622,5.77350269189e-05,-0.22408,-0.22408,0.0,-0.01341,0.0,411.2345,411.2504,0.009388468103663,64.536,64.5211,0.0074594459132909,54.2411,0.0005773502691923,184.8409,172.1506,0.0018248287590846,23.9094,172.1524,23.9091,0.002055075018907,0.6425855513307984,0.703032843328044,4.57329191237e-05,0.4738780276039639,2.99392233765e-05,0.4739079668273405,2.99392233765e-05,0.4739079668273405,3.45708373515e-05,0.4738780276039639,0.473937906050717,4.57329191237e-05,0.6425855513307984,0.3622945420795784,7.53453932044e-05,-0.26727
0.0,7.1686,-0.19743,1.3621,1.3622,5.77350269189e-05,-0.22408,-0.22408,0.0,-0.01341,0.0,411.2345,411.2504,0.009388468103663,64.536,64.5211,0.0074594459132909,54.2411,0.0005773502691923,184.8409,172.1506,0.0018248287590846,23.9094,172.1524,23.9091,0.002055075018907,0.6425855513307984,0.703032843328044,4.57329191237e-05,0.4738780276039639,2.99392233765e-05,0.4739079668273405,2.99392233765e-05,0.4739079668273405,3.45708373515e-05,0.4738780276039639,0.473937906050717,4.57329191237e-05,0.6425855513307984,0.3622945420795784,7.53453932044e-05,-0.26727
0.0,7.1686,-0.19743,1.3621,1.3622,5.77350269189e-05,-0.22408,-0.22408,0.0,-0.01341,0.0,411.2345,411.2504,0.009388468103663,64.536,64.5211,0.0074594459132909,54.2411,0.0005773502691923,184.8409,172.1506,0.0018248287590846,23.9094,172.1524,23.9091,0.002055075018907,0.6425855513307984,0.703032843328044,4.57329191237e-05,0.4738780276039639,2.99392233765e-05,0.4739079668273405,2.99392233765e-05,0.4739079668273405,3.45708373515e-05,0.4738780276039639,0.473937906050717,4.57329191237e-05,0.6425855513307984,0.3622945420795784,7.53453932044e-05,-0.26727
0.0,7.1686,-0.19743,1.3621,1.3622,5.77350269189e-05,-0.22408,-0.22408,0.0,-0.01341,0.0,411.2345,411.2504,0.009388468103663,64.536,64.5211,0.0074594459132909,54.2411,0.0005773502691923,184.8409,172.1506,0.0018248287590846,23.9094,172.1524,23.9091,0.002055075018907,0.6425855513307984,0.703032843328044,4.57329191237e-05,0.4738780276039639,2.99392233765e-05,0.4739079668273405,2.99392233765e-05,0.4739079668273405,3.45708373515e-05,0.4738780276039639,0.473937906050717,4.57329191237e-05,0.6425855513307984,0.3622945420795784,7.53453932044e-05,-0.26727
0.0,7.1686,-0.19743,1.3621,1.3622,5.77350269189e-05,-0.22408,-0.22408,0.0,-0.01341,0.0,411.2345,411.2504,0.009388468103663,64.536,64.5211,0.0074594459132909,54.2411,0.0005773502691923,184.8409,172.1506,0.0018248287590846,23.9094,172.1524,23.9091,0.002055075018907,0.6425855513307984,0.703032843328044,4.57329191237e-05,0.4738780276039639,2.99392233765e-05,0.4739079668273405,2.99392233765e-05,0.4739079668273405,3.45708373515e-05,0.4738780276039639,0.473937906050717,4.57329191237e-05,0.6425855513307984,0.3622945420795784,7.53453932044e-05,-0.26727
0.0,7.1686,-0.19743,1.3621,1.3622,5.77350269189e-05,-0.22408,-0.22408,0.0,-0.01341,0.0,411.2345,411.2504,0.009388468103663,64.536,64.5211,0.0074594459132909,54.2411,0.0005773502691923,184.8409,172.1506,0.0018248287590846,23.9094,172.1524,23.9091,0.002055075018907,0.6425855513307984,0.703032843328044,4.57329191237e-05,0.4738780276039639,2.99392233765e-05,0.4739079668273405,2.99392233765e-05,0.4739079668273405,3.45708373515e-05,0.4738780276039639,0.473937906050717,4.57329191237e-05,0.6425855513307984,0.3622945420795784,7.53453932044e-05,-0.26727
0.0,7.1686,-0.19743,1.3621,1.3622,5.77350269189e-05,-0.22408,-0.22408,0.0,-0.01341,0.0,411.2345,411.2504,0.009388468103663,64.536,64.5211,0.0074594459132909,54.2411,0.0005773502691923,184.8409,172.1506,0.0018248287590846,23.9094,172.1524,23.9091,0.002055075018907,0.6425855513307984,0.703032843328044,4.57329191237e-05,0.4738780276039639,2.99392233765e-05,0.4739079668273405,2.99392233765e-05,0.4739079668273405,3.45708373515e-05,0.4738780276039639,0.473937906050717,4.57329191237e-05,0.6425855513307984,0.3622945420795784,7.53453932044e-05,-0.26727
0.0,7.1686,-0.19743,1.3621,1.3622,5.77350269189e-05,-0.22408,-0.22408,0.0,-0.01341,0.0,411.2345,411.2504,0.009388468103663,64.536,64.5211,0.0074594459132909,54.2411,0.0005773502691923,184.8409,172.1506,0.0018248287590846,23.9094,172.1524,23.9091,0.002055075018907,0.6425855513307984,0.703032843328044,4.57329191237e-05,0.4738780276039639,2.99392233765e-05,0.4739079668273405,2.99392233765e-05,0.4739079668273405,3.45708373515e-05,0.4738780276039639,0.473937906050717,4.57329191237e-05,0.6425855513307984,0.3622945420795784,7.53453932044e-05,-0.26727
0.0,7.1686,-0.19743,1.3621,1.3622,5.77350269189e-05,-0.22408,-0.22408,0.0,-0.01341,0.0,411.2345,411.2504,0.009388468103663,64.536,64.5211,0.0074594459132909,54.2411,0.0005773502691923,184.8409,172.1506,0.0018248287590846,23.9094,172.1524,23.9091,0.002055075018907,0.6425855513307984,0.703032843328044,4.57329191237e-05,0.4738780276039639,2.99392233765e-05,0.4739079668273405,2.99392233765e-05,0.4739079668273405,3.45708373515e-05,0.4738780276039639,0.473937906050717,4.57329191237e-05,0.6425855513307984,0.3622945420795784,7.53453932044e-05,-0.26727
0.0,7.7731,-0.2019,1.3621,1.3622,5.77350269189e-05,-0.22408,-0.22408,0.0,-0.01341,0.0,411.2345,411.2504,0.009388468103663,64.536,64.5211,0.0074594459132909,54.2411,0.0005773502691923,184.8409,172.1506,0.0018248287590846,23.9094,172.1524,23.9091,0.002055075018907,0.6425855513307984,0.703032843328044,4.57329191237e-05,0.4738780276039639,2.99392233765e-05,0.4739079668273405,2.99392233765e-05,0.4739079668273405,3.45708373515e-05,0.4738780276039639,0.473937906050717,4.57329191237e-05,0.6425855513307984,0.3622945420795784,7.53453932044e-05,-0.26727
0.0,7.7731,-0.2019,1.3621,1.3622,5.77350269189e-05,-0.22408,-0.22408,0.0,-0.01341,0.0,411.2345,411.2504,0.009388468103663,64.536,64.5211,0.0074594459132909,54.2411,0.0005773502691923,184.8409,172.1506,0.0018248287590846,23.9094,172.1524,23.9091,0.002055075018907,0.6425855513307984,0.703032843328044,4.57329191237e-05,0.4738780276039639,2.99392233765e-05,0.4739079668273405,2.99392233765e-05,0.4739079668273405,3.45708373515e-05,0.4738780276039639,0.473937906050717,4.57329191237e-05,0.6425855513307984,0.3622945420795784,7.53453932044e-05,-0.26727
0.0,7.7731,-0.2019,1.3621,1.3622,5.77350269189e-05,-0.22408,-0.22408,0.0,-0.01341,0.0,411.2345,411.2504,0.009388468103663,64.536,64.5211,0.0074594459132909,54.2411,0.0005773502691923,184.8409,172.1506,0.0018248287590846,23.9094,172.1524,23.9091,0.002055075018907,0.6425855513307984,0.703032843328044,4.57329191237e-05,0.4738780276039639,2.99392233765e-05,0.4739079668273405,2.99392233765e-05,0.4739079668273405,3.45708373515e-05,0.4738780276039639,0.473937906050717,4.57329191237e-05,0.6425855513307984,0.3622945420795784,7.53453932044e-05,-0.26727
0.0,7.7731,-0.2019,1.3621,1.3622,5.77350269189e-05,-0.22408,-0.22408,0.0,-0.01341,0.0,411.2345,411.2504,0.009388468103663,64.536,64.5211,0.0074594459132909,54.2411,0.0005773502691923,184.8409,172.1506,0.0018248287590846,23.9094,172.1524,23.9091,0.002055075018907,0.6425855513307984,0.703032843328044,4.57329191237e-05,0.4738780276039639,2.99392233765e-05,0.4739079668273405,2.99392233765e-05,0.4739079668273405,3.45708373515e-05,0.4738780276039639,0.473937906050717,4.57329191237e-05,0.6425855513307984,0.3622945420795784,7.53453932044e-05,-0.26727
0.0,7.7731,-0.2019,1.3621,1.3622,5.77350269189e-05,-0.22408,-0.22408,0.0,-0.01341,0.0,411.2345,411.2504,0.009388468103663,64.536,64.5211,0.0074594459132909,54.2411,0.0005773502691923,184.8409,172.1506,0.0018248287590846,23.9094,172.1524,23.9091,0.002055075018907,0.6425855513307984,0.703032843328044,4.57329191237e-05,0.4738780276039639,2.99392233765e-05,0.4739079668273405,2.99392233765e-05,0.4739079668273405,3.45708373515e-05,0.4738780276039639,0.473937906050717,4.57329191237e-05,0.6425855513307984,0.3622945420795784,7.53453932044e-05,-0.26727
0.0,7.7731,-0.2019,1.3621,1.3622,5.77350269189e-05,-0.22408,-0.22408,0.0,-0.01341,0.0,411.2345,411.2504,0.009388468103663,64.536,64.5211,0.0074594459132909,54.2411,0.0005773502691923,184.8409,172.1506,0.0018248287590846,23.9094,172.1524,23.9091,0.002055075018907,0.6425855513307984,0.703032843328044,4.57329191237e-05,0.4738780276039639,2.99392233765e-05,0.4739079668273405,2.99392233765e-05,0.4739079668273405,3.45708373515e-05,0.4738780276039639,0.473937906050717,4.57329191237e-05,0.6425855513307984,0.3622945420795784,7.53453932044e-05,-0.26727
0.0,7.7731,-0.2019,1.3621,1.3622,5.77350269189e-05,-0.22408,-0.22408,0.0,-0.01341,0.0,411.2345,411.2504,0.009388468103663,64.536,64.5211,0.0074594459132909,54.2411,0.0005773502691923,184.8409,172.1506,0.0018248287590846,23.9094,172.1524,23.9091,0.002055075018907,0.6425855513307984,0.703032843328044,4.57329191237e-05,0.4738780276039639,2.99392233765e-05,0.4739079668273405,2.99392233765e-05,0.4739079668273405,3.45708373515e-05,0.4738780276039639,0.473937906050717,4.57329191237e-05,0.6425855513307984,0.3622945420795784,7.53453932044e-05,-0.26727
0.0,7.7731,-0.2019,1.3621,1.3622,5.77350269189e-05,-0.22408,-0.22408,0.0,-0.01341,0.0,411.2345,411.2504,0.009388468103663,64.536,64.5211,0.0074594459132909,54.2411,0.0005773502691923,184.8409,172.1506,0.0018248287590846,23.9094,172.1524,23.9091,0.002055075018907,0.6425855513307984,0.703032843328044,4.57329191237e-05,0.4738780276039639,2.99392233765e-05,0.4739079668273405,2.99392233765e-05,0.4739079668273405,3.45708373515e-05,0.4738780276039639,0.473937906050717,4.57329191237e-05,0.6425855513307984,0.3622945420795784,7.53453932044e-05,-0.26727
0.0,7.7731,-0.2019,1.3621,1.3622,5.77350269189e-05,-0.22408,-0.22408,0.0,-0.01341,0.0,411.2345,411.2504,0.009388468103663,64.536,64.5211,0.0074594459132909,54.2411,0.0005773502691923,184.8409,172.1506,0.0018248287590846,23.9094,172.1524,23.9091,0.002055075018907,0.6425855513307984,0.703032843328044,4.57329191237e-05,0.4738780276039639,2.99392233765e-05,0.4739079668273405,2.99392233765e-05,0.4739079668273405,3.45708373515e-05,0.4738780276039639,0.473937906050717,4.57329191237e-05,0.6425855513307984,0.3622945420795784,7.53453932044e-05,-0.26727
0.0,10.1478,-0.16646,1.3621,1.3622,5.77350269189e-05,-0.22408,-0.22408,0.0,-0.01341,0.0,411.2345,411.2504,0.009388468103663,64.536,64.5211,0.0074594459132909,54.2411,0.0005773502691923,184.8409,172.1506,0.0018248287590846,23.9094,172.1524,23.9091,0.002055075018907,0.6425855513307984,0.703032843328044,4.57329191237e-05,0.4738780276039639,2.99392233765e-05,0.4739079668273405,2.99392233765e-05,0.4739079668273405,3.45708373515e-05,0.4738780276039639,0.473937906050717,4.57329191237e-05,0.6425855513307984,0.3622945420795784,7.53453932044e-05,-0.26727
0.0,10.1478,-0.16646,1.3621,1.3622,5.77350269189e-05,-0.22408,-0.22408,0.0,-0.01341,0.0,411.2345,411.2504,0.009388468103663,64.536,64.5211,0.0074594459132909,54.2411,0.0005773502691923,184.8409,172.1506,0.0018248287590846,23.9094,172.1524,23.9091,0.002055075018907,0.6425855513307984,0.703032843328044,4.57329191237e-05,0.4738780276039639,2.99392233765e-05,0.4739079668273405,2.99392233765e-05,0.4739079668273405,3.45708373515e-05,0.4738780276039639,0.473937906050717,4.57329191237e-05,0.6425855513307984,0.3622945420795784,7.53453932044e-05,-0.26727
0.0,10.1478,-0.16646,1.3621,1.3622,5.77350269189e-05,-0.22408,-0.22408,0.0,-0.01341,0.0,411.2345,411.2504,0.009388468103663,64.536,64.5211,0.0074594459132909,54.2411,0.0005773502691923,184.8409,172.1506,0.0018248287590846,23.9094,172.1524,23.9091,0.002055075018907,0.6425855513307984,0.703032843328044,4.57329191237e-05,0.4738780276039639,2.99392233765e-05,0.4739079668273405,2.99392233765e-05,0.4739079668273405,3.45708373515e-05,0.4738780276039639,0.473937906050717,4.57329191237e-05,0.6425855513307984,0.3622945420795784,7.53453932044e-05,-0.26727
0.0,10.1478,-0.16646,1.3621,1.3622,5.77350269189e-05,-0.22408,-0.22408,0.0,-0.01341,0.0,411.2345,411.2504,0.009388468103663,64.536,64.5211,0.0074594459132909,54.2411,0.0005773502691923,184.8409,172.1506,0.0018248287590846,23.9094,172.1524,23.9091,0.002055075018907,0.6425855513307984,0.703032843328044,4.57329191237e-05,0.4738780276039639,2.99392233765e-05,0.4739079668273405,2.99392233765e-05,0.4739079668273405,3.45708373515e-05,0.4738780276039639,0.473937906050717,4.57329191237e-05,0.6425855513307984,0.3622945420795784,7.53453932044e-05,-0.26727
0.0,10.1478,-0.16646,1.3621,1.3622,5.77350269189e-05,-0.22408,-0.22408,0.0,-0.01341,0.0,411.2345,411.2504,0.009388468103663,64.536,64.5211,0.0074594459132909,54.2411,0.0005773502691923,184.8409,172.1506,0.0018248287590846,23.9094,172.1524,23.9091,0.002055075018907,0.6425855513307984,0.703032843328044,4.57329191237e-05,0.4738780276039639,2.99392233765e-05,0.4739079668273405,2.99392233765e-05,0.4739079668273405,3.45708373515e-05,0.4738780276039639,0.473937906050717,4.57329191237e-05,0.6425855513307984,0.3622945420795784,7.53453932044e-05,-0.26727
0.0,10.1478,-0.16646,1.3621,1.3622,5.77350269189e-05,-0.22408,-0.22408,0.0,-0.01341,0.0,411.2345,411.2504,0.009388468103663,64.536,64.5211,0.0074594459132909,54.2411,0.0005773502691923,184.8409,172.1506,0.0018248287590846,23.9094,172.1524,23.9091,0.002055075018907,0.6425855513307984,0.703032843328044,4.57329191237e-05,0.4738780276039639,2.99392233765e-05,0.4739079668273405,2.99392233765e-05,0.4739079668273405,3.45708373515e-05,0.4738780276039639,0.473937906050717,4.57329191237e-05,0.6425855513307984,0.3622945420795784,7.53453932044e-05,-0.26727
0.0,10.1478,-0.16646,1.3621,1.3622,5.77350269189e-05,-0.22408,-0.22408,0.0,-0.01341,0.0,411.2345,411.2504,0.009388468103663,64.536,64.5211,0.0074594459132909,54.2411,0.0005773502691923,184.8409,172.1506,0.0018248287590846,23.9094,172.1524,23.9091,0.002055075018907,0.6425855513307984,0.703032843328044,4.57329191237e-05,0.4738780276039639,2.99392233765e-05,0.4739079668273405,2.99392233765e-05,0.4739079668273405,3.45708373515e-05,0.4738780276039639,0.473937906050717,4.57329191237e-05,0.6425855513307984,0.3622945420795784,7.53453932044e-05,-0.26727
0.0,10.1478,-0.16646,1.3621,1.3622,5.77350269189e-05,-0.22408,-0.22408,0.0,-0.01341,0.0,411.2345,411.2504,0.009388468103663,64.536,64.5211,0.0074594459132909,54.2411,0.0005773502691923,184.8409,172.1506,0.0018248287590846,23.9094,172.1524,23.9091,0.002055075018907,0.6425855513307984,0.703032843328044,4.57329191237e-05,0.4738780276039639,2.99392233765e-05,0.4739079668273405,2.99392233765e-05,0.4739079668273405,3.45708373515e-05,0.4738780276039639,0.473937906050717,4.57329191237e-05,0.6425855513307984,0.3622945420795784,7.53453932044e-05,-0.26727
1.8,10.1478,-0.16646,1.3621,1.3622,5.77350269189e-05,-0.22408,-0.22408,0.0,-0.01341,0.0,411.2345,411.2504,0.009388468103663,64.536,64.5211,0.0074594459132909,54.2411,0.0005773502691923,184.8409,172.1506,0.0018248287590846,23.9094,172.1524,23.9091,0.002055075018907,0.6425855513307984,0.703032843328044,4.57329191237e-05,0.4738780276039639,2.99392233765e-05,0.4739079668273405,2.99392233765e-05,0.4739079668273405,3.45708373515e-05,0.4738780276039639,0.473937906050717,4.57329191237e-05,0.6425855513307984,0.3622945420795784,7.53453932044e-05,-0.26727
0.0,11.0112,-0.17387,1.3621,1.3622,5.77350269189e-05,-0.22408,-0.22408,0.0,-0.01341,0.0,411.2345,411.2504,0.009388468103663,64.536,64.5211,0.0074594459132909,54.2411,0.0005773502691923,184.8409,172.1506,0.0018248287590846,23.9094,172.1524,23.9091,0.002055075018907,0.6425855513307984,0.703032843328044,4.57329191237e-05,0.4738780276039639,2.99392233765e-05,0.4739079668273405,2.99392233765e-05,0.4739079668273405,3.45708373515e-05,0.4738780276039639,0.473937906050717,4.57329191237e-05,0.6425855513307984,0.3622945420795784,7.53453932044e-05,-0.26727
0.0,11.0112,-0.17387,1.3621,1.3622,5.77350269189e-05,-0.22408,-0.22408,0.0,-0.01341,0.0,411.2345,411.2504,0.009388468103663,64.536,64.5211,0.0074594459132909,54.2411,0.0005773502691923,184.8409,172.1506,0.0018248287590846,23.9094,172.1524,23.9091,0.002055075018907,0.6425855513307984,0.703032843328044,4.57329191237e-05,0.4738780276039639,2.99392233765e-05,0.4739079668273405,2.99392233765e-05,0.4739079668273405,3.45708373515e-05,0.4738780276039639,0.473937906050717,4.57329191237e-05,0.6425855513307984,0.3622945420795784,7.53453932044e-05,-0.26727
0.0,11.0112,-0.17387,1.3621,1.3622,5.77350269189e-05,-0.22408,-0.22408,0.0,-0.01341,0.0,411.2345,411.2504,0.009388468103663,64.536,64.5211,0.0074594459132909,54.2411,0.0005773502691923,184.8409,172.1506,0.0018248287590846,23.9094,172.1524,23.9091,0.002055075018907,0.6425855513307984,0.703032843328044,4.57329191237e-05,0.4738780276039639,2.99392233765e-05,0.4739079668273405,2.99392233765e-05,0.4739079668273405,3.45708373515e-05,0.4738780276039639,0.473937906050717,4.57329191237e-05,0.6425855513307984,0.3622945420795784,7.53453932044e-05,-0.26727
0.0,11.0112,-0.17387,1.3621,1.3622,5.77350269189e-05,-0.22408,-0.22408,0.0,-0.01341,0.0,411.2345,411.2504,0.009388468103663,64.536,64.5211,0.0074594459132909,54.2411,0.0005773502691923,184.8409,172.1506,0.0018248287590846,23.9094,172.1524,23.9091,0.002055075018907,0.6425855513307984,0.703032843328044,4.57329191237e-05,0.4738780276039639,2.99392233765e-05,0.4739079668273405,2.99392233765e-05,0.4739079668273405,3.45708373515e-05,0.4738780276039639,0.473937906050717,4.57329191237e-05,0.6425855513307984,0.3622945420795784,7.53453932044e-05,-0.26727
0.0,11.0112,-0.17387,1.3621,1.3622,5.77350269189e-05,-0.22408,-0.22408,0.0,-0.01341,0.0,411.2345,411.2504,0.009388468103663,64.536,64.5211,0.0074594459132909,54.2411,0.0005773502691923,184.8409,172.1506,0.0018248287590846,23.9094,172.1524,23.9091,0.002055075018907,0.6425855513307984,0.703032843328044,4.57329191237e-05,0.4738780276039639,2.99392233765e-05,0.4739079668273405,2.99392233765e-05,0.4739079668273405,3.45708373515e-05,0.4738780276039639,0.473937906050717,4.57329191237e-05,0.6425855513307984,0.3622945420795784,7.53453932044e-05,-0.26727
0.0,11.0112,-0.17387,1.3621,1.3622,5.77350269189e-05,-0.22408,-0.22408,0.0,-0.01341,0.0,411.2345,411.2504,0.009388468103663,64.536,64.5211,0.0074594459132909,54.2411,0.0005773502691923,184.8409,172.1506,0.0018248287590846,23.9094,172.1524,23.9091,0.002055075018907,0.6425855513307984,0.703032843328044,4.57329191237e-05,0.4738780276039639,2.99392233765e-05,0.4739079668273405,2.99392233765e-05,0.4739079668273405,3.45708373515e-05,0.4738780276039639,0.473937906050717,4.57329191237e-05,0.6425855513307984,0.3622945420795784,7.53453932044e-05,-0.26727
0.0,11.0112,-0.17387,1.3621,1.3622,5.77350269189e-05,-0.22408,-0.22408,0.0,-0.01341,0.0,411.2345,411.2504,0.009388468103663,64.536,64.5211,0.0074594459132909,54.2411,0.0005773502691923,184.8409,172.1506,0.0018248287590846,23.9094,172.1524,23.9091,0.002055075018907,0.6425855513307984,0.703032843328044,4.57329191237e-05,0.4738780276039639,2.99392233765e-05,0.4739079668273405,2.99392233765e-05,0.4739079668273405,3.45708373515e-05,0.4738780276039639,0.473937906050717,4.57329191237e-05,0.6425855513307984,0.3622945420795784,7.53453932044e-05,-0.26727
0.0,11.0112,-0.17387,1.3621,1.3622,5.77350269189e-05,-0.22408,-0.22408,0.0,-0.01341,0.0,411.2345,411.2504,0.009388468103663,64.536,64.5211,0.0074594459132909,54.2411,0.0005773502691923,184.8409,172.1506,0.0018248287590846,23.9094,172.1524,23.9091,0.002055075018907,0.6425855513307984,0.703032843328044,4.57329191237e-05,0.4738780276039639,2.99392233765e-05,0.4739079668273405,2.99392233765e-05,0.4739079668273405,3.45708373515e-05,0.4738780276039639,0.473937906050717,4.57329191237e-05,0.6425855513307984,0.3622945420795784,7.53453932044e-05,-0.26727
0.0,11.0112,-0.17387,1.3621,1.3622,5.77350269189e-05,-0.22408,-0.22408,0.0,-0.01341,0.0,411.2345,411.2504,0.009388468103663,64.536,64.5211,0.0074594459132909,54.2411,0.0005773502691923,184.8409,172.1506,0.0018248287590846,23.9094,172.1524,23.9091,0.002055075018907,0.6425855513307984,0.703032843328044,4.57329191237e-05,0.4738780276039639,2.99392233765e-05,0.4739079668273405,2.99392233765e-05,0.4739079668273405,3.45708373515e-05,0.4738780276039639,0.473937906050717,4.57329191237e-05,0.6425855513307984,0.3622945420795784,7.53453932044e-05,-0.26727
16.44,7.1686,-0.19743,3.8245,2.6753,0.4345836520384166,-0.19126,-0.1839,0.0040939076687194,-0.01526,0.0031844190619176,348.0845,338.7551,16.217524241433285,52.0536,47.8768,19.23902485195502,60.148,2.262744571974486,148.3333,150.3153,3.861431906936177,24.9874,156.7629,14.51,3.88289496852787,0.8408430885302834,0.8432382264004071,0.0154152017497205,0.8204544774108559,0.020549549864377,0.8381784976497709,0.0165083546647066,0.68590760755666,0.0096491573647638,0.7181521511331995,0.6548905721385586,0.041846017276907,0.8408430885302834,0.7638394060058081,0.0133268038159292,-0.22568
17.92,7.1686,-0.19743,3.8245,2.6753,0.4345836520384166,-0.19126,-0.1839,0.0040939076687194,-0.01526,0.0031844190619176,348.0845,338.7551,16.217524241433285,52.0536,47.8768,19.23902485195502,60.148,2.262744571974486,148.3333,150.3153,3.861431906936177,24.9874,156.7629,14.51,3.88289496852787,0.8408430885302834,0.8432382264004071,0.0154152017497205,0.8204544774108559,0.020549549864377,0.8381784976497709,0.0165083546647066,0.68590760755666,0.0096491573647638,0.7181521511331995,0.6548905721385586,0.041846017276907,0.8408430885302834,0.7638394060058081,0.0133268038159292,-0.22568
18.55,7.1686,-0.19743,3.8245,2.6753,0.4345836520384166,-0.19126,-0.1839,0.0040939076687194,-0.01526,0.0031844190619176,348.0845,338.7551,16.217524241433285,52.0536,47.8768,19.23902485195502,60.148,2.262744571974486,148.3333,150.3153,3.861431906936177,24.9874,156.7629,14.51,3.88289496852787,0.8408430885302834,0.8432382264004071,0.0154152017497205,0.8204544774108559,0.020549549864377,0.8381784976497709,0.0165083546647066,0.68590760755666,0.0096491573647638,0.7181521511331995,0.6548905721385586,0.041846017276907,0.8408430885302834,0.7638394060058081,0.0133268038159292,-0.22568
12.39,7.1686,-0.19743,3.8245,2.6753,0.4345836520384166,-0.19126,-0.1839,0.0040939076687194,-0.01526,0.0031844190619176,348.0845,338.7551,16.217524241433285,52.0536,47.8768,19.23902485195502,60.148,2.262744571974486,148.3333,150.3153,3.861431906936177,24.9874,156.7629,14.51,3.88289496852787,0.8408430885302834,0.8432382264004071,0.0154152017497205,0.8204544774108559,0.020549549864377,0.8381784976497709,0.0165083546647066,0.68590760755666,0.0096491573647638,0.7181521511331995,0.6548905721385586,0.041846017276907,0.8408430885302834,0.7638394060058081,0.0133268038159292,-0.22568
13.19,7.1686,-0.19743,3.8245,2.6753,0.4345836520384166,-0.19126,-0.1839,0.0040939076687194,-0.01526,0.0031844190619176,348.0845,338.7551,16.217524241433285,52.0536,47.8768,19.23902485195502,60.148,2.262744571974486,148.3333,150.3153,3.861431906936177,24.9874,156.7629,14.51,3.88289496852787,0.8408430885302834,0.8432382264004071,0.0154152017497205,0.8204544774108559,0.020549549864377,0.8381784976497709,0.0165083546647066,0.68590760755666,0.0096491573647638,0.7181521511331995,0.6548905721385586,0.041846017276907,0.8408430885302834,0.7638394060058081,0.0133268038159292,-0.22568
8.69,7.1686,-0.19743,3.8245,2.6753,0.4345836520384166,-0.19126,-0.1839,0.0040939076687194,-0.01526,0.0031844190619176,348.0845,338.7551,16.217524241433285,52.0536,47.8768,19.23902485195502,60.148,2.262744571974486,148.3333,150.3153,3.861431906936177,24.9874,156.7629,14.51,3.88289496852787,0.8408430885302834,0.8432382264004071,0.0154152017497205,0.8204544774108559,0.020549549864377,0.8381784976497709,0.0165083546647066,0.68590760755666,0.0096491573647638,0.7181521511331995,0.6548905721385586,0.041846017276907,0.8408430885302834,0.7638394060058081,0.0133268038159292,-0.22568
13.85,7.1686,-0.19743,3.8245,2.6753,0.4345836520384166,-0.19126,-0.1839,0.0040939076687194,-0.01526,0.0031844190619176,348.0845,338.7551,16.217524241433285,52.0536,47.8768,19.23902485195502,60.148,2.262744571974486,148.3333,150.3153,3.861431906936177,24.9874,156.7629,14.51,3.88289496852787,0.8408430885302834,0.8432382264004071,0.0154152017497205,0.8204544774108559,0.020549549864377,0.8381784976497709,0.0165083546647066,0.68590760755666,0.0096491573647638,0.7181521511331995,0.6548905721385586,0.041846017276907,0.8408430885302834,0.7638394060058081,0.0133268038159292,-0.22568
16.87,7.1686,-0.19743,3.8245,2.6753,0.4345836520384166,-0.19126,-0.1839,0.0040939076687194,-0.01526,0.0031844190619176,348.0845,338.7551,16.217524241433285,52.0536,47.8768,19.23902485195502,60.148,2.262744571974486,148.3333,150.3153,3.861431906936177,24.9874,156.7629,14.51,3.88289496852787,0.8408430885302834,0.8432382264004071,0.0154152017497205,0.8204544774108559,0.020549549864377,0.8381784976497709,0.0165083546647066,0.68590760755666,0.0096491573647638,0.7181521511331995,0.6548905721385586,0.041846017276907,0.8408430885302834,0.7638394060058081,0.0133268038159292,-0.22568
18.89,7.1686,-0.19743,3.8245,2.6753,0.4345836520384166,-0.19126,-0.1839,0.0040939076687194,-0.01526,0.0031844190619176,348.0845,338.7551,16.217524241433285,52.0536,47.8768,19.23902485195502,60.148,2.262744571974486,148.3333,150.3153,3.861431906936177,24.9874,156.7629,14.51,3.88289496852787,0.8408430885302834,0.8432382264004071,0.0154152017497205,0.8204544774108559,0.020549549864377,0.8381784976497709,0.0165083546647066,0.68590760755666,0.0096491573647638,0.7181521511331995,0.6548905721385586,0.041846017276907,0.8408430885302834,0.7638394060058081,0.0133268038159292,-0.22568
29.17,7.7731,-0.2019,3.8245,2.6753,0.4345836520384166,-0.19126,-0.1839,0.0040939076687194,-0.01526,0.0031844190619176,348.0845,338.7551,16.217524241433285,52.0536,47.8768,19.23902485195502,60.148,2.262744571974486,148.3333,150.3153,3.861431906936177,24.9874,156.7629,14.51,3.88289496852787,0.8408430885302834,0.8432382264004071,0.0154152017497205,0.8204544774108559,0.020549549864377,0.8381784976497709,0.0165083546647066,0.68590760755666,0.0096491573647638,0.7181521511331995,0.6548905721385586,0.041846017276907,0.8408430885302834,0.7638394060058081,0.0133268038159292,-0.22568
38.12,7.7731,-0.2019,3.8245,2.6753,0.4345836520384166,-0.19126,-0.1839,0.0040939076687194,-0.01526,0.0031844190619176,348.0845,338.7551,16.217524241433285,52.0536,47.8768,19.23902485195502,60.148,2.262744571974486,148.3333,150.3153,3.861431906936177,24.9874,156.7629,14.51,3.88289496852787,0.8408430885302834,0.8432382264004071,0.0154152017497205,0.8204544774108559,0.020549549864377,0.8381784976497709,0.0165083546647066,0.68590760755666,0.0096491573647638,0.7181521511331995,0.6548905721385586,0.041846017276907,0.8408430885302834,0.7638394060058081,0.0133268038159292,-0.22568
37.36,7.7731,-0.2019,3.8245,2.6753,0.4345836520384166,-0.19126,-0.1839,0.0040939076687194,-0.01526,0.0031844190619176,348.0845,338.7551,16.217524241433285,52.0536,47.8768,19.23902485195502,60.148,2.262744571974486,148.3333,150.3153,3.861431906936177,24.9874,156.7629,14.51,3.88289496852787,0.8408430885302834,0.8432382264004071,0.0154152017497205,0.8204544774108559,0.020549549864377,0.8381784976497709,0.0165083546647066,0.68590760755666,0.0096491573647638,0.7181521511331995,0.6548905721385586,0.041846017276907,0.8408430885302834,0.7638394060058081,0.0133268038159292,-0.22568
38.68,7.7731,-0.2019,3.8245,2.6753,0.4345836520384166,-0.19126,-0.1839,0.0040939076687194,-0.01526,0.0031844190619176,348.0845,338.7551,16.217524241433285,52.0536,47.8768,19.23902485195502,60.148,2.262744571974486,148.3333,150.3153,3.861431906936177,24.9874,156.7629,14.51,3.88289496852787,0.8408430885302834,0.8432382264004071,0.0154152017497205,0.8204544774108559,0.020549549864377,0.8381784976497709,0.0165083546647066,0.68590760755666,0.0096491573647638,0.7181521511331995,0.6548905721385586,0.041846017276907,0.8408430885302834,0.7638394060058081,0.0133268038159292,-0.22568
29.85,7.7731,-0.2019,3.8245,2.6753,0.4345836520384166,-0.19126,-0.1839,0.0040939076687194,-0.01526,0.0031844190619176,348.0845,338.7551,16.217524241433285,52.0536,47.8768,19.23902485195502,60.148,2.262744571974486,148.3333,150.3153,3.861431906936177,24.9874,156.7629,14.51,3.88289496852787,0.8408430885302834,0.8432382264004071,0.0154152017497205,0.8204544774108559,0.020549549864377,0.8381784976497709,0.0165083546647066,0.68590760755666,0.0096491573647638,0.7181521511331995,0.6548905721385586,0.041846017276907,0.8408430885302834,0.7638394060058081,0.0133268038159292,-0.22568
43.05,7.7731,-0.2019,3.8245,2.6753,0.4345836520384166,-0.19126,-0.1839,0.0040939076687194,-0.01526,0.0031844190619176,348.0845,338.7551,16.217524241433285,52.0536,47.8768,19.23902485195502,60.148,2.262744571974486,148.3333,150.3153,3.861431906936177,24.9874,156.7629,14.51,3.88289496852787,0.8408430885302834,0.8432382264004071,0.0154152017497205,0.8204544774108559,0.020549549864377,0.8381784976497709,0.0165083546647066,0.68590760755666,0.0096491573647638,0.7181521511331995,0.6548905721385586,0.041846017276907,0.8408430885302834,0.7638394060058081,0.0133268038159292,-0.22568
38.45,7.7731,-0.2019,3.8245,2.6753,0.4345836520384166,-0.19126,-0.1839,0.0040939076687194,-0.01526,0.0031844190619176,348.0845,338.7551,16.217524241433285,52.0536,47.8768,19.23902485195502,60.148,2.262744571974486,148.3333,150.3153,3.861431906936177,24.9874,156.7629,14.51,3.88289496852787,0.8408430885302834,0.8432382264004071,0.0154152017497205,0.8204544774108559,0.020549549864377,0.8381784976497709,0.0165083546647066,0.68590760755666,0.0096491573647638,0.7181521511331995,0.6548905721385586,0.041846017276907,0.8408430885302834,0.7638394060058081,0.0133268038159292,-0.22568
40.76,7.7731,-0.2019,3.8245,2.6753,0.4345836520384166,-0.19126,-0.1839,0.0040939076687194,-0.01526,0.0031844190619176,348.0845,338.7551,16.217524241433285,52.0536,47.8768,19.23902485195502,60.148,2.262744571974486,148.3333,150.3153,3.861431906936177,24.9874,156.7629,14.51,3.88289496852787,0.8408430885302834,0.8432382264004071,0.0154152017497205,0.8204544774108559,0.020549549864377,0.8381784976497709,0.0165083546647066,0.68590760755666,0.0096491573647638,0.7181521511331995,0.6548905721385586,0.041846017276907,0.8408430885302834,0.7638394060058081,0.0133268038159292,-0.22568
49.57,7.7731,-0.2019,3.8245,2.6753,0.4345836520384166,-0.19126,-0.1839,0.0040939076687194,-0.01526,0.0031844190619176,348.0845,338.7551,16.217524241433285,52.0536,47.8768,19.23902485195502,60.148,2.262744571974486,148.3333,150.3153,3.861431906936177,24.9874,156.7629,14.51,3.88289496852787,0.8408430885302834,0.8432382264004071,0.0154152017497205,0.8204544774108559,0.020549549864377,0.8381784976497709,0.0165083546647066,0.68590760755666,0.0096491573647638,0.7181521511331995,0.6548905721385586,0.041846017276907,0.8408430885302834,0.7638394060058081,0.0133268038159292,-0.22568
40.03,10.1478,-0.16646,3.8245,2.6753,0.4345836520384166,-0.19126,-0.1839,0.0040939076687194,-0.01526,0.0031844190619176,348.0845,338.7551,16.217524241433285,52.0536,47.8768,19.23902485195502,60.148,2.262744571974486,148.3333,150.3153,3.861431906936177,24.9874,156.7629,14.51,3.88289496852787,0.8408430885302834,0.8432382264004071,0.0154152017497205,0.8204544774108559,0.020549549864377,0.8381784976497709,0.0165083546647066,0.68590760755666,0.0096491573647638,0.7181521511331995,0.6548905721385586,0.041846017276907,0.8408430885302834,0.7638394060058081,0.0133268038159292,-0.22568
42.45,10.1478,-0.16646,3.8245,2.6753,0.4345836520384166,-0.19126,-0.1839,0.0040939076687194,-0.01526,0.0031844190619176,348.0845,338.7551,16.217524241433285,52.0536,47.8768,19.23902485195502,60.148,2.262744571974486,148.3333,150.3153,3.861431906936177,24.9874,156.7629,14.51,3.88289496852787,0.8408430885302834,0.8432382264004071,0.0154152017497205,0.8204544774108559,0.020549549864377,0.8381784976497709,0.0165083546647066,0.68590760755666,0.0096491573647638,0.7181521511331995,0.6548905721385586,0.041846017276907,0.8408430885302834,0.7638394060058081,0.0133268038159292,-0.22568
28.93,10.1478,-0.16646,3.8245,2.6753,0.4345836520384166,-0.19126,-0.1839,0.0040939076687194,-0.01526,0.0031844190619176,348.0845,338.7551,16.217524241433285,52.0536,47.8768,19.23902485195502,60.148,2.262744571974486,148.3333,150.3153,3.861431906936177,24.9874,156.7629,14.51,3.88289496852787,0.8408430885302834,0.8432382264004071,0.0154152017497205,0.8204544774108559,0.020549549864377,0.8381784976497709,0.0165083546647066,0.68590760755666,0.0096491573647638,0.7181521511331995,0.6548905721385586,0.041846017276907,0.8408430885302834,0.7638394060058081,0.0133268038159292,-0.22568
25.62,10.1478,-0.16646,3.8245,2.6753,0.4345836520384166,-0.19126,-0.1839,0.0040939076687194,-0.01526,0.0031844190619176,348.0845,338.7551,16.217524241433285,52.0536,47.8768,19.23902485195502,60.148,2.262744571974486,148.3333,150.3153,3.861431906936177,24.9874,156.7629,14.51,3.88289496852787,0.8408430885302834,0.8432382264004071,0.0154152017497205,0.8204544774108559,0.020549549864377,0.8381784976497709,0.0165083546647066,0.68590760755666,0.0096491573647638,0.7181521511331995,0.6548905721385586,0.041846017276907,0.8408430885302834,0.7638394060058081,0.0133268038159292,-0.22568
36.14,10.1478,-0.16646,3.8245,2.6753,0.4345836520384166,-0.19126,-0.1839,0.0040939076687194,-0.01526,0.0031844190619176,348.0845,338.7551,16.217524241433285,52.0536,47.8768,19.23902485195502,60.148,2.262744571974486,148.3333,150.3153,3.861431906936177,24.9874,156.7629,14.51,3.88289496852787,0.8408430885302834,0.8432382264004071,0.0154152017497205,0.8204544774108559,0.020549549864377,0.8381784976497709,0.0165083546647066,0.68590760755666,0.0096491573647638,0.7181521511331995,0.6548905721385586,0.041846017276907,0.8408430885302834,0.7638394060058081,0.0133268038159292,-0.22568
38.44,10.1478,-0.16646,3.8245,2.6753,0.4345836520384166,-0.19126,-0.1839,0.0040939076687194,-0.01526,0.0031844190619176,348.0845,338.7551,16.217524241433285,52.0536,47.8768,19.23902485195502,60.148,2.262744571974486,148.3333,150.3153,3.861431906936177,24.9874,156.7629,14.51,3.88289496852787,0.8408430885302834,0.8432382264004071,0.0154152017497205,0.8204544774108559,0.020549549864377,0.8381784976497709,0.0165083546647066,0.68590760755666,0.0096491573647638,0.7181521511331995,0.6548905721385586,0.041846017276907,0.8408430885302834,0.7638394060058081,0.0133268038159292,-0.22568
41.03,10.1478,-0.16646,3.8245,2.6753,0.4345836520384166,-0.19126,-0.1839,0.0040939076687194,-0.01526,0.0031844190619176,348.0845,338.7551,16.217524241433285,52.0536,47.8768,19.23902485195502,60.148,2.262744571974486,148.3333,150.3153,3.861431906936177,24.9874,156.7629,14.51,3.88289496852787,0.8408430885302834,0.8432382264004071,0.0154152017497205,0.8204544774108559,0.020549549864377,0.8381784976497709,0.0165083546647066,0.68590760755666,0.0096491573647638,0.7181521511331995,0.6548905721385586,0.041846017276907,0.8408430885302834,0.7638394060058081,0.0133268038159292,-0.22568
44.16,10.1478,-0.16646,3.8245,2.6753,0.4345836520384166,-0.19126,-0.1839,0.0040939076687194,-0.01526,0.0031844190619176,348.0845,338.7551,16.217524241433285,52.0536,47.8768,19.23902485195502,60.148,2.262744571974486,148.3333,150.3153,3.861431906936177,24.9874,156.7629,14.51,3.88289496852787,0.8408430885302834,0.8432382264004071,0.0154152017497205,0.8204544774108559,0.020549549864377,0.8381784976497709,0.0165083546647066,0.68590760755666,0.0096491573647638,0.7181521511331995,0.6548905721385586,0.041846017276907,0.8408430885302834,0.7638394060058081,0.0133268038159292,-0.22568
43.9,10.1478,-0.16646,3.8245,2.6753,0.4345836520384166,-0.19126,-0.1839,0.0040939076687194,-0.01526,0.0031844190619176,348.0845,338.7551,16.217524241433285,52.0536,47.8768,19.23902485195502,60.148,2.262744571974486,148.3333,150.3153,3.861431906936177,24.9874,156.7629,14.51,3.88289496852787,0.8408430885302834,0.8432382264004071,0.0154152017497205,0.8204544774108559,0.020549549864377,0.8381784976497709,0.0165083546647066,0.68590760755666,0.0096491573647638,0.7181521511331995,0.6548905721385586,0.041846017276907,0.8408430885302834,0.7638394060058081,0.0133268038159292,-0.22568
21.54,11.0112,-0.17387,3.8245,2.6753,0.4345836520384166,-0.19126,-0.1839,0.0040939076687194,-0.01526,0.0031844190619176,348.0845,338.7551,16.217524241433285,52.0536,47.8768,19.23902485195502,60.148,2.262744571974486,148.3333,150.3153,3.861431906936177,24.9874,156.7629,14.51,3.88289496852787,0.8408430885302834,0.8432382264004071,0.0154152017497205,0.8204544774108559,0.020549549864377,0.8381784976497709,0.0165083546647066,0.68590760755666,0.0096491573647638,0.7181521511331995,0.6548905721385586,0.041846017276907,0.8408430885302834,0.7638394060058081,0.0133268038159292,-0.22568
19.39,11.0112,-0.17387,3.8245,2.6753,0.4345836520384166,-0.19126,-0.1839,0.0040939076687194,-0.01526,0.0031844190619176,348.0845,338.7551,16.217524241433285,52.0536,47.8768,19.23902485195502,60.148,2.262744571974486,148.3333,150.3153,3.861431906936177,24.9874,156.7629,14.51,3.88289496852787,0.8408430885302834,0.8432382264004071,0.0154152017497205,0.8204544774108559,0.020549549864377,0.8381784976497709,0.0165083546647066,0.68590760755666,0.0096491573647638,0.7181521511331995,0.6548905721385586,0.041846017276907,0.8408430885302834,0.7638394060058081,0.0133268038159292,-0.22568
25.35,11.0112,-0.17387,3.8245,2.6753,0.4345836520384166,-0.19126,-0.1839,0.0040939076687194,-0.01526,0.0031844190619176,348.0845,338.7551,16.217524241433285,52.0536,47.8768,19.23902485195502,60.148,2.262744571974486,148.3333,150.3153,3.861431906936177,24.9874,156.7629,14.51,3.88289496852787,0.8408430885302834,0.8432382264004071,0.0154152017497205,0.8204544774108559,0.020549549864377,0.8381784976497709,0.0165083546647066,0.68590760755666,0.0096491573647638,0.7181521511331995,0.6548905721385586,0.041846017276907,0.8408430885302834,0.7638394060058081,0.0133268038159292,-0.22568
21.8,11.0112,-0.17387,3.8245,2.6753,0.4345836520384166,-0.19126,-0.1839,0.0040939076687194,-0.01526,0.0031844190619176,348.0845,338.7551,16.217524241433285,52.0536,47.8768,19.23902485195502,60.148,2.262744571974486,148.3333,150.3153,3.861431906936177,24.9874,156.7629,14.51,3.88289496852787,0.8408430885302834,0.8432382264004071,0.0154152017497205,0.8204544774108559,0.020549549864377,0.8381784976497709,0.0165083546647066,0.68590760755666,0.0096491573647638,0.7181521511331995,0.6548905721385586,0.041846017276907,0.8408430885302834,0.7638394060058081,0.0133268038159292,-0.22568
23.53,11.0112,-0.17387,3.8245,2.6753,0.4345836520384166,-0.19126,-0.1839,0.0040939076687194,-0.01526,0.0031844190619176,348.0845,338.7551,16.217524241433285,52.0536,47.8768,19.23902485195502,60.148,2.262744571974486,148.3333,150.3153,3.861431906936177,24.9874,156.7629,14.51,3.88289496852787,0.8408430885302834,0.8432382264004071,0.0154152017497205,0.8204544774108559,0.020549549864377,0.8381784976497709,0.0165083546647066,0.68590760755666,0.0096491573647638,0.7181521511331995,0.6548905721385586,0.041846017276907,0.8408430885302834,0.7638394060058081,0.0133268038159292,-0.22568
26.52,11.0112,-0.17387,3.8245,2.6753,0.4345836520384166,-0.19126,-0.1839,0.0040939076687194,-0.01526,0.0031844190619176,348.0845,338.7551,16.217524241433285,52.0536,47.8768,19.23902485195502,60.148,2.262744571974486,148.3333,150.3153,3.861431906936177,24.9874,156.7629,14.51,3.88289496852787,0.8408430885302834,0.8432382264004071,0.0154152017497205,0.8204544774108559,0.020549549864377,0.8381784976497709,0.0165083546647066,0.68590760755666,0.0096491573647638,0.7181521511331995,0.6548905721385586,0.041846017276907,0.8408430885302834,0.7638394060058081,0.0133268038159292,-0.22568
23.57,11.0112,-0.17387,3.8245,2.6753,0.4345836520384166,-0.19126,-0.1839,0.0040939076687194,-0.01526,0.0031844190619176,348.0845,338.7551,16.217524241433285,52.0536,47.8768,19.23902485195502,60.148,2.262744571974486,148.3333,150.3153,3.861431906936177,24.9874,156.7629,14.51,3.88289496852787,0.8408430885302834,0.8432382264004071,0.0154152017497205,0.8204544774108559,0.020549549864377,0.8381784976497709,0.0165083546647066,0.68590760755666,0.0096491573647638,0.7181521511331995,0.6548905721385586,0.041846017276907,0.8408430885302834,0.7638394060058081,0.0133268038159292,-0.22568
24.76,11.0112,-0.17387,3.8245,2.6753,0.4345836520384166,-0.19126,-0.1839,0.0040939076687194,-0.01526,0.0031844190619176,348.0845,338.7551,16.217524241433285,52.0536,47.8768,19.23902485195502,60.148,2.262744571974486,148.3333,150.3153,3.861431906936177,24.9874,156.7629,14.51,3.88289496852787,0.8408430885302834,0.8432382264004071,0.0154152017497205,0.8204544774108559,0.020549549864377,0.8381784976497709,0.0165083546647066,0.68590760755666,0.0096491573647638,0.7181521511331995,0.6548905721385586,0.041846017276907,0.8408430885302834,0.7638394060058081,0.0133268038159292,-0.22568
26.29,11.0112,-0.17387,3.8245,2.6753,0.4345836520384166,-0.19126,-0.1839,0.0040939076687194,-0.01526,0.0031844190619176,348.0845,338.7551,16.217524241433285,52.0536,47.8768,19.23902485195502,60.148,2.262744571974486,148.3333,150.3153,3.861431906936177,24.9874,156.7629,14.51,3.88289496852787,0.8408430885302834,0.8432382264004071,0.0154152017497205,0.8204544774108559,0.020549549864377,0.8381784976497709,0.0165083546647066,0.68590760755666,0.0096491573647638,0.7181521511331995,0.6548905721385586,0.041846017276907,0.8408430885302834,0.7638394060058081,0.0133268038159292,-0.22568
0.0,7.1686,-0.19743,1.1538,1.1539,8.16496580927e-05,-0.20814,-0.20815,9.574271077572956e-06,-0.0136,5.000000000000664e-06,318.9138,318.9524,0.0187941480253841,62.2462,62.18,0.0288015624576177,55.7799,0.0025748786379169,180.3811,151.1408,0.2625538214665098,17.6349,151.5965,19.4034,1.0220875859403311,0.8029699709589534,0.7883895691745755,7.33358205676e-05,0.8376395916289932,0.001202890037721,0.8396754588185982,0.0011498052099166,0.597347384808838,0.0001206888678228,0.5584862728660818,0.5584563336427053,3.86513711785e-05,0.8029699709589534,0.4296877339001826,2.86646240458e-05,-0.22568
0.0,7.1686,-0.19743,1.1538,1.1539,8.16496580927e-05,-0.20814,-0.20815,9.574271077572956e-06,-0.0136,5.000000000000664e-06,318.9138,318.9524,0.0187941480253841,62.2462,62.18,0.0288015624576177,55.7799,0.0025748786379169,180.3811,151.1408,0.2625538214665098,17.6349,151.5965,19.4034,1.0220875859403311,0.8029699709589534,0.7883895691745755,7.33358205676e-05,0.8376395916289932,0.001202890037721,0.8396754588185982,0.0011498052099166,0.597347384808838,0.0001206888678228,0.5584862728660818,0.5584563336427053,3.86513711785e-05,0.8029699709589534,0.4296877339001826,2.86646240458e-05,-0.22568
0.0,7.1686,-0.19743,1.1538,1.1539,8.16496580927e-05,-0.20814,-0.20815,9.574271077572956e-06,-0.0136,5.000000000000664e-06,318.9138,318.9524,0.0187941480253841,62.2462,62.18,0.0288015624576177,55.7799,0.0025748786379169,180.3811,151.1408,0.2625538214665098,17.6349,151.5965,19.4034,1.0220875859403311,0.8029699709589534,0.7883895691745755,7.33358205676e-05,0.8376395916289932,0.001202890037721,0.8396754588185982,0.0011498052099166,0.597347384808838,0.0001206888678228,0.5584862728660818,0.5584563336427053,3.86513711785e-05,0.8029699709589534,0.4296877339001826,2.86646240458e-05,-0.22568
0.0,7.1686,-0.19743,1.1538,1.1539,8.16496580927e-05,-0.20814,-0.20815,9.574271077572956e-06,-0.0136,5.000000000000664e-06,318.9138,318.9524,0.0187941480253841,62.2462,62.18,0.0288015624576177,55.7799,0.0025748786379169,180.3811,151.1408,0.2625538214665098,17.6349,151.5965,19.4034,1.0220875859403311,0.8029699709589534,0.7883895691745755,7.33358205676e-05,0.8376395916289932,0.001202890037721,0.8396754588185982,0.0011498052099166,0.597347384808838,0.0001206888678228,0.5584862728660818,0.5584563336427053,3.86513711785e-05,0.8029699709589534,0.4296877339001826,2.86646240458e-05,-0.22568
0.0,7.1686,-0.19743,1.1538,1.1539,8.16496580927e-05,-0.20814,-0.20815,9.574271077572956e-06,-0.0136,5.000000000000664e-06,318.9138,318.9524,0.0187941480253841,62.2462,62.18,0.0288015624576177,55.7799,0.0025748786379169,180.3811,151.1408,0.2625538214665098,17.6349,151.5965,19.4034,1.0220875859403311,0.8029699709589534,0.7883895691745755,7.33358205676e-05,0.8376395916289932,0.001202890037721,0.8396754588185982,0.0011498052099166,0.597347384808838,0.0001206888678228,0.5584862728660818,0.5584563336427053,3.86513711785e-05,0.8029699709589534,0.4296877339001826,2.86646240458e-05,-0.22568
0.0,7.1686,-0.19743,1.1538,1.1539,8.16496580927e-05,-0.20814,-0.20815,9.574271077572956e-06,-0.0136,5.000000000000664e-06,318.9138,318.9524,0.0187941480253841,62.2462,62.18,0.0288015624576177,55.7799,0.0025748786379169,180.3811,151.1408,0.2625538214665098,17.6349,151.5965,19.4034,1.0220875859403311,0.8029699709589534,0.7883895691745755,7.33358205676e-05,0.8376395916289932,0.001202890037721,0.8396754588185982,0.0011498052099166,0.597347384808838,0.0001206888678228,0.5584862728660818,0.5584563336427053,3.86513711785e-05,0.8029699709589534,0.4296877339001826,2.86646240458e-05,-0.22568
0.0,7.1686,-0.19743,1.1538,1.1539,8.16496580927e-05,-0.20814,-0.20815,9.574271077572956e-06,-0.0136,5.000000000000664e-06,318.9138,318.9524,0.0187941480253841,62.2462,62.18,0.0288015624576177,55.7799,0.0025748786379169,180.3811,151.1408,0.2625538214665098,17.6349,151.5965,19.4034,1.0220875859403311,0.8029699709589534,0.7883895691745755,7.33358205676e-05,0.8376395916289932,0.001202890037721,0.8396754588185982,0.0011498052099166,0.597347384808838,0.0001206888678228,0.5584862728660818,0.5584563336427053,3.86513711785e-05,0.8029699709589534,0.4296877339001826,2.86646240458e-05,-0.22568
0.0,7.1686,-0.19743,1.1538,1.1539,8.16496580927e-05,-0.20814,-0.20815,9.574271077572956e-06,-0.0136,5.000000000000664e-06,318.9138,318.9524,0.0187941480253841,62.2462,62.18,0.0288015624576177,55.7799,0.0025748786379169,180.3811,151.1408,0.2625538214665098,17.6349,151.5965,19.4034,1.0220875859403311,0.8029699709589534,0.7883895691745755,7.33358205676e-05,0.8376395916289932,0.001202890037721,0.8396754588185982,0.0011498052099166,0.597347384808838,0.0001206888678228,0.5584862728660818,0.5584563336427053,3.86513711785e-05,0.8029699709589534,0.4296877339001826,2.86646240458e-05,-0.22568
0.0,7.1686,-0.19743,1.1538,1.1539,8.16496580927e-05,-0.20814,-0.20815,9.574271077572956e-06,-0.0136,5.000000000000664e-06,318.9138,318.9524,0.0187941480253841,62.2462,62.18,0.0288015624576177,55.7799,0.0025748786379169,180.3811,151.1408,0.2625538214665098,17.6349,151.5965,19.4034,1.0220875859403311,0.8029699709589534,0.7883895691745755,7.33358205676e-05,0.8376395916289932,0.001202890037721,0.8396754588185982,0.0011498052099166,0.597347384808838,0.0001206888678228,0.5584862728660818,0.5584563336427053,3.86513711785e-05,0.8029699709589534,0.4296877339001826,2.86646240458e-05,-0.22568
0.0,7.7731,-0.2019,1.1538,1.1539,8.16496580927e-05,-0.20814,-0.20815,9.574271077572956e-06,-0.0136,5.000000000000664e-06,318.9138,318.9524,0.0187941480253841,62.2462,62.18,0.0288015624576177,55.7799,0.0025748786379169,180.3811,151.1408,0.2625538214665098,17.6349,151.5965,19.4034,1.0220875859403311,0.8029699709589534,0.7883895691745755,7.33358205676e-05,0.8376395916289932,0.001202890037721,0.8396754588185982,0.0011498052099166,0.597347384808838,0.0001206888678228,0.5584862728660818,0.5584563336427053,3.86513711785e-05,0.8029699709589534,0.4296877339001826,2.86646240458e-05,-0.22568
0.0,7.7731,-0.2019,1.1538,1.1539,8.16496580927e-05,-0.20814,-0.20815,9.574271077572956e-06,-0.0136,5.000000000000664e-06,318.9138,318.9524,0.0187941480253841,62.2462,62.18,0.0288015624576177,55.7799,0.0025748786379169,180.3811,151.1408,0.2625538214665098,17.6349,151.5965,19.4034,1.0220875859403311,0.8029699709589534,0.7883895691745755,7.33358205676e-05,0.8376395916289932,0.001202890037721,0.8396754588185982,0.0011498052099166,0.597347384808838,0.0001206888678228,0.5584862728660818,0.5584563336427053,3.86513711785e-05,0.8029699709589534,0.4296877339001826,2.86646240458e-05,-0.22568
0.0,7.7731,-0.2019,1.1538,1.1539,8.16496580927e-05,-0.20814,-0.20815,9.574271077572956e-06,-0.0136,5.000000000000664e-06,318.9138,318.9524,0.0187941480253841,62.2462,62.18,0.0288015624576177,55.7799,0.0025748786379169,180.3811,151.1408,0.2625538214665098,17.6349,151.5965,19.4034,1.0220875859403311,0.8029699709589534,0.7883895691745755,7.33358205676e-05,0.8376395916289932,0.001202890037721,0.8396754588185982,0.0011498052099166,0.597347384808838,0.0001206888678228,0.5584862728660818,0.5584563336427053,3.86513711785e-05,0.8029699709589534,0.4296877339001826,2.86646240458e-05,-0.22568
0.0,7.7731,-0.2019,1.1538,1.1539,8.16496580927e-05,-0.20814,-0.20815,9.574271077572956e-06,-0.0136,5.000000000000664e-06,318.9138,318.9524,0.0187941480253841,62.2462,62.18,0.0288015624576177,55.7799,0.0025748786379169,180.3811,151.1408,0.2625538214665098,17.6349,151.5965,19.4034,1.0220875859403311,0.8029699709589534,0.7883895691745755,7.33358205676e-05,0.8376395916289932,0.001202890037721,0.8396754588185982,0.0011498052099166,0.597347384808838,0.0001206888678228,0.5584862728660818,0.5584563336427053,3.86513711785e-05,0.8029699709589534,0.4296877339001826,2.86646240458e-05,-0.22568
0.0,7.7731,-0.2019,1.1538,1.1539,8.16496580927e-05,-0.20814,-0.20815,9.574271077572956e-06,-0.0136,5.000000000000664e-06,318.9138,318.9524,0.0187941480253841,62.2462,62.18,0.0288015624576177,55.7799,0.0025748786379169,180.3811,151.1408,0.2625538214665098,17.6349,151.5965,19.4034,1.0220875859403311,0.8029699709589534,0.7883895691745755,7.33358205676e-05,0.8376395916289932,0.001202890037721,0.8396754588185982,0.0011498052099166,0.597347384808838,0.0001206888678228,0.5584862728660818,0.5584563336427053,3.86513711785e-05,0.8029699709589534,0.4296877339001826,2.86646240458e-05,-0.22568
0.0,7.7731,-0.2019,1.1538,1.1539,8.16496580927e-05,-0.20814,-0.20815,9.574271077572956e-06,-0.0136,5.000000000000664e-06,318.9138,318.9524,0.0187941480253841,62.2462,62.18,0.0288015624576177,55.7799,0.0025748786379169,180.3811,151.1408,0.2625538214665098,17.6349,151.5965,19.4034,1.0220875859403311,0.8029699709589534,0.7883895691745755,7.33358205676e-05,0.8376395916289932,0.001202890037721,0.8396754588185982,0.0011498052099166,0.597347384808838,0.0001206888678228,0.5584862728660818,0.5584563336427053,3.86513711785e-05,0.8029699709589534,0.4296877339001826,2.86646240458e-05,-0.22568
0.0,7.7731,-0.2019,1.1538,1.1539,8.16496580927e-05,-0.20814,-0.20815,9.574271077572956e-06,-0.0136,5.000000000000664e-06,318.9138,318.9524,0.0187941480253841,62.2462,62.18,0.0288015624576177,55.7799,0.0025748786379169,180.3811,151.1408,0.2625538214665098,17.6349,151.5965,19.4034,1.0220875859403311,0.8029699709589534,0.7883895691745755,7.33358205676e-05,0.8376395916289932,0.001202890037721,0.8396754588185982,0.0011498052099166,0.597347384808838,0.0001206888678228,0.5584862728660818,0.5584563336427053,3.86513711785e-05,0.8029699709589534,0.4296877339001826,2.86646240458e-05,-0.22568
0.0,7.7731,-0.2019,1.1538,1.1539,8.16496580927e-05,-0.20814,-0.20815,9.574271077572956e-06,-0.0136,5.000000000000664e-06,318.9138,318.9524,0.0187941480253841,62.2462,62.18,0.0288015624576177,55.7799,0.0025748786379169,180.3811,151.1408,0.2625538214665098,17.6349,151.5965,19.4034,1.0220875859403311,0.8029699709589534,0.7883895691745755,7.33358205676e-05,0.8376395916289932,0.001202890037721,0.8396754588185982,0.0011498052099166,0.597347384808838,0.0001206888678228,0.5584862728660818,0.5584563336427053,3.86513711785e-05,0.8029699709589534,0.4296877339001826,2.86646240458e-05,-0.22568
0.0,7.7731,-0.2019,1.1538,1.1539,8.16496580927e-05,-0.20814,-0.20815,9.574271077572956e-06,-0.0136,5.000000000000664e-06,318.9138,318.9524,0.0187941480253841,62.2462,62.18,0.0288015624576177,55.7799,0.0025748786379169,180.3811,151.1408,0.2625538214665098,17.6349,151.5965,19.4034,1.0220875859403311,0.8029699709589534,0.7883895691745755,7.33358205676e-05,0.8376395916289932,0.001202890037721,0.8396754588185982,0.0011498052099166,0.597347384808838,0.0001206888678228,0.5584862728660818,0.5584563336427053,3.86513711785e-05,0.8029699709589534,0.4296877339001826,2.86646240458e-05,-0.22568
0.0,10.1478,-0.16646,1.1538,1.1539,8.16496580927e-05,-0.20814,-0.20815,9.574271077572956e-06,-0.0136,5.000000000000664e-06,318.9138,318.9524,0.0187941480253841,62.2462,62.18,0.0288015624576177,55.7799,0.0025748786379169,180.3811,151.1408,0.2625538214665098,17.6349,151.5965,19.4034,1.0220875859403311,0.8029699709589534,0.7883895691745755,7.33358205676e-05,0.8376395916289932,0.001202890037721,0.8396754588185982,0.0011498052099166,0.597347384808838,0.0001206888678228,0.5584862728660818,0.5584563336427053,3.86513711785e-05,0.8029699709589534,0.4296877339001826,2.86646240458e-05,-0.22568
0.0,10.1478,-0.16646,1.1538,1.1539,8.16496580927e-05,-0.20814,-0.20815,9.574271077572956e-06,-0.0136,5.000000000000664e-06,318.9138,318.9524,0.0187941480253841,62.2462,62.18,0.0288015624576177,55.7799,0.0025748786379169,180.3811,151.1408,0.2625538214665098,17.6349,151.5965,19.4034,1.0220875859403311,0.8029699709589534,0.7883895691745755,7.33358205676e-05,0.8376395916289932,0.001202890037721,0.8396754588185982,0.0011498052099166,0.597347384808838,0.0001206888678228,0.5584862728660818,0.5584563336427053,3.86513711785e-05,0.8029699709589534,0.4296877339001826,2.86646240458e-05,-0.22568
0.0,10.1478,-0.16646,1.1538,1.1539,8.16496580927e-05,-0.20814,-0.20815,9.574271077572956e-06,-0.0136,5.000000000000664e-06,318.9138,318.9524,0.0187941480253841,62.2462,62.18,0.0288015624576177,55.7799,0.0025748786379169,180.3811,151.1408,0.2625538214665098,17.6349,151.5965,19.4034,1.0220875859403311,0.8029699709589534,0.7883895691745755,7.33358205676e-05,0.8376395916289932,0.001202890037721,0.8396754588185982,0.0011498052099166,0.597347384808838,0.0001206888678228,0.5584862728660818,0.5584563336427053,3.86513711785e-05,0.8029699709589534,0.4296877339001826,2.86646240458e-05,-0.22568
0.0,10.1478,-0.16646,1.1538,1.1539,8.16496580927e-05,-0.20814,-0.20815,9.574271077572956e-06,-0.0136,5.000000000000664e-06,318.9138,318.9524,0.0187941480253841,62.2462,62.18,0.0288015624576177,55.7799,0.0025748786379169,180.3811,151.1408,0.2625538214665098,17.6349,151.5965,19.4034,1.0220875859403311,0.8029699709589534,0.7883895691745755,7.33358205676e-05,0.8376395916289932,0.001202890037721,0.8396754588185982,0.0011498052099166,0.597347384808838,0.0001206888678228,0.5584862728660818,0.5584563336427053,3.86513711785e-05,0.8029699709589534,0.4296877339001826,2.86646240458e-05,-0.22568
0.0,10.1478,-0.16646,1.1538,1.1539,8.16496580927e-05,-0.20814,-0.20815,9.574271077572956e-06,-0.0136,5.000000000000664e-06,318.9138,318.9524,0.0187941480253841,62.2462,62.18,0.0288015624576177,55.7799,0.0025748786379169,180.3811,151.1408,0.2625538214665098,17.6349,151.5965,19.4034,1.0220875859403311,0.8029699709589534,0.7883895691745755,7.33358205676e-05,0.8376395916289932,0.001202890037721,0.8396754588185982,0.0011498052099166,0.597347384808838,0.0001206888678228,0.5584862728660818,0.5584563336427053,3.86513711785e-05,0.8029699709589534,0.4296877339001826,2.86646240458e-05,-0.22568
0.0,10.1478,-0.16646,1.1538,1.1539,8.16496580927e-05,-0.20814,-0.20815,9.574271077572956e-06,-0.0136,5.000000000000664e-06,318.9138,318.9524,0.0187941480253841,62.2462,62.18,0.0288015624576177,55.7799,0.0025748786379169,180.3811,151.1408,0.2625538214665098,17.6349,151.5965,19.4034,1.0220875859403311,0.8029699709589534,0.7883895691745755,7.33358205676e-05,0.8376395916289932,0.001202890037721,0.8396754588185982,0.0011498052099166,0.597347384808838,0.0001206888678228,0.5584862728660818,0.5584563336427053,3.86513711785e-05,0.8029699709589534,0.4296877339001826,2.86646240458e-05,-0.22568
0.0,10.1478,-0.16646,1.1538,1.1539,8.16496580927e-05,-0.20814,-0.20815,9.574271077572956e-06,-0.0136,5.000000000000664e-06,318.9138,318.9524,0.0187941480253841,62.2462,62.18,0.0288015624576177,55.7799,0.0025748786379169,180.3811,151.1408,0.2625538214665098,17.6349,151.5965,19.4034,1.0220875859403311,0.8029699709589534,0.7883895691745755,7.33358205676e-05,0.8376395916289932,0.001202890037721,0.8396754588185982,0.0011498052099166,0.597347384808838,0.0001206888678228,0.5584862728660818,0.5584563336427053,3.86513711785e-05,0.8029699709589534,0.4296877339001826,2.86646240458e-05,-0.22568
0.0,10.1478,-0.16646,1.1538,1.1539,8.16496580927e-05,-0.20814,-0.20815,9.574271077572956e-06,-0.0136,5.000000000000664e-06,318.9138,318.9524,0.0187941480253841,62.2462,62.18,0.0288015624576177,55.7799,0.0025748786379169,180.3811,151.1408,0.2625538214665098,17.6349,151.5965,19.4034,1.0220875859403311,0.8029699709589534,0.7883895691745755,7.33358205676e-05,0.8376395916289932,0.001202890037721,0.8396754588185982,0.0011498052099166,0.597347384808838,0.0001206888678228,0.5584862728660818,0.5584563336427053,3.86513711785e-05,0.8029699709589534,0.4296877339001826,2.86646240458e-05,-0.22568
0.0,10.1478,-0.16646,1.1538,1.1539,8.16496580927e-05,-0.20814,-0.20815,9.574271077572956e-06,-0.0136,5.000000000000664e-06,318.9138,318.9524,0.0187941480253841,62.2462,62.18,0.0288015624576177,55.7799,0.0025748786379169,180.3811,151.1408,0.2625538214665098,17.6349,151.5965,19.4034,1.0220875859403311,0.8029699709589534,0.7883895691745755,7.33358205676e-05,0.8376395916289932,0.001202890037721,0.8396754588185982,0.0011498052099166,0.597347384808838,0.0001206888678228,0.5584862728660818,0.5584563336427053,3.86513711785e-05,0.8029699709589534,0.4296877339001826,2.86646240458e-05,-0.22568
0.0,11.0112,-0.17387,1.1538,1.1539,8.16496580927e-05,-0.20814,-0.20815,9.574271077572956e-06,-0.0136,5.000000000000664e-06,318.9138,318.9524,0.0187941480253841,62.2462,62.18,0.0288015624576177,55.7799,0.0025748786379169,180.3811,151.1408,0.2625538214665098,17.6349,151.5965,19.4034,1.0220875859403311,0.8029699709589534,0.7883895691745755,7.33358205676e-05,0.8376395916289932,0.001202890037721,0.8396754588185982,0.0011498052099166,0.597347384808838,0.0001206888678228,0.5584862728660818,0.5584563336427053,3.86513711785e-05,0.8029699709589534,0.4296877339001826,2.86646240458e-05,-0.22568
0.0,11.0112,-0.17387,1.1538,1.1539,8.16496580927e-05,-0.20814,-0.20815,9.574271077572956e-06,-0.0136,5.000000000000664e-06,318.9138,318.9524,0.0187941480253841,62.2462,62.18,0.0288015624576177,55.7799,0.0025748786379169,180.3811,151.1408,0.2625538214665098,17.6349,151.5965,19.4034,1.0220875859403311,0.8029699709589534,0.7883895691745755,7.33358205676e-05,0.8376395916289932,0.001202890037721,0.8396754588185982,0.0011498052099166,0.597347384808838,0.0001206888678228,0.5584862728660818,0.5584563336427053,3.86513711785e-05,0.8029699709589534,0.4296877339001826,2.86646240458e-05,-0.22568
0.0,11.0112,-0.17387,1.1538,1.1539,8.16496580927e-05,-0.20814,-0.20815,9.574271077572956e-06,-0.0136,5.000000000000664e-06,318.9138,318.9524,0.0187941480253841,62.2462,62.18,0.0288015624576177,55.7799,0.0025748786379169,180.3811,151.1408,0.2625538214665098,17.6349,151.5965,19.4034,1.0220875859403311,0.8029699709589534,0.7883895691745755,7.33358205676e-05,0.8376395916289932,0.001202890037721,0.8396754588185982,0.0011498052099166,0.597347384808838,0.0001206888678228,0.5584862728660818,0.5584563336427053,3.86513711785e-05,0.8029699709589534,0.4296877339001826,2.86646240458e-05,-0.22568
0.0,11.0112,-0.17387,1.1538,1.1539,8.16496580927e-05,-0.20814,-0.20815,9.574271077572956e-06,-0.0136,5.000000000000664e-06,318.9138,318.9524,0.0187941480253841,62.2462,62.18,0.0288015624576177,55.7799,0.0025748786379169,180.3811,151.1408,0.2625538214665098,17.6349,151.5965,19.4034,1.0220875859403311,0.8029699709589534,0.7883895691745755,7.33358205676e-05,0.8376395916289932,0.001202890037721,0.8396754588185982,0.0011498052099166,0.597347384808838,0.0001206888678228,0.5584862728660818,0.5584563336427053,3.86513711785e-05,0.8029699709589534,0.4296877339001826,2.86646240458e-05,-0.22568
0.0,11.0112,-0.17387,1.1538,1.1539,8.16496580927e-05,-0.20814,-0.20815,9.574271077572956e-06,-0.0136,5.000000000000664e-06,318.9138,318.9524,0.0187941480253841,62.2462,62.18,0.0288015624576177,55.7799,0.0025748786379169,180.3811,151.1408,0.2625538214665098,17.6349,151.5965,19.4034,1.0220875859403311,0.8029699709589534,0.7883895691745755,7.33358205676e-05,0.8376395916289932,0.001202890037721,0.8396754588185982,0.0011498052099166,0.597347384808838,0.0001206888678228,0.5584862728660818,0.5584563336427053,3.86513711785e-05,0.8029699709589534,0.4296877339001826,2.86646240458e-05,-0.22568
0.0,11.0112,-0.17387,1.1538,1.1539,8.16496580927e-05,-0.20814,-0.20815,9.574271077572956e-06,-0.0136,5.000000000000664e-06,318.9138,318.9524,0.0187941480253841,62.2462,62.18,0.0288015624576177,55.7799,0.0025748786379169,180.3811,151.1408,0.2625538214665098,17.6349,151.5965,19.4034,1.0220875859403311,0.8029699709589534,0.7883895691745755,7.33358205676e-05,0.8376395916289932,0.001202890037721,0.8396754588185982,0.0011498052099166,0.597347384808838,0.0001206888678228,0.5584862728660818,0.5584563336427053,3.86513711785e-05,0.8029699709589534,0.4296877339001826,2.86646240458e-05,-0.22568
0.0,11.0112,-0.17387,1.1538,1.1539,8.16496580927e-05,-0.20814,-0.20815,9.574271077572956e-06,-0.0136,5.000000000000664e-06,318.9138,318.9524,0.0187941480253841,62.2462,62.18,0.0288015624576177,55.7799,0.0025748786379169,180.3811,151.1408,0.2625538214665098,17.6349,151.5965,19.4034,1.0220875859403311,0.8029699709589534,0.7883895691745755,7.33358205676e-05,0.8376395916289932,0.001202890037721,0.8396754588185982,0.0011498052099166,0.597347384808838,0.0001206888678228,0.5584862728660818,0.5584563336427053,3.86513711785e-05,0.8029699709589534,0.4296877339001826,2.86646240458e-05,-0.22568
0.0,11.0112,-0.17387,1.1538,1.1539,8.16496580927e-05,-0.20814,-0.20815,9.574271077572956e-06,-0.0136,5.000000000000664e-06,318.9138,318.9524,0.0187941480253841,62.2462,62.18,0.0288015624576177,55.7799,0.0025748786379169,180.3811,151.1408,0.2625538214665098,17.6349,151.5965,19.4034,1.0220875859403311,0.8029699709589534,0.7883895691745755,7.33358205676e-05,0.8376395916289932,0.001202890037721,0.8396754588185982,0.0011498052099166,0.597347384808838,0.0001206888678228,0.5584862728660818,0.5584563336427053,3.86513711785e-05,0.8029699709589534,0.4296877339001826,2.86646240458e-05,-0.22568
0.0,11.0112,-0.17387,1.1538,1.1539,8.16496580927e-05,-0.20814,-0.20815,9.574271077572956e-06,-0.0136,5.000000000000664e-06,318.9138,318.9524,0.0187941480253841,62.2462,62.18,0.0288015624576177,55.7799,0.0025748786379169,180.3811,151.1408,0.2625538214665098,17.6349,151.5965,19.4034,1.0220875859403311,0.8029699709589534,0.7883895691745755,7.33358205676e-05,0.8376395916289932,0.001202890037721,0.8396754588185982,0.0011498052099166,0.597347384808838,0.0001206888678228,0.5584862728660818,0.5584563336427053,3.86513711785e-05,0.8029699709589534,0.4296877339001826,2.86646240458e-05,-0.22568
6.39,7.1686,-0.19743,0.6204,1.8969,0.5319408485121154,-0.1898,-0.18974,0.0014709738986556,-0.0168,0.0017038787793551,349.9173,306.6397,17.384206621964598,60.345,67.615,15.654294332505394,55.8007,1.8054842246756504,170.9014,55.4709,2.341285963356574,187.1462,152.2288,18.2583,1.304384203278757,0.8270710457770725,0.8594952246938714,0.0225759893373934,0.7847669231460136,0.0204296706095137,0.8353342714289991,0.0035377721489757,0.7881201161641866,0.0227038024952494,0.727343492709799,0.8194664830394299,0.0303586265417111,0.8270710457770725,0.7745277087512349,0.0082061014274112,-0.22568
7.34,7.1686,-0.19743,0.6204,1.8969,0.5319408485121154,-0.1898,-0.18974,0.0014709738986556,-0.0168,0.0017038787793551,349.9173,306.6397,17.384206621964598,60.345,67.615,15.654294332505394,55.8007,1.8054842246756504,170.9014,55.4709,2.341285963356574,187.1462,152.2288,18.2583,1.304384203278757,0.8270710457770725,0.8594952246938714,0.0225759893373934,0.7847669231460136,0.0204296706095137,0.8353342714289991,0.0035377721489757,0.7881201161641866,0.0227038024952494,0.727343492709799,0.8194664830394299,0.0303586265417111,0.8270710457770725,0.7745277087512349,0.0082061014274112,-0.22568
5.69,7.1686,-0.19743,0.6204,1.8969,0.5319408485121154,-0.1898,-0.18974,0.0014709738986556,-0.0168,0.0017038787793551,349.9173,306.6397,17.384206621964598,60.345,67.615,15.654294332505394,55.8007,1.8054842246756504,170.9014,55.4709,2.341285963356574,187.1462,152.2288,18.2583,1.304384203278757,0.8270710457770725,0.8594952246938714,0.0225759893373934,0.7847669231460136,0.0204296706095137,0.8353342714289991,0.0035377721489757,0.7881201161641866,0.0227038024952494,0.727343492709799,0.8194664830394299,0.0303586265417111,0.8270710457770725,0.7745277087512349,0.0082061014274112,-0.22568
6.98,7.1686,-0.19743,0.6204,1.8969,0.5319408485121154,-0.1898,-0.18974,0.0014709738986556,-0.0168,0.0017038787793551,349.9173,306.6397,17.384206621964598,60.345,67.615,15.654294332505394,55.8007,1.8054842246756504,170.9014,55.4709,2.341285963356574,187.1462,152.2288,18.2583,1.304384203278757,0.8270710457770725,0.8594952246938714,0.0225759893373934,0.7847669231460136,0.0204296706095137,0.8353342714289991,0.0035377721489757,0.7881201161641866,0.0227038024952494,0.727343492709799,0.8194664830394299,0.0303586265417111,0.8270710457770725,0.7745277087512349,0.0082061014274112,-0.22568
6.45,7.1686,-0.19743,0.6204,1.8969,0.5319408485121154,-0.1898,-0.18974,0.0014709738986556,-0.0168,0.0017038787793551,349.9173,306.6397,17.384206621964598,60.345,67.615,15.654294332505394,55.8007,1.8054842246756504,170.9014,55.4709,2.341285963356574,187.1462,152.2288,18.2583,1.304384203278757,0.8270710457770725,0.8594952246938714,0.0225759893373934,0.7847669231460136,0.0204296706095137,0.8353342714289991,0.0035377721489757,0.7881201161641866,0.0227038024952494,0.727343492709799,0.8194664830394299,0.0303586265417111,0.8270710457770725,0.7745277087512349,0.0082061014274112,-0.22568
0.15,7.1686,-0.19743,0.6204,1.8969,0.5319408485121154,-0.1898,-0.18974,0.0014709738986556,-0.0168,0.0017038787793551,349.9173,306.6397,17.384206621964598,60.345,67.615,15.654294332505394,55.8007,1.8054842246756504,170.9014,55.4709,2.341285963356574,187.1462,152.2288,18.2583,1.304384203278757,0.8270710457770725,0.8594952246938714,0.0225759893373934,0.7847669231460136,0.0204296706095137,0.8353342714289991,0.0035377721489757,0.7881201161641866,0.0227038024952494,0.727343492709799,0.8194664830394299,0.0303586265417111,0.8270710457770725,0.7745277087512349,0.0082061014274112,-0.22568
9.79,7.1686,-0.19743,0.6204,1.8969,0.5319408485121154,-0.1898,-0.18974,0.0014709738986556,-0.0168,0.0017038787793551,349.9173,306.6397,17.384206621964598,60.345,67.615,15.654294332505394,55.8007,1.8054842246756504,170.9014,55.4709,2.341285963356574,187.1462,152.2288,18.2583,1.304384203278757,0.8270710457770725,0.8594952246938714,0.0225759893373934,0.7847669231460136,0.0204296706095137,0.8353342714289991,0.0035377721489757,0.7881201161641866,0.0227038024952494,0.727343492709799,0.8194664830394299,0.0303586265417111,0.8270710457770725,0.7745277087512349,0.0082061014274112,-0.22568
8.3,7.1686,-0.19743,0.6204,1.8969,0.5319408485121154,-0.1898,-0.18974,0.0014709738986556,-0.0168,0.0017038787793551,349.9173,306.6397,17.384206621964598,60.345,67.615,15.654294332505394,55.8007,1.8054842246756504,170.9014,55.4709,2.341285963356574,187.1462,152.2288,18.2583,1.304384203278757,0.8270710457770725,0.8594952246938714,0.0225759893373934,0.7847669231460136,0.0204296706095137,0.8353342714289991,0.0035377721489757,0.7881201161641866,0.0227038024952494,0.727343492709799,0.8194664830394299,0.0303586265417111,0.8270710457770725,0.7745277087512349,0.0082061014274112,-0.22568
8.61,7.1686,-0.19743,0.6204,1.8969,0.5319408485121154,-0.1898,-0.18974,0.0014709738986556,-0.0168,0.0017038787793551,349.9173,306.6397,17.384206621964598,60.345,67.615,15.654294332505394,55.8007,1.8054842246756504,170.9014,55.4709,2.341285963356574,187.1462,152.2288,18.2583,1.304384203278757,0.8270710457770725,0.8594952246938714,0.0225759893373934,0.7847669231460136,0.0204296706095137,0.8353342714289991,0.0035377721489757,0.7881201161641866,0.0227038024952494,0.727343492709799,0.8194664830394299,0.0303586265417111,0.8270710457770725,0.7745277087512349,0.0082061014274112,-0.22568
14.92,7.7731,-0.2019,0.6204,1.8969,0.5319408485121154,-0.1898,-0.18974,0.0014709738986556,-0.0168,0.0017038787793551,349.9173,306.6397,17.384206621964598,60.345,67.615,15.654294332505394,55.8007,1.8054842246756504,170.9014,55.4709,2.341285963356574,187.1462,152.2288,18.2583,1.304384203278757,0.8270710457770725,0.8594952246938714,0.0225759893373934,0.7847669231460136,0.0204296706095137,0.8353342714289991,0.0035377721489757,0.7881201161641866,0.0227038024952494,0.727343492709799,0.8194664830394299,0.0303586265417111,0.8270710457770725,0.7745277087512349,0.0082061014274112,-0.22568
23.22,7.7731,-0.2019,0.6204,1.8969,0.5319408485121154,-0.1898,-0.18974,0.0014709738986556,-0.0168,0.0017038787793551,349.9173,306.6397,17.384206621964598,60.345,67.615,15.654294332505394,55.8007,1.8054842246756504,170.9014,55.4709,2.341285963356574,187.1462,152.2288,18.2583,1.304384203278757,0.8270710457770725,0.8594952246938714,0.0225759893373934,0.7847669231460136,0.0204296706095137,0.8353342714289991,0.0035377721489757,0.7881201161641866,0.0227038024952494,0.727343492709799,0.8194664830394299,0.0303586265417111,0.8270710457770725,0.7745277087512349,0.0082061014274112,-0.22568
20.87,7.7731,-0.2019,0.6204,1.8969,0.5319408485121154,-0.1898,-0.18974,0.0014709738986556,-0.0168,0.0017038787793551,349.9173,306.6397,17.384206621964598,60.345,67.615,15.654294332505394,55.8007,1.8054842246756504,170.9014,55.4709,2.341285963356574,187.1462,152.2288,18.2583,1.304384203278757,0.8270710457770725,0.8594952246938714,0.0225759893373934,0.7847669231460136,0.0204296706095137,0.8353342714289991,0.0035377721489757,0.7881201161641866,0.0227038024952494,0.727343492709799,0.8194664830394299,0.0303586265417111,0.8270710457770725,0.7745277087512349,0.0082061014274112,-0.22568
19.77,7.7731,-0.2019,0.6204,1.8969,0.5319408485121154,-0.1898,-0.18974,0.0014709738986556,-0.0168,0.0017038787793551,349.9173,306.6397,17.384206621964598,60.345,67.615,15.654294332505394,55.8007,1.8054842246756504,170.9014,55.4709,2.341285963356574,187.1462,152.2288,18.2583,1.304384203278757,0.8270710457770725,0.8594952246938714,0.0225759893373934,0.7847669231460136,0.0204296706095137,0.8353342714289991,0.0035377721489757,0.7881201161641866,0.0227038024952494,0.727343492709799,0.8194664830394299,0.0303586265417111,0.8270710457770725,0.7745277087512349,0.0082061014274112,-0.22568
21.43,7.7731,-0.2019,0.6204,1.8969,0.5319408485121154,-0.1898,-0.18974,0.0014709738986556,-0.0168,0.0017038787793551,349.9173,306.6397,17.384206621964598,60.345,67.615,15.654294332505394,55.8007,1.8054842246756504,170.9014,55.4709,2.341285963356574,187.1462,152.2288,18.2583,1.304384203278757,0.8270710457770725,0.8594952246938714,0.0225759893373934,0.7847669231460136,0.0204296706095137,0.8353342714289991,0.0035377721489757,0.7881201161641866,0.0227038024952494,0.727343492709799,0.8194664830394299,0.0303586265417111,0.8270710457770725,0.7745277087512349,0.0082061014274112,-0.22568
18.22,7.7731,-0.2019,0.6204,1.8969,0.5319408485121154,-0.1898,-0.18974,0.0014709738986556,-0.0168,0.0017038787793551,349.9173,306.6397,17.384206621964598,60.345,67.615,15.654294332505394,55.8007,1.8054842246756504,170.9014,55.4709,2.341285963356574,187.1462,152.2288,18.2583,1.304384203278757,0.8270710457770725,0.8594952246938714,0.0225759893373934,0.7847669231460136,0.0204296706095137,0.8353342714289991,0.0035377721489757,0.7881201161641866,0.0227038024952494,0.727343492709799,0.8194664830394299,0.0303586265417111,0.8270710457770725,0.7745277087512349,0.0082061014274112,-0.22568
24.02,7.7731,-0.2019,0.6204,1.8969,0.5319408485121154,-0.1898,-0.18974,0.0014709738986556,-0.0168,0.0017038787793551,349.9173,306.6397,17.384206621964598,60.345,67.615,15.654294332505394,55.8007,1.8054842246756504,170.9014,55.4709,2.341285963356574,187.1462,152.2288,18.2583,1.304384203278757,0.8270710457770725,0.8594952246938714,0.0225759893373934,0.7847669231460136,0.0204296706095137,0.8353342714289991,0.0035377721489757,0.7881201161641866,0.0227038024952494,0.727343492709799,0.8194664830394299,0.0303586265417111,0.8270710457770725,0.7745277087512349,0.0082061014274112,-0.22568
47.33,7.7731,-0.2019,0.6204,1.8969,0.5319408485121154,-0.1898,-0.18974,0.0014709738986556,-0.0168,0.0017038787793551,349.9173,306.6397,17.384206621964598,60.345,67.615,15.654294332505394,55.8007,1.8054842246756504,170.9014,55.4709,2.341285963356574,187.1462,152.2288,18.2583,1.304384203278757,0.8270710457770725,0.8594952246938714,0.0225759893373934,0.7847669231460136,0.0204296706095137,0.8353342714289991,0.0035377721489757,0.7881201161641866,0.0227038024952494,0.727343492709799,0.8194664830394299,0.0303586265417111,0.8270710457770725,0.7745277087512349,0.0082061014274112,-0.22568
29.39,7.7731,-0.2019,0.6204,1.8969,0.5319408485121154,-0.1898,-0.18974,0.0014709738986556,-0.0168,0.0017038787793551,349.9173,306.6397,17.384206621964598,60.345,67.615,15.654294332505394,55.8007,1.8054842246756504,170.9014,55.4709,2.341285963356574,187.1462,152.2288,18.2583,1.304384203278757,0.8270710457770725,0.8594952246938714,0.0225759893373934,0.7847669231460136,0.0204296706095137,0.8353342714289991,0.0035377721489757,0.7881201161641866,0.0227038024952494,0.727343492709799,0.8194664830394299,0.0303586265417111,0.8270710457770725,0.7745277087512349,0.0082061014274112,-0.22568
19.51,10.1478,-0.16646,0.6204,1.8969,0.5319408485121154,-0.1898,-0.18974,0.0014709738986556,-0.0168,0.0017038787793551,349.9173,306.6397,17.384206621964598,60.345,67.615,15.654294332505394,55.8007,1.8054842246756504,170.9014,55.4709,2.341285963356574,187.1462,152.2288,18.2583,1.304384203278757,0.8270710457770725,0.8594952246938714,0.0225759893373934,0.7847669231460136,0.0204296706095137,0.8353342714289991,0.0035377721489757,0.7881201161641866,0.0227038024952494,0.727343492709799,0.8194664830394299,0.0303586265417111,0.8270710457770725,0.7745277087512349,0.0082061014274112,-0.22568
20.04,10.1478,-0.16646,0.6204,1.8969,0.5319408485121154,-0.1898,-0.18974,0.0014709738986556,-0.0168,0.0017038787793551,349.9173,306.6397,17.384206621964598,60.345,67.615,15.654294332505394,55.8007,1.8054842246756504,170.9014,55.4709,2.341285963356574,187.1462,152.2288,18.2583,1.304384203278757,0.8270710457770725,0.8594952246938714,0.0225759893373934,0.7847669231460136,0.0204296706095137,0.8353342714289991,0.0035377721489757,0.7881201161641866,0.0227038024952494,0.727343492709799,0.8194664830394299,0.0303586265417111,0.8270710457770725,0.7745277087512349,0.0082061014274112,-0.22568
16.09,10.1478,-0.16646,0.6204,1.8969,0.5319408485121154,-0.1898,-0.18974,0.0014709738986556,-0.0168,0.0017038787793551,349.9173,306.6397,17.384206621964598,60.345,67.615,15.654294332505394,55.8007,1.8054842246756504,170.9014,55.4709,2.341285963356574,187.1462,152.2288,18.2583,1.304384203278757,0.8270710457770725,0.8594952246938714,0.0225759893373934,0.7847669231460136,0.0204296706095137,0.8353342714289991,0.0035377721489757,0.7881201161641866,0.0227038024952494,0.727343492709799,0.8194664830394299,0.0303586265417111,0.8270710457770725,0.7745277087512349,0.0082061014274112,-0.22568
16.76,10.1478,-0.16646,0.6204,1.8969,0.5319408485121154,-0.1898,-0.18974,0.0014709738986556,-0.0168,0.0017038787793551,349.9173,306.6397,17.384206621964598,60.345,67.615,15.654294332505394,55.8007,1.8054842246756504,170.9014,55.4709,2.341285963356574,187.1462,152.2288,18.2583,1.304384203278757,0.8270710457770725,0.8594952246938714,0.0225759893373934,0.7847669231460136,0.0204296706095137,0.8353342714289991,0.0035377721489757,0.7881201161641866,0.0227038024952494,0.727343492709799,0.8194664830394299,0.0303586265417111,0.8270710457770725,0.7745277087512349,0.0082061014274112,-0.22568
14.43,10.1478,-0.16646,0.6204,1.8969,0.5319408485121154,-0.1898,-0.18974,0.0014709738986556,-0.0168,0.0017038787793551,349.9173,306.6397,17.384206621964598,60.345,67.615,15.654294332505394,55.8007,1.8054842246756504,170.9014,55.4709,2.341285963356574,187.1462,152.2288,18.2583,1.304384203278757,0.8270710457770725,0.8594952246938714,0.0225759893373934,0.7847669231460136,0.0204296706095137,0.8353342714289991,0.0035377721489757,0.7881201161641866,0.0227038024952494,0.727343492709799,0.8194664830394299,0.0303586265417111,0.8270710457770725,0.7745277087512349,0.0082061014274112,-0.22568
15.98,10.1478,-0.16646,0.6204,1.8969,0.5319408485121154,-0.1898,-0.18974,0.0014709738986556,-0.0168,0.0017038787793551,349.9173,306.6397,17.384206621964598,60.345,67.615,15.654294332505394,55.8007,1.8054842246756504,170.9014,55.4709,2.341285963356574,187.1462,152.2288,18.2583,1.304384203278757,0.8270710457770725,0.8594952246938714,0.0225759893373934,0.7847669231460136,0.0204296706095137,0.8353342714289991,0.0035377721489757,0.7881201161641866,0.0227038024952494,0.727343492709799,0.8194664830394299,0.0303586265417111,0.8270710457770725,0.7745277087512349,0.0082061014274112,-0.22568
17.53,10.1478,-0.16646,0.6204,1.8969,0.5319408485121154,-0.1898,-0.18974,0.0014709738986556,-0.0168,0.0017038787793551,349.9173,306.6397,17.384206621964598,60.345,67.615,15.654294332505394,55.8007,1.8054842246756504,170.9014,55.4709,2.341285963356574,187.1462,152.2288,18.2583,1.304384203278757,0.8270710457770725,0.8594952246938714,0.0225759893373934,0.7847669231460136,0.0204296706095137,0.8353342714289991,0.0035377721489757,0.7881201161641866,0.0227038024952494,0.727343492709799,0.8194664830394299,0.0303586265417111,0.8270710457770725,0.7745277087512349,0.0082061014274112,-0.22568
20.31,10.1478,-0.16646,0.6204,1.8969,0.5319408485121154,-0.1898,-0.18974,0.0014709738986556,-0.0168,0.0017038787793551,349.9173,306.6397,17.384206621964598,60.345,67.615,15.654294332505394,55.8007,1.8054842246756504,170.9014,55.4709,2.341285963356574,187.1462,152.2288,18.2583,1.304384203278757,0.8270710457770725,0.8594952246938714,0.0225759893373934,0.7847669231460136,0.0204296706095137,0.8353342714289991,0.0035377721489757,0.7881201161641866,0.0227038024952494,0.727343492709799,0.8194664830394299,0.0303586265417111,0.8270710457770725,0.7745277087512349,0.0082061014274112,-0.22568
22.08,10.1478,-0.16646,0.6204,1.8969,0.5319408485121154,-0.1898,-0.18974,0.0014709738986556,-0.0168,0.0017038787793551,349.9173,306.6397,17.384206621964598,60.345,67.615,15.654294332505394,55.8007,1.8054842246756504,170.9014,55.4709,2.341285963356574,187.1462,152.2288,18.2583,1.304384203278757,0.8270710457770725,0.8594952246938714,0.0225759893373934,0.7847669231460136,0.0204296706095137,0.8353342714289991,0.0035377721489757,0.7881201161641866,0.0227038024952494,0.727343492709799,0.8194664830394299,0.0303586265417111,0.8270710457770725,0.7745277087512349,0.0082061014274112,-0.22568
28.65,11.0112,-0.17387,0.6204,1.8969,0.5319408485121154,-0.1898,-0.18974,0.0014709738986556,-0.0168,0.0017038787793551,349.9173,306.6397,17.384206621964598,60.345,67.615,15.654294332505394,55.8007,1.8054842246756504,170.9014,55.4709,2.341285963356574,187.1462,152.2288,18.2583,1.304384203278757,0.8270710457770725,0.8594952246938714,0.0225759893373934,0.7847669231460136,0.0204296706095137,0.8353342714289991,0.0035377721489757,0.7881201161641866,0.0227038024952494,0.727343492709799,0.8194664830394299,0.0303586265417111,0.8270710457770725,0.7745277087512349,0.0082061014274112,-0.22568
31.97,11.0112,-0.17387,0.6204,1.8969,0.5319408485121154,-0.1898,-0.18974,0.0014709738986556,-0.0168,0.0017038787793551,349.9173,306.6397,17.384206621964598,60.345,67.615,15.654294332505394,55.8007,1.8054842246756504,170.9014,55.4709,2.341285963356574,187.1462,152.2288,18.2583,1.304384203278757,0.8270710457770725,0.8594952246938714,0.0225759893373934,0.7847669231460136,0.0204296706095137,0.8353342714289991,0.0035377721489757,0.7881201161641866,0.0227038024952494,0.727343492709799,0.8194664830394299,0.0303586265417111,0.8270710457770725,0.7745277087512349,0.0082061014274112,-0.22568
23.77,11.0112,-0.17387,0.6204,1.8969,0.5319408485121154,-0.1898,-0.18974,0.0014709738986556,-0.0168,0.0017038787793551,349.9173,306.6397,17.384206621964598,60.345,67.615,15.654294332505394,55.8007,1.8054842246756504,170.9014,55.4709,2.341285963356574,187.1462,152.2288,18.2583,1.304384203278757,0.8270710457770725,0.8594952246938714,0.0225759893373934,0.7847669231460136,0.0204296706095137,0.8353342714289991,0.0035377721489757,0.7881201161641866,0.0227038024952494,0.727343492709799,0.8194664830394299,0.0303586265417111,0.8270710457770725,0.7745277087512349,0.0082061014274112,-0.22568
25.31,11.0112,-0.17387,0.6204,1.8969,0.5319408485121154,-0.1898,-0.18974,0.0014709738986556,-0.0168,0.0017038787793551,349.9173,306.6397,17.384206621964598,60.345,67.615,15.654294332505394,55.8007,1.8054842246756504,170.9014,55.4709,2.341285963356574,187.1462,152.2288,18.2583,1.304384203278757,0.8270710457770725,0.8594952246938714,0.0225759893373934,0.7847669231460136,0.0204296706095137,0.8353342714289991,0.0035377721489757,0.7881201161641866,0.0227038024952494,0.727343492709799,0.8194664830394299,0.0303586265417111,0.8270710457770725,0.7745277087512349,0.0082061014274112,-0.22568
23.1,11.0112,-0.17387,0.6204,1.8969,0.5319408485121154,-0.1898,-0.18974,0.0014709738986556,-0.0168,0.0017038787793551,349.9173,306.6397,17.384206621964598,60.345,67.615,15.654294332505394,55.8007,1.8054842246756504,170.9014,55.4709,2.341285963356574,187.1462,152.2288,18.2583,1.304384203278757,0.8270710457770725,0.8594952246938714,0.0225759893373934,0.7847669231460136,0.0204296706095137,0.8353342714289991,0.0035377721489757,0.7881201161641866,0.0227038024952494,0.727343492709799,0.8194664830394299,0.0303586265417111,0.8270710457770725,0.7745277087512349,0.0082061014274112,-0.22568
20.07,11.0112,-0.17387,0.6204,1.8969,0.5319408485121154,-0.1898,-0.18974,0.0014709738986556,-0.0168,0.0017038787793551,349.9173,306.6397,17.384206621964598,60.345,67.615,15.654294332505394,55.8007,1.8054842246756504,170.9014,55.4709,2.341285963356574,187.1462,152.2288,18.2583,1.304384203278757,0.8270710457770725,0.8594952246938714,0.0225759893373934,0.7847669231460136,0.0204296706095137,0.8353342714289991,0.0035377721489757,0.7881201161641866,0.0227038024952494,0.727343492709799,0.8194664830394299,0.0303586265417111,0.8270710457770725,0.7745277087512349,0.0082061014274112,-0.22568
25.67,11.0112,-0.17387,0.6204,1.8969,0.5319408485121154,-0.1898,-0.18974,0.0014709738986556,-0.0168,0.0017038787793551,349.9173,306.6397,17.384206621964598,60.345,67.615,15.654294332505394,55.8007,1.8054842246756504,170.9014,55.4709,2.341285963356574,187.1462,152.2288,18.2583,1.304384203278757,0.8270710457770725,0.8594952246938714,0.0225759893373934,0.7847669231460136,0.0204296706095137,0.8353342714289991,0.0035377721489757,0.7881201161641866,0.0227038024952494,0.727343492709799,0.8194664830394299,0.0303586265417111,0.8270710457770725,0.7745277087512349,0.0082061014274112,-0.22568
29.56,11.0112,-0.17387,0.6204,1.8969,0.5319408485121154,-0.1898,-0.18974,0.0014709738986556,-0.0168,0.0017038787793551,349.9173,306.6397,17.384206621964598,60.345,67.615,15.654294332505394,55.8007,1.8054842246756504,170.9014,55.4709,2.341285963356574,187.1462,152.2288,18.2583,1.304384203278757,0.8270710457770725,0.8594952246938714,0.0225759893373934,0.7847669231460136,0.0204296706095137,0.8353342714289991,0.0035377721489757,0.7881201161641866,0.0227038024952494,0.727343492709799,0.8194664830394299,0.0303586265417111,0.8270710457770725,0.7745277087512349,0.0082061014274112,-0.22568
29.96,11.0112,-0.17387,0.6204,1.8969,0.5319408485121154,-0.1898,-0.18974,0.0014709738986556,-0.0168,0.0017038787793551,349.9173,306.6397,17.384206621964598,60.345,67.615,15.654294332505394,55.8007,1.8054842246756504,170.9014,55.4709,2.341285963356574,187.1462,152.2288,18.2583,1.304384203278757,0.8270710457770725,0.8594952246938714,0.0225759893373934,0.7847669231460136,0.0204296706095137,0.8353342714289991,0.0035377721489757,0.7881201161641866,0.0227038024952494,0.727343492709799,0.8194664830394299,0.0303586265417111,0.8270710457770725,0.7745277087512349,0.0082061014274112,-0.22568
0.0,7.1686,-0.19743,1.1472,1.0986,0.0332546046025618,-0.2016,-0.2008,0.0007382608555985,0.05385,0.0020549395036439,354.7681,369.9001,13.330470595600962,83.7445,73.2185,18.84236308038111,157.8727,5.019573292911369,15.7077,152.6202,3.2967818542826373,19.6166,152.9891,20.0956,3.187319775325629,0.8231789467381215,0.8104248375797132,0.0069840940238335,0.8138379090446394,0.0118009680208351,0.8187479416783928,0.0128665868004957,0.8104248375797132,0.0056182580940854,0.8138379090446394,0.7971018831771504,0.0138188901445329,0.8231789467381215,0.5129187748869795,0.0045416493000341,-0.22568
0.0,7.1686,-0.19743,1.1472,1.0986,0.0332546046025618,-0.2016,-0.2008,0.0007382608555985,0.05385,0.0020549395036439,354.7681,369.9001,13.330470595600962,83.7445,73.2185,18.84236308038111,157.8727,5.019573292911369,15.7077,152.6202,3.2967818542826373,19.6166,152.9891,20.0956,3.187319775325629,0.8231789467381215,0.8104248375797132,0.0069840940238335,0.8138379090446394,0.0118009680208351,0.8187479416783928,0.0128665868004957,0.8104248375797132,0.0056182580940854,0.8138379090446394,0.7971018831771504,0.0138188901445329,0.8231789467381215,0.5129187748869795,0.0045416493000341,-0.22568
0.0,7.1686,-0.19743,1.1472,1.0986,0.0332546046025618,-0.2016,-0.2008,0.0007382608555985,0.05385,0.0020549395036439,354.7681,369.9001,13.330470595600962,83.7445,73.2185,18.84236308038111,157.8727,5.019573292911369,15.7077,152.6202,3.2967818542826373,19.6166,152.9891,20.0956,3.187319775325629,0.8231789467381215,0.8104248375797132,0.0069840940238335,0.8138379090446394,0.0118009680208351,0.8187479416783928,0.0128665868004957,0.8104248375797132,0.0056182580940854,0.8138379090446394,0.7971018831771504,0.0138188901445329,0.8231789467381215,0.5129187748869795,0.0045416493000341,-0.22568
0.0,7.1686,-0.19743,1.1472,1.0986,0.0332546046025618,-0.2016,-0.2008,0.0007382608555985,0.05385,0.0020549395036439,354.7681,369.9001,13.330470595600962,83.7445,73.2185,18.84236308038111,157.8727,5.019573292911369,15.7077,152.6202,3.2967818542826373,19.6166,152.9891,20.0956,3.187319775325629,0.8231789467381215,0.8104248375797132,0.0069840940238335,0.8138379090446394,0.0118009680208351,0.8187479416783928,0.0128665868004957,0.8104248375797132,0.0056182580940854,0.8138379090446394,0.7971018831771504,0.0138188901445329,0.8231789467381215,0.5129187748869795,0.0045416493000341,-0.22568
0.0,7.1686,-0.19743,1.1472,1.0986,0.0332546046025618,-0.2016,-0.2008,0.0007382608555985,0.05385,0.0020549395036439,354.7681,369.9001,13.330470595600962,83.7445,73.2185,18.84236308038111,157.8727,5.019573292911369,15.7077,152.6202,3.2967818542826373,19.6166,152.9891,20.0956,3.187319775325629,0.8231789467381215,0.8104248375797132,0.0069840940238335,0.8138379090446394,0.0118009680208351,0.8187479416783928,0.0128665868004957,0.8104248375797132,0.0056182580940854,0.8138379090446394,0.7971018831771504,0.0138188901445329,0.8231789467381215,0.5129187748869795,0.0045416493000341,-0.22568
0.0,7.1686,-0.19743,1.1472,1.0986,0.0332546046025618,-0.2016,-0.2008,0.0007382608555985,0.05385,0.0020549395036439,354.7681,369.9001,13.330470595600962,83.7445,73.2185,18.84236308038111,157.8727,5.019573292911369,15.7077,152.6202,3.2967818542826373,19.6166,152.9891,20.0956,3.187319775325629,0.8231789467381215,0.8104248375797132,0.0069840940238335,0.8138379090446394,0.0118009680208351,0.8187479416783928,0.0128665868004957,0.8104248375797132,0.0056182580940854,0.8138379090446394,0.7971018831771504,0.0138188901445329,0.8231789467381215,0.5129187748869795,0.0045416493000341,-0.22568
0.0,7.1686,-0.19743,1.1472,1.0986,0.0332546046025618,-0.2016,-0.2008,0.0007382608555985,0.05385,0.0020549395036439,354.7681,369.9001,13.330470595600962,83.7445,73.2185,18.84236308038111,157.8727,5.019573292911369,15.7077,152.6202,3.2967818542826373,19.6166,152.9891,20.0956,3.187319775325629,0.8231789467381215,0.8104248375797132,0.0069840940238335,0.8138379090446394,0.0118009680208351,0.8187479416783928,0.0128665868004957,0.8104248375797132,0.0056182580940854,0.8138379090446394,0.7971018831771504,0.0138188901445329,0.8231789467381215,0.5129187748869795,0.0045416493000341,-0.22568
0.0,7.1686,-0.19743,1.1472,1.0986,0.0332546046025618,-0.2016,-0.2008,0.0007382608555985,0.05385,0.0020549395036439,354.7681,369.9001,13.330470595600962,83.7445,73.2185,18.84236308038111,157.8727,5.019573292911369,15.7077,152.6202,3.2967818542826373,19.6166,152.9891,20.0956,3.187319775325629,0.8231789467381215,0.8104248375797132,0.0069840940238335,0.8138379090446394,0.0118009680208351,0.8187479416783928,0.0128665868004957,0.8104248375797132,0.0056182580940854,0.8138379090446394,0.7971018831771504,0.0138188901445329,0.8231789467381215,0.5129187748869795,0.0045416493000341,-0.22568
0.0,7.1686,-0.19743,1.1472,1.0986,0.0332546046025618,-0.2016,-0.2008,0.0007382608555985,0.05385,0.0020549395036439,354.7681,369.9001,13.330470595600962,83.7445,73.2185,18.84236308038111,157.8727,5.019573292911369,15.7077,152.6202,3.2967818542826373,19.6166,152.9891,20.0956,3.187319775325629,0.8231789467381215,0.8104248375797132,0.0069840940238335,0.8138379090446394,0.0118009680208351,0.8187479416783928,0.0128665868004957,0.8104248375797132,0.0056182580940854,0.8138379090446394,0.7971018831771504,0.0138188901445329,0.8231789467381215,0.5129187748869795,0.0045416493000341,-0.22568
0.0,7.7731,-0.2019,1.1472,1.0986,0.0332546046025618,-0.2016,-0.2008,0.0007382608555985,0.05385,0.0020549395036439,354.7681,369.9001,13.330470595600962,83.7445,73.2185,18.84236308038111,157.8727,5.019573292911369,15.7077,152.6202,3.2967818542826373,19.6166,152.9891,20.0956,3.187319775325629,0.8231789467381215,0.8104248375797132,0.0069840940238335,0.8138379090446394,0.0118009680208351,0.8187479416783928,0.0128665868004957,0.8104248375797132,0.0056182580940854,0.8138379090446394,0.7971018831771504,0.0138188901445329,0.8231789467381215,0.5129187748869795,0.0045416493000341,-0.22568
0.0,7.7731,-0.2019,1.1472,1.0986,0.0332546046025618,-0.2016,-0.2008,0.0007382608555985,0.05385,0.0020549395036439,354.7681,369.9001,13.330470595600962,83.7445,73.2185,18.84236308038111,157.8727,5.019573292911369,15.7077,152.6202,3.2967818542826373,19.6166,152.9891,20.0956,3.187319775325629,0.8231789467381215,0.8104248375797132,0.0069840940238335,0.8138379090446394,0.0118009680208351,0.8187479416783928,0.0128665868004957,0.8104248375797132,0.0056182580940854,0.8138379090446394,0.7971018831771504,0.0138188901445329,0.8231789467381215,0.5129187748869795,0.0045416493000341,-0.22568
0.0,7.7731,-0.2019,1.1472,1.0986,0.0332546046025618,-0.2016,-0.2008,0.0007382608555985,0.05385,0.0020549395036439,354.7681,369.9001,13.330470595600962,83.7445,73.2185,18.84236308038111,157.8727,5.019573292911369,15.7077,152.6202,3.2967818542826373,19.6166,152.9891,20.0956,3.187319775325629,0.8231789467381215,0.8104248375797132,0.0069840940238335,0.8138379090446394,0.0118009680208351,0.8187479416783928,0.0128665868004957,0.8104248375797132,0.0056182580940854,0.8138379090446394,0.7971018831771504,0.0138188901445329,0.8231789467381215,0.5129187748869795,0.0045416493000341,-0.22568
0.0,7.7731,-0.2019,1.1472,1.0986,0.0332546046025618,-0.2016,-0.2008,0.0007382608555985,0.05385,0.0020549395036439,354.7681,369.9001,13.330470595600962,83.7445,73.2185,18.84236308038111,157.8727,5.019573292911369,15.7077,152.6202,3.2967818542826373,19.6166,152.9891,20.0956,3.187319775325629,0.8231789467381215,0.8104248375797132,0.0069840940238335,0.8138379090446394,0.0118009680208351,0.8187479416783928,0.0128665868004957,0.8104248375797132,0.0056182580940854,0.8138379090446394,0.7971018831771504,0.0138188901445329,0.8231789467381215,0.5129187748869795,0.0045416493000341,-0.22568
0.0,7.7731,-0.2019,1.1472,1.0986,0.0332546046025618,-0.2016,-0.2008,0.0007382608555985,0.05385,0.0020549395036439,354.7681,369.9001,13.330470595600962,83.7445,73.2185,18.84236308038111,157.8727,5.019573292911369,15.7077,152.6202,3.2967818542826373,19.6166,152.9891,20.0956,3.187319775325629,0.8231789467381215,0.8104248375797132,0.0069840940238335,0.8138379090446394,0.0118009680208351,0.8187479416783928,0.0128665868004957,0.8104248375797132,0.0056182580940854,0.8138379090446394,0.7971018831771504,0.0138188901445329,0.8231789467381215,0.5129187748869795,0.0045416493000341,-0.22568
0.0,7.7731,-0.2019,1.1472,1.0986,0.0332546046025618,-0.2016,-0.2008,0.0007382608555985,0.05385,0.0020549395036439,354.7681,369.9001,13.330470595600962,83.7445,73.2185,18.84236308038111,157.8727,5.019573292911369,15.7077,152.6202,3.2967818542826373,19.6166,152.9891,20.0956,3.187319775325629,0.8231789467381215,0.8104248375797132,0.0069840940238335,0.8138379090446394,0.0118009680208351,0.8187479416783928,0.0128665868004957,0.8104248375797132,0.0056182580940854,0.8138379090446394,0.7971018831771504,0.0138188901445329,0.8231789467381215,0.5129187748869795,0.0045416493000341,-0.22568
0.0,7.7731,-0.2019,1.1472,1.0986,0.0332546046025618,-0.2016,-0.2008,0.0007382608555985,0.05385,0.0020549395036439,354.7681,369.9001,13.330470595600962,83.7445,73.2185,18.84236308038111,157.8727,5.019573292911369,15.7077,152.6202,3.2967818542826373,19.6166,152.9891,20.0956,3.187319775325629,0.8231789467381215,0.8104248375797132,0.0069840940238335,0.8138379090446394,0.0118009680208351,0.8187479416783928,0.0128665868004957,0.8104248375797132,0.0056182580940854,0.8138379090446394,0.7971018831771504,0.0138188901445329,0.8231789467381215,0.5129187748869795,0.0045416493000341,-0.22568
0.0,7.7731,-0.2019,1.1472,1.0986,0.0332546046025618,-0.2016,-0.2008,0.0007382608555985,0.05385,0.0020549395036439,354.7681,369.9001,13.330470595600962,83.7445,73.2185,18.84236308038111,157.8727,5.019573292911369,15.7077,152.6202,3.2967818542826373,19.6166,152.9891,20.0956,3.187319775325629,0.8231789467381215,0.8104248375797132,0.0069840940238335,0.8138379090446394,0.0118009680208351,0.8187479416783928,0.0128665868004957,0.8104248375797132,0.0056182580940854,0.8138379090446394,0.7971018831771504,0.0138188901445329,0.8231789467381215,0.5129187748869795,0.0045416493000341,-0.22568
0.0,7.7731,-0.2019,1.1472,1.0986,0.0332546046025618,-0.2016,-0.2008,0.0007382608555985,0.05385,0.0020549395036439,354.7681,369.9001,13.330470595600962,83.7445,73.2185,18.84236308038111,157.8727,5.019573292911369,15.7077,152.6202,3.2967818542826373,19.6166,152.9891,20.0956,3.187319775325629,0.8231789467381215,0.8104248375797132,0.0069840940238335,0.8138379090446394,0.0118009680208351,0.8187479416783928,0.0128665868004957,0.8104248375797132,0.0056182580940854,0.8138379090446394,0.7971018831771504,0.0138188901445329,0.8231789467381215,0.5129187748869795,0.0045416493000341,-0.22568
0.55,10.1478,-0.16646,1.1472,1.0986,0.0332546046025618,-0.2016,-0.2008,0.0007382608555985,0.05385,0.0020549395036439,354.7681,369.9001,13.330470595600962,83.7445,73.2185,18.84236308038111,157.8727,5.019573292911369,15.7077,152.6202,3.2967818542826373,19.6166,152.9891,20.0956,3.187319775325629,0.8231789467381215,0.8104248375797132,0.0069840940238335,0.8138379090446394,0.0118009680208351,0.8187479416783928,0.0128665868004957,0.8104248375797132,0.0056182580940854,0.8138379090446394,0.7971018831771504,0.0138188901445329,0.8231789467381215,0.5129187748869795,0.0045416493000341,-0.22568
0.0,10.1478,-0.16646,1.1472,1.0986,0.0332546046025618,-0.2016,-0.2008,0.0007382608555985,0.05385,0.0020549395036439,354.7681,369.9001,13.330470595600962,83.7445,73.2185,18.84236308038111,157.8727,5.019573292911369,15.7077,152.6202,3.2967818542826373,19.6166,152.9891,20.0956,3.187319775325629,0.8231789467381215,0.8104248375797132,0.0069840940238335,0.8138379090446394,0.0118009680208351,0.8187479416783928,0.0128665868004957,0.8104248375797132,0.0056182580940854,0.8138379090446394,0.7971018831771504,0.0138188901445329,0.8231789467381215,0.5129187748869795,0.0045416493000341,-0.22568
2.98,10.1478,-0.16646,1.1472,1.0986,0.0332546046025618,-0.2016,-0.2008,0.0007382608555985,0.05385,0.0020549395036439,354.7681,369.9001,13.330470595600962,83.7445,73.2185,18.84236308038111,157.8727,5.019573292911369,15.7077,152.6202,3.2967818542826373,19.6166,152.9891,20.0956,3.187319775325629,0.8231789467381215,0.8104248375797132,0.0069840940238335,0.8138379090446394,0.0118009680208351,0.8187479416783928,0.0128665868004957,0.8104248375797132,0.0056182580940854,0.8138379090446394,0.7971018831771504,0.0138188901445329,0.8231789467381215,0.5129187748869795,0.0045416493000341,-0.22568
0.0,10.1478,-0.16646,1.1472,1.0986,0.0332546046025618,-0.2016,-0.2008,0.0007382608555985,0.05385,0.0020549395036439,354.7681,369.9001,13.330470595600962,83.7445,73.2185,18.84236308038111,157.8727,5.019573292911369,15.7077,152.6202,3.2967818542826373,19.6166,152.9891,20.0956,3.187319775325629,0.8231789467381215,0.8104248375797132,0.0069840940238335,0.8138379090446394,0.0118009680208351,0.8187479416783928,0.0128665868004957,0.8104248375797132,0.0056182580940854,0.8138379090446394,0.7971018831771504,0.0138188901445329,0.8231789467381215,0.5129187748869795,0.0045416493000341,-0.22568
0.0,10.1478,-0.16646,1.1472,1.0986,0.0332546046025618,-0.2016,-0.2008,0.0007382608555985,0.05385,0.0020549395036439,354.7681,369.9001,13.330470595600962,83.7445,73.2185,18.84236308038111,157.8727,5.019573292911369,15.7077,152.6202,3.2967818542826373,19.6166,152.9891,20.0956,3.187319775325629,0.8231789467381215,0.8104248375797132,0.0069840940238335,0.8138379090446394,0.0118009680208351,0.8187479416783928,0.0128665868004957,0.8104248375797132,0.0056182580940854,0.8138379090446394,0.7971018831771504,0.0138188901445329,0.8231789467381215,0.5129187748869795,0.0045416493000341,-0.22568
0.0,10.1478,-0.16646,1.1472,1.0986,0.0332546046025618,-0.2016,-0.2008,0.0007382608555985,0.05385,0.0020549395036439,354.7681,369.9001,13.330470595600962,83.7445,73.2185,18.84236308038111,157.8727,5.019573292911369,15.7077,152.6202,3.2967818542826373,19.6166,152.9891,20.0956,3.187319775325629,0.8231789467381215,0.8104248375797132,0.0069840940238335,0.8138379090446394,0.0118009680208351,0.8187479416783928,0.0128665868004957,0.8104248375797132,0.0056182580940854,0.8138379090446394,0.7971018831771504,0.0138188901445329,0.8231789467381215,0.5129187748869795,0.0045416493000341,-0.22568
0.0,10.1478,-0.16646,1.1472,1.0986,0.0332546046025618,-0.2016,-0.2008,0.0007382608555985,0.05385,0.0020549395036439,354.7681,369.9001,13.330470595600962,83.7445,73.2185,18.84236308038111,157.8727,5.019573292911369,15.7077,152.6202,3.2967818542826373,19.6166,152.9891,20.0956,3.187319775325629,0.8231789467381215,0.8104248375797132,0.0069840940238335,0.8138379090446394,0.0118009680208351,0.8187479416783928,0.0128665868004957,0.8104248375797132,0.0056182580940854,0.8138379090446394,0.7971018831771504,0.0138188901445329,0.8231789467381215,0.5129187748869795,0.0045416493000341,-0.22568
0.28,10.1478,-0.16646,1.1472,1.0986,0.0332546046025618,-0.2016,-0.2008,0.0007382608555985,0.05385,0.0020549395036439,354.7681,369.9001,13.330470595600962,83.7445,73.2185,18.84236308038111,157.8727,5.019573292911369,15.7077,152.6202,3.2967818542826373,19.6166,152.9891,20.0956,3.187319775325629,0.8231789467381215,0.8104248375797132,0.0069840940238335,0.8138379090446394,0.0118009680208351,0.8187479416783928,0.0128665868004957,0.8104248375797132,0.0056182580940854,0.8138379090446394,0.7971018831771504,0.0138188901445329,0.8231789467381215,0.5129187748869795,0.0045416493000341,-0.22568
1.12,10.1478,-0.16646,1.1472,1.0986,0.0332546046025618,-0.2016,-0.2008,0.0007382608555985,0.05385,0.0020549395036439,354.7681,369.9001,13.330470595600962,83.7445,73.2185,18.84236308038111,157.8727,5.019573292911369,15.7077,152.6202,3.2967818542826373,19.6166,152.9891,20.0956,3.187319775325629,0.8231789467381215,0.8104248375797132,0.0069840940238335,0.8138379090446394,0.0118009680208351,0.8187479416783928,0.0128665868004957,0.8104248375797132,0.0056182580940854,0.8138379090446394,0.7971018831771504,0.0138188901445329,0.8231789467381215,0.5129187748869795,0.0045416493000341,-0.22568
0.0,11.0112,-0.17387,1.1472,1.0986,0.0332546046025618,-0.2016,-0.2008,0.0007382608555985,0.05385,0.0020549395036439,354.7681,369.9001,13.330470595600962,83.7445,73.2185,18.84236308038111,157.8727,5.019573292911369,15.7077,152.6202,3.2967818542826373,19.6166,152.9891,20.0956,3.187319775325629,0.8231789467381215,0.8104248375797132,0.0069840940238335,0.8138379090446394,0.0118009680208351,0.8187479416783928,0.0128665868004957,0.8104248375797132,0.0056182580940854,0.8138379090446394,0.7971018831771504,0.0138188901445329,0.8231789467381215,0.5129187748869795,0.0045416493000341,-0.22568
0.0,11.0112,-0.17387,1.1472,1.0986,0.0332546046025618,-0.2016,-0.2008,0.0007382608555985,0.05385,0.0020549395036439,354.7681,369.9001,13.330470595600962,83.7445,73.2185,18.84236308038111,157.8727,5.019573292911369,15.7077,152.6202,3.2967818542826373,19.6166,152.9891,20.0956,3.187319775325629,0.8231789467381215,0.8104248375797132,0.0069840940238335,0.8138379090446394,0.0118009680208351,0.8187479416783928,0.0128665868004957,0.8104248375797132,0.0056182580940854,0.8138379090446394,0.7971018831771504,0.0138188901445329,0.8231789467381215,0.5129187748869795,0.0045416493000341,-0.22568
0.69,11.0112,-0.17387,1.1472,1.0986,0.0332546046025618,-0.2016,-0.2008,0.0007382608555985,0.05385,0.0020549395036439,354.7681,369.9001,13.330470595600962,83.7445,73.2185,18.84236308038111,157.8727,5.019573292911369,15.7077,152.6202,3.2967818542826373,19.6166,152.9891,20.0956,3.187319775325629,0.8231789467381215,0.8104248375797132,0.0069840940238335,0.8138379090446394,0.0118009680208351,0.8187479416783928,0.0128665868004957,0.8104248375797132,0.0056182580940854,0.8138379090446394,0.7971018831771504,0.0138188901445329,0.8231789467381215,0.5129187748869795,0.0045416493000341,-0.22568
0.0,11.0112,-0.17387,1.1472,1.0986,0.0332546046025618,-0.2016,-0.2008,0.0007382608555985,0.05385,0.0020549395036439,354.7681,369.9001,13.330470595600962,83.7445,73.2185,18.84236308038111,157.8727,5.019573292911369,15.7077,152.6202,3.2967818542826373,19.6166,152.9891,20.0956,3.187319775325629,0.8231789467381215,0.8104248375797132,0.0069840940238335,0.8138379090446394,0.0118009680208351,0.8187479416783928,0.0128665868004957,0.8104248375797132,0.0056182580940854,0.8138379090446394,0.7971018831771504,0.0138188901445329,0.8231789467381215,0.5129187748869795,0.0045416493000341,-0.22568
0.0,11.0112,-0.17387,1.1472,1.0986,0.0332546046025618,-0.2016,-0.2008,0.0007382608555985,0.05385,0.0020549395036439,354.7681,369.9001,13.330470595600962,83.7445,73.2185,18.84236308038111,157.8727,5.019573292911369,15.7077,152.6202,3.2967818542826373,19.6166,152.9891,20.0956,3.187319775325629,0.8231789467381215,0.8104248375797132,0.0069840940238335,0.8138379090446394,0.0118009680208351,0.8187479416783928,0.0128665868004957,0.8104248375797132,0.0056182580940854,0.8138379090446394,0.7971018831771504,0.0138188901445329,0.8231789467381215,0.5129187748869795,0.0045416493000341,-0.22568
0.0,11.0112,-0.17387,1.1472,1.0986,0.0332546046025618,-0.2016,-0.2008,0.0007382608555985,0.05385,0.0020549395036439,354.7681,369.9001,13.330470595600962,83.7445,73.2185,18.84236308038111,157.8727,5.019573292911369,15.7077,152.6202,3.2967818542826373,19.6166,152.9891,20.0956,3.187319775325629,0.8231789467381215,0.8104248375797132,0.0069840940238335,0.8138379090446394,0.0118009680208351,0.8187479416783928,0.0128665868004957,0.8104248375797132,0.0056182580940854,0.8138379090446394,0.7971018831771504,0.0138188901445329,0.8231789467381215,0.5129187748869795,0.0045416493000341,-0.22568
0.0,11.0112,-0.17387,1.1472,1.0986,0.0332546046025618,-0.2016,-0.2008,0.0007382608555985,0.05385,0.0020549395036439,354.7681,369.9001,13.330470595600962,83.7445,73.2185,18.84236308038111,157.8727,5.019573292911369,15.7077,152.6202,3.2967818542826373,19.6166,152.9891,20.0956,3.187319775325629,0.8231789467381215,0.8104248375797132,0.0069840940238335,0.8138379090446394,0.0118009680208351,0.8187479416783928,0.0128665868004957,0.8104248375797132,0.0056182580940854,0.8138379090446394,0.7971018831771504,0.0138188901445329,0.8231789467381215,0.5129187748869795,0.0045416493000341,-0.22568
0.0,11.0112,-0.17387,1.1472,1.0986,0.0332546046025618,-0.2016,-0.2008,0.0007382608555985,0.05385,0.0020549395036439,354.7681,369.9001,13.330470595600962,83.7445,73.2185,18.84236308038111,157.8727,5.019573292911369,15.7077,152.6202,3.2967818542826373,19.6166,152.9891,20.0956,3.187319775325629,0.8231789467381215,0.8104248375797132,0.0069840940238335,0.8138379090446394,0.0118009680208351,0.8187479416783928,0.0128665868004957,0.8104248375797132,0.0056182580940854,0.8138379090446394,0.7971018831771504,0.0138188901445329,0.8231789467381215,0.5129187748869795,0.0045416493000341,-0.22568
0.83,11.0112,-0.17387,1.1472,1.0986,0.0332546046025618,-0.2016,-0.2008,0.0007382608555985,0.05385,0.0020549395036439,354.7681,369.9001,13.330470595600962,83.7445,73.2185,18.84236308038111,157.8727,5.019573292911369,15.7077,152.6202,3.2967818542826373,19.6166,152.9891,20.0956,3.187319775325629,0.8231789467381215,0.8104248375797132,0.0069840940238335,0.8138379090446394,0.0118009680208351,0.8187479416783928,0.0128665868004957,0.8104248375797132,0.0056182580940854,0.8138379090446394,0.7971018831771504,0.0138188901445329,0.8231789467381215,0.5129187748869795,0.0045416493000341,-0.22568
2.06,7.1686,-0.19743,1.413,1.413,0.0,-0.21146,-0.21146,0.0,-0.01885,0.0,361.4428,361.4428,0.0,39.667,39.667,0.0,56.1606,0.0,179.4228,56.1046,0.0,179.4567,56.1021,179.4687,0.0,0.7028831472111613,0.7320439507799167,0.0,0.7324331606838118,0.0,0.7329720667045896,0.0,0.7320439507799167,0.0,0.7324331606838118,0.7324331606838118,0.0,0.7028831472111613,0.5225891440376037,0.0,-0.22568
0.55,7.1686,-0.19743,1.413,1.413,0.0,-0.21146,-0.21146,0.0,-0.01885,0.0,361.4428,361.4428,0.0,39.667,39.667,0.0,56.1606,0.0,179.4228,56.1046,0.0,179.4567,56.1021,179.4687,0.0,0.7028831472111613,0.7320439507799167,0.0,0.7324331606838118,0.0,0.7329720667045896,0.0,0.7320439507799167,0.0,0.7324331606838118,0.7324331606838118,0.0,0.7028831472111613,0.5225891440376037,0.0,-0.22568
5.94,7.1686,-0.19743,1.413,1.413,0.0,-0.21146,-0.21146,0.0,-0.01885,0.0,361.4428,361.4428,0.0,39.667,39.667,0.0,56.1606,0.0,179.4228,56.1046,0.0,179.4567,56.1021,179.4687,0.0,0.7028831472111613,0.7320439507799167,0.0,0.7324331606838118,0.0,0.7329720667045896,0.0,0.7320439507799167,0.0,0.7324331606838118,0.7324331606838118,0.0,0.7028831472111613,0.5225891440376037,0.0,-0.22568
0.24,7.1686,-0.19743,1.413,1.413,0.0,-0.21146,-0.21146,0.0,-0.01885,0.0,361.4428,361.4428,0.0,39.667,39.667,0.0,56.1606,0.0,179.4228,56.1046,0.0,179.4567,56.1021,179.4687,0.0,0.7028831472111613,0.7320439507799167,0.0,0.7324331606838118,0.0,0.7329720667045896,0.0,0.7320439507799167,0.0,0.7324331606838118,0.7324331606838118,0.0,0.7028831472111613,0.5225891440376037,0.0,-0.22568
1.16,7.1686,-0.19743,1.413,1.413,0.0,-0.21146,-0.21146,0.0,-0.01885,0.0,361.4428,361.4428,0.0,39.667,39.667,0.0,56.1606,0.0,179.4228,56.1046,0.0,179.4567,56.1021,179.4687,0.0,0.7028831472111613,0.7320439507799167,0.0,0.7324331606838118,0.0,0.7329720667045896,0.0,0.7320439507799167,0.0,0.7324331606838118,0.7324331606838118,0.0,0.7028831472111613,0.5225891440376037,0.0,-0.22568
2.59,7.1686,-0.19743,1.413,1.413,0.0,-0.21146,-0.21146,0.0,-0.01885,0.0,361.4428,361.4428,0.0,39.667,39.667,0.0,56.1606,0.0,179.4228,56.1046,0.0,179.4567,56.1021,179.4687,0.0,0.7028831472111613,0.7320439507799167,0.0,0.7324331606838118,0.0,0.7329720667045896,0.0,0.7320439507799167,0.0,0.7324331606838118,0.7324331606838118,0.0,0.7028831472111613,0.5225891440376037,0.0,-0.22568
0.78,7.1686,-0.19743,1.413,1.413,0.0,-0.21146,-0.21146,0.0,-0.01885,0.0,361.4428,361.4428,0.0,39.667,39.667,0.0,56.1606,0.0,179.4228,56.1046,0.0,179.4567,56.1021,179.4687,0.0,0.7028831472111613,0.7320439507799167,0.0,0.7324331606838118,0.0,0.7329720667045896,0.0,0.7320439507799167,0.0,0.7324331606838118,0.7324331606838118,0.0,0.7028831472111613,0.5225891440376037,0.0,-0.22568
3.57,7.1686,-0.19743,1.413,1.413,0.0,-0.21146,-0.21146,0.0,-0.01885,0.0,361.4428,361.4428,0.0,39.667,39.667,0.0,56.1606,0.0,179.4228,56.1046,0.0,179.4567,56.1021,179.4687,0.0,0.7028831472111613,0.7320439507799167,0.0,0.7324331606838118,0.0,0.7329720667045896,0.0,0.7320439507799167,0.0,0.7324331606838118,0.7324331606838118,0.0,0.7028831472111613,0.5225891440376037,0.0,-0.22568
5.22,7.1686,-0.19743,1.413,1.413,0.0,-0.21146,-0.21146,0.0,-0.01885,0.0,361.4428,361.4428,0.0,39.667,39.667,0.0,56.1606,0.0,179.4228,56.1046,0.0,179.4567,56.1021,179.4687,0.0,0.7028831472111613,0.7320439507799167,0.0,0.7324331606838118,0.0,0.7329720667045896,0.0,0.7320439507799167,0.0,0.7324331606838118,0.7324331606838118,0.0,0.7028831472111613,0.5225891440376037,0.0,-0.22568
1.41,7.7731,-0.2019,1.413,1.413,0.0,-0.21146,-0.21146,0.0,-0.01885,0.0,361.4428,361.4428,0.0,39.667,39.667,0.0,56.1606,0.0,179.4228,56.1046,0.0,179.4567,56.1021,179.4687,0.0,0.7028831472111613,0.7320439507799167,0.0,0.7324331606838118,0.0,0.7329720667045896,0.0,0.7320439507799167,0.0,0.7324331606838118,0.7324331606838118,0.0,0.7028831472111613,0.5225891440376037,0.0,-0.22568
0.32,7.7731,-0.2019,1.413,1.413,0.0,-0.21146,-0.21146,0.0,-0.01885,0.0,361.4428,361.4428,0.0,39.667,39.667,0.0,56.1606,0.0,179.4228,56.1046,0.0,179.4567,56.1021,179.4687,0.0,0.7028831472111613,0.7320439507799167,0.0,0.7324331606838118,0.0,0.7329720667045896,0.0,0.7320439507799167,0.0,0.7324331606838118,0.7324331606838118,0.0,0.7028831472111613,0.5225891440376037,0.0,-0.22568
4.48,7.7731,-0.2019,1.413,1.413,0.0,-0.21146,-0.21146,0.0,-0.01885,0.0,361.4428,361.4428,0.0,39.667,39.667,0.0,56.1606,0.0,179.4228,56.1046,0.0,179.4567,56.1021,179.4687,0.0,0.7028831472111613,0.7320439507799167,0.0,0.7324331606838118,0.0,0.7329720667045896,0.0,0.7320439507799167,0.0,0.7324331606838118,0.7324331606838118,0.0,0.7028831472111613,0.5225891440376037,0.0,-0.22568
0.04,7.7731,-0.2019,1.413,1.413,0.0,-0.21146,-0.21146,0.0,-0.01885,0.0,361.4428,361.4428,0.0,39.667,39.667,0.0,56.1606,0.0,179.4228,56.1046,0.0,179.4567,56.1021,179.4687,0.0,0.7028831472111613,0.7320439507799167,0.0,0.7324331606838118,0.0,0.7329720667045896,0.0,0.7320439507799167,0.0,0.7324331606838118,0.7324331606838118,0.0,0.7028831472111613,0.5225891440376037,0.0,-0.22568
0.48,7.7731,-0.2019,1.413,1.413,0.0,-0.21146,-0.21146,0.0,-0.01885,0.0,361.4428,361.4428,0.0,39.667,39.667,0.0,56.1606,0.0,179.4228,56.1046,0.0,179.4567,56.1021,179.4687,0.0,0.7028831472111613,0.7320439507799167,0.0,0.7324331606838118,0.0,0.7329720667045896,0.0,0.7320439507799167,0.0,0.7324331606838118,0.7324331606838118,0.0,0.7028831472111613,0.5225891440376037,0.0,-0.22568
2.44,7.7731,-0.2019,1.413,1.413,0.0,-0.21146,-0.21146,0.0,-0.01885,0.0,361.4428,361.4428,0.0,39.667,39.667,0.0,56.1606,0.0,179.4228,56.1046,0.0,179.4567,56.1021,179.4687,0.0,0.7028831472111613,0.7320439507799167,0.0,0.7324331606838118,0.0,0.7329720667045896,0.0,0.7320439507799167,0.0,0.7324331606838118,0.7324331606838118,0.0,0.7028831472111613,0.5225891440376037,0.0,-0.22568
1.58,7.7731,-0.2019,1.413,1.413,0.0,-0.21146,-0.21146,0.0,-0.01885,0.0,361.4428,361.4428,0.0,39.667,39.667,0.0,56.1606,0.0,179.4228,56.1046,0.0,179.4567,56.1021,179.4687,0.0,0.7028831472111613,0.7320439507799167,0.0,0.7324331606838118,0.0,0.7329720667045896,0.0,0.7320439507799167,0.0,0.7324331606838118,0.7324331606838118,0.0,0.7028831472111613,0.5225891440376037,0.0,-0.22568
6.42,7.7731,-0.2019,1.413,1.413,0.0,-0.21146,-0.21146,0.0,-0.01885,0.0,361.4428,361.4428,0.0,39.667,39.667,0.0,56.1606,0.0,179.4228,56.1046,0.0,179.4567,56.1021,179.4687,0.0,0.7028831472111613,0.7320439507799167,0.0,0.7324331606838118,0.0,0.7329720667045896,0.0,0.7320439507799167,0.0,0.7324331606838118,0.7324331606838118,0.0,0.7028831472111613,0.5225891440376037,0.0,-0.22568
7.54,7.7731,-0.2019,1.413,1.413,0.0,-0.21146,-0.21146,0.0,-0.01885,0.0,361.4428,361.4428,0.0,39.667,39.667,0.0,56.1606,0.0,179.4228,56.1046,0.0,179.4567,56.1021,179.4687,0.0,0.7028831472111613,0.7320439507799167,0.0,0.7324331606838118,0.0,0.7329720667045896,0.0,0.7320439507799167,0.0,0.7324331606838118,0.7324331606838118,0.0,0.7028831472111613,0.5225891440376037,0.0,-0.22568
10.5,10.1478,-0.16646,1.413,1.413,0.0,-0.21146,-0.21146,0.0,-0.01885,0.0,361.4428,361.4428,0.0,39.667,39.667,0.0,56.1606,0.0,179.4228,56.1046,0.0,179.4567,56.1021,179.4687,0.0,0.7028831472111613,0.7320439507799167,0.0,0.7324331606838118,0.0,0.7329720667045896,0.0,0.7320439507799167,0.0,0.7324331606838118,0.7324331606838118,0.0,0.7028831472111613,0.5225891440376037,0.0,-0.22568
5.91,10.1478,-0.16646,1.413,1.413,0.0,-0.21146,-0.21146,0.0,-0.01885,0.0,361.4428,361.4428,0.0,39.667,39.667,0.0,56.1606,0.0,179.4228,56.1046,0.0,179.4567,56.1021,179.4687,0.0,0.7028831472111613,0.7320439507799167,0.0,0.7324331606838118,0.0,0.7329720667045896,0.0,0.7320439507799167,0.0,0.7324331606838118,0.7324331606838118,0.0,0.7028831472111613,0.5225891440376037,0.0,-0.22568
16.64,10.1478,-0.16646,1.413,1.413,0.0,-0.21146,-0.21146,0.0,-0.01885,0.0,361.4428,361.4428,0.0,39.667,39.667,0.0,56.1606,0.0,179.4228,56.1046,0.0,179.4567,56.1021,179.4687,0.0,0.7028831472111613,0.7320439507799167,0.0,0.7324331606838118,0.0,0.7329720667045896,0.0,0.7320439507799167,0.0,0.7324331606838118,0.7324331606838118,0.0,0.7028831472111613,0.5225891440376037,0.0,-0.22568
2.04,10.1478,-0.16646,1.413,1.413,0.0,-0.21146,-0.21146,0.0,-0.01885,0.0,361.4428,361.4428,0.0,39.667,39.667,0.0,56.1606,0.0,179.4228,56.1046,0.0,179.4567,56.1021,179.4687,0.0,0.7028831472111613,0.7320439507799167,0.0,0.7324331606838118,0.0,0.7329720667045896,0.0,0.7320439507799167,0.0,0.7324331606838118,0.7324331606838118,0.0,0.7028831472111613,0.5225891440376037,0.0,-0.22568
3.18,10.1478,-0.16646,1.413,1.413,0.0,-0.21146,-0.21146,0.0,-0.01885,0.0,361.4428,361.4428,0.0,39.667,39.667,0.0,56.1606,0.0,179.4228,56.1046,0.0,179.4567,56.1021,179.4687,0.0,0.7028831472111613,0.7320439507799167,0.0,0.7324331606838118,0.0,0.7329720667045896,0.0,0.7320439507799167,0.0,0.7324331606838118,0.7324331606838118,0.0,0.7028831472111613,0.5225891440376037,0.0,-0.22568
6.18,10.1478,-0.16646,1.413,1.413,0.0,-0.21146,-0.21146,0.0,-0.01885,0.0,361.4428,361.4428,0.0,39.667,39.667,0.0,56.1606,0.0,179.4228,56.1046,0.0,179.4567,56.1021,179.4687,0.0,0.7028831472111613,0.7320439507799167,0.0,0.7324331606838118,0.0,0.7329720667045896,0.0,0.7320439507799167,0.0,0.7324331606838118,0.7324331606838118,0.0,0.7028831472111613,0.5225891440376037,0.0,-0.22568
5.38,10.1478,-0.16646,1.413,1.413,0.0,-0.21146,-0.21146,0.0,-0.01885,0.0,361.4428,361.4428,0.0,39.667,39.667,0.0,56.1606,0.0,179.4228,56.1046,0.0,179.4567,56.1021,179.4687,0.0,0.7028831472111613,0.7320439507799167,0.0,0.7324331606838118,0.0,0.7329720667045896,0.0,0.7320439507799167,0.0,0.7324331606838118,0.7324331606838118,0.0,0.7028831472111613,0.5225891440376037,0.0,-0.22568
13.71,10.1478,-0.16646,1.413,1.413,0.0,-0.21146,-0.21146,0.0,-0.01885,0.0,361.4428,361.4428,0.0,39.667,39.667,0.0,56.1606,0.0,179.4228,56.1046,0.0,179.4567,56.1021,179.4687,0.0,0.7028831472111613,0.7320439507799167,0.0,0.7324331606838118,0.0,0.7329720667045896,0.0,0.7320439507799167,0.0,0.7324331606838118,0.7324331606838118,0.0,0.7028831472111613,0.5225891440376037,0.0,-0.22568
11.83,10.1478,-0.16646,1.413,1.413,0.0,-0.21146,-0.21146,0.0,-0.01885,0.0,361.4428,361.4428,0.0,39.667,39.667,0.0,56.1606,0.0,179.4228,56.1046,0.0,179.4567,56.1021,179.4687,0.0,0.7028831472111613,0.7320439507799167,0.0,0.7324331606838118,0.0,0.7329720667045896,0.0,0.7320439507799167,0.0,0.7324331606838118,0.7324331606838118,0.0,0.7028831472111613,0.5225891440376037,0.0,-0.22568
0.66,11.0112,-0.17387,1.413,1.413,0.0,-0.21146,-0.21146,0.0,-0.01885,0.0,361.4428,361.4428,0.0,39.667,39.667,0.0,56.1606,0.0,179.4228,56.1046,0.0,179.4567,56.1021,179.4687,0.0,0.7028831472111613,0.7320439507799167,0.0,0.7324331606838118,0.0,0.7329720667045896,0.0,0.7320439507799167,0.0,0.7324331606838118,0.7324331606838118,0.0,0.7028831472111613,0.5225891440376037,0.0,-0.22568
0.0,11.0112,-0.17387,1.413,1.413,0.0,-0.21146,-0.21146,0.0,-0.01885,0.0,361.4428,361.4428,0.0,39.667,39.667,0.0,56.1606,0.0,179.4228,56.1046,0.0,179.4567,56.1021,179.4687,0.0,0.7028831472111613,0.7320439507799167,0.0,0.7324331606838118,0.0,0.7329720667045896,0.0,0.7320439507799167,0.0,0.7324331606838118,0.7324331606838118,0.0,0.7028831472111613,0.5225891440376037,0.0,-0.22568
2.69,11.0112,-0.17387,1.413,1.413,0.0,-0.21146,-0.21146,0.0,-0.01885,0.0,361.4428,361.4428,0.0,39.667,39.667,0.0,56.1606,0.0,179.4228,56.1046,0.0,179.4567,56.1021,179.4687,0.0,0.7028831472111613,0.7320439507799167,0.0,0.7324331606838118,0.0,0.7329720667045896,0.0,0.7320439507799167,0.0,0.7324331606838118,0.7324331606838118,0.0,0.7028831472111613,0.5225891440376037,0.0,-0.22568
0.01,11.0112,-0.17387,1.413,1.413,0.0,-0.21146,-0.21146,0.0,-0.01885,0.0,361.4428,361.4428,0.0,39.667,39.667,0.0,56.1606,0.0,179.4228,56.1046,0.0,179.4567,56.1021,179.4687,0.0,0.7028831472111613,0.7320439507799167,0.0,0.7324331606838118,0.0,0.7329720667045896,0.0,0.7320439507799167,0.0,0.7324331606838118,0.7324331606838118,0.0,0.7028831472111613,0.5225891440376037,0.0,-0.22568
0.44,11.0112,-0.17387,1.413,1.413,0.0,-0.21146,-0.21146,0.0,-0.01885,0.0,361.4428,361.4428,0.0,39.667,39.667,0.0,56.1606,0.0,179.4228,56.1046,0.0,179.4567,56.1021,179.4687,0.0,0.7028831472111613,0.7320439507799167,0.0,0.7324331606838118,0.0,0.7329720667045896,0.0,0.7320439507799167,0.0,0.7324331606838118,0.7324331606838118,0.0,0.7028831472111613,0.5225891440376037,0.0,-0.22568
1.76,11.0112,-0.17387,1.413,1.413,0.0,-0.21146,-0.21146,0.0,-0.01885,0.0,361.4428,361.4428,0.0,39.667,39.667,0.0,56.1606,0.0,179.4228,56.1046,0.0,179.4567,56.1021,179.4687,0.0,0.7028831472111613,0.7320439507799167,0.0,0.7324331606838118,0.0,0.7329720667045896,0.0,0.7320439507799167,0.0,0.7324331606838118,0.7324331606838118,0.0,0.7028831472111613,0.5225891440376037,0.0,-0.22568
0.25,11.0112,-0.17387,1.413,1.413,0.0,-0.21146,-0.21146,0.0,-0.01885,0.0,361.4428,361.4428,0.0,39.667,39.667,0.0,56.1606,0.0,179.4228,56.1046,0.0,179.4567,56.1021,179.4687,0.0,0.7028831472111613,0.7320439507799167,0.0,0.7324331606838118,0.0,0.7329720667045896,0.0,0.7320439507799167,0.0,0.7324331606838118,0.7324331606838118,0.0,0.7028831472111613,0.5225891440376037,0.0,-0.22568
2.11,11.0112,-0.17387,1.413,1.413,0.0,-0.21146,-0.21146,0.0,-0.01885,0.0,361.4428,361.4428,0.0,39.667,39.667,0.0,56.1606,0.0,179.4228,56.1046,0.0,179.4567,56.1021,179.4687,0.0,0.7028831472111613,0.7320439507799167,0.0,0.7324331606838118,0.0,0.7329720667045896,0.0,0.7320439507799167,0.0,0.7324331606838118,0.7324331606838118,0.0,0.7028831472111613,0.5225891440376037,0.0,-0.22568
4.26,11.0112,-0.17387,1.413,1.413,0.0,-0.21146,-0.21146,0.0,-0.01885,0.0,361.4428,361.4428,0.0,39.667,39.667,0.0,56.1606,0.0,179.4228,56.1046,0.0,179.4567,56.1021,179.4687,0.0,0.7028831472111613,0.7320439507799167,0.0,0.7324331606838118,0.0,0.7329720667045896,0.0,0.7320439507799167,0.0,0.7324331606838118,0.7324331606838118,0.0,0.7028831472111613,0.5225891440376037,0.0,-0.22568
43.76,7.1686,-0.19743,1.0935,0.9283,0.0971362433021055,-0.20155,-0.19721,0.0032312838403515,-0.0138,0.0024626037025976,358.6186,336.0617,19.96752004577877,63.524,52.288,11.526095462392362,52.6306,1.2062278029823994,179.6306,157.2257,4.79223079534879,13.8836,151.933,21.9405,5.6734377040920645,0.8281189185952516,0.8438370108679379,0.0147870026560164,0.8263225651926589,0.0100367415902332,0.8206341127511152,0.0128719983958064,0.5313313972635549,0.0159419143824157,0.5294452261908326,0.5903715457621029,0.0272390268189839,0.8281189185952516,0.4858836561779587,0.0538216911651726,-0.22568
25.5,7.1686,-0.19743,1.0935,0.9283,0.0971362433021055,-0.20155,-0.19721,0.0032312838403515,-0.0138,0.0024626037025976,358.6186,336.0617,19.96752004577877,63.524,52.288,11.526095462392362,52.6306,1.2062278029823994,179.6306,157.2257,4.79223079534879,13.8836,151.933,21.9405,5.6734377040920645,0.8281189185952516,0.8438370108679379,0.0147870026560164,0.8263225651926589,0.0100367415902332,0.8206341127511152,0.0128719983958064,0.5313313972635549,0.0159419143824157,0.5294452261908326,0.5903715457621029,0.0272390268189839,0.8281189185952516,0.4858836561779587,0.0538216911651726,-0.22568
67.04,7.1686,-0.19743,1.0935,0.9283,0.0971362433021055,-0.20155,-0.19721,0.0032312838403515,-0.0138,0.0024626037025976,358.6186,336.0617,19.96752004577877,63.524,52.288,11.526095462392362,52.6306,1.2062278029823994,179.6306,157.2257,4.79223079534879,13.8836,151.933,21.9405,5.6734377040920645,0.8281189185952516,0.8438370108679379,0.0147870026560164,0.8263225651926589,0.0100367415902332,0.8206341127511152,0.0128719983958064,0.5313313972635549,0.0159419143824157,0.5294452261908326,0.5903715457621029,0.0272390268189839,0.8281189185952516,0.4858836561779587,0.0538216911651726,-0.22568
22.31,7.1686,-0.19743,1.0935,0.9283,0.0971362433021055,-0.20155,-0.19721,0.0032312838403515,-0.0138,0.0024626037025976,358.6186,336.0617,19.96752004577877,63.524,52.288,11.526095462392362,52.6306,1.2062278029823994,179.6306,157.2257,4.79223079534879,13.8836,151.933,21.9405,5.6734377040920645,0.8281189185952516,0.8438370108679379,0.0147870026560164,0.8263225651926589,0.0100367415902332,0.8206341127511152,0.0128719983958064,0.5313313972635549,0.0159419143824157,0.5294452261908326,0.5903715457621029,0.0272390268189839,0.8281189185952516,0.4858836561779587,0.0538216911651726,-0.22568
13.41,7.1686,-0.19743,1.0935,0.9283,0.0971362433021055,-0.20155,-0.19721,0.0032312838403515,-0.0138,0.0024626037025976,358.6186,336.0617,19.96752004577877,63.524,52.288,11.526095462392362,52.6306,1.2062278029823994,179.6306,157.2257,4.79223079534879,13.8836,151.933,21.9405,5.6734377040920645,0.8281189185952516,0.8438370108679379,0.0147870026560164,0.8263225651926589,0.0100367415902332,0.8206341127511152,0.0128719983958064,0.5313313972635549,0.0159419143824157,0.5294452261908326,0.5903715457621029,0.0272390268189839,0.8281189185952516,0.4858836561779587,0.0538216911651726,-0.22568
45.62,7.1686,-0.19743,1.0935,0.9283,0.0971362433021055,-0.20155,-0.19721,0.0032312838403515,-0.0138,0.0024626037025976,358.6186,336.0617,19.96752004577877,63.524,52.288,11.526095462392362,52.6306,1.2062278029823994,179.6306,157.2257,4.79223079534879,13.8836,151.933,21.9405,5.6734377040920645,0.8281189185952516,0.8438370108679379,0.0147870026560164,0.8263225651926589,0.0100367415902332,0.8206341127511152,0.0128719983958064,0.5313313972635549,0.0159419143824157,0.5294452261908326,0.5903715457621029,0.0272390268189839,0.8281189185952516,0.4858836561779587,0.0538216911651726,-0.22568
28.36,7.1686,-0.19743,1.0935,0.9283,0.0971362433021055,-0.20155,-0.19721,0.0032312838403515,-0.0138,0.0024626037025976,358.6186,336.0617,19.96752004577877,63.524,52.288,11.526095462392362,52.6306,1.2062278029823994,179.6306,157.2257,4.79223079534879,13.8836,151.933,21.9405,5.6734377040920645,0.8281189185952516,0.8438370108679379,0.0147870026560164,0.8263225651926589,0.0100367415902332,0.8206341127511152,0.0128719983958064,0.5313313972635549,0.0159419143824157,0.5294452261908326,0.5903715457621029,0.0272390268189839,0.8281189185952516,0.4858836561779587,0.0538216911651726,-0.22568
39.32,7.1686,-0.19743,1.0935,0.9283,0.0971362433021055,-0.20155,-0.19721,0.0032312838403515,-0.0138,0.0024626037025976,358.6186,336.0617,19.96752004577877,63.524,52.288,11.526095462392362,52.6306,1.2062278029823994,179.6306,157.2257,4.79223079534879,13.8836,151.933,21.9405,5.6734377040920645,0.8281189185952516,0.8438370108679379,0.0147870026560164,0.8263225651926589,0.0100367415902332,0.8206341127511152,0.0128719983958064,0.5313313972635549,0.0159419143824157,0.5294452261908326,0.5903715457621029,0.0272390268189839,0.8281189185952516,0.4858836561779587,0.0538216911651726,-0.22568
61.67,7.1686,-0.19743,1.0935,0.9283,0.0971362433021055,-0.20155,-0.19721,0.0032312838403515,-0.0138,0.0024626037025976,358.6186,336.0617,19.96752004577877,63.524,52.288,11.526095462392362,52.6306,1.2062278029823994,179.6306,157.2257,4.79223079534879,13.8836,151.933,21.9405,5.6734377040920645,0.8281189185952516,0.8438370108679379,0.0147870026560164,0.8263225651926589,0.0100367415902332,0.8206341127511152,0.0128719983958064,0.5313313972635549,0.0159419143824157,0.5294452261908326,0.5903715457621029,0.0272390268189839,0.8281189185952516,0.4858836561779587,0.0538216911651726,-0.22568
35.07,7.7731,-0.2019,1.0935,0.9283,0.0971362433021055,-0.20155,-0.19721,0.0032312838403515,-0.0138,0.0024626037025976,358.6186,336.0617,19.96752004577877,63.524,52.288,11.526095462392362,52.6306,1.2062278029823994,179.6306,157.2257,4.79223079534879,13.8836,151.933,21.9405,5.6734377040920645,0.8281189185952516,0.8438370108679379,0.0147870026560164,0.8263225651926589,0.0100367415902332,0.8206341127511152,0.0128719983958064,0.5313313972635549,0.0159419143824157,0.5294452261908326,0.5903715457621029,0.0272390268189839,0.8281189185952516,0.4858836561779587,0.0538216911651726,-0.22568
26.33,7.7731,-0.2019,1.0935,0.9283,0.0971362433021055,-0.20155,-0.19721,0.0032312838403515,-0.0138,0.0024626037025976,358.6186,336.0617,19.96752004577877,63.524,52.288,11.526095462392362,52.6306,1.2062278029823994,179.6306,157.2257,4.79223079534879,13.8836,151.933,21.9405,5.6734377040920645,0.8281189185952516,0.8438370108679379,0.0147870026560164,0.8263225651926589,0.0100367415902332,0.8206341127511152,0.0128719983958064,0.5313313972635549,0.0159419143824157,0.5294452261908326,0.5903715457621029,0.0272390268189839,0.8281189185952516,0.4858836561779587,0.0538216911651726,-0.22568
44.74,7.7731,-0.2019,1.0935,0.9283,0.0971362433021055,-0.20155,-0.19721,0.0032312838403515,-0.0138,0.0024626037025976,358.6186,336.0617,19.96752004577877,63.524,52.288,11.526095462392362,52.6306,1.2062278029823994,179.6306,157.2257,4.79223079534879,13.8836,151.933,21.9405,5.6734377040920645,0.8281189185952516,0.8438370108679379,0.0147870026560164,0.8263225651926589,0.0100367415902332,0.8206341127511152,0.0128719983958064,0.5313313972635549,0.0159419143824157,0.5294452261908326,0.5903715457621029,0.0272390268189839,0.8281189185952516,0.4858836561779587,0.0538216911651726,-0.22568
23.45,7.7731,-0.2019,1.0935,0.9283,0.0971362433021055,-0.20155,-0.19721,0.0032312838403515,-0.0138,0.0024626037025976,358.6186,336.0617,19.96752004577877,63.524,52.288,11.526095462392362,52.6306,1.2062278029823994,179.6306,157.2257,4.79223079534879,13.8836,151.933,21.9405,5.6734377040920645,0.8281189185952516,0.8438370108679379,0.0147870026560164,0.8263225651926589,0.0100367415902332,0.8206341127511152,0.0128719983958064,0.5313313972635549,0.0159419143824157,0.5294452261908326,0.5903715457621029,0.0272390268189839,0.8281189185952516,0.4858836561779587,0.0538216911651726,-0.22568
26.12,7.7731,-0.2019,1.0935,0.9283,0.0971362433021055,-0.20155,-0.19721,0.0032312838403515,-0.0138,0.0024626037025976,358.6186,336.0617,19.96752004577877,63.524,52.288,11.526095462392362,52.6306,1.2062278029823994,179.6306,157.2257,4.79223079534879,13.8836,151.933,21.9405,5.6734377040920645,0.8281189185952516,0.8438370108679379,0.0147870026560164,0.8263225651926589,0.0100367415902332,0.8206341127511152,0.0128719983958064,0.5313313972635549,0.0159419143824157,0.5294452261908326,0.5903715457621029,0.0272390268189839,0.8281189185952516,0.4858836561779587,0.0538216911651726,-0.22568
26.97,7.7731,-0.2019,1.0935,0.9283,0.0971362433021055,-0.20155,-0.19721,0.0032312838403515,-0.0138,0.0024626037025976,358.6186,336.0617,19.96752004577877,63.524,52.288,11.526095462392362,52.6306,1.2062278029823994,179.6306,157.2257,4.79223079534879,13.8836,151.933,21.9405,5.6734377040920645,0.8281189185952516,0.8438370108679379,0.0147870026560164,0.8263225651926589,0.0100367415902332,0.8206341127511152,0.0128719983958064,0.5313313972635549,0.0159419143824157,0.5294452261908326,0.5903715457621029,0.0272390268189839,0.8281189185952516,0.4858836561779587,0.0538216911651726,-0.22568
31.55,7.7731,-0.2019,1.0935,0.9283,0.0971362433021055,-0.20155,-0.19721,0.0032312838403515,-0.0138,0.0024626037025976,358.6186,336.0617,19.96752004577877,63.524,52.288,11.526095462392362,52.6306,1.2062278029823994,179.6306,157.2257,4.79223079534879,13.8836,151.933,21.9405,5.6734377040920645,0.8281189185952516,0.8438370108679379,0.0147870026560164,0.8263225651926589,0.0100367415902332,0.8206341127511152,0.0128719983958064,0.5313313972635549,0.0159419143824157,0.5294452261908326,0.5903715457621029,0.0272390268189839,0.8281189185952516,0.4858836561779587,0.0538216911651726,-0.22568
34.45,7.7731,-0.2019,1.0935,0.9283,0.0971362433021055,-0.20155,-0.19721,0.0032312838403515,-0.0138,0.0024626037025976,358.6186,336.0617,19.96752004577877,63.524,52.288,11.526095462392362,52.6306,1.2062278029823994,179.6306,157.2257,4.79223079534879,13.8836,151.933,21.9405,5.6734377040920645,0.8281189185952516,0.8438370108679379,0.0147870026560164,0.8263225651926589,0.0100367415902332,0.8206341127511152,0.0128719983958064,0.5313313972635549,0.0159419143824157,0.5294452261908326,0.5903715457621029,0.0272390268189839,0.8281189185952516,0.4858836561779587,0.0538216911651726,-0.22568
62.15,7.7731,-0.2019,1.0935,0.9283,0.0971362433021055,-0.20155,-0.19721,0.0032312838403515,-0.0138,0.0024626037025976,358.6186,336.0617,19.96752004577877,63.524,52.288,11.526095462392362,52.6306,1.2062278029823994,179.6306,157.2257,4.79223079534879,13.8836,151.933,21.9405,5.6734377040920645,0.8281189185952516,0.8438370108679379,0.0147870026560164,0.8263225651926589,0.0100367415902332,0.8206341127511152,0.0128719983958064,0.5313313972635549,0.0159419143824157,0.5294452261908326,0.5903715457621029,0.0272390268189839,0.8281189185952516,0.4858836561779587,0.0538216911651726,-0.22568
67.17,10.1478,-0.16646,1.0935,0.9283,0.0971362433021055,-0.20155,-0.19721,0.0032312838403515,-0.0138,0.0024626037025976,358.6186,336.0617,19.96752004577877,63.524,52.288,11.526095462392362,52.6306,1.2062278029823994,179.6306,157.2257,4.79223079534879,13.8836,151.933,21.9405,5.6734377040920645,0.8281189185952516,0.8438370108679379,0.0147870026560164,0.8263225651926589,0.0100367415902332,0.8206341127511152,0.0128719983958064,0.5313313972635549,0.0159419143824157,0.5294452261908326,0.5903715457621029,0.0272390268189839,0.8281189185952516,0.4858836561779587,0.0538216911651726,-0.22568
59.27,10.1478,-0.16646,1.0935,0.9283,0.0971362433021055,-0.20155,-0.19721,0.0032312838403515,-0.0138,0.0024626037025976,358.6186,336.0617,19.96752004577877,63.524,52.288,11.526095462392362,52.6306,1.2062278029823994,179.6306,157.2257,4.79223079534879,13.8836,151.933,21.9405,5.6734377040920645,0.8281189185952516,0.8438370108679379,0.0147870026560164,0.8263225651926589,0.0100367415902332,0.8206341127511152,0.0128719983958064,0.5313313972635549,0.0159419143824157,0.5294452261908326,0.5903715457621029,0.0272390268189839,0.8281189185952516,0.4858836561779587,0.0538216911651726,-0.22568
67.17,10.1478,-0.16646,1.0935,0.9283,0.0971362433021055,-0.20155,-0.19721,0.0032312838403515,-0.0138,0.0024626037025976,358.6186,336.0617,19.96752004577877,63.524,52.288,11.526095462392362,52.6306,1.2062278029823994,179.6306,157.2257,4.79223079534879,13.8836,151.933,21.9405,5.6734377040920645,0.8281189185952516,0.8438370108679379,0.0147870026560164,0.8263225651926589,0.0100367415902332,0.8206341127511152,0.0128719983958064,0.5313313972635549,0.0159419143824157,0.5294452261908326,0.5903715457621029,0.0272390268189839,0.8281189185952516,0.4858836561779587,0.0538216911651726,-0.22568
53.43,10.1478,-0.16646,1.0935,0.9283,0.0971362433021055,-0.20155,-0.19721,0.0032312838403515,-0.0138,0.0024626037025976,358.6186,336.0617,19.96752004577877,63.524,52.288,11.526095462392362,52.6306,1.2062278029823994,179.6306,157.2257,4.79223079534879,13.8836,151.933,21.9405,5.6734377040920645,0.8281189185952516,0.8438370108679379,0.0147870026560164,0.8263225651926589,0.0100367415902332,0.8206341127511152,0.0128719983958064,0.5313313972635549,0.0159419143824157,0.5294452261908326,0.5903715457621029,0.0272390268189839,0.8281189185952516,0.4858836561779587,0.0538216911651726,-0.22568
54.41,10.1478,-0.16646,1.0935,0.9283,0.0971362433021055,-0.20155,-0.19721,0.0032312838403515,-0.0138,0.0024626037025976,358.6186,336.0617,19.96752004577877,63.524,52.288,11.526095462392362,52.6306,1.2062278029823994,179.6306,157.2257,4.79223079534879,13.8836,151.933,21.9405,5.6734377040920645,0.8281189185952516,0.8438370108679379,0.0147870026560164,0.8263225651926589,0.0100367415902332,0.8206341127511152,0.0128719983958064,0.5313313972635549,0.0159419143824157,0.5294452261908326,0.5903715457621029,0.0272390268189839,0.8281189185952516,0.4858836561779587,0.0538216911651726,-0.22568
54.52,10.1478,-0.16646,1.0935,0.9283,0.0971362433021055,-0.20155,-0.19721,0.0032312838403515,-0.0138,0.0024626037025976,358.6186,336.0617,19.96752004577877,63.524,52.288,11.526095462392362,52.6306,1.2062278029823994,179.6306,157.2257,4.79223079534879,13.8836,151.933,21.9405,5.6734377040920645,0.8281189185952516,0.8438370108679379,0.0147870026560164,0.8263225651926589,0.0100367415902332,0.8206341127511152,0.0128719983958064,0.5313313972635549,0.0159419143824157,0.5294452261908326,0.5903715457621029,0.0272390268189839,0.8281189185952516,0.4858836561779587,0.0538216911651726,-0.22568
66.03,10.1478,-0.16646,1.0935,0.9283,0.0971362433021055,-0.20155,-0.19721,0.0032312838403515,-0.0138,0.0024626037025976,358.6186,336.0617,19.96752004577877,63.524,52.288,11.526095462392362,52.6306,1.2062278029823994,179.6306,157.2257,4.79223079534879,13.8836,151.933,21.9405,5.6734377040920645,0.8281189185952516,0.8438370108679379,0.0147870026560164,0.8263225651926589,0.0100367415902332,0.8206341127511152,0.0128719983958064,0.5313313972635549,0.0159419143824157,0.5294452261908326,0.5903715457621029,0.0272390268189839,0.8281189185952516,0.4858836561779587,0.0538216911651726,-0.22568
76.63,10.1478,-0.16646,1.0935,0.9283,0.0971362433021055,-0.20155,-0.19721,0.0032312838403515,-0.0138,0.0024626037025976,358.6186,336.0617,19.96752004577877,63.524,52.288,11.526095462392362,52.6306,1.2062278029823994,179.6306,157.2257,4.79223079534879,13.8836,151.933,21.9405,5.6734377040920645,0.8281189185952516,0.8438370108679379,0.0147870026560164,0.8263225651926589,0.0100367415902332,0.8206341127511152,0.0128719983958064,0.5313313972635549,0.0159419143824157,0.5294452261908326,0.5903715457621029,0.0272390268189839,0.8281189185952516,0.4858836561779587,0.0538216911651726,-0.22568
70.8,10.1478,-0.16646,1.0935,0.9283,0.0971362433021055,-0.20155,-0.19721,0.0032312838403515,-0.0138,0.0024626037025976,358.6186,336.0617,19.96752004577877,63.524,52.288,11.526095462392362,52.6306,1.2062278029823994,179.6306,157.2257,4.79223079534879,13.8836,151.933,21.9405,5.6734377040920645,0.8281189185952516,0.8438370108679379,0.0147870026560164,0.8263225651926589,0.0100367415902332,0.8206341127511152,0.0128719983958064,0.5313313972635549,0.0159419143824157,0.5294452261908326,0.5903715457621029,0.0272390268189839,0.8281189185952516,0.4858836561779587,0.0538216911651726,-0.22568
53.63,11.0112,-0.17387,1.0935,0.9283,0.0971362433021055,-0.20155,-0.19721,0.0032312838403515,-0.0138,0.0024626037025976,358.6186,336.0617,19.96752004577877,63.524,52.288,11.526095462392362,52.6306,1.2062278029823994,179.6306,157.2257,4.79223079534879,13.8836,151.933,21.9405,5.6734377040920645,0.8281189185952516,0.8438370108679379,0.0147870026560164,0.8263225651926589,0.0100367415902332,0.8206341127511152,0.0128719983958064,0.5313313972635549,0.0159419143824157,0.5294452261908326,0.5903715457621029,0.0272390268189839,0.8281189185952516,0.4858836561779587,0.0538216911651726,-0.22568
36.98,11.0112,-0.17387,1.0935,0.9283,0.0971362433021055,-0.20155,-0.19721,0.0032312838403515,-0.0138,0.0024626037025976,358.6186,336.0617,19.96752004577877,63.524,52.288,11.526095462392362,52.6306,1.2062278029823994,179.6306,157.2257,4.79223079534879,13.8836,151.933,21.9405,5.6734377040920645,0.8281189185952516,0.8438370108679379,0.0147870026560164,0.8263225651926589,0.0100367415902332,0.8206341127511152,0.0128719983958064,0.5313313972635549,0.0159419143824157,0.5294452261908326,0.5903715457621029,0.0272390268189839,0.8281189185952516,0.4858836561779587,0.0538216911651726,-0.22568
55.8,11.0112,-0.17387,1.0935,0.9283,0.0971362433021055,-0.20155,-0.19721,0.0032312838403515,-0.0138,0.0024626037025976,358.6186,336.0617,19.96752004577877,63.524,52.288,11.526095462392362,52.6306,1.2062278029823994,179.6306,157.2257,4.79223079534879,13.8836,151.933,21.9405,5.6734377040920645,0.8281189185952516,0.8438370108679379,0.0147870026560164,0.8263225651926589,0.0100367415902332,0.8206341127511152,0.0128719983958064,0.5313313972635549,0.0159419143824157,0.5294452261908326,0.5903715457621029,0.0272390268189839,0.8281189185952516,0.4858836561779587,0.0538216911651726,-0.22568
34.98,11.0112,-0.17387,1.0935,0.9283,0.0971362433021055,-0.20155,-0.19721,0.0032312838403515,-0.0138,0.0024626037025976,358.6186,336.0617,19.96752004577877,63.524,52.288,11.526095462392362,52.6306,1.2062278029823994,179.6306,157.2257,4.79223079534879,13.8836,151.933,21.9405,5.6734377040920645,0.8281189185952516,0.8438370108679379,0.0147870026560164,0.8263225651926589,0.0100367415902332,0.8206341127511152,0.0128719983958064,0.5313313972635549,0.0159419143824157,0.5294452261908326,0.5903715457621029,0.0272390268189839,0.8281189185952516,0.4858836561779587,0.0538216911651726,-0.22568
39.81,11.0112,-0.17387,1.0935,0.9283,0.0971362433021055,-0.20155,-0.19721,0.0032312838403515,-0.0138,0.0024626037025976,358.6186,336.0617,19.96752004577877,63.524,52.288,11.526095462392362,52.6306,1.2062278029823994,179.6306,157.2257,4.79223079534879,13.8836,151.933,21.9405,5.6734377040920645,0.8281189185952516,0.8438370108679379,0.0147870026560164,0.8263225651926589,0.0100367415902332,0.8206341127511152,0.0128719983958064,0.5313313972635549,0.0159419143824157,0.5294452261908326,0.5903715457621029,0.0272390268189839,0.8281189185952516,0.4858836561779587,0.0538216911651726,-0.22568
39.32,11.0112,-0.17387,1.0935,0.9283,0.0971362433021055,-0.20155,-0.19721,0.0032312838403515,-0.0138,0.0024626037025976,358.6186,336.0617,19.96752004577877,63.524,52.288,11.526095462392362,52.6306,1.2062278029823994,179.6306,157.2257,4.79223079534879,13.8836,151.933,21.9405,5.6734377040920645,0.8281189185952516,0.8438370108679379,0.0147870026560164,0.8263225651926589,0.0100367415902332,0.8206341127511152,0.0128719983958064,0.5313313972635549,0.0159419143824157,0.5294452261908326,0.5903715457621029,0.0272390268189839,0.8281189185952516,0.4858836561779587,0.0538216911651726,-0.22568
44.28,11.0112,-0.17387,1.0935,0.9283,0.0971362433021055,-0.20155,-0.19721,0.0032312838403515,-0.0138,0.0024626037025976,358.6186,336.0617,19.96752004577877,63.524,52.288,11.526095462392362,52.6306,1.2062278029823994,179.6306,157.2257,4.79223079534879,13.8836,151.933,21.9405,5.6734377040920645,0.8281189185952516,0.8438370108679379,0.0147870026560164,0.8263225651926589,0.0100367415902332,0.8206341127511152,0.0128719983958064,0.5313313972635549,0.0159419143824157,0.5294452261908326,0.5903715457621029,0.0272390268189839,0.8281189185952516,0.4858836561779587,0.0538216911651726,-0.22568
73.93,11.0112,-0.17387,1.0935,0.9283,0.0971362433021055,-0.20155,-0.19721,0.0032312838403515,-0.0138,0.0024626037025976,358.6186,336.0617,19.96752004577877,63.524,52.288,11.526095462392362,52.6306,1.2062278029823994,179.6306,157.2257,4.79223079534879,13.8836,151.933,21.9405,5.6734377040920645,0.8281189185952516,0.8438370108679379,0.0147870026560164,0.8263225651926589,0.0100367415902332,0.8206341127511152,0.0128719983958064,0.5313313972635549,0.0159419143824157,0.5294452261908326,0.5903715457621029,0.0272390268189839,0.8281189185952516,0.4858836561779587,0.0538216911651726,-0.22568
68.31,11.0112,-0.17387,1.0935,0.9283,0.0971362433021055,-0.20155,-0.19721,0.0032312838403515,-0.0138,0.0024626037025976,358.6186,336.0617,19.96752004577877,63.524,52.288,11.526095462392362,52.6306,1.2062278029823994,179.6306,157.2257,4.79223079534879,13.8836,151.933,21.9405,5.6734377040920645,0.8281189185952516,0.8438370108679379,0.0147870026560164,0.8263225651926589,0.0100367415902332,0.8206341127511152,0.0128719983958064,0.5313313972635549,0.0159419143824157,0.5294452261908326,0.5903715457621029,0.0272390268189839,0.8281189185952516,0.4858836561779587,0.0538216911651726,-0.22568
3.63,7.1686,-0.19743,1.5585,2.907,0.5227282460687342,-0.21471,-0.20896,0.0025049946297822,-0.01375,0.0017436163841963,455.7715,433.0188,9.259186830633208,30.8493,38.1079,4.788784023289659,44.1499,0.6233884925683728,85.3105,44.516,0.5453103989821723,90.9055,44.5165,90.9061,1.8914004817544456,0.6508787162061016,0.6750097302475973,0.0062560274078896,0.6712972665489056,0.0069748538525054,0.6711775096553995,0.0071035031411299,0.5886350708062633,0.0282908571877105,0.5886350708062633,0.5191161941259244,0.0383551063442057,0.6508787162061016,0.4547169246429747,0.0074964292052734,-0.22568
8.45,7.1686,-0.19743,1.5585,2.907,0.5227282460687342,-0.21471,-0.20896,0.0025049946297822,-0.01375,0.0017436163841963,455.7715,433.0188,9.259186830633208,30.8493,38.1079,4.788784023289659,44.1499,0.6233884925683728,85.3105,44.516,0.5453103989821723,90.9055,44.5165,90.9061,1.8914004817544456,0.6508787162061016,0.6750097302475973,0.0062560274078896,0.6712972665489056,0.0069748538525054,0.6711775096553995,0.0071035031411299,0.5886350708062633,0.0282908571877105,0.5886350708062633,0.5191161941259244,0.0383551063442057,0.6508787162061016,0.4547169246429747,0.0074964292052734,-0.22568
9.72,7.1686,-0.19743,1.5585,2.907,0.5227282460687342,-0.21471,-0.20896,0.0025049946297822,-0.01375,0.0017436163841963,455.7715,433.0188,9.259186830633208,30.8493,38.1079,4.788784023289659,44.1499,0.6233884925683728,85.3105,44.516,0.5453103989821723,90.9055,44.5165,90.9061,1.8914004817544456,0.6508787162061016,0.6750097302475973,0.0062560274078896,0.6712972665489056,0.0069748538525054,0.6711775096553995,0.0071035031411299,0.5886350708062633,0.0282908571877105,0.5886350708062633,0.5191161941259244,0.0383551063442057,0.6508787162061016,0.4547169246429747,0.0074964292052734,-0.22568
2.65,7.1686,-0.19743,1.5585,2.907,0.5227282460687342,-0.21471,-0.20896,0.0025049946297822,-0.01375,0.0017436163841963,455.7715,433.0188,9.259186830633208,30.8493,38.1079,4.788784023289659,44.1499,0.6233884925683728,85.3105,44.516,0.5453103989821723,90.9055,44.5165,90.9061,1.8914004817544456,0.6508787162061016,0.6750097302475973,0.0062560274078896,0.6712972665489056,0.0069748538525054,0.6711775096553995,0.0071035031411299,0.5886350708062633,0.0282908571877105,0.5886350708062633,0.5191161941259244,0.0383551063442057,0.6508787162061016,0.4547169246429747,0.0074964292052734,-0.22568
4.99,7.1686,-0.19743,1.5585,2.907,0.5227282460687342,-0.21471,-0.20896,0.0025049946297822,-0.01375,0.0017436163841963,455.7715,433.0188,9.259186830633208,30.8493,38.1079,4.788784023289659,44.1499,0.6233884925683728,85.3105,44.516,0.5453103989821723,90.9055,44.5165,90.9061,1.8914004817544456,0.6508787162061016,0.6750097302475973,0.0062560274078896,0.6712972665489056,0.0069748538525054,0.6711775096553995,0.0071035031411299,0.5886350708062633,0.0282908571877105,0.5886350708062633,0.5191161941259244,0.0383551063442057,0.6508787162061016,0.4547169246429747,0.0074964292052734,-0.22568
4.66,7.1686,-0.19743,1.5585,2.907,0.5227282460687342,-0.21471,-0.20896,0.0025049946297822,-0.01375,0.0017436163841963,455.7715,433.0188,9.259186830633208,30.8493,38.1079,4.788784023289659,44.1499,0.6233884925683728,85.3105,44.516,0.5453103989821723,90.9055,44.5165,90.9061,1.8914004817544456,0.6508787162061016,0.6750097302475973,0.0062560274078896,0.6712972665489056,0.0069748538525054,0.6711775096553995,0.0071035031411299,0.5886350708062633,0.0282908571877105,0.5886350708062633,0.5191161941259244,0.0383551063442057,0.6508787162061016,0.4547169246429747,0.0074964292052734,-0.22568
10.66,7.1686,-0.19743,1.5585,2.907,0.5227282460687342,-0.21471,-0.20896,0.0025049946297822,-0.01375,0.0017436163841963,455.7715,433.0188,9.259186830633208,30.8493,38.1079,4.788784023289659,44.1499,0.6233884925683728,85.3105,44.516,0.5453103989821723,90.9055,44.5165,90.9061,1.8914004817544456,0.6508787162061016,0.6750097302475973,0.0062560274078896,0.6712972665489056,0.0069748538525054,0.6711775096553995,0.0071035031411299,0.5886350708062633,0.0282908571877105,0.5886350708062633,0.5191161941259244,0.0383551063442057,0.6508787162061016,0.4547169246429747,0.0074964292052734,-0.22568
11.69,7.1686,-0.19743,1.5585,2.907,0.5227282460687342,-0.21471,-0.20896,0.0025049946297822,-0.01375,0.0017436163841963,455.7715,433.0188,9.259186830633208,30.8493,38.1079,4.788784023289659,44.1499,0.6233884925683728,85.3105,44.516,0.5453103989821723,90.9055,44.5165,90.9061,1.8914004817544456,0.6508787162061016,0.6750097302475973,0.0062560274078896,0.6712972665489056,0.0069748538525054,0.6711775096553995,0.0071035031411299,0.5886350708062633,0.0282908571877105,0.5886350708062633,0.5191161941259244,0.0383551063442057,0.6508787162061016,0.4547169246429747,0.0074964292052734,-0.22568
11.99,7.1686,-0.19743,1.5585,2.907,0.5227282460687342,-0.21471,-0.20896,0.0025049946297822,-0.01375,0.0017436163841963,455.7715,433.0188,9.259186830633208,30.8493,38.1079,4.788784023289659,44.1499,0.6233884925683728,85.3105,44.516,0.5453103989821723,90.9055,44.5165,90.9061,1.8914004817544456,0.6508787162061016,0.6750097302475973,0.0062560274078896,0.6712972665489056,0.0069748538525054,0.6711775096553995,0.0071035031411299,0.5886350708062633,0.0282908571877105,0.5886350708062633,0.5191161941259244,0.0383551063442057,0.6508787162061016,0.4547169246429747,0.0074964292052734,-0.22568
20.46,7.7731,-0.2019,1.5585,2.907,0.5227282460687342,-0.21471,-0.20896,0.0025049946297822,-0.01375,0.0017436163841963,455.7715,433.0188,9.259186830633208,30.8493,38.1079,4.788784023289659,44.1499,0.6233884925683728,85.3105,44.516,0.5453103989821723,90.9055,44.5165,90.9061,1.8914004817544456,0.6508787162061016,0.6750097302475973,0.0062560274078896,0.6712972665489056,0.0069748538525054,0.6711775096553995,0.0071035031411299,0.5886350708062633,0.0282908571877105,0.5886350708062633,0.5191161941259244,0.0383551063442057,0.6508787162061016,0.4547169246429747,0.0074964292052734,-0.22568
19.32,7.7731,-0.2019,1.5585,2.907,0.5227282460687342,-0.21471,-0.20896,0.0025049946297822,-0.01375,0.0017436163841963,455.7715,433.0188,9.259186830633208,30.8493,38.1079,4.788784023289659,44.1499,0.6233884925683728,85.3105,44.516,0.5453103989821723,90.9055,44.5165,90.9061,1.8914004817544456,0.6508787162061016,0.6750097302475973,0.0062560274078896,0.6712972665489056,0.0069748538525054,0.6711775096553995,0.0071035031411299,0.5886350708062633,0.0282908571877105,0.5886350708062633,0.5191161941259244,0.0383551063442057,0.6508787162061016,0.4547169246429747,0.0074964292052734,-0.22568
16.71,7.7731,-0.2019,1.5585,2.907,0.5227282460687342,-0.21471,-0.20896,0.0025049946297822,-0.01375,0.0017436163841963,455.7715,433.0188,9.259186830633208,30.8493,38.1079,4.788784023289659,44.1499,0.6233884925683728,85.3105,44.516,0.5453103989821723,90.9055,44.5165,90.9061,1.8914004817544456,0.6508787162061016,0.6750097302475973,0.0062560274078896,0.6712972665489056,0.0069748538525054,0.6711775096553995,0.0071035031411299,0.5886350708062633,0.0282908571877105,0.5886350708062633,0.5191161941259244,0.0383551063442057,0.6508787162061016,0.4547169246429747,0.0074964292052734,-0.22568
15.86,7.7731,-0.2019,1.5585,2.907,0.5227282460687342,-0.21471,-0.20896,0.0025049946297822,-0.01375,0.0017436163841963,455.7715,433.0188,9.259186830633208,30.8493,38.1079,4.788784023289659,44.1499,0.6233884925683728,85.3105,44.516,0.5453103989821723,90.9055,44.5165,90.9061,1.8914004817544456,0.6508787162061016,0.6750097302475973,0.0062560274078896,0.6712972665489056,0.0069748538525054,0.6711775096553995,0.0071035031411299,0.5886350708062633,0.0282908571877105,0.5886350708062633,0.5191161941259244,0.0383551063442057,0.6508787162061016,0.4547169246429747,0.0074964292052734,-0.22568
14.68,7.7731,-0.2019,1.5585,2.907,0.5227282460687342,-0.21471,-0.20896,0.0025049946297822,-0.01375,0.0017436163841963,455.7715,433.0188,9.259186830633208,30.8493,38.1079,4.788784023289659,44.1499,0.6233884925683728,85.3105,44.516,0.5453103989821723,90.9055,44.5165,90.9061,1.8914004817544456,0.6508787162061016,0.6750097302475973,0.0062560274078896,0.6712972665489056,0.0069748538525054,0.6711775096553995,0.0071035031411299,0.5886350708062633,0.0282908571877105,0.5886350708062633,0.5191161941259244,0.0383551063442057,0.6508787162061016,0.4547169246429747,0.0074964292052734,-0.22568
9.88,7.7731,-0.2019,1.5585,2.907,0.5227282460687342,-0.21471,-0.20896,0.0025049946297822,-0.01375,0.0017436163841963,455.7715,433.0188,9.259186830633208,30.8493,38.1079,4.788784023289659,44.1499,0.6233884925683728,85.3105,44.516,0.5453103989821723,90.9055,44.5165,90.9061,1.8914004817544456,0.6508787162061016,0.6750097302475973,0.0062560274078896,0.6712972665489056,0.0069748538525054,0.6711775096553995,0.0071035031411299,0.5886350708062633,0.0282908571877105,0.5886350708062633,0.5191161941259244,0.0383551063442057,0.6508787162061016,0.4547169246429747,0.0074964292052734,-0.22568
37.3,7.7731,-0.2019,1.5585,2.907,0.5227282460687342,-0.21471,-0.20896,0.0025049946297822,-0.01375,0.0017436163841963,455.7715,433.0188,9.259186830633208,30.8493,38.1079,4.788784023289659,44.1499,0.6233884925683728,85.3105,44.516,0.5453103989821723,90.9055,44.5165,90.9061,1.8914004817544456,0.6508787162061016,0.6750097302475973,0.0062560274078896,0.6712972665489056,0.0069748538525054,0.6711775096553995,0.0071035031411299,0.5886350708062633,0.0282908571877105,0.5886350708062633,0.5191161941259244,0.0383551063442057,0.6508787162061016,0.4547169246429747,0.0074964292052734,-0.22568
37.71,7.7731,-0.2019,1.5585,2.907,0.5227282460687342,-0.21471,-0.20896,0.0025049946297822,-0.01375,0.0017436163841963,455.7715,433.0188,9.259186830633208,30.8493,38.1079,4.788784023289659,44.1499,0.6233884925683728,85.3105,44.516,0.5453103989821723,90.9055,44.5165,90.9061,1.8914004817544456,0.6508787162061016,0.6750097302475973,0.0062560274078896,0.6712972665489056,0.0069748538525054,0.6711775096553995,0.0071035031411299,0.5886350708062633,0.0282908571877105,0.5886350708062633,0.5191161941259244,0.0383551063442057,0.6508787162061016,0.4547169246429747,0.0074964292052734,-0.22568
23.8,7.7731,-0.2019,1.5585,2.907,0.5227282460687342,-0.21471,-0.20896,0.0025049946297822,-0.01375,0.0017436163841963,455.7715,433.0188,9.259186830633208,30.8493,38.1079,4.788784023289659,44.1499,0.6233884925683728,85.3105,44.516,0.5453103989821723,90.9055,44.5165,90.9061,1.8914004817544456,0.6508787162061016,0.6750097302475973,0.0062560274078896,0.6712972665489056,0.0069748538525054,0.6711775096553995,0.0071035031411299,0.5886350708062633,0.0282908571877105,0.5886350708062633,0.5191161941259244,0.0383551063442057,0.6508787162061016,0.4547169246429747,0.0074964292052734,-0.22568
20.22,10.1478,-0.16646,1.5585,2.907,0.5227282460687342,-0.21471,-0.20896,0.0025049946297822,-0.01375,0.0017436163841963,455.7715,433.0188,9.259186830633208,30.8493,38.1079,4.788784023289659,44.1499,0.6233884925683728,85.3105,44.516,0.5453103989821723,90.9055,44.5165,90.9061,1.8914004817544456,0.6508787162061016,0.6750097302475973,0.0062560274078896,0.6712972665489056,0.0069748538525054,0.6711775096553995,0.0071035031411299,0.5886350708062633,0.0282908571877105,0.5886350708062633,0.5191161941259244,0.0383551063442057,0.6508787162061016,0.4547169246429747,0.0074964292052734,-0.22568
30.29,10.1478,-0.16646,1.5585,2.907,0.5227282460687342,-0.21471,-0.20896,0.0025049946297822,-0.01375,0.0017436163841963,455.7715,433.0188,9.259186830633208,30.8493,38.1079,4.788784023289659,44.1499,0.6233884925683728,85.3105,44.516,0.5453103989821723,90.9055,44.5165,90.9061,1.8914004817544456,0.6508787162061016,0.6750097302475973,0.0062560274078896,0.6712972665489056,0.0069748538525054,0.6711775096553995,0.0071035031411299,0.5886350708062633,0.0282908571877105,0.5886350708062633,0.5191161941259244,0.0383551063442057,0.6508787162061016,0.4547169246429747,0.0074964292052734,-0.22568
19.04,10.1478,-0.16646,1.5585,2.907,0.5227282460687342,-0.21471,-0.20896,0.0025049946297822,-0.01375,0.0017436163841963,455.7715,433.0188,9.259186830633208,30.8493,38.1079,4.788784023289659,44.1499,0.6233884925683728,85.3105,44.516,0.5453103989821723,90.9055,44.5165,90.9061,1.8914004817544456,0.6508787162061016,0.6750097302475973,0.0062560274078896,0.6712972665489056,0.0069748538525054,0.6711775096553995,0.0071035031411299,0.5886350708062633,0.0282908571877105,0.5886350708062633,0.5191161941259244,0.0383551063442057,0.6508787162061016,0.4547169246429747,0.0074964292052734,-0.22568
15.92,10.1478,-0.16646,1.5585,2.907,0.5227282460687342,-0.21471,-0.20896,0.0025049946297822,-0.01375,0.0017436163841963,455.7715,433.0188,9.259186830633208,30.8493,38.1079,4.788784023289659,44.1499,0.6233884925683728,85.3105,44.516,0.5453103989821723,90.9055,44.5165,90.9061,1.8914004817544456,0.6508787162061016,0.6750097302475973,0.0062560274078896,0.6712972665489056,0.0069748538525054,0.6711775096553995,0.0071035031411299,0.5886350708062633,0.0282908571877105,0.5886350708062633,0.5191161941259244,0.0383551063442057,0.6508787162061016,0.4547169246429747,0.0074964292052734,-0.22568
16.85,10.1478,-0.16646,1.5585,2.907,0.5227282460687342,-0.21471,-0.20896,0.0025049946297822,-0.01375,0.0017436163841963,455.7715,433.0188,9.259186830633208,30.8493,38.1079,4.788784023289659,44.1499,0.6233884925683728,85.3105,44.516,0.5453103989821723,90.9055,44.5165,90.9061,1.8914004817544456,0.6508787162061016,0.6750097302475973,0.0062560274078896,0.6712972665489056,0.0069748538525054,0.6711775096553995,0.0071035031411299,0.5886350708062633,0.0282908571877105,0.5886350708062633,0.5191161941259244,0.0383551063442057,0.6508787162061016,0.4547169246429747,0.0074964292052734,-0.22568
11.72,10.1478,-0.16646,1.5585,2.907,0.5227282460687342,-0.21471,-0.20896,0.0025049946297822,-0.01375,0.0017436163841963,455.7715,433.0188,9.259186830633208,30.8493,38.1079,4.788784023289659,44.1499,0.6233884925683728,85.3105,44.516,0.5453103989821723,90.9055,44.5165,90.9061,1.8914004817544456,0.6508787162061016,0.6750097302475973,0.0062560274078896,0.6712972665489056,0.0069748538525054,0.6711775096553995,0.0071035031411299,0.5886350708062633,0.0282908571877105,0.5886350708062633,0.5191161941259244,0.0383551063442057,0.6508787162061016,0.4547169246429747,0.0074964292052734,-0.22568
40.04,10.1478,-0.16646,1.5585,2.907,0.5227282460687342,-0.21471,-0.20896,0.0025049946297822,-0.01375,0.0017436163841963,455.7715,433.0188,9.259186830633208,30.8493,38.1079,4.788784023289659,44.1499,0.6233884925683728,85.3105,44.516,0.5453103989821723,90.9055,44.5165,90.9061,1.8914004817544456,0.6508787162061016,0.6750097302475973,0.0062560274078896,0.6712972665489056,0.0069748538525054,0.6711775096553995,0.0071035031411299,0.5886350708062633,0.0282908571877105,0.5886350708062633,0.5191161941259244,0.0383551063442057,0.6508787162061016,0.4547169246429747,0.0074964292052734,-0.22568
53.25,10.1478,-0.16646,1.5585,2.907,0.5227282460687342,-0.21471,-0.20896,0.0025049946297822,-0.01375,0.0017436163841963,455.7715,433.0188,9.259186830633208,30.8493,38.1079,4.788784023289659,44.1499,0.6233884925683728,85.3105,44.516,0.5453103989821723,90.9055,44.5165,90.9061,1.8914004817544456,0.6508787162061016,0.6750097302475973,0.0062560274078896,0.6712972665489056,0.0069748538525054,0.6711775096553995,0.0071035031411299,0.5886350708062633,0.0282908571877105,0.5886350708062633,0.5191161941259244,0.0383551063442057,0.6508787162061016,0.4547169246429747,0.0074964292052734,-0.22568
53.02,10.1478,-0.16646,1.5585,2.907,0.5227282460687342,-0.21471,-0.20896,0.0025049946297822,-0.01375,0.0017436163841963,455.7715,433.0188,9.259186830633208,30.8493,38.1079,4.788784023289659,44.1499,0.6233884925683728,85.3105,44.516,0.5453103989821723,90.9055,44.5165,90.9061,1.8914004817544456,0.6508787162061016,0.6750097302475973,0.0062560274078896,0.6712972665489056,0.0069748538525054,0.6711775096553995,0.0071035031411299,0.5886350708062633,0.0282908571877105,0.5886350708062633,0.5191161941259244,0.0383551063442057,0.6508787162061016,0.4547169246429747,0.0074964292052734,-0.22568
9.6,11.0112,-0.17387,1.5585,2.907,0.5227282460687342,-0.21471,-0.20896,0.0025049946297822,-0.01375,0.0017436163841963,455.7715,433.0188,9.259186830633208,30.8493,38.1079,4.788784023289659,44.1499,0.6233884925683728,85.3105,44.516,0.5453103989821723,90.9055,44.5165,90.9061,1.8914004817544456,0.6508787162061016,0.6750097302475973,0.0062560274078896,0.6712972665489056,0.0069748538525054,0.6711775096553995,0.0071035031411299,0.5886350708062633,0.0282908571877105,0.5886350708062633,0.5191161941259244,0.0383551063442057,0.6508787162061016,0.4547169246429747,0.0074964292052734,-0.22568
10.05,11.0112,-0.17387,1.5585,2.907,0.5227282460687342,-0.21471,-0.20896,0.0025049946297822,-0.01375,0.0017436163841963,455.7715,433.0188,9.259186830633208,30.8493,38.1079,4.788784023289659,44.1499,0.6233884925683728,85.3105,44.516,0.5453103989821723,90.9055,44.5165,90.9061,1.8914004817544456,0.6508787162061016,0.6750097302475973,0.0062560274078896,0.6712972665489056,0.0069748538525054,0.6711775096553995,0.0071035031411299,0.5886350708062633,0.0282908571877105,0.5886350708062633,0.5191161941259244,0.0383551063442057,0.6508787162061016,0.4547169246429747,0.0074964292052734,-0.22568
14.75,11.0112,-0.17387,1.5585,2.907,0.5227282460687342,-0.21471,-0.20896,0.0025049946297822,-0.01375,0.0017436163841963,455.7715,433.0188,9.259186830633208,30.8493,38.1079,4.788784023289659,44.1499,0.6233884925683728,85.3105,44.516,0.5453103989821723,90.9055,44.5165,90.9061,1.8914004817544456,0.6508787162061016,0.6750097302475973,0.0062560274078896,0.6712972665489056,0.0069748538525054,0.6711775096553995,0.0071035031411299,0.5886350708062633,0.0282908571877105,0.5886350708062633,0.5191161941259244,0.0383551063442057,0.6508787162061016,0.4547169246429747,0.0074964292052734,-0.22568
7.59,11.0112,-0.17387,1.5585,2.907,0.5227282460687342,-0.21471,-0.20896,0.0025049946297822,-0.01375,0.0017436163841963,455.7715,433.0188,9.259186830633208,30.8493,38.1079,4.788784023289659,44.1499,0.6233884925683728,85.3105,44.516,0.5453103989821723,90.9055,44.5165,90.9061,1.8914004817544456,0.6508787162061016,0.6750097302475973,0.0062560274078896,0.6712972665489056,0.0069748538525054,0.6711775096553995,0.0071035031411299,0.5886350708062633,0.0282908571877105,0.5886350708062633,0.5191161941259244,0.0383551063442057,0.6508787162061016,0.4547169246429747,0.0074964292052734,-0.22568
7.12,11.0112,-0.17387,1.5585,2.907,0.5227282460687342,-0.21471,-0.20896,0.0025049946297822,-0.01375,0.0017436163841963,455.7715,433.0188,9.259186830633208,30.8493,38.1079,4.788784023289659,44.1499,0.6233884925683728,85.3105,44.516,0.5453103989821723,90.9055,44.5165,90.9061,1.8914004817544456,0.6508787162061016,0.6750097302475973,0.0062560274078896,0.6712972665489056,0.0069748538525054,0.6711775096553995,0.0071035031411299,0.5886350708062633,0.0282908571877105,0.5886350708062633,0.5191161941259244,0.0383551063442057,0.6508787162061016,0.4547169246429747,0.0074964292052734,-0.22568
5.15,11.0112,-0.17387,1.5585,2.907,0.5227282460687342,-0.21471,-0.20896,0.0025049946297822,-0.01375,0.0017436163841963,455.7715,433.0188,9.259186830633208,30.8493,38.1079,4.788784023289659,44.1499,0.6233884925683728,85.3105,44.516,0.5453103989821723,90.9055,44.5165,90.9061,1.8914004817544456,0.6508787162061016,0.6750097302475973,0.0062560274078896,0.6712972665489056,0.0069748538525054,0.6711775096553995,0.0071035031411299,0.5886350708062633,0.0282908571877105,0.5886350708062633,0.5191161941259244,0.0383551063442057,0.6508787162061016,0.4547169246429747,0.0074964292052734,-0.22568
18.95,11.0112,-0.17387,1.5585,2.907,0.5227282460687342,-0.21471,-0.20896,0.0025049946297822,-0.01375,0.0017436163841963,455.7715,433.0188,9.259186830633208,30.8493,38.1079,4.788784023289659,44.1499,0.6233884925683728,85.3105,44.516,0.5453103989821723,90.9055,44.5165,90.9061,1.8914004817544456,0.6508787162061016,0.6750097302475973,0.0062560274078896,0.6712972665489056,0.0069748538525054,0.6711775096553995,0.0071035031411299,0.5886350708062633,0.0282908571877105,0.5886350708062633,0.5191161941259244,0.0383551063442057,0.6508787162061016,0.4547169246429747,0.0074964292052734,-0.22568
15.44,11.0112,-0.17387,1.5585,2.907,0.5227282460687342,-0.21471,-0.20896,0.0025049946297822,-0.01375,0.0017436163841963,455.7715,433.0188,9.259186830633208,30.8493,38.1079,4.788784023289659,44.1499,0.6233884925683728,85.3105,44.516,0.5453103989821723,90.9055,44.5165,90.9061,1.8914004817544456,0.6508787162061016,0.6750097302475973,0.0062560274078896,0.6712972665489056,0.0069748538525054,0.6711775096553995,0.0071035031411299,0.5886350708062633,0.0282908571877105,0.5886350708062633,0.5191161941259244,0.0383551063442057,0.6508787162061016,0.4547169246429747,0.0074964292052734,-0.22568
14.29,11.0112,-0.17387,1.5585,2.907,0.5227282460687342,-0.21471,-0.20896,0.0025049946297822,-0.01375,0.0017436163841963,455.7715,433.0188,9.259186830633208,30.8493,38.1079,4.788784023289659,44.1499,0.6233884925683728,85.3105,44.516,0.5453103989821723,90.9055,44.5165,90.9061,1.8914004817544456,0.6508787162061016,0.6750097302475973,0.0062560274078896,0.6712972665489056,0.0069748538525054,0.6711775096553995,0.0071035031411299,0.5886350708062633,0.0282908571877105,0.5886350708062633,0.5191161941259244,0.0383551063442057,0.6508787162061016,0.4547169246429747,0.0074964292052734,-0.22568
0.0,7.1686,-0.19743,1.3921,1.3922,7.8679579247e-05,-0.21379,-0.2138,3.779644730085562e-06,-0.0153,0.0,385.0688,385.0682,0.0029370377042463,60.2583,60.2414,0.0087699704077251,52.79,0.4902961277199152,183.2146,51.8693,0.4904474521631572,182.8439,173.0272,19.3273,0.0014040757000348,0.6732133768450046,0.7237807251279902,0.002720706701026,0.718661117930601,0.002736545155356,0.4952246938714409,2.92176902772e-05,0.4952246938714409,2.92176902772e-05,0.718661117930601,0.718661117930601,0.0,0.6732133768450046,0.3724738780276039,5.84353805543e-05,-0.22568
0.0,7.1686,-0.19743,1.3921,1.3922,7.8679579247e-05,-0.21379,-0.2138,3.779644730085562e-06,-0.0153,0.0,385.0688,385.0682,0.0029370377042463,60.2583,60.2414,0.0087699704077251,52.79,0.4902961277199152,183.2146,51.8693,0.4904474521631572,182.8439,173.0272,19.3273,0.0014040757000348,0.6732133768450046,0.7237807251279902,0.002720706701026,0.718661117930601,0.002736545155356,0.4952246938714409,2.92176902772e-05,0.4952246938714409,2.92176902772e-05,0.718661117930601,0.718661117930601,0.0,0.6732133768450046,0.3724738780276039,5.84353805543e-05,-0.22568
0.0,7.1686,-0.19743,1.3921,1.3922,7.8679579247e-05,-0.21379,-0.2138,3.779644730085562e-06,-0.0153,0.0,385.0688,385.0682,0.0029370377042463,60.2583,60.2414,0.0087699704077251,52.79,0.4902961277199152,183.2146,51.8693,0.4904474521631572,182.8439,173.0272,19.3273,0.0014040757000348,0.6732133768450046,0.7237807251279902,0.002720706701026,0.718661117930601,0.002736545155356,0.4952246938714409,2.92176902772e-05,0.4952246938714409,2.92176902772e-05,0.718661117930601,0.718661117930601,0.0,0.6732133768450046,0.3724738780276039,5.84353805543e-05,-0.22568
0.0,7.1686,-0.19743,1.3921,1.3922,7.8679579247e-05,-0.21379,-0.2138,3.779644730085562e-06,-0.0153,0.0,385.0688,385.0682,0.0029370377042463,60.2583,60.2414,0.0087699704077251,52.79,0.4902961277199152,183.2146,51.8693,0.4904474521631572,182.8439,173.0272,19.3273,0.0014040757000348,0.6732133768450046,0.7237807251279902,0.002720706701026,0.718661117930601,0.002736545155356,0.4952246938714409,2.92176902772e-05,0.4952246938714409,2.92176902772e-05,0.718661117930601,0.718661117930601,0.0,0.6732133768450046,0.3724738780276039,5.84353805543e-05,-0.22568
0.0,7.1686,-0.19743,1.3921,1.3922,7.8679579247e-05,-0.21379,-0.2138,3.779644730085562e-06,-0.0153,0.0,385.0688,385.0682,0.0029370377042463,60.2583,60.2414,0.0087699704077251,52.79,0.4902961277199152,183.2146,51.8693,0.4904474521631572,182.8439,173.0272,19.3273,0.0014040757000348,0.6732133768450046,0.7237807251279902,0.002720706701026,0.718661117930601,0.002736545155356,0.4952246938714409,2.92176902772e-05,0.4952246938714409,2.92176902772e-05,0.718661117930601,0.718661117930601,0.0,0.6732133768450046,0.3724738780276039,5.84353805543e-05,-0.22568
0.0,7.1686,-0.19743,1.3921,1.3922,7.8679579247e-05,-0.21379,-0.2138,3.779644730085562e-06,-0.0153,0.0,385.0688,385.0682,0.0029370377042463,60.2583,60.2414,0.0087699704077251,52.79,0.4902961277199152,183.2146,51.8693,0.4904474521631572,182.8439,173.0272,19.3273,0.0014040757000348,0.6732133768450046,0.7237807251279902,0.002720706701026,0.718661117930601,0.002736545155356,0.4952246938714409,2.92176902772e-05,0.4952246938714409,2.92176902772e-05,0.718661117930601,0.718661117930601,0.0,0.6732133768450046,0.3724738780276039,5.84353805543e-05,-0.22568
0.0,7.1686,-0.19743,1.3921,1.3922,7.8679579247e-05,-0.21379,-0.2138,3.779644730085562e-06,-0.0153,0.0,385.0688,385.0682,0.0029370377042463,60.2583,60.2414,0.0087699704077251,52.79,0.4902961277199152,183.2146,51.8693,0.4904474521631572,182.8439,173.0272,19.3273,0.0014040757000348,0.6732133768450046,0.7237807251279902,0.002720706701026,0.718661117930601,0.002736545155356,0.4952246938714409,2.92176902772e-05,0.4952246938714409,2.92176902772e-05,0.718661117930601,0.718661117930601,0.0,0.6732133768450046,0.3724738780276039,5.84353805543e-05,-0.22568
0.0,7.1686,-0.19743,1.3921,1.3922,7.8679579247e-05,-0.21379,-0.2138,3.779644730085562e-06,-0.0153,0.0,385.0688,385.0682,0.0029370377042463,60.2583,60.2414,0.0087699704077251,52.79,0.4902961277199152,183.2146,51.8693,0.4904474521631572,182.8439,173.0272,19.3273,0.0014040757000348,0.6732133768450046,0.7237807251279902,0.002720706701026,0.718661117930601,0.002736545155356,0.4952246938714409,2.92176902772e-05,0.4952246938714409,2.92176902772e-05,0.718661117930601,0.718661117930601,0.0,0.6732133768450046,0.3724738780276039,5.84353805543e-05,-0.22568
0.0,7.1686,-0.19743,1.3921,1.3922,7.8679579247e-05,-0.21379,-0.2138,3.779644730085562e-06,-0.0153,0.0,385.0688,385.0682,0.0029370377042463,60.2583,60.2414,0.0087699704077251,52.79,0.4902961277199152,183.2146,51.8693,0.4904474521631572,182.8439,173.0272,19.3273,0.0014040757000348,0.6732133768450046,0.7237807251279902,0.002720706701026,0.718661117930601,0.002736545155356,0.4952246938714409,2.92176902772e-05,0.4952246938714409,2.92176902772e-05,0.718661117930601,0.718661117930601,0.0,0.6732133768450046,0.3724738780276039,5.84353805543e-05,-0.22568
0.0,7.7731,-0.2019,1.3921,1.3922,7.8679579247e-05,-0.21379,-0.2138,3.779644730085562e-06,-0.0153,0.0,385.0688,385.0682,0.0029370377042463,60.2583,60.2414,0.0087699704077251,52.79,0.4902961277199152,183.2146,51.8693,0.4904474521631572,182.8439,173.0272,19.3273,0.0014040757000348,0.6732133768450046,0.7237807251279902,0.002720706701026,0.718661117930601,0.002736545155356,0.4952246938714409,2.92176902772e-05,0.4952246938714409,2.92176902772e-05,0.718661117930601,0.718661117930601,0.0,0.6732133768450046,0.3724738780276039,5.84353805543e-05,-0.22568
0.0,7.7731,-0.2019,1.3921,1.3922,7.8679579247e-05,-0.21379,-0.2138,3.779644730085562e-06,-0.0153,0.0,385.0688,385.0682,0.0029370377042463,60.2583,60.2414,0.0087699704077251,52.79,0.4902961277199152,183.2146,51.8693,0.4904474521631572,182.8439,173.0272,19.3273,0.0014040757000348,0.6732133768450046,0.7237807251279902,0.002720706701026,0.718661117930601,0.002736545155356,0.4952246938714409,2.92176902772e-05,0.4952246938714409,2.92176902772e-05,0.718661117930601,0.718661117930601,0.0,0.6732133768450046,0.3724738780276039,5.84353805543e-05,-0.22568
0.0,7.7731,-0.2019,1.3921,1.3922,7.8679579247e-05,-0.21379,-0.2138,3.779644730085562e-06,-0.0153,0.0,385.0688,385.0682,0.0029370377042463,60.2583,60.2414,0.0087699704077251,52.79,0.4902961277199152,183.2146,51.8693,0.4904474521631572,182.8439,173.0272,19.3273,0.0014040757000348,0.6732133768450046,0.7237807251279902,0.002720706701026,0.718661117930601,0.002736545155356,0.4952246938714409,2.92176902772e-05,0.4952246938714409,2.92176902772e-05,0.718661117930601,0.718661117930601,0.0,0.6732133768450046,0.3724738780276039,5.84353805543e-05,-0.22568
0.0,7.7731,-0.2019,1.3921,1.3922,7.8679579247e-05,-0.21379,-0.2138,3.779644730085562e-06,-0.0153,0.0,385.0688,385.0682,0.0029370377042463,60.2583,60.2414,0.0087699704077251,52.79,0.4902961277199152,183.2146,51.8693,0.4904474521631572,182.8439,173.0272,19.3273,0.0014040757000348,0.6732133768450046,0.7237807251279902,0.002720706701026,0.718661117930601,0.002736545155356,0.4952246938714409,2.92176902772e-05,0.4952246938714409,2.92176902772e-05,0.718661117930601,0.718661117930601,0.0,0.6732133768450046,0.3724738780276039,5.84353805543e-05,-0.22568
0.0,7.7731,-0.2019,1.3921,1.3922,7.8679579247e-05,-0.21379,-0.2138,3.779644730085562e-06,-0.0153,0.0,385.0688,385.0682,0.0029370377042463,60.2583,60.2414,0.0087699704077251,52.79,0.4902961277199152,183.2146,51.8693,0.4904474521631572,182.8439,173.0272,19.3273,0.0014040757000348,0.6732133768450046,0.7237807251279902,0.002720706701026,0.718661117930601,0.002736545155356,0.4952246938714409,2.92176902772e-05,0.4952246938714409,2.92176902772e-05,0.718661117930601,0.718661117930601,0.0,0.6732133768450046,0.3724738780276039,5.84353805543e-05,-0.22568
0.0,7.7731,-0.2019,1.3921,1.3922,7.8679579247e-05,-0.21379,-0.2138,3.779644730085562e-06,-0.0153,0.0,385.0688,385.0682,0.0029370377042463,60.2583,60.2414,0.0087699704077251,52.79,0.4902961277199152,183.2146,51.8693,0.4904474521631572,182.8439,173.0272,19.3273,0.0014040757000348,0.6732133768450046,0.7237807251279902,0.002720706701026,0.718661117930601,0.002736545155356,0.4952246938714409,2.92176902772e-05,0.4952246938714409,2.92176902772e-05,0.718661117930601,0.718661117930601,0.0,0.6732133768450046,0.3724738780276039,5.84353805543e-05,-0.22568
0.0,7.7731,-0.2019,1.3921,1.3922,7.8679579247e-05,-0.21379,-0.2138,3.779644730085562e-06,-0.0153,0.0,385.0688,385.0682,0.0029370377042463,60.2583,60.2414,0.0087699704077251,52.79,0.4902961277199152,183.2146,51.8693,0.4904474521631572,182.8439,173.0272,19.3273,0.0014040757000348,0.6732133768450046,0.7237807251279902,0.002720706701026,0.718661117930601,0.002736545155356,0.4952246938714409,2.92176902772e-05,0.4952246938714409,2.92176902772e-05,0.718661117930601,0.718661117930601,0.0,0.6732133768450046,0.3724738780276039,5.84353805543e-05,-0.22568
0.22,7.7731,-0.2019,1.3921,1.3922,7.8679579247e-05,-0.21379,-0.2138,3.779644730085562e-06,-0.0153,0.0,385.0688,385.0682,0.0029370377042463,60.2583,60.2414,0.0087699704077251,52.79,0.4902961277199152,183.2146,51.8693,0.4904474521631572,182.8439,173.0272,19.3273,0.0014040757000348,0.6732133768450046,0.7237807251279902,0.002720706701026,0.718661117930601,0.002736545155356,0.4952246938714409,2.92176902772e-05,0.4952246938714409,2.92176902772e-05,0.718661117930601,0.718661117930601,0.0,0.6732133768450046,0.3724738780276039,5.84353805543e-05,-0.22568
0.0,7.7731,-0.2019,1.3921,1.3922,7.8679579247e-05,-0.21379,-0.2138,3.779644730085562e-06,-0.0153,0.0,385.0688,385.0682,0.0029370377042463,60.2583,60.2414,0.0087699704077251,52.79,0.4902961277199152,183.2146,51.8693,0.4904474521631572,182.8439,173.0272,19.3273,0.0014040757000348,0.6732133768450046,0.7237807251279902,0.002720706701026,0.718661117930601,0.002736545155356,0.4952246938714409,2.92176902772e-05,0.4952246938714409,2.92176902772e-05,0.718661117930601,0.718661117930601,0.0,0.6732133768450046,0.3724738780276039,5.84353805543e-05,-0.22568
0.0,10.1478,-0.16646,1.3921,1.3922,7.8679579247e-05,-0.21379,-0.2138,3.779644730085562e-06,-0.0153,0.0,385.0688,385.0682,0.0029370377042463,60.2583,60.2414,0.0087699704077251,52.79,0.4902961277199152,183.2146,51.8693,0.4904474521631572,182.8439,173.0272,19.3273,0.0014040757000348,0.6732133768450046,0.7237807251279902,0.002720706701026,0.718661117930601,0.002736545155356,0.4952246938714409,2.92176902772e-05,0.4952246938714409,2.92176902772e-05,0.718661117930601,0.718661117930601,0.0,0.6732133768450046,0.3724738780276039,5.84353805543e-05,-0.22568
0.0,10.1478,-0.16646,1.3921,1.3922,7.8679579247e-05,-0.21379,-0.2138,3.779644730085562e-06,-0.0153,0.0,385.0688,385.0682,0.0029370377042463,60.2583,60.2414,0.0087699704077251,52.79,0.4902961277199152,183.2146,51.8693,0.4904474521631572,182.8439,173.0272,19.3273,0.0014040757000348,0.6732133768450046,0.7237807251279902,0.002720706701026,0.718661117930601,0.002736545155356,0.4952246938714409,2.92176902772e-05,0.4952246938714409,2.92176902772e-05,0.718661117930601,0.718661117930601,0.0,0.6732133768450046,0.3724738780276039,5.84353805543e-05,-0.22568
0.0,10.1478,-0.16646,1.3921,1.3922,7.8679579247e-05,-0.21379,-0.2138,3.779644730085562e-06,-0.0153,0.0,385.0688,385.0682,0.0029370377042463,60.2583,60.2414,0.0087699704077251,52.79,0.4902961277199152,183.2146,51.8693,0.4904474521631572,182.8439,173.0272,19.3273,0.0014040757000348,0.6732133768450046,0.7237807251279902,0.002720706701026,0.718661117930601,0.002736545155356,0.4952246938714409,2.92176902772e-05,0.4952246938714409,2.92176902772e-05,0.718661117930601,0.718661117930601,0.0,0.6732133768450046,0.3724738780276039,5.84353805543e-05,-0.22568
0.0,10.1478,-0.16646,1.3921,1.3922,7.8679579247e-05,-0.21379,-0.2138,3.779644730085562e-06,-0.0153,0.0,385.0688,385.0682,0.0029370377042463,60.2583,60.2414,0.0087699704077251,52.79,0.4902961277199152,183.2146,51.8693,0.4904474521631572,182.8439,173.0272,19.3273,0.0014040757000348,0.6732133768450046,0.7237807251279902,0.002720706701026,0.718661117930601,0.002736545155356,0.4952246938714409,2.92176902772e-05,0.4952246938714409,2.92176902772e-05,0.718661117930601,0.718661117930601,0.0,0.6732133768450046,0.3724738780276039,5.84353805543e-05,-0.22568
0.0,10.1478,-0.16646,1.3921,1.3922,7.8679579247e-05,-0.21379,-0.2138,3.779644730085562e-06,-0.0153,0.0,385.0688,385.0682,0.0029370377042463,60.2583,60.2414,0.0087699704077251,52.79,0.4902961277199152,183.2146,51.8693,0.4904474521631572,182.8439,173.0272,19.3273,0.0014040757000348,0.6732133768450046,0.7237807251279902,0.002720706701026,0.718661117930601,0.002736545155356,0.4952246938714409,2.92176902772e-05,0.4952246938714409,2.92176902772e-05,0.718661117930601,0.718661117930601,0.0,0.6732133768450046,0.3724738780276039,5.84353805543e-05,-0.22568
0.0,10.1478,-0.16646,1.3921,1.3922,7.8679579247e-05,-0.21379,-0.2138,3.779644730085562e-06,-0.0153,0.0,385.0688,385.0682,0.0029370377042463,60.2583,60.2414,0.0087699704077251,52.79,0.4902961277199152,183.2146,51.8693,0.4904474521631572,182.8439,173.0272,19.3273,0.0014040757000348,0.6732133768450046,0.7237807251279902,0.002720706701026,0.718661117930601,0.002736545155356,0.4952246938714409,2.92176902772e-05,0.4952246938714409,2.92176902772e-05,0.718661117930601,0.718661117930601,0.0,0.6732133768450046,0.3724738780276039,5.84353805543e-05,-0.22568
0.0,10.1478,-0.16646,1.3921,1.3922,7.8679579247e-05,-0.21379,-0.2138,3.779644730085562e-06,-0.0153,0.0,385.0688,385.0682,0.0029370377042463,60.2583,60.2414,0.0087699704077251,52.79,0.4902961277199152,183.2146,51.8693,0.4904474521631572,182.8439,173.0272,19.3273,0.0014040757000348,0.6732133768450046,0.7237807251279902,0.002720706701026,0.718661117930601,0.002736545155356,0.4952246938714409,2.92176902772e-05,0.4952246938714409,2.92176902772e-05,0.718661117930601,0.718661117930601,0.0,0.6732133768450046,0.3724738780276039,5.84353805543e-05,-0.22568
0.0,10.1478,-0.16646,1.3921,1.3922,7.8679579247e-05,-0.21379,-0.2138,3.779644730085562e-06,-0.0153,0.0,385.0688,385.0682,0.0029370377042463,60.2583,60.2414,0.0087699704077251,52.79,0.4902961277199152,183.2146,51.8693,0.4904474521631572,182.8439,173.0272,19.3273,0.0014040757000348,0.6732133768450046,0.7237807251279902,0.002720706701026,0.718661117930601,0.002736545155356,0.4952246938714409,2.92176902772e-05,0.4952246938714409,2.92176902772e-05,0.718661117930601,0.718661117930601,0.0,0.6732133768450046,0.3724738780276039,5.84353805543e-05,-0.22568
0.0,10.1478,-0.16646,1.3921,1.3922,7.8679579247e-05,-0.21379,-0.2138,3.779644730085562e-06,-0.0153,0.0,385.0688,385.0682,0.0029370377042463,60.2583,60.2414,0.0087699704077251,52.79,0.4902961277199152,183.2146,51.8693,0.4904474521631572,182.8439,173.0272,19.3273,0.0014040757000348,0.6732133768450046,0.7237807251279902,0.002720706701026,0.718661117930601,0.002736545155356,0.4952246938714409,2.92176902772e-05,0.4952246938714409,2.92176902772e-05,0.718661117930601,0.718661117930601,0.0,0.6732133768450046,0.3724738780276039,5.84353805543e-05,-0.22568
0.0,11.0112,-0.17387,1.3921,1.3922,7.8679579247e-05,-0.21379,-0.2138,3.779644730085562e-06,-0.0153,0.0,385.0688,385.0682,0.0029370377042463,60.2583,60.2414,0.0087699704077251,52.79,0.4902961277199152,183.2146,51.8693,0.4904474521631572,182.8439,173.0272,19.3273,0.0014040757000348,0.6732133768450046,0.7237807251279902,0.002720706701026,0.718661117930601,0.002736545155356,0.4952246938714409,2.92176902772e-05,0.4952246938714409,2.92176902772e-05,0.718661117930601,0.718661117930601,0.0,0.6732133768450046,0.3724738780276039,5.84353805543e-05,-0.22568
0.0,11.0112,-0.17387,1.3921,1.3922,7.8679579247e-05,-0.21379,-0.2138,3.779644730085562e-06,-0.0153,0.0,385.0688,385.0682,0.0029370377042463,60.2583,60.2414,0.0087699704077251,52.79,0.4902961277199152,183.2146,51.8693,0.4904474521631572,182.8439,173.0272,19.3273,0.0014040757000348,0.6732133768450046,0.7237807251279902,0.002720706701026,0.718661117930601,0.002736545155356,0.4952246938714409,2.92176902772e-05,0.4952246938714409,2.92176902772e-05,0.718661117930601,0.718661117930601,0.0,0.6732133768450046,0.3724738780276039,5.84353805543e-05,-0.22568
0.0,11.0112,-0.17387,1.3921,1.3922,7.8679579247e-05,-0.21379,-0.2138,3.779644730085562e-06,-0.0153,0.0,385.0688,385.0682,0.0029370377042463,60.2583,60.2414,0.0087699704077251,52.79,0.4902961277199152,183.2146,51.8693,0.4904474521631572,182.8439,173.0272,19.3273,0.0014040757000348,0.6732133768450046,0.7237807251279902,0.002720706701026,0.718661117930601,0.002736545155356,0.4952246938714409,2.92176902772e-05,0.4952246938714409,2.92176902772e-05,0.718661117930601,0.718661117930601,0.0,0.6732133768450046,0.3724738780276039,5.84353805543e-05,-0.22568
0.0,11.0112,-0.17387,1.3921,1.3922,7.8679579247e-05,-0.21379,-0.2138,3.779644730085562e-06,-0.0153,0.0,385.0688,385.0682,0.0029370377042463,60.2583,60.2414,0.0087699704077251,52.79,0.4902961277199152,183.2146,51.8693,0.4904474521631572,182.8439,173.0272,19.3273,0.0014040757000348,0.6732133768450046,0.7237807251279902,0.002720706701026,0.718661117930601,0.002736545155356,0.4952246938714409,2.92176902772e-05,0.4952246938714409,2.92176902772e-05,0.718661117930601,0.718661117930601,0.0,0.6732133768450046,0.3724738780276039,5.84353805543e-05,-0.22568
0.0,11.0112,-0.17387,1.3921,1.3922,7.8679579247e-05,-0.21379,-0.2138,3.779644730085562e-06,-0.0153,0.0,385.0688,385.0682,0.0029370377042463,60.2583,60.2414,0.0087699704077251,52.79,0.4902961277199152,183.2146,51.8693,0.4904474521631572,182.8439,173.0272,19.3273,0.0014040757000348,0.6732133768450046,0.7237807251279902,0.002720706701026,0.718661117930601,0.002736545155356,0.4952246938714409,2.92176902772e-05,0.4952246938714409,2.92176902772e-05,0.718661117930601,0.718661117930601,0.0,0.6732133768450046,0.3724738780276039,5.84353805543e-05,-0.22568
0.0,11.0112,-0.17387,1.3921,1.3922,7.8679579247e-05,-0.21379,-0.2138,3.779644730085562e-06,-0.0153,0.0,385.0688,385.0682,0.0029370377042463,60.2583,60.2414,0.0087699704077251,52.79,0.4902961277199152,183.2146,51.8693,0.4904474521631572,182.8439,173.0272,19.3273,0.0014040757000348,0.6732133768450046,0.7237807251279902,0.002720706701026,0.718661117930601,0.002736545155356,0.4952246938714409,2.92176902772e-05,0.4952246938714409,2.92176902772e-05,0.718661117930601,0.718661117930601,0.0,0.6732133768450046,0.3724738780276039,5.84353805543e-05,-0.22568
0.0,11.0112,-0.17387,1.3921,1.3922,7.8679579247e-05,-0.21379,-0.2138,3.779644730085562e-06,-0.0153,0.0,385.0688,385.0682,0.0029370377042463,60.2583,60.2414,0.0087699704077251,52.79,0.4902961277199152,183.2146,51.8693,0.4904474521631572,182.8439,173.0272,19.3273,0.0014040757000348,0.6732133768450046,0.7237807251279902,0.002720706701026,0.718661117930601,0.002736545155356,0.4952246938714409,2.92176902772e-05,0.4952246938714409,2.92176902772e-05,0.718661117930601,0.718661117930601,0.0,0.6732133768450046,0.3724738780276039,5.84353805543e-05,-0.22568
0.0,11.0112,-0.17387,1.3921,1.3922,7.8679579247e-05,-0.21379,-0.2138,3.779644730085562e-06,-0.0153,0.0,385.0688,385.0682,0.0029370377042463,60.2583,60.2414,0.0087699704077251,52.79,0.4902961277199152,183.2146,51.8693,0.4904474521631572,182.8439,173.0272,19.3273,0.0014040757000348,0.6732133768450046,0.7237807251279902,0.002720706701026,0.718661117930601,0.002736545155356,0.4952246938714409,2.92176902772e-05,0.4952246938714409,2.92176902772e-05,0.718661117930601,0.718661117930601,0.0,0.6732133768450046,0.3724738780276039,5.84353805543e-05,-0.22568
1.6,11.0112,-0.17387,1.3921,1.3922,7.8679579247e-05,-0.21379,-0.2138,3.779644730085562e-06,-0.0153,0.0,385.0688,385.0682,0.0029370377042463,60.2583,60.2414,0.0087699704077251,52.79,0.4902961277199152,183.2146,51.8693,0.4904474521631572,182.8439,173.0272,19.3273,0.0014040757000348,0.6732133768450046,0.7237807251279902,0.002720706701026,0.718661117930601,0.002736545155356,0.4952246938714409,2.92176902772e-05,0.4952246938714409,2.92176902772e-05,0.718661117930601,0.718661117930601,0.0,0.6732133768450046,0.3724738780276039,5.84353805543e-05,-0.22568
0.7,7.1686,-0.19743,2.6339,2.77,0.3593056835051934,-0.18921,-0.19511,0.0033466486434726,-0.00519,0.0030321289650353,395.3231,367.3897,10.618636713061743,61.613,31.3355,9.89205504597271,80.1552,4.826754761246569,117.375,152.4507,2.0390792159549327,23.3663,152.0309,20.6458,3.139982759389623,0.8468309332055926,0.817879704200473,0.0077468120071681,0.8022214903745396,0.0084195778697422,0.8134187599173678,0.0127815815126051,0.7918625190862548,0.0275290715118672,0.7083320858656926,0.6896500104787282,0.0213752084938292,0.8468309332055926,0.7324630999071884,0.021882338921431,-0.22568
0.83,7.1686,-0.19743,2.6339,2.77,0.3593056835051934,-0.18921,-0.19511,0.0033466486434726,-0.00519,0.0030321289650353,395.3231,367.3897,10.618636713061743,61.613,31.3355,9.89205504597271,80.1552,4.826754761246569,117.375,152.4507,2.0390792159549327,23.3663,152.0309,20.6458,3.139982759389623,0.8468309332055926,0.817879704200473,0.0077468120071681,0.8022214903745396,0.0084195778697422,0.8134187599173678,0.0127815815126051,0.7918625190862548,0.0275290715118672,0.7083320858656926,0.6896500104787282,0.0213752084938292,0.8468309332055926,0.7324630999071884,0.021882338921431,-0.22568
7.43,7.1686,-0.19743,2.6339,2.77,0.3593056835051934,-0.18921,-0.19511,0.0033466486434726,-0.00519,0.0030321289650353,395.3231,367.3897,10.618636713061743,61.613,31.3355,9.89205504597271,80.1552,4.826754761246569,117.375,152.4507,2.0390792159549327,23.3663,152.0309,20.6458,3.139982759389623,0.8468309332055926,0.817879704200473,0.0077468120071681,0.8022214903745396,0.0084195778697422,0.8134187599173678,0.0127815815126051,0.7918625190862548,0.0275290715118672,0.7083320858656926,0.6896500104787282,0.0213752084938292,0.8468309332055926,0.7324630999071884,0.021882338921431,-0.22568
0.0,7.1686,-0.19743,2.6339,2.77,0.3593056835051934,-0.18921,-0.19511,0.0033466486434726,-0.00519,0.0030321289650353,395.3231,367.3897,10.618636713061743,61.613,31.3355,9.89205504597271,80.1552,4.826754761246569,117.375,152.4507,2.0390792159549327,23.3663,152.0309,20.6458,3.139982759389623,0.8468309332055926,0.817879704200473,0.0077468120071681,0.8022214903745396,0.0084195778697422,0.8134187599173678,0.0127815815126051,0.7918625190862548,0.0275290715118672,0.7083320858656926,0.6896500104787282,0.0213752084938292,0.8468309332055926,0.7324630999071884,0.021882338921431,-0.22568
1.47,7.1686,-0.19743,2.6339,2.77,0.3593056835051934,-0.18921,-0.19511,0.0033466486434726,-0.00519,0.0030321289650353,395.3231,367.3897,10.618636713061743,61.613,31.3355,9.89205504597271,80.1552,4.826754761246569,117.375,152.4507,2.0390792159549327,23.3663,152.0309,20.6458,3.139982759389623,0.8468309332055926,0.817879704200473,0.0077468120071681,0.8022214903745396,0.0084195778697422,0.8134187599173678,0.0127815815126051,0.7918625190862548,0.0275290715118672,0.7083320858656926,0.6896500104787282,0.0213752084938292,0.8468309332055926,0.7324630999071884,0.021882338921431,-0.22568
0.0,7.1686,-0.19743,2.6339,2.77,0.3593056835051934,-0.18921,-0.19511,0.0033466486434726,-0.00519,0.0030321289650353,395.3231,367.3897,10.618636713061743,61.613,31.3355,9.89205504597271,80.1552,4.826754761246569,117.375,152.4507,2.0390792159549327,23.3663,152.0309,20.6458,3.139982759389623,0.8468309332055926,0.817879704200473,0.0077468120071681,0.8022214903745396,0.0084195778697422,0.8134187599173678,0.0127815815126051,0.7918625190862548,0.0275290715118672,0.7083320858656926,0.6896500104787282,0.0213752084938292,0.8468309332055926,0.7324630999071884,0.021882338921431,-0.22568
0.18,7.1686,-0.19743,2.6339,2.77,0.3593056835051934,-0.18921,-0.19511,0.0033466486434726,-0.00519,0.0030321289650353,395.3231,367.3897,10.618636713061743,61.613,31.3355,9.89205504597271,80.1552,4.826754761246569,117.375,152.4507,2.0390792159549327,23.3663,152.0309,20.6458,3.139982759389623,0.8468309332055926,0.817879704200473,0.0077468120071681,0.8022214903745396,0.0084195778697422,0.8134187599173678,0.0127815815126051,0.7918625190862548,0.0275290715118672,0.7083320858656926,0.6896500104787282,0.0213752084938292,0.8468309332055926,0.7324630999071884,0.021882338921431,-0.22568
0.83,7.1686,-0.19743,2.6339,2.77,0.3593056835051934,-0.18921,-0.19511,0.0033466486434726,-0.00519,0.0030321289650353,395.3231,367.3897,10.618636713061743,61.613,31.3355,9.89205504597271,80.1552,4.826754761246569,117.375,152.4507,2.0390792159549327,23.3663,152.0309,20.6458,3.139982759389623,0.8468309332055926,0.817879704200473,0.0077468120071681,0.8022214903745396,0.0084195778697422,0.8134187599173678,0.0127815815126051,0.7918625190862548,0.0275290715118672,0.7083320858656926,0.6896500104787282,0.0213752084938292,0.8468309332055926,0.7324630999071884,0.021882338921431,-0.22568
4.87,7.1686,-0.19743,2.6339,2.77,0.3593056835051934,-0.18921,-0.19511,0.0033466486434726,-0.00519,0.0030321289650353,395.3231,367.3897,10.618636713061743,61.613,31.3355,9.89205504597271,80.1552,4.826754761246569,117.375,152.4507,2.0390792159549327,23.3663,152.0309,20.6458,3.139982759389623,0.8468309332055926,0.817879704200473,0.0077468120071681,0.8022214903745396,0.0084195778697422,0.8134187599173678,0.0127815815126051,0.7918625190862548,0.0275290715118672,0.7083320858656926,0.6896500104787282,0.0213752084938292,0.8468309332055926,0.7324630999071884,0.021882338921431,-0.22568
4.73,7.7731,-0.2019,2.6339,2.77,0.3593056835051934,-0.18921,-0.19511,0.0033466486434726,-0.00519,0.0030321289650353,395.3231,367.3897,10.618636713061743,61.613,31.3355,9.89205504597271,80.1552,4.826754761246569,117.375,152.4507,2.0390792159549327,23.3663,152.0309,20.6458,3.139982759389623,0.8468309332055926,0.817879704200473,0.0077468120071681,0.8022214903745396,0.0084195778697422,0.8134187599173678,0.0127815815126051,0.7918625190862548,0.0275290715118672,0.7083320858656926,0.6896500104787282,0.0213752084938292,0.8468309332055926,0.7324630999071884,0.021882338921431,-0.22568
10.98,7.7731,-0.2019,2.6339,2.77,0.3593056835051934,-0.18921,-0.19511,0.0033466486434726,-0.00519,0.0030321289650353,395.3231,367.3897,10.618636713061743,61.613,31.3355,9.89205504597271,80.1552,4.826754761246569,117.375,152.4507,2.0390792159549327,23.3663,152.0309,20.6458,3.139982759389623,0.8468309332055926,0.817879704200473,0.0077468120071681,0.8022214903745396,0.0084195778697422,0.8134187599173678,0.0127815815126051,0.7918625190862548,0.0275290715118672,0.7083320858656926,0.6896500104787282,0.0213752084938292,0.8468309332055926,0.7324630999071884,0.021882338921431,-0.22568
21.25,7.7731,-0.2019,2.6339,2.77,0.3593056835051934,-0.18921,-0.19511,0.0033466486434726,-0.00519,0.0030321289650353,395.3231,367.3897,10.618636713061743,61.613,31.3355,9.89205504597271,80.1552,4.826754761246569,117.375,152.4507,2.0390792159549327,23.3663,152.0309,20.6458,3.139982759389623,0.8468309332055926,0.817879704200473,0.0077468120071681,0.8022214903745396,0.0084195778697422,0.8134187599173678,0.0127815815126051,0.7918625190862548,0.0275290715118672,0.7083320858656926,0.6896500104787282,0.0213752084938292,0.8468309332055926,0.7324630999071884,0.021882338921431,-0.22568
0.0,7.7731,-0.2019,2.6339,2.77,0.3593056835051934,-0.18921,-0.19511,0.0033466486434726,-0.00519,0.0030321289650353,395.3231,367.3897,10.618636713061743,61.613,31.3355,9.89205504597271,80.1552,4.826754761246569,117.375,152.4507,2.0390792159549327,23.3663,152.0309,20.6458,3.139982759389623,0.8468309332055926,0.817879704200473,0.0077468120071681,0.8022214903745396,0.0084195778697422,0.8134187599173678,0.0127815815126051,0.7918625190862548,0.0275290715118672,0.7083320858656926,0.6896500104787282,0.0213752084938292,0.8468309332055926,0.7324630999071884,0.021882338921431,-0.22568
24.06,7.7731,-0.2019,2.6339,2.77,0.3593056835051934,-0.18921,-0.19511,0.0033466486434726,-0.00519,0.0030321289650353,395.3231,367.3897,10.618636713061743,61.613,31.3355,9.89205504597271,80.1552,4.826754761246569,117.375,152.4507,2.0390792159549327,23.3663,152.0309,20.6458,3.139982759389623,0.8468309332055926,0.817879704200473,0.0077468120071681,0.8022214903745396,0.0084195778697422,0.8134187599173678,0.0127815815126051,0.7918625190862548,0.0275290715118672,0.7083320858656926,0.6896500104787282,0.0213752084938292,0.8468309332055926,0.7324630999071884,0.021882338921431,-0.22568
4.02,7.7731,-0.2019,2.6339,2.77,0.3593056835051934,-0.18921,-0.19511,0.0033466486434726,-0.00519,0.0030321289650353,395.3231,367.3897,10.618636713061743,61.613,31.3355,9.89205504597271,80.1552,4.826754761246569,117.375,152.4507,2.0390792159549327,23.3663,152.0309,20.6458,3.139982759389623,0.8468309332055926,0.817879704200473,0.0077468120071681,0.8022214903745396,0.0084195778697422,0.8134187599173678,0.0127815815126051,0.7918625190862548,0.0275290715118672,0.7083320858656926,0.6896500104787282,0.0213752084938292,0.8468309332055926,0.7324630999071884,0.021882338921431,-0.22568
2.49,7.7731,-0.2019,2.6339,2.77,0.3593056835051934,-0.18921,-0.19511,0.0033466486434726,-0.00519,0.0030321289650353,395.3231,367.3897,10.618636713061743,61.613,31.3355,9.89205504597271,80.1552,4.826754761246569,117.375,152.4507,2.0390792159549327,23.3663,152.0309,20.6458,3.139982759389623,0.8468309332055926,0.817879704200473,0.0077468120071681,0.8022214903745396,0.0084195778697422,0.8134187599173678,0.0127815815126051,0.7918625190862548,0.0275290715118672,0.7083320858656926,0.6896500104787282,0.0213752084938292,0.8468309332055926,0.7324630999071884,0.021882338921431,-0.22568
4.92,7.7731,-0.2019,2.6339,2.77,0.3593056835051934,-0.18921,-0.19511,0.0033466486434726,-0.00519,0.0030321289650353,395.3231,367.3897,10.618636713061743,61.613,31.3355,9.89205504597271,80.1552,4.826754761246569,117.375,152.4507,2.0390792159549327,23.3663,152.0309,20.6458,3.139982759389623,0.8468309332055926,0.817879704200473,0.0077468120071681,0.8022214903745396,0.0084195778697422,0.8134187599173678,0.0127815815126051,0.7918625190862548,0.0275290715118672,0.7083320858656926,0.6896500104787282,0.0213752084938292,0.8468309332055926,0.7324630999071884,0.021882338921431,-0.22568
17.56,7.7731,-0.2019,2.6339,2.77,0.3593056835051934,-0.18921,-0.19511,0.0033466486434726,-0.00519,0.0030321289650353,395.3231,367.3897,10.618636713061743,61.613,31.3355,9.89205504597271,80.1552,4.826754761246569,117.375,152.4507,2.0390792159549327,23.3663,152.0309,20.6458,3.139982759389623,0.8468309332055926,0.817879704200473,0.0077468120071681,0.8022214903745396,0.0084195778697422,0.8134187599173678,0.0127815815126051,0.7918625190862548,0.0275290715118672,0.7083320858656926,0.6896500104787282,0.0213752084938292,0.8468309332055926,0.7324630999071884,0.021882338921431,-0.22568
3.17,10.1478,-0.16646,2.6339,2.77,0.3593056835051934,-0.18921,-0.19511,0.0033466486434726,-0.00519,0.0030321289650353,395.3231,367.3897,10.618636713061743,61.613,31.3355,9.89205504597271,80.1552,4.826754761246569,117.375,152.4507,2.0390792159549327,23.3663,152.0309,20.6458,3.139982759389623,0.8468309332055926,0.817879704200473,0.0077468120071681,0.8022214903745396,0.0084195778697422,0.8134187599173678,0.0127815815126051,0.7918625190862548,0.0275290715118672,0.7083320858656926,0.6896500104787282,0.0213752084938292,0.8468309332055926,0.7324630999071884,0.021882338921431,-0.22568
14.97,10.1478,-0.16646,2.6339,2.77,0.3593056835051934,-0.18921,-0.19511,0.0033466486434726,-0.00519,0.0030321289650353,395.3231,367.3897,10.618636713061743,61.613,31.3355,9.89205504597271,80.1552,4.826754761246569,117.375,152.4507,2.0390792159549327,23.3663,152.0309,20.6458,3.139982759389623,0.8468309332055926,0.817879704200473,0.0077468120071681,0.8022214903745396,0.0084195778697422,0.8134187599173678,0.0127815815126051,0.7918625190862548,0.0275290715118672,0.7083320858656926,0.6896500104787282,0.0213752084938292,0.8468309332055926,0.7324630999071884,0.021882338921431,-0.22568
21.42,10.1478,-0.16646,2.6339,2.77,0.3593056835051934,-0.18921,-0.19511,0.0033466486434726,-0.00519,0.0030321289650353,395.3231,367.3897,10.618636713061743,61.613,31.3355,9.89205504597271,80.1552,4.826754761246569,117.375,152.4507,2.0390792159549327,23.3663,152.0309,20.6458,3.139982759389623,0.8468309332055926,0.817879704200473,0.0077468120071681,0.8022214903745396,0.0084195778697422,0.8134187599173678,0.0127815815126051,0.7918625190862548,0.0275290715118672,0.7083320858656926,0.6896500104787282,0.0213752084938292,0.8468309332055926,0.7324630999071884,0.021882338921431,-0.22568
1.12,10.1478,-0.16646,2.6339,2.77,0.3593056835051934,-0.18921,-0.19511,0.0033466486434726,-0.00519,0.0030321289650353,395.3231,367.3897,10.618636713061743,61.613,31.3355,9.89205504597271,80.1552,4.826754761246569,117.375,152.4507,2.0390792159549327,23.3663,152.0309,20.6458,3.139982759389623,0.8468309332055926,0.817879704200473,0.0077468120071681,0.8022214903745396,0.0084195778697422,0.8134187599173678,0.0127815815126051,0.7918625190862548,0.0275290715118672,0.7083320858656926,0.6896500104787282,0.0213752084938292,0.8468309332055926,0.7324630999071884,0.021882338921431,-0.22568
0.0,10.1478,-0.16646,2.6339,2.77,0.3593056835051934,-0.18921,-0.19511,0.0033466486434726,-0.00519,0.0030321289650353,395.3231,367.3897,10.618636713061743,61.613,31.3355,9.89205504597271,80.1552,4.826754761246569,117.375,152.4507,2.0390792159549327,23.3663,152.0309,20.6458,3.139982759389623,0.8468309332055926,0.817879704200473,0.0077468120071681,0.8022214903745396,0.0084195778697422,0.8134187599173678,0.0127815815126051,0.7918625190862548,0.0275290715118672,0.7083320858656926,0.6896500104787282,0.0213752084938292,0.8468309332055926,0.7324630999071884,0.021882338921431,-0.22568
21.94,10.1478,-0.16646,2.6339,2.77,0.3593056835051934,-0.18921,-0.19511,0.0033466486434726,-0.00519,0.0030321289650353,395.3231,367.3897,10.618636713061743,61.613,31.3355,9.89205504597271,80.1552,4.826754761246569,117.375,152.4507,2.0390792159549327,23.3663,152.0309,20.6458,3.139982759389623,0.8468309332055926,0.817879704200473,0.0077468120071681,0.8022214903745396,0.0084195778697422,0.8134187599173678,0.0127815815126051,0.7918625190862548,0.0275290715118672,0.7083320858656926,0.6896500104787282,0.0213752084938292,0.8468309332055926,0.7324630999071884,0.021882338921431,-0.22568
1.65,10.1478,-0.16646,2.6339,2.77,0.3593056835051934,-0.18921,-0.19511,0.0033466486434726,-0.00519,0.0030321289650353,395.3231,367.3897,10.618636713061743,61.613,31.3355,9.89205504597271,80.1552,4.826754761246569,117.375,152.4507,2.0390792159549327,23.3663,152.0309,20.6458,3.139982759389623,0.8468309332055926,0.817879704200473,0.0077468120071681,0.8022214903745396,0.0084195778697422,0.8134187599173678,0.0127815815126051,0.7918625190862548,0.0275290715118672,0.7083320858656926,0.6896500104787282,0.0213752084938292,0.8468309332055926,0.7324630999071884,0.021882338921431,-0.22568
6.96,10.1478,-0.16646,2.6339,2.77,0.3593056835051934,-0.18921,-0.19511,0.0033466486434726,-0.00519,0.0030321289650353,395.3231,367.3897,10.618636713061743,61.613,31.3355,9.89205504597271,80.1552,4.826754761246569,117.375,152.4507,2.0390792159549327,23.3663,152.0309,20.6458,3.139982759389623,0.8468309332055926,0.817879704200473,0.0077468120071681,0.8022214903745396,0.0084195778697422,0.8134187599173678,0.0127815815126051,0.7918625190862548,0.0275290715118672,0.7083320858656926,0.6896500104787282,0.0213752084938292,0.8468309332055926,0.7324630999071884,0.021882338921431,-0.22568
11.49,10.1478,-0.16646,2.6339,2.77,0.3593056835051934,-0.18921,-0.19511,0.0033466486434726,-0.00519,0.0030321289650353,395.3231,367.3897,10.618636713061743,61.613,31.3355,9.89205504597271,80.1552,4.826754761246569,117.375,152.4507,2.0390792159549327,23.3663,152.0309,20.6458,3.139982759389623,0.8468309332055926,0.817879704200473,0.0077468120071681,0.8022214903745396,0.0084195778697422,0.8134187599173678,0.0127815815126051,0.7918625190862548,0.0275290715118672,0.7083320858656926,0.6896500104787282,0.0213752084938292,0.8468309332055926,0.7324630999071884,0.021882338921431,-0.22568
2.99,11.0112,-0.17387,2.6339,2.77,0.3593056835051934,-0.18921,-0.19511,0.0033466486434726,-0.00519,0.0030321289650353,395.3231,367.3897,10.618636713061743,61.613,31.3355,9.89205504597271,80.1552,4.826754761246569,117.375,152.4507,2.0390792159549327,23.3663,152.0309,20.6458,3.139982759389623,0.8468309332055926,0.817879704200473,0.0077468120071681,0.8022214903745396,0.0084195778697422,0.8134187599173678,0.0127815815126051,0.7918625190862548,0.0275290715118672,0.7083320858656926,0.6896500104787282,0.0213752084938292,0.8468309332055926,0.7324630999071884,0.021882338921431,-0.22568
9.89,11.0112,-0.17387,2.6339,2.77,0.3593056835051934,-0.18921,-0.19511,0.0033466486434726,-0.00519,0.0030321289650353,395.3231,367.3897,10.618636713061743,61.613,31.3355,9.89205504597271,80.1552,4.826754761246569,117.375,152.4507,2.0390792159549327,23.3663,152.0309,20.6458,3.139982759389623,0.8468309332055926,0.817879704200473,0.0077468120071681,0.8022214903745396,0.0084195778697422,0.8134187599173678,0.0127815815126051,0.7918625190862548,0.0275290715118672,0.7083320858656926,0.6896500104787282,0.0213752084938292,0.8468309332055926,0.7324630999071884,0.021882338921431,-0.22568
9.03,11.0112,-0.17387,2.6339,2.77,0.3593056835051934,-0.18921,-0.19511,0.0033466486434726,-0.00519,0.0030321289650353,395.3231,367.3897,10.618636713061743,61.613,31.3355,9.89205504597271,80.1552,4.826754761246569,117.375,152.4507,2.0390792159549327,23.3663,152.0309,20.6458,3.139982759389623,0.8468309332055926,0.817879704200473,0.0077468120071681,0.8022214903745396,0.0084195778697422,0.8134187599173678,0.0127815815126051,0.7918625190862548,0.0275290715118672,0.7083320858656926,0.6896500104787282,0.0213752084938292,0.8468309332055926,0.7324630999071884,0.021882338921431,-0.22568
0.76,11.0112,-0.17387,2.6339,2.77,0.3593056835051934,-0.18921,-0.19511,0.0033466486434726,-0.00519,0.0030321289650353,395.3231,367.3897,10.618636713061743,61.613,31.3355,9.89205504597271,80.1552,4.826754761246569,117.375,152.4507,2.0390792159549327,23.3663,152.0309,20.6458,3.139982759389623,0.8468309332055926,0.817879704200473,0.0077468120071681,0.8022214903745396,0.0084195778697422,0.8134187599173678,0.0127815815126051,0.7918625190862548,0.0275290715118672,0.7083320858656926,0.6896500104787282,0.0213752084938292,0.8468309332055926,0.7324630999071884,0.021882338921431,-0.22568
12.53,11.0112,-0.17387,2.6339,2.77,0.3593056835051934,-0.18921,-0.19511,0.0033466486434726,-0.00519,0.0030321289650353,395.3231,367.3897,10.618636713061743,61.613,31.3355,9.89205504597271,80.1552,4.826754761246569,117.375,152.4507,2.0390792159549327,23.3663,152.0309,20.6458,3.139982759389623,0.8468309332055926,0.817879704200473,0.0077468120071681,0.8022214903745396,0.0084195778697422,0.8134187599173678,0.0127815815126051,0.7918625190862548,0.0275290715118672,0.7083320858656926,0.6896500104787282,0.0213752084938292,0.8468309332055926,0.7324630999071884,0.021882338921431,-0.22568
3.69,11.0112,-0.17387,2.6339,2.77,0.3593056835051934,-0.18921,-0.19511,0.0033466486434726,-0.00519,0.0030321289650353,395.3231,367.3897,10.618636713061743,61.613,31.3355,9.89205504597271,80.1552,4.826754761246569,117.375,152.4507,2.0390792159549327,23.3663,152.0309,20.6458,3.139982759389623,0.8468309332055926,0.817879704200473,0.0077468120071681,0.8022214903745396,0.0084195778697422,0.8134187599173678,0.0127815815126051,0.7918625190862548,0.0275290715118672,0.7083320858656926,0.6896500104787282,0.0213752084938292,0.8468309332055926,0.7324630999071884,0.021882338921431,-0.22568
0.93,11.0112,-0.17387,2.6339,2.77,0.3593056835051934,-0.18921,-0.19511,0.0033466486434726,-0.00519,0.0030321289650353,395.3231,367.3897,10.618636713061743,61.613,31.3355,9.89205504597271,80.1552,4.826754761246569,117.375,152.4507,2.0390792159549327,23.3663,152.0309,20.6458,3.139982759389623,0.8468309332055926,0.817879704200473,0.0077468120071681,0.8022214903745396,0.0084195778697422,0.8134187599173678,0.0127815815126051,0.7918625190862548,0.0275290715118672,0.7083320858656926,0.6896500104787282,0.0213752084938292,0.8468309332055926,0.7324630999071884,0.021882338921431,-0.22568
4.53,11.0112,-0.17387,2.6339,2.77,0.3593056835051934,-0.18921,-0.19511,0.0033466486434726,-0.00519,0.0030321289650353,395.3231,367.3897,10.618636713061743,61.613,31.3355,9.89205504597271,80.1552,4.826754761246569,117.375,152.4507,2.0390792159549327,23.3663,152.0309,20.6458,3.139982759389623,0.8468309332055926,0.817879704200473,0.0077468120071681,0.8022214903745396,0.0084195778697422,0.8134187599173678,0.0127815815126051,0.7918625190862548,0.0275290715118672,0.7083320858656926,0.6896500104787282,0.0213752084938292,0.8468309332055926,0.7324630999071884,0.021882338921431,-0.22568
8.39,11.0112,-0.17387,2.6339,2.77,0.3593056835051934,-0.18921,-0.19511,0.0033466486434726,-0.00519,0.0030321289650353,395.3231,367.3897,10.618636713061743,61.613,31.3355,9.89205504597271,80.1552,4.826754761246569,117.375,152.4507,2.0390792159549327,23.3663,152.0309,20.6458,3.139982759389623,0.8468309332055926,0.817879704200473,0.0077468120071681,0.8022214903745396,0.0084195778697422,0.8134187599173678,0.0127815815126051,0.7918625190862548,0.0275290715118672,0.7083320858656926,0.6896500104787282,0.0213752084938292,0.8468309332055926,0.7324630999071884,0.021882338921431,-0.22568
4.95,7.1686,-0.19743,5.7252,5.9,0.2540583830427603,-0.2167,-0.21227,0.0020039506564828,-0.05314,0.0010207025121129,364.374,349.7109,6.391759350321448,39.9992,65.9115,11.800177005289108,65.3569,1.8530106412026488,127.186,45.1517,2.889778841289926,186.7967,53.169,177.5369,3.7818168035913535,0.7799167689590132,0.8361126912367893,0.0168327617152011,0.7607257267746474,0.0143174789235087,0.7640789197928205,0.0130796662186127,0.7086015388760816,0.0210636374645267,0.671147570432023,0.6921948444657345,0.0143947268286534,0.5670488907517739,0.5773180443699291,0.0125538465204495,-0.22568
5.36,7.1686,-0.19743,5.7252,5.9,0.2540583830427603,-0.2167,-0.21227,0.0020039506564828,-0.05314,0.0010207025121129,364.374,349.7109,6.391759350321448,39.9992,65.9115,11.800177005289108,65.3569,1.8530106412026488,127.186,45.1517,2.889778841289926,186.7967,53.169,177.5369,3.7818168035913535,0.7799167689590132,0.8361126912367893,0.0168327617152011,0.7607257267746474,0.0143174789235087,0.7640789197928205,0.0130796662186127,0.7086015388760816,0.0210636374645267,0.671147570432023,0.6921948444657345,0.0143947268286534,0.5670488907517739,0.5773180443699291,0.0125538465204495,-0.22568
7.03,7.1686,-0.19743,5.7252,5.9,0.2540583830427603,-0.2167,-0.21227,0.0020039506564828,-0.05314,0.0010207025121129,364.374,349.7109,6.391759350321448,39.9992,65.9115,11.800177005289108,65.3569,1.8530106412026488,127.186,45.1517,2.889778841289926,186.7967,53.169,177.5369,3.7818168035913535,0.7799167689590132,0.8361126912367893,0.0168327617152011,0.7607257267746474,0.0143174789235087,0.7640789197928205,0.0130796662186127,0.7086015388760816,0.0210636374645267,0.671147570432023,0.6921948444657345,0.0143947268286534,0.5670488907517739,0.5773180443699291,0.0125538465204495,-0.22568
3.79,7.1686,-0.19743,5.7252,5.9,0.2540583830427603,-0.2167,-0.21227,0.0020039506564828,-0.05314,0.0010207025121129,364.374,349.7109,6.391759350321448,39.9992,65.9115,11.800177005289108,65.3569,1.8530106412026488,127.186,45.1517,2.889778841289926,186.7967,53.169,177.5369,3.7818168035913535,0.7799167689590132,0.8361126912367893,0.0168327617152011,0.7607257267746474,0.0143174789235087,0.7640789197928205,0.0130796662186127,0.7086015388760816,0.0210636374645267,0.671147570432023,0.6921948444657345,0.0143947268286534,0.5670488907517739,0.5773180443699291,0.0125538465204495,-0.22568
5.45,7.1686,-0.19743,5.7252,5.9,0.2540583830427603,-0.2167,-0.21227,0.0020039506564828,-0.05314,0.0010207025121129,364.374,349.7109,6.391759350321448,39.9992,65.9115,11.800177005289108,65.3569,1.8530106412026488,127.186,45.1517,2.889778841289926,186.7967,53.169,177.5369,3.7818168035913535,0.7799167689590132,0.8361126912367893,0.0168327617152011,0.7607257267746474,0.0143174789235087,0.7640789197928205,0.0130796662186127,0.7086015388760816,0.0210636374645267,0.671147570432023,0.6921948444657345,0.0143947268286534,0.5670488907517739,0.5773180443699291,0.0125538465204495,-0.22568
5.4,7.1686,-0.19743,5.7252,5.9,0.2540583830427603,-0.2167,-0.21227,0.0020039506564828,-0.05314,0.0010207025121129,364.374,349.7109,6.391759350321448,39.9992,65.9115,11.800177005289108,65.3569,1.8530106412026488,127.186,45.1517,2.889778841289926,186.7967,53.169,177.5369,3.7818168035913535,0.7799167689590132,0.8361126912367893,0.0168327617152011,0.7607257267746474,0.0143174789235087,0.7640789197928205,0.0130796662186127,0.7086015388760816,0.0210636374645267,0.671147570432023,0.6921948444657345,0.0143947268286534,0.5670488907517739,0.5773180443699291,0.0125538465204495,-0.22568
6.73,7.1686,-0.19743,5.7252,5.9,0.2540583830427603,-0.2167,-0.21227,0.0020039506564828,-0.05314,0.0010207025121129,364.374,349.7109,6.391759350321448,39.9992,65.9115,11.800177005289108,65.3569,1.8530106412026488,127.186,45.1517,2.889778841289926,186.7967,53.169,177.5369,3.7818168035913535,0.7799167689590132,0.8361126912367893,0.0168327617152011,0.7607257267746474,0.0143174789235087,0.7640789197928205,0.0130796662186127,0.7086015388760816,0.0210636374645267,0.671147570432023,0.6921948444657345,0.0143947268286534,0.5670488907517739,0.5773180443699291,0.0125538465204495,-0.22568
7.61,7.1686,-0.19743,5.7252,5.9,0.2540583830427603,-0.2167,-0.21227,0.0020039506564828,-0.05314,0.0010207025121129,364.374,349.7109,6.391759350321448,39.9992,65.9115,11.800177005289108,65.3569,1.8530106412026488,127.186,45.1517,2.889778841289926,186.7967,53.169,177.5369,3.7818168035913535,0.7799167689590132,0.8361126912367893,0.0168327617152011,0.7607257267746474,0.0143174789235087,0.7640789197928205,0.0130796662186127,0.7086015388760816,0.0210636374645267,0.671147570432023,0.6921948444657345,0.0143947268286534,0.5670488907517739,0.5773180443699291,0.0125538465204495,-0.22568
7.88,7.1686,-0.19743,5.7252,5.9,0.2540583830427603,-0.2167,-0.21227,0.0020039506564828,-0.05314,0.0010207025121129,364.374,349.7109,6.391759350321448,39.9992,65.9115,11.800177005289108,65.3569,1.8530106412026488,127.186,45.1517,2.889778841289926,186.7967,53.169,177.5369,3.7818168035913535,0.7799167689590132,0.8361126912367893,0.0168327617152011,0.7607257267746474,0.0143174789235087,0.7640789197928205,0.0130796662186127,0.7086015388760816,0.0210636374645267,0.671147570432023,0.6921948444657345,0.0143947268286534,0.5670488907517739,0.5773180443699291,0.0125538465204495,-0.22568
8.98,7.7731,-0.2019,5.7252,5.9,0.2540583830427603,-0.2167,-0.21227,0.0020039506564828,-0.05314,0.0010207025121129,364.374,349.7109,6.391759350321448,39.9992,65.9115,11.800177005289108,65.3569,1.8530106412026488,127.186,45.1517,2.889778841289926,186.7967,53.169,177.5369,3.7818168035913535,0.7799167689590132,0.8361126912367893,0.0168327617152011,0.7607257267746474,0.0143174789235087,0.7640789197928205,0.0130796662186127,0.7086015388760816,0.0210636374645267,0.671147570432023,0.6921948444657345,0.0143947268286534,0.5670488907517739,0.5773180443699291,0.0125538465204495,-0.22568
9.9,7.7731,-0.2019,5.7252,5.9,0.2540583830427603,-0.2167,-0.21227,0.0020039506564828,-0.05314,0.0010207025121129,364.374,349.7109,6.391759350321448,39.9992,65.9115,11.800177005289108,65.3569,1.8530106412026488,127.186,45.1517,2.889778841289926,186.7967,53.169,177.5369,3.7818168035913535,0.7799167689590132,0.8361126912367893,0.0168327617152011,0.7607257267746474,0.0143174789235087,0.7640789197928205,0.0130796662186127,0.7086015388760816,0.0210636374645267,0.671147570432023,0.6921948444657345,0.0143947268286534,0.5670488907517739,0.5773180443699291,0.0125538465204495,-0.22568
11.69,7.7731,-0.2019,5.7252,5.9,0.2540583830427603,-0.2167,-0.21227,0.0020039506564828,-0.05314,0.0010207025121129,364.374,349.7109,6.391759350321448,39.9992,65.9115,11.800177005289108,65.3569,1.8530106412026488,127.186,45.1517,2.889778841289926,186.7967,53.169,177.5369,3.7818168035913535,0.7799167689590132,0.8361126912367893,0.0168327617152011,0.7607257267746474,0.0143174789235087,0.7640789197928205,0.0130796662186127,0.7086015388760816,0.0210636374645267,0.671147570432023,0.6921948444657345,0.0143947268286534,0.5670488907517739,0.5773180443699291,0.0125538465204495,-0.22568
7.25,7.7731,-0.2019,5.7252,5.9,0.2540583830427603,-0.2167,-0.21227,0.0020039506564828,-0.05314,0.0010207025121129,364.374,349.7109,6.391759350321448,39.9992,65.9115,11.800177005289108,65.3569,1.8530106412026488,127.186,45.1517,2.889778841289926,186.7967,53.169,177.5369,3.7818168035913535,0.7799167689590132,0.8361126912367893,0.0168327617152011,0.7607257267746474,0.0143174789235087,0.7640789197928205,0.0130796662186127,0.7086015388760816,0.0210636374645267,0.671147570432023,0.6921948444657345,0.0143947268286534,0.5670488907517739,0.5773180443699291,0.0125538465204495,-0.22568
8.93,7.7731,-0.2019,5.7252,5.9,0.2540583830427603,-0.2167,-0.21227,0.0020039506564828,-0.05314,0.0010207025121129,364.374,349.7109,6.391759350321448,39.9992,65.9115,11.800177005289108,65.3569,1.8530106412026488,127.186,45.1517,2.889778841289926,186.7967,53.169,177.5369,3.7818168035913535,0.7799167689590132,0.8361126912367893,0.0168327617152011,0.7607257267746474,0.0143174789235087,0.7640789197928205,0.0130796662186127,0.7086015388760816,0.0210636374645267,0.671147570432023,0.6921948444657345,0.0143947268286534,0.5670488907517739,0.5773180443699291,0.0125538465204495,-0.22568
8.9,7.7731,-0.2019,5.7252,5.9,0.2540583830427603,-0.2167,-0.21227,0.0020039506564828,-0.05314,0.0010207025121129,364.374,349.7109,6.391759350321448,39.9992,65.9115,11.800177005289108,65.3569,1.8530106412026488,127.186,45.1517,2.889778841289926,186.7967,53.169,177.5369,3.7818168035913535,0.7799167689590132,0.8361126912367893,0.0168327617152011,0.7607257267746474,0.0143174789235087,0.7640789197928205,0.0130796662186127,0.7086015388760816,0.0210636374645267,0.671147570432023,0.6921948444657345,0.0143947268286534,0.5670488907517739,0.5773180443699291,0.0125538465204495,-0.22568
9.96,7.7731,-0.2019,5.7252,5.9,0.2540583830427603,-0.2167,-0.21227,0.0020039506564828,-0.05314,0.0010207025121129,364.374,349.7109,6.391759350321448,39.9992,65.9115,11.800177005289108,65.3569,1.8530106412026488,127.186,45.1517,2.889778841289926,186.7967,53.169,177.5369,3.7818168035913535,0.7799167689590132,0.8361126912367893,0.0168327617152011,0.7607257267746474,0.0143174789235087,0.7640789197928205,0.0130796662186127,0.7086015388760816,0.0210636374645267,0.671147570432023,0.6921948444657345,0.0143947268286534,0.5670488907517739,0.5773180443699291,0.0125538465204495,-0.22568
12.77,7.7731,-0.2019,5.7252,5.9,0.2540583830427603,-0.2167,-0.21227,0.0020039506564828,-0.05314,0.0010207025121129,364.374,349.7109,6.391759350321448,39.9992,65.9115,11.800177005289108,65.3569,1.8530106412026488,127.186,45.1517,2.889778841289926,186.7967,53.169,177.5369,3.7818168035913535,0.7799167689590132,0.8361126912367893,0.0168327617152011,0.7607257267746474,0.0143174789235087,0.7640789197928205,0.0130796662186127,0.7086015388760816,0.0210636374645267,0.671147570432023,0.6921948444657345,0.0143947268286534,0.5670488907517739,0.5773180443699291,0.0125538465204495,-0.22568
13.33,7.7731,-0.2019,5.7252,5.9,0.2540583830427603,-0.2167,-0.21227,0.0020039506564828,-0.05314,0.0010207025121129,364.374,349.7109,6.391759350321448,39.9992,65.9115,11.800177005289108,65.3569,1.8530106412026488,127.186,45.1517,2.889778841289926,186.7967,53.169,177.5369,3.7818168035913535,0.7799167689590132,0.8361126912367893,0.0168327617152011,0.7607257267746474,0.0143174789235087,0.7640789197928205,0.0130796662186127,0.7086015388760816,0.0210636374645267,0.671147570432023,0.6921948444657345,0.0143947268286534,0.5670488907517739,0.5773180443699291,0.0125538465204495,-0.22568
5.5,10.1478,-0.16646,5.7252,5.9,0.2540583830427603,-0.2167,-0.21227,0.0020039506564828,-0.05314,0.0010207025121129,364.374,349.7109,6.391759350321448,39.9992,65.9115,11.800177005289108,65.3569,1.8530106412026488,127.186,45.1517,2.889778841289926,186.7967,53.169,177.5369,3.7818168035913535,0.7799167689590132,0.8361126912367893,0.0168327617152011,0.7607257267746474,0.0143174789235087,0.7640789197928205,0.0130796662186127,0.7086015388760816,0.0210636374645267,0.671147570432023,0.6921948444657345,0.0143947268286534,0.5670488907517739,0.5773180443699291,0.0125538465204495,-0.22568
7.15,10.1478,-0.16646,5.7252,5.9,0.2540583830427603,-0.2167,-0.21227,0.0020039506564828,-0.05314,0.0010207025121129,364.374,349.7109,6.391759350321448,39.9992,65.9115,11.800177005289108,65.3569,1.8530106412026488,127.186,45.1517,2.889778841289926,186.7967,53.169,177.5369,3.7818168035913535,0.7799167689590132,0.8361126912367893,0.0168327617152011,0.7607257267746474,0.0143174789235087,0.7640789197928205,0.0130796662186127,0.7086015388760816,0.0210636374645267,0.671147570432023,0.6921948444657345,0.0143947268286534,0.5670488907517739,0.5773180443699291,0.0125538465204495,-0.22568
8.31,10.1478,-0.16646,5.7252,5.9,0.2540583830427603,-0.2167,-0.21227,0.0020039506564828,-0.05314,0.0010207025121129,364.374,349.7109,6.391759350321448,39.9992,65.9115,11.800177005289108,65.3569,1.8530106412026488,127.186,45.1517,2.889778841289926,186.7967,53.169,177.5369,3.7818168035913535,0.7799167689590132,0.8361126912367893,0.0168327617152011,0.7607257267746474,0.0143174789235087,0.7640789197928205,0.0130796662186127,0.7086015388760816,0.0210636374645267,0.671147570432023,0.6921948444657345,0.0143947268286534,0.5670488907517739,0.5773180443699291,0.0125538465204495,-0.22568
5.48,10.1478,-0.16646,5.7252,5.9,0.2540583830427603,-0.2167,-0.21227,0.0020039506564828,-0.05314,0.0010207025121129,364.374,349.7109,6.391759350321448,39.9992,65.9115,11.800177005289108,65.3569,1.8530106412026488,127.186,45.1517,2.889778841289926,186.7967,53.169,177.5369,3.7818168035913535,0.7799167689590132,0.8361126912367893,0.0168327617152011,0.7607257267746474,0.0143174789235087,0.7640789197928205,0.0130796662186127,0.7086015388760816,0.0210636374645267,0.671147570432023,0.6921948444657345,0.0143947268286534,0.5670488907517739,0.5773180443699291,0.0125538465204495,-0.22568
6.15,10.1478,-0.16646,5.7252,5.9,0.2540583830427603,-0.2167,-0.21227,0.0020039506564828,-0.05314,0.0010207025121129,364.374,349.7109,6.391759350321448,39.9992,65.9115,11.800177005289108,65.3569,1.8530106412026488,127.186,45.1517,2.889778841289926,186.7967,53.169,177.5369,3.7818168035913535,0.7799167689590132,0.8361126912367893,0.0168327617152011,0.7607257267746474,0.0143174789235087,0.7640789197928205,0.0130796662186127,0.7086015388760816,0.0210636374645267,0.671147570432023,0.6921948444657345,0.0143947268286534,0.5670488907517739,0.5773180443699291,0.0125538465204495,-0.22568
6.44,10.1478,-0.16646,5.7252,5.9,0.2540583830427603,-0.2167,-0.21227,0.0020039506564828,-0.05314,0.0010207025121129,364.374,349.7109,6.391759350321448,39.9992,65.9115,11.800177005289108,65.3569,1.8530106412026488,127.186,45.1517,2.889778841289926,186.7967,53.169,177.5369,3.7818168035913535,0.7799167689590132,0.8361126912367893,0.0168327617152011,0.7607257267746474,0.0143174789235087,0.7640789197928205,0.0130796662186127,0.7086015388760816,0.0210636374645267,0.671147570432023,0.6921948444657345,0.0143947268286534,0.5670488907517739,0.5773180443699291,0.0125538465204495,-0.22568
6.77,10.1478,-0.16646,5.7252,5.9,0.2540583830427603,-0.2167,-0.21227,0.0020039506564828,-0.05314,0.0010207025121129,364.374,349.7109,6.391759350321448,39.9992,65.9115,11.800177005289108,65.3569,1.8530106412026488,127.186,45.1517,2.889778841289926,186.7967,53.169,177.5369,3.7818168035913535,0.7799167689590132,0.8361126912367893,0.0168327617152011,0.7607257267746474,0.0143174789235087,0.7640789197928205,0.0130796662186127,0.7086015388760816,0.0210636374645267,0.671147570432023,0.6921948444657345,0.0143947268286534,0.5670488907517739,0.5773180443699291,0.0125538465204495,-0.22568
10.93,10.1478,-0.16646,5.7252,5.9,0.2540583830427603,-0.2167,-0.21227,0.0020039506564828,-0.05314,0.0010207025121129,364.374,349.7109,6.391759350321448,39.9992,65.9115,11.800177005289108,65.3569,1.8530106412026488,127.186,45.1517,2.889778841289926,186.7967,53.169,177.5369,3.7818168035913535,0.7799167689590132,0.8361126912367893,0.0168327617152011,0.7607257267746474,0.0143174789235087,0.7640789197928205,0.0130796662186127,0.7086015388760816,0.0210636374645267,0.671147570432023,0.6921948444657345,0.0143947268286534,0.5670488907517739,0.5773180443699291,0.0125538465204495,-0.22568
10.77,10.1478,-0.16646,5.7252,5.9,0.2540583830427603,-0.2167,-0.21227,0.0020039506564828,-0.05314,0.0010207025121129,364.374,349.7109,6.391759350321448,39.9992,65.9115,11.800177005289108,65.3569,1.8530106412026488,127.186,45.1517,2.889778841289926,186.7967,53.169,177.5369,3.7818168035913535,0.7799167689590132,0.8361126912367893,0.0168327617152011,0.7607257267746474,0.0143174789235087,0.7640789197928205,0.0130796662186127,0.7086015388760816,0.0210636374645267,0.671147570432023,0.6921948444657345,0.0143947268286534,0.5670488907517739,0.5773180443699291,0.0125538465204495,-0.22568
7.8,11.0112,-0.17387,5.7252,5.9,0.2540583830427603,-0.2167,-0.21227,0.0020039506564828,-0.05314,0.0010207025121129,364.374,349.7109,6.391759350321448,39.9992,65.9115,11.800177005289108,65.3569,1.8530106412026488,127.186,45.1517,2.889778841289926,186.7967,53.169,177.5369,3.7818168035913535,0.7799167689590132,0.8361126912367893,0.0168327617152011,0.7607257267746474,0.0143174789235087,0.7640789197928205,0.0130796662186127,0.7086015388760816,0.0210636374645267,0.671147570432023,0.6921948444657345,0.0143947268286534,0.5670488907517739,0.5773180443699291,0.0125538465204495,-0.22568
8.06,11.0112,-0.17387,5.7252,5.9,0.2540583830427603,-0.2167,-0.21227,0.0020039506564828,-0.05314,0.0010207025121129,364.374,349.7109,6.391759350321448,39.9992,65.9115,11.800177005289108,65.3569,1.8530106412026488,127.186,45.1517,2.889778841289926,186.7967,53.169,177.5369,3.7818168035913535,0.7799167689590132,0.8361126912367893,0.0168327617152011,0.7607257267746474,0.0143174789235087,0.7640789197928205,0.0130796662186127,0.7086015388760816,0.0210636374645267,0.671147570432023,0.6921948444657345,0.0143947268286534,0.5670488907517739,0.5773180443699291,0.0125538465204495,-0.22568
8.89,11.0112,-0.17387,5.7252,5.9,0.2540583830427603,-0.2167,-0.21227,0.0020039506564828,-0.05314,0.0010207025121129,364.374,349.7109,6.391759350321448,39.9992,65.9115,11.800177005289108,65.3569,1.8530106412026488,127.186,45.1517,2.889778841289926,186.7967,53.169,177.5369,3.7818168035913535,0.7799167689590132,0.8361126912367893,0.0168327617152011,0.7607257267746474,0.0143174789235087,0.7640789197928205,0.0130796662186127,0.7086015388760816,0.0210636374645267,0.671147570432023,0.6921948444657345,0.0143947268286534,0.5670488907517739,0.5773180443699291,0.0125538465204495,-0.22568
0.0,11.0112,-0.17387,5.7252,5.9,0.2540583830427603,-0.2167,-0.21227,0.0020039506564828,-0.05314,0.0010207025121129,364.374,349.7109,6.391759350321448,39.9992,65.9115,11.800177005289108,65.3569,1.8530106412026488,127.186,45.1517,2.889778841289926,186.7967,53.169,177.5369,3.7818168035913535,0.7799167689590132,0.8361126912367893,0.0168327617152011,0.7607257267746474,0.0143174789235087,0.7640789197928205,0.0130796662186127,0.7086015388760816,0.0210636374645267,0.671147570432023,0.6921948444657345,0.0143947268286534,0.5670488907517739,0.5773180443699291,0.0125538465204495,-0.22568
6.96,11.0112,-0.17387,5.7252,5.9,0.2540583830427603,-0.2167,-0.21227,0.0020039506564828,-0.05314,0.0010207025121129,364.374,349.7109,6.391759350321448,39.9992,65.9115,11.800177005289108,65.3569,1.8530106412026488,127.186,45.1517,2.889778841289926,186.7967,53.169,177.5369,3.7818168035913535,0.7799167689590132,0.8361126912367893,0.0168327617152011,0.7607257267746474,0.0143174789235087,0.7640789197928205,0.0130796662186127,0.7086015388760816,0.0210636374645267,0.671147570432023,0.6921948444657345,0.0143947268286534,0.5670488907517739,0.5773180443699291,0.0125538465204495,-0.22568
7.03,11.0112,-0.17387,5.7252,5.9,0.2540583830427603,-0.2167,-0.21227,0.0020039506564828,-0.05314,0.0010207025121129,364.374,349.7109,6.391759350321448,39.9992,65.9115,11.800177005289108,65.3569,1.8530106412026488,127.186,45.1517,2.889778841289926,186.7967,53.169,177.5369,3.7818168035913535,0.7799167689590132,0.8361126912367893,0.0168327617152011,0.7607257267746474,0.0143174789235087,0.7640789197928205,0.0130796662186127,0.7086015388760816,0.0210636374645267,0.671147570432023,0.6921948444657345,0.0143947268286534,0.5670488907517739,0.5773180443699291,0.0125538465204495,-0.22568
9.32,11.0112,-0.17387,5.7252,5.9,0.2540583830427603,-0.2167,-0.21227,0.0020039506564828,-0.05314,0.0010207025121129,364.374,349.7109,6.391759350321448,39.9992,65.9115,11.800177005289108,65.3569,1.8530106412026488,127.186,45.1517,2.889778841289926,186.7967,53.169,177.5369,3.7818168035913535,0.7799167689590132,0.8361126912367893,0.0168327617152011,0.7607257267746474,0.0143174789235087,0.7640789197928205,0.0130796662186127,0.7086015388760816,0.0210636374645267,0.671147570432023,0.6921948444657345,0.0143947268286534,0.5670488907517739,0.5773180443699291,0.0125538465204495,-0.22568
10.46,11.0112,-0.17387,5.7252,5.9,0.2540583830427603,-0.2167,-0.21227,0.0020039506564828,-0.05314,0.0010207025121129,364.374,349.7109,6.391759350321448,39.9992,65.9115,11.800177005289108,65.3569,1.8530106412026488,127.186,45.1517,2.889778841289926,186.7967,53.169,177.5369,3.7818168035913535,0.7799167689590132,0.8361126912367893,0.0168327617152011,0.7607257267746474,0.0143174789235087,0.7640789197928205,0.0130796662186127,0.7086015388760816,0.0210636374645267,0.671147570432023,0.6921948444657345,0.0143947268286534,0.5670488907517739,0.5773180443699291,0.0125538465204495,-0.22568
13.34,11.0112,-0.17387,5.7252,5.9,0.2540583830427603,-0.2167,-0.21227,0.0020039506564828,-0.05314,0.0010207025121129,364.374,349.7109,6.391759350321448,39.9992,65.9115,11.800177005289108,65.3569,1.8530106412026488,127.186,45.1517,2.889778841289926,186.7967,53.169,177.5369,3.7818168035913535,0.7799167689590132,0.8361126912367893,0.0168327617152011,0.7607257267746474,0.0143174789235087,0.7640789197928205,0.0130796662186127,0.7086015388760816,0.0210636374645267,0.671147570432023,0.6921948444657345,0.0143947268286534,0.5670488907517739,0.5773180443699291,0.0125538465204495,-0.22568
11.95,7.1686,-0.19743,1.2279,1.1571,0.0405897770380671,-0.22075,-0.21336,0.0042723997940267,-0.01969,0.0024912697565699,381.1196,372.0266,5.24929809045935,154.698,157.1623,1.4285861037519996,57.3221,0.3520251695546785,174.2696,112.5804,0.3323081200733228,59.2517,111.8835,52.8706,2.0790660539450574,0.7568336277356965,0.7574922906499806,0.0085995739661041,0.8146462680758061,0.0064218238359532,0.8334481003562767,0.0078045292392308,0.7056974342085566,0.00263650802883,0.7611748151252955,0.7204874105565701,0.0235254865690311,0.7599473069668572,0.7807850064369329,0.0119875437820114,-0.22568
35.6,7.1686,-0.19743,1.2279,1.1571,0.0405897770380671,-0.22075,-0.21336,0.0042723997940267,-0.01969,0.0024912697565699,381.1196,372.0266,5.24929809045935,154.698,157.1623,1.4285861037519996,57.3221,0.3520251695546785,174.2696,112.5804,0.3323081200733228,59.2517,111.8835,52.8706,2.0790660539450574,0.7568336277356965,0.7574922906499806,0.0085995739661041,0.8146462680758061,0.0064218238359532,0.8334481003562767,0.0078045292392308,0.7056974342085566,0.00263650802883,0.7611748151252955,0.7204874105565701,0.0235254865690311,0.7599473069668572,0.7807850064369329,0.0119875437820114,-0.22568
46.75,7.1686,-0.19743,1.2279,1.1571,0.0405897770380671,-0.22075,-0.21336,0.0042723997940267,-0.01969,0.0024912697565699,381.1196,372.0266,5.24929809045935,154.698,157.1623,1.4285861037519996,57.3221,0.3520251695546785,174.2696,112.5804,0.3323081200733228,59.2517,111.8835,52.8706,2.0790660539450574,0.7568336277356965,0.7574922906499806,0.0085995739661041,0.8146462680758061,0.0064218238359532,0.8334481003562767,0.0078045292392308,0.7056974342085566,0.00263650802883,0.7611748151252955,0.7204874105565701,0.0235254865690311,0.7599473069668572,0.7807850064369329,0.0119875437820114,-0.22568
8.45,7.1686,-0.19743,1.2279,1.1571,0.0405897770380671,-0.22075,-0.21336,0.0042723997940267,-0.01969,0.0024912697565699,381.1196,372.0266,5.24929809045935,154.698,157.1623,1.4285861037519996,57.3221,0.3520251695546785,174.2696,112.5804,0.3323081200733228,59.2517,111.8835,52.8706,2.0790660539450574,0.7568336277356965,0.7574922906499806,0.0085995739661041,0.8146462680758061,0.0064218238359532,0.8334481003562767,0.0078045292392308,0.7056974342085566,0.00263650802883,0.7611748151252955,0.7204874105565701,0.0235254865690311,0.7599473069668572,0.7807850064369329,0.0119875437820114,-0.22568
25.69,7.1686,-0.19743,1.2279,1.1571,0.0405897770380671,-0.22075,-0.21336,0.0042723997940267,-0.01969,0.0024912697565699,381.1196,372.0266,5.24929809045935,154.698,157.1623,1.4285861037519996,57.3221,0.3520251695546785,174.2696,112.5804,0.3323081200733228,59.2517,111.8835,52.8706,2.0790660539450574,0.7568336277356965,0.7574922906499806,0.0085995739661041,0.8146462680758061,0.0064218238359532,0.8334481003562767,0.0078045292392308,0.7056974342085566,0.00263650802883,0.7611748151252955,0.7204874105565701,0.0235254865690311,0.7599473069668572,0.7807850064369329,0.0119875437820114,-0.22568
31.14,7.1686,-0.19743,1.2279,1.1571,0.0405897770380671,-0.22075,-0.21336,0.0042723997940267,-0.01969,0.0024912697565699,381.1196,372.0266,5.24929809045935,154.698,157.1623,1.4285861037519996,57.3221,0.3520251695546785,174.2696,112.5804,0.3323081200733228,59.2517,111.8835,52.8706,2.0790660539450574,0.7568336277356965,0.7574922906499806,0.0085995739661041,0.8146462680758061,0.0064218238359532,0.8334481003562767,0.0078045292392308,0.7056974342085566,0.00263650802883,0.7611748151252955,0.7204874105565701,0.0235254865690311,0.7599473069668572,0.7807850064369329,0.0119875437820114,-0.22568
16.95,7.1686,-0.19743,1.2279,1.1571,0.0405897770380671,-0.22075,-0.21336,0.0042723997940267,-0.01969,0.0024912697565699,381.1196,372.0266,5.24929809045935,154.698,157.1623,1.4285861037519996,57.3221,0.3520251695546785,174.2696,112.5804,0.3323081200733228,59.2517,111.8835,52.8706,2.0790660539450574,0.7568336277356965,0.7574922906499806,0.0085995739661041,0.8146462680758061,0.0064218238359532,0.8334481003562767,0.0078045292392308,0.7056974342085566,0.00263650802883,0.7611748151252955,0.7204874105565701,0.0235254865690311,0.7599473069668572,0.7807850064369329,0.0119875437820114,-0.22568
41.64,7.1686,-0.19743,1.2279,1.1571,0.0405897770380671,-0.22075,-0.21336,0.0042723997940267,-0.01969,0.0024912697565699,381.1196,372.0266,5.24929809045935,154.698,157.1623,1.4285861037519996,57.3221,0.3520251695546785,174.2696,112.5804,0.3323081200733228,59.2517,111.8835,52.8706,2.0790660539450574,0.7568336277356965,0.7574922906499806,0.0085995739661041,0.8146462680758061,0.0064218238359532,0.8334481003562767,0.0078045292392308,0.7056974342085566,0.00263650802883,0.7611748151252955,0.7204874105565701,0.0235254865690311,0.7599473069668572,0.7807850064369329,0.0119875437820114,-0.22568
60.29,7.1686,-0.19743,1.2279,1.1571,0.0405897770380671,-0.22075,-0.21336,0.0042723997940267,-0.01969,0.0024912697565699,381.1196,372.0266,5.24929809045935,154.698,157.1623,1.4285861037519996,57.3221,0.3520251695546785,174.2696,112.5804,0.3323081200733228,59.2517,111.8835,52.8706,2.0790660539450574,0.7568336277356965,0.7574922906499806,0.0085995739661041,0.8146462680758061,0.0064218238359532,0.8334481003562767,0.0078045292392308,0.7056974342085566,0.00263650802883,0.7611748151252955,0.7204874105565701,0.0235254865690311,0.7599473069668572,0.7807850064369329,0.0119875437820114,-0.22568
18.9,7.7731,-0.2019,1.2279,1.1571,0.0405897770380671,-0.22075,-0.21336,0.0042723997940267,-0.01969,0.0024912697565699,381.1196,372.0266,5.24929809045935,154.698,157.1623,1.4285861037519996,57.3221,0.3520251695546785,174.2696,112.5804,0.3323081200733228,59.2517,111.8835,52.8706,2.0790660539450574,0.7568336277356965,0.7574922906499806,0.0085995739661041,0.8146462680758061,0.0064218238359532,0.8334481003562767,0.0078045292392308,0.7056974342085566,0.00263650802883,0.7611748151252955,0.7204874105565701,0.0235254865690311,0.7599473069668572,0.7807850064369329,0.0119875437820114,-0.22568
32.37,7.7731,-0.2019,1.2279,1.1571,0.0405897770380671,-0.22075,-0.21336,0.0042723997940267,-0.01969,0.0024912697565699,381.1196,372.0266,5.24929809045935,154.698,157.1623,1.4285861037519996,57.3221,0.3520251695546785,174.2696,112.5804,0.3323081200733228,59.2517,111.8835,52.8706,2.0790660539450574,0.7568336277356965,0.7574922906499806,0.0085995739661041,0.8146462680758061,0.0064218238359532,0.8334481003562767,0.0078045292392308,0.7056974342085566,0.00263650802883,0.7611748151252955,0.7204874105565701,0.0235254865690311,0.7599473069668572,0.7807850064369329,0.0119875437820114,-0.22568
40.85,7.7731,-0.2019,1.2279,1.1571,0.0405897770380671,-0.22075,-0.21336,0.0042723997940267,-0.01969,0.0024912697565699,381.1196,372.0266,5.24929809045935,154.698,157.1623,1.4285861037519996,57.3221,0.3520251695546785,174.2696,112.5804,0.3323081200733228,59.2517,111.8835,52.8706,2.0790660539450574,0.7568336277356965,0.7574922906499806,0.0085995739661041,0.8146462680758061,0.0064218238359532,0.8334481003562767,0.0078045292392308,0.7056974342085566,0.00263650802883,0.7611748151252955,0.7204874105565701,0.0235254865690311,0.7599473069668572,0.7807850064369329,0.0119875437820114,-0.22568
16.15,7.7731,-0.2019,1.2279,1.1571,0.0405897770380671,-0.22075,-0.21336,0.0042723997940267,-0.01969,0.0024912697565699,381.1196,372.0266,5.24929809045935,154.698,157.1623,1.4285861037519996,57.3221,0.3520251695546785,174.2696,112.5804,0.3323081200733228,59.2517,111.8835,52.8706,2.0790660539450574,0.7568336277356965,0.7574922906499806,0.0085995739661041,0.8146462680758061,0.0064218238359532,0.8334481003562767,0.0078045292392308,0.7056974342085566,0.00263650802883,0.7611748151252955,0.7204874105565701,0.0235254865690311,0.7599473069668572,0.7807850064369329,0.0119875437820114,-0.22568
17.0,7.7731,-0.2019,1.2279,1.1571,0.0405897770380671,-0.22075,-0.21336,0.0042723997940267,-0.01969,0.0024912697565699,381.1196,372.0266,5.24929809045935,154.698,157.1623,1.4285861037519996,57.3221,0.3520251695546785,174.2696,112.5804,0.3323081200733228,59.2517,111.8835,52.8706,2.0790660539450574,0.7568336277356965,0.7574922906499806,0.0085995739661041,0.8146462680758061,0.0064218238359532,0.8334481003562767,0.0078045292392308,0.7056974342085566,0.00263650802883,0.7611748151252955,0.7204874105565701,0.0235254865690311,0.7599473069668572,0.7807850064369329,0.0119875437820114,-0.22568
26.39,7.7731,-0.2019,1.2279,1.1571,0.0405897770380671,-0.22075,-0.21336,0.0042723997940267,-0.01969,0.0024912697565699,381.1196,372.0266,5.24929809045935,154.698,157.1623,1.4285861037519996,57.3221,0.3520251695546785,174.2696,112.5804,0.3323081200733228,59.2517,111.8835,52.8706,2.0790660539450574,0.7568336277356965,0.7574922906499806,0.0085995739661041,0.8146462680758061,0.0064218238359532,0.8334481003562767,0.0078045292392308,0.7056974342085566,0.00263650802883,0.7611748151252955,0.7204874105565701,0.0235254865690311,0.7599473069668572,0.7807850064369329,0.0119875437820114,-0.22568
20.67,7.7731,-0.2019,1.2279,1.1571,0.0405897770380671,-0.22075,-0.21336,0.0042723997940267,-0.01969,0.0024912697565699,381.1196,372.0266,5.24929809045935,154.698,157.1623,1.4285861037519996,57.3221,0.3520251695546785,174.2696,112.5804,0.3323081200733228,59.2517,111.8835,52.8706,2.0790660539450574,0.7568336277356965,0.7574922906499806,0.0085995739661041,0.8146462680758061,0.0064218238359532,0.8334481003562767,0.0078045292392308,0.7056974342085566,0.00263650802883,0.7611748151252955,0.7204874105565701,0.0235254865690311,0.7599473069668572,0.7807850064369329,0.0119875437820114,-0.22568
31.32,7.7731,-0.2019,1.2279,1.1571,0.0405897770380671,-0.22075,-0.21336,0.0042723997940267,-0.01969,0.0024912697565699,381.1196,372.0266,5.24929809045935,154.698,157.1623,1.4285861037519996,57.3221,0.3520251695546785,174.2696,112.5804,0.3323081200733228,59.2517,111.8835,52.8706,2.0790660539450574,0.7568336277356965,0.7574922906499806,0.0085995739661041,0.8146462680758061,0.0064218238359532,0.8334481003562767,0.0078045292392308,0.7056974342085566,0.00263650802883,0.7611748151252955,0.7204874105565701,0.0235254865690311,0.7599473069668572,0.7807850064369329,0.0119875437820114,-0.22568
44.47,7.7731,-0.2019,1.2279,1.1571,0.0405897770380671,-0.22075,-0.21336,0.0042723997940267,-0.01969,0.0024912697565699,381.1196,372.0266,5.24929809045935,154.698,157.1623,1.4285861037519996,57.3221,0.3520251695546785,174.2696,112.5804,0.3323081200733228,59.2517,111.8835,52.8706,2.0790660539450574,0.7568336277356965,0.7574922906499806,0.0085995739661041,0.8146462680758061,0.0064218238359532,0.8334481003562767,0.0078045292392308,0.7056974342085566,0.00263650802883,0.7611748151252955,0.7204874105565701,0.0235254865690311,0.7599473069668572,0.7807850064369329,0.0119875437820114,-0.22568
23.05,10.1478,-0.16646,1.2279,1.1571,0.0405897770380671,-0.22075,-0.21336,0.0042723997940267,-0.01969,0.0024912697565699,381.1196,372.0266,5.24929809045935,154.698,157.1623,1.4285861037519996,57.3221,0.3520251695546785,174.2696,112.5804,0.3323081200733228,59.2517,111.8835,52.8706,2.0790660539450574,0.7568336277356965,0.7574922906499806,0.0085995739661041,0.8146462680758061,0.0064218238359532,0.8334481003562767,0.0078045292392308,0.7056974342085566,0.00263650802883,0.7611748151252955,0.7204874105565701,0.0235254865690311,0.7599473069668572,0.7807850064369329,0.0119875437820114,-0.22568
68.35,10.1478,-0.16646,1.2279,1.1571,0.0405897770380671,-0.22075,-0.21336,0.0042723997940267,-0.01969,0.0024912697565699,381.1196,372.0266,5.24929809045935,154.698,157.1623,1.4285861037519996,57.3221,0.3520251695546785,174.2696,112.5804,0.3323081200733228,59.2517,111.8835,52.8706,2.0790660539450574,0.7568336277356965,0.7574922906499806,0.0085995739661041,0.8146462680758061,0.0064218238359532,0.8334481003562767,0.0078045292392308,0.7056974342085566,0.00263650802883,0.7611748151252955,0.7204874105565701,0.0235254865690311,0.7599473069668572,0.7807850064369329,0.0119875437820114,-0.22568
62.73,10.1478,-0.16646,1.2279,1.1571,0.0405897770380671,-0.22075,-0.21336,0.0042723997940267,-0.01969,0.0024912697565699,381.1196,372.0266,5.24929809045935,154.698,157.1623,1.4285861037519996,57.3221,0.3520251695546785,174.2696,112.5804,0.3323081200733228,59.2517,111.8835,52.8706,2.0790660539450574,0.7568336277356965,0.7574922906499806,0.0085995739661041,0.8146462680758061,0.0064218238359532,0.8334481003562767,0.0078045292392308,0.7056974342085566,0.00263650802883,0.7611748151252955,0.7204874105565701,0.0235254865690311,0.7599473069668572,0.7807850064369329,0.0119875437820114,-0.22568
28.4,10.1478,-0.16646,1.2279,1.1571,0.0405897770380671,-0.22075,-0.21336,0.0042723997940267,-0.01969,0.0024912697565699,381.1196,372.0266,5.24929809045935,154.698,157.1623,1.4285861037519996,57.3221,0.3520251695546785,174.2696,112.5804,0.3323081200733228,59.2517,111.8835,52.8706,2.0790660539450574,0.7568336277356965,0.7574922906499806,0.0085995739661041,0.8146462680758061,0.0064218238359532,0.8334481003562767,0.0078045292392308,0.7056974342085566,0.00263650802883,0.7611748151252955,0.7204874105565701,0.0235254865690311,0.7599473069668572,0.7807850064369329,0.0119875437820114,-0.22568
41.1,10.1478,-0.16646,1.2279,1.1571,0.0405897770380671,-0.22075,-0.21336,0.0042723997940267,-0.01969,0.0024912697565699,381.1196,372.0266,5.24929809045935,154.698,157.1623,1.4285861037519996,57.3221,0.3520251695546785,174.2696,112.5804,0.3323081200733228,59.2517,111.8835,52.8706,2.0790660539450574,0.7568336277356965,0.7574922906499806,0.0085995739661041,0.8146462680758061,0.0064218238359532,0.8334481003562767,0.0078045292392308,0.7056974342085566,0.00263650802883,0.7611748151252955,0.7204874105565701,0.0235254865690311,0.7599473069668572,0.7807850064369329,0.0119875437820114,-0.22568
59.82,10.1478,-0.16646,1.2279,1.1571,0.0405897770380671,-0.22075,-0.21336,0.0042723997940267,-0.01969,0.0024912697565699,381.1196,372.0266,5.24929809045935,154.698,157.1623,1.4285861037519996,57.3221,0.3520251695546785,174.2696,112.5804,0.3323081200733228,59.2517,111.8835,52.8706,2.0790660539450574,0.7568336277356965,0.7574922906499806,0.0085995739661041,0.8146462680758061,0.0064218238359532,0.8334481003562767,0.0078045292392308,0.7056974342085566,0.00263650802883,0.7611748151252955,0.7204874105565701,0.0235254865690311,0.7599473069668572,0.7807850064369329,0.0119875437820114,-0.22568
44.22,10.1478,-0.16646,1.2279,1.1571,0.0405897770380671,-0.22075,-0.21336,0.0042723997940267,-0.01969,0.0024912697565699,381.1196,372.0266,5.24929809045935,154.698,157.1623,1.4285861037519996,57.3221,0.3520251695546785,174.2696,112.5804,0.3323081200733228,59.2517,111.8835,52.8706,2.0790660539450574,0.7568336277356965,0.7574922906499806,0.0085995739661041,0.8146462680758061,0.0064218238359532,0.8334481003562767,0.0078045292392308,0.7056974342085566,0.00263650802883,0.7611748151252955,0.7204874105565701,0.0235254865690311,0.7599473069668572,0.7807850064369329,0.0119875437820114,-0.22568
80.69,10.1478,-0.16646,1.2279,1.1571,0.0405897770380671,-0.22075,-0.21336,0.0042723997940267,-0.01969,0.0024912697565699,381.1196,372.0266,5.24929809045935,154.698,157.1623,1.4285861037519996,57.3221,0.3520251695546785,174.2696,112.5804,0.3323081200733228,59.2517,111.8835,52.8706,2.0790660539450574,0.7568336277356965,0.7574922906499806,0.0085995739661041,0.8146462680758061,0.0064218238359532,0.8334481003562767,0.0078045292392308,0.7056974342085566,0.00263650802883,0.7611748151252955,0.7204874105565701,0.0235254865690311,0.7599473069668572,0.7807850064369329,0.0119875437820114,-0.22568
91.19,10.1478,-0.16646,1.2279,1.1571,0.0405897770380671,-0.22075,-0.21336,0.0042723997940267,-0.01969,0.0024912697565699,381.1196,372.0266,5.24929809045935,154.698,157.1623,1.4285861037519996,57.3221,0.3520251695546785,174.2696,112.5804,0.3323081200733228,59.2517,111.8835,52.8706,2.0790660539450574,0.7568336277356965,0.7574922906499806,0.0085995739661041,0.8146462680758061,0.0064218238359532,0.8334481003562767,0.0078045292392308,0.7056974342085566,0.00263650802883,0.7611748151252955,0.7204874105565701,0.0235254865690311,0.7599473069668572,0.7807850064369329,0.0119875437820114,-0.22568
8.21,11.0112,-0.17387,1.2279,1.1571,0.0405897770380671,-0.22075,-0.21336,0.0042723997940267,-0.01969,0.0024912697565699,381.1196,372.0266,5.24929809045935,154.698,157.1623,1.4285861037519996,57.3221,0.3520251695546785,174.2696,112.5804,0.3323081200733228,59.2517,111.8835,52.8706,2.0790660539450574,0.7568336277356965,0.7574922906499806,0.0085995739661041,0.8146462680758061,0.0064218238359532,0.8334481003562767,0.0078045292392308,0.7056974342085566,0.00263650802883,0.7611748151252955,0.7204874105565701,0.0235254865690311,0.7599473069668572,0.7807850064369329,0.0119875437820114,-0.22568
16.46,11.0112,-0.17387,1.2279,1.1571,0.0405897770380671,-0.22075,-0.21336,0.0042723997940267,-0.01969,0.0024912697565699,381.1196,372.0266,5.24929809045935,154.698,157.1623,1.4285861037519996,57.3221,0.3520251695546785,174.2696,112.5804,0.3323081200733228,59.2517,111.8835,52.8706,2.0790660539450574,0.7568336277356965,0.7574922906499806,0.0085995739661041,0.8146462680758061,0.0064218238359532,0.8334481003562767,0.0078045292392308,0.7056974342085566,0.00263650802883,0.7611748151252955,0.7204874105565701,0.0235254865690311,0.7599473069668572,0.7807850064369329,0.0119875437820114,-0.22568
20.03,11.0112,-0.17387,1.2279,1.1571,0.0405897770380671,-0.22075,-0.21336,0.0042723997940267,-0.01969,0.0024912697565699,381.1196,372.0266,5.24929809045935,154.698,157.1623,1.4285861037519996,57.3221,0.3520251695546785,174.2696,112.5804,0.3323081200733228,59.2517,111.8835,52.8706,2.0790660539450574,0.7568336277356965,0.7574922906499806,0.0085995739661041,0.8146462680758061,0.0064218238359532,0.8334481003562767,0.0078045292392308,0.7056974342085566,0.00263650802883,0.7611748151252955,0.7204874105565701,0.0235254865690311,0.7599473069668572,0.7807850064369329,0.0119875437820114,-0.22568
0.4,11.0112,-0.17387,1.2279,1.1571,0.0405897770380671,-0.22075,-0.21336,0.0042723997940267,-0.01969,0.0024912697565699,381.1196,372.0266,5.24929809045935,154.698,157.1623,1.4285861037519996,57.3221,0.3520251695546785,174.2696,112.5804,0.3323081200733228,59.2517,111.8835,52.8706,2.0790660539450574,0.7568336277356965,0.7574922906499806,0.0085995739661041,0.8146462680758061,0.0064218238359532,0.8334481003562767,0.0078045292392308,0.7056974342085566,0.00263650802883,0.7611748151252955,0.7204874105565701,0.0235254865690311,0.7599473069668572,0.7807850064369329,0.0119875437820114,-0.22568
11.91,11.0112,-0.17387,1.2279,1.1571,0.0405897770380671,-0.22075,-0.21336,0.0042723997940267,-0.01969,0.0024912697565699,381.1196,372.0266,5.24929809045935,154.698,157.1623,1.4285861037519996,57.3221,0.3520251695546785,174.2696,112.5804,0.3323081200733228,59.2517,111.8835,52.8706,2.0790660539450574,0.7568336277356965,0.7574922906499806,0.0085995739661041,0.8146462680758061,0.0064218238359532,0.8334481003562767,0.0078045292392308,0.7056974342085566,0.00263650802883,0.7611748151252955,0.7204874105565701,0.0235254865690311,0.7599473069668572,0.7807850064369329,0.0119875437820114,-0.22568
12.23,11.0112,-0.17387,1.2279,1.1571,0.0405897770380671,-0.22075,-0.21336,0.0042723997940267,-0.01969,0.0024912697565699,381.1196,372.0266,5.24929809045935,154.698,157.1623,1.4285861037519996,57.3221,0.3520251695546785,174.2696,112.5804,0.3323081200733228,59.2517,111.8835,52.8706,2.0790660539450574,0.7568336277356965,0.7574922906499806,0.0085995739661041,0.8146462680758061,0.0064218238359532,0.8334481003562767,0.0078045292392308,0.7056974342085566,0.00263650802883,0.7611748151252955,0.7204874105565701,0.0235254865690311,0.7599473069668572,0.7807850064369329,0.0119875437820114,-0.22568
13.02,11.0112,-0.17387,1.2279,1.1571,0.0405897770380671,-0.22075,-0.21336,0.0042723997940267,-0.01969,0.0024912697565699,381.1196,372.0266,5.24929809045935,154.698,157.1623,1.4285861037519996,57.3221,0.3520251695546785,174.2696,112.5804,0.3323081200733228,59.2517,111.8835,52.8706,2.0790660539450574,0.7568336277356965,0.7574922906499806,0.0085995739661041,0.8146462680758061,0.0064218238359532,0.8334481003562767,0.0078045292392308,0.7056974342085566,0.00263650802883,0.7611748151252955,0.7204874105565701,0.0235254865690311,0.7599473069668572,0.7807850064369329,0.0119875437820114,-0.22568
19.28,11.0112,-0.17387,1.2279,1.1571,0.0405897770380671,-0.22075,-0.21336,0.0042723997940267,-0.01969,0.0024912697565699,381.1196,372.0266,5.24929809045935,154.698,157.1623,1.4285861037519996,57.3221,0.3520251695546785,174.2696,112.5804,0.3323081200733228,59.2517,111.8835,52.8706,2.0790660539450574,0.7568336277356965,0.7574922906499806,0.0085995739661041,0.8146462680758061,0.0064218238359532,0.8334481003562767,0.0078045292392308,0.7056974342085566,0.00263650802883,0.7611748151252955,0.7204874105565701,0.0235254865690311,0.7599473069668572,0.7807850064369329,0.0119875437820114,-0.22568
19.13,11.0112,-0.17387,1.2279,1.1571,0.0405897770380671,-0.22075,-0.21336,0.0042723997940267,-0.01969,0.0024912697565699,381.1196,372.0266,5.24929809045935,154.698,157.1623,1.4285861037519996,57.3221,0.3520251695546785,174.2696,112.5804,0.3323081200733228,59.2517,111.8835,52.8706,2.0790660539450574,0.7568336277356965,0.7574922906499806,0.0085995739661041,0.8146462680758061,0.0064218238359532,0.8334481003562767,0.0078045292392308,0.7056974342085566,0.00263650802883,0.7611748151252955,0.7204874105565701,0.0235254865690311,0.7599473069668572,0.7807850064369329,0.0119875437820114,-0.22568
0.0,7.1686,-0.19743,1.3621,1.3622,5.77350269189e-05,-0.22408,-0.22408,0.0,-0.01341,0.0,411.2345,411.2504,0.009388468103663,64.536,64.5211,0.0074594459132909,54.2411,0.0005773502691923,184.8409,172.1506,0.0018248287590846,23.9094,172.1524,23.9091,0.002055075018907,0.6425855513307984,0.703032843328044,4.57329191237e-05,0.4738780276039639,2.99392233765e-05,0.4739079668273405,2.99392233765e-05,0.4739079668273405,3.45708373515e-05,0.4738780276039639,0.473937906050717,4.57329191237e-05,0.6425855513307984,0.3622945420795784,7.53453932044e-05,-0.22568
0.0,7.1686,-0.19743,1.3621,1.3622,5.77350269189e-05,-0.22408,-0.22408,0.0,-0.01341,0.0,411.2345,411.2504,0.009388468103663,64.536,64.5211,0.0074594459132909,54.2411,0.0005773502691923,184.8409,172.1506,0.0018248287590846,23.9094,172.1524,23.9091,0.002055075018907,0.6425855513307984,0.703032843328044,4.57329191237e-05,0.4738780276039639,2.99392233765e-05,0.4739079668273405,2.99392233765e-05,0.4739079668273405,3.45708373515e-05,0.4738780276039639,0.473937906050717,4.57329191237e-05,0.6425855513307984,0.3622945420795784,7.53453932044e-05,-0.22568
0.0,7.1686,-0.19743,1.3621,1.3622,5.77350269189e-05,-0.22408,-0.22408,0.0,-0.01341,0.0,411.2345,411.2504,0.009388468103663,64.536,64.5211,0.0074594459132909,54.2411,0.0005773502691923,184.8409,172.1506,0.0018248287590846,23.9094,172.1524,23.9091,0.002055075018907,0.6425855513307984,0.703032843328044,4.57329191237e-05,0.4738780276039639,2.99392233765e-05,0.4739079668273405,2.99392233765e-05,0.4739079668273405,3.45708373515e-05,0.4738780276039639,0.473937906050717,4.57329191237e-05,0.6425855513307984,0.3622945420795784,7.53453932044e-05,-0.22568
0.0,7.1686,-0.19743,1.3621,1.3622,5.77350269189e-05,-0.22408,-0.22408,0.0,-0.01341,0.0,411.2345,411.2504,0.009388468103663,64.536,64.5211,0.0074594459132909,54.2411,0.0005773502691923,184.8409,172.1506,0.0018248287590846,23.9094,172.1524,23.9091,0.002055075018907,0.6425855513307984,0.703032843328044,4.57329191237e-05,0.4738780276039639,2.99392233765e-05,0.4739079668273405,2.99392233765e-05,0.4739079668273405,3.45708373515e-05,0.4738780276039639,0.473937906050717,4.57329191237e-05,0.6425855513307984,0.3622945420795784,7.53453932044e-05,-0.22568
0.0,7.1686,-0.19743,1.3621,1.3622,5.77350269189e-05,-0.22408,-0.22408,0.0,-0.01341,0.0,411.2345,411.2504,0.009388468103663,64.536,64.5211,0.0074594459132909,54.2411,0.0005773502691923,184.8409,172.1506,0.0018248287590846,23.9094,172.1524,23.9091,0.002055075018907,0.6425855513307984,0.703032843328044,4.57329191237e-05,0.4738780276039639,2.99392233765e-05,0.4739079668273405,2.99392233765e-05,0.4739079668273405,3.45708373515e-05,0.4738780276039639,0.473937906050717,4.57329191237e-05,0.6425855513307984,0.3622945420795784,7.53453932044e-05,-0.22568
0.0,7.1686,-0.19743,1.3621,1.3622,5.77350269189e-05,-0.22408,-0.22408,0.0,-0.01341,0.0,411.2345,411.2504,0.009388468103663,64.536,64.5211,0.0074594459132909,54.2411,0.0005773502691923,184.8409,172.1506,0.0018248287590846,23.9094,172.1524,23.9091,0.002055075018907,0.6425855513307984,0.703032843328044,4.57329191237e-05,0.4738780276039639,2.99392233765e-05,0.4739079668273405,2.99392233765e-05,0.4739079668273405,3.45708373515e-05,0.4738780276039639,0.473937906050717,4.57329191237e-05,0.6425855513307984,0.3622945420795784,7.53453932044e-05,-0.22568
0.0,7.1686,-0.19743,1.3621,1.3622,5.77350269189e-05,-0.22408,-0.22408,0.0,-0.01341,0.0,411.2345,411.2504,0.009388468103663,64.536,64.5211,0.0074594459132909,54.2411,0.0005773502691923,184.8409,172.1506,0.0018248287590846,23.9094,172.1524,23.9091,0.002055075018907,0.6425855513307984,0.703032843328044,4.57329191237e-05,0.4738780276039639,2.99392233765e-05,0.4739079668273405,2.99392233765e-05,0.4739079668273405,3.45708373515e-05,0.4738780276039639,0.473937906050717,4.57329191237e-05,0.6425855513307984,0.3622945420795784,7.53453932044e-05,-0.22568
0.0,7.1686,-0.19743,1.3621,1.3622,5.77350269189e-05,-0.22408,-0.22408,0.0,-0.01341,0.0,411.2345,411.2504,0.009388468103663,64.536,64.5211,0.0074594459132909,54.2411,0.0005773502691923,184.8409,172.1506,0.0018248287590846,23.9094,172.1524,23.9091,0.002055075018907,0.6425855513307984,0.703032843328044,4.57329191237e-05,0.4738780276039639,2.99392233765e-05,0.4739079668273405,2.99392233765e-05,0.4739079668273405,3.45708373515e-05,0.4738780276039639,0.473937906050717,4.57329191237e-05,0.6425855513307984,0.3622945420795784,7.53453932044e-05,-0.22568
0.0,7.1686,-0.19743,1.3621,1.3622,5.77350269189e-05,-0.22408,-0.22408,0.0,-0.01341,0.0,411.2345,411.2504,0.009388468103663,64.536,64.5211,0.0074594459132909,54.2411,0.0005773502691923,184.8409,172.1506,0.0018248287590846,23.9094,172.1524,23.9091,0.002055075018907,0.6425855513307984,0.703032843328044,4.57329191237e-05,0.4738780276039639,2.99392233765e-05,0.4739079668273405,2.99392233765e-05,0.4739079668273405,3.45708373515e-05,0.4738780276039639,0.473937906050717,4.57329191237e-05,0.6425855513307984,0.3622945420795784,7.53453932044e-05,-0.22568
0.0,7.7731,-0.2019,1.3621,1.3622,5.77350269189e-05,-0.22408,-0.22408,0.0,-0.01341,0.0,411.2345,411.2504,0.009388468103663,64.536,64.5211,0.0074594459132909,54.2411,0.0005773502691923,184.8409,172.1506,0.0018248287590846,23.9094,172.1524,23.9091,0.002055075018907,0.6425855513307984,0.703032843328044,4.57329191237e-05,0.4738780276039639,2.99392233765e-05,0.4739079668273405,2.99392233765e-05,0.4739079668273405,3.45708373515e-05,0.4738780276039639,0.473937906050717,4.57329191237e-05,0.6425855513307984,0.3622945420795784,7.53453932044e-05,-0.22568
0.0,7.7731,-0.2019,1.3621,1.3622,5.77350269189e-05,-0.22408,-0.22408,0.0,-0.01341,0.0,411.2345,411.2504,0.009388468103663,64.536,64.5211,0.0074594459132909,54.2411,0.0005773502691923,184.8409,172.1506,0.0018248287590846,23.9094,172.1524,23.9091,0.002055075018907,0.6425855513307984,0.703032843328044,4.57329191237e-05,0.4738780276039639,2.99392233765e-05,0.4739079668273405,2.99392233765e-05,0.4739079668273405,3.45708373515e-05,0.4738780276039639,0.473937906050717,4.57329191237e-05,0.6425855513307984,0.3622945420795784,7.53453932044e-05,-0.22568
0.0,7.7731,-0.2019,1.3621,1.3622,5.77350269189e-05,-0.22408,-0.22408,0.0,-0.01341,0.0,411.2345,411.2504,0.009388468103663,64.536,64.5211,0.0074594459132909,54.2411,0.0005773502691923,184.8409,172.1506,0.0018248287590846,23.9094,172.1524,23.9091,0.002055075018907,0.6425855513307984,0.703032843328044,4.57329191237e-05,0.4738780276039639,2.99392233765e-05,0.4739079668273405,2.99392233765e-05,0.4739079668273405,3.45708373515e-05,0.4738780276039639,0.473937906050717,4.57329191237e-05,0.6425855513307984,0.3622945420795784,7.53453932044e-05,-0.22568
0.0,7.7731,-0.2019,1.3621,1.3622,5.77350269189e-05,-0.22408,-0.22408,0.0,-0.01341,0.0,411.2345,411.2504,0.009388468103663,64.536,64.5211,0.0074594459132909,54.2411,0.0005773502691923,184.8409,172.1506,0.0018248287590846,23.9094,172.1524,23.9091,0.002055075018907,0.6425855513307984,0.703032843328044,4.57329191237e-05,0.4738780276039639,2.99392233765e-05,0.4739079668273405,2.99392233765e-05,0.4739079668273405,3.45708373515e-05,0.4738780276039639,0.473937906050717,4.57329191237e-05,0.6425855513307984,0.3622945420795784,7.53453932044e-05,-0.22568
0.0,7.7731,-0.2019,1.3621,1.3622,5.77350269189e-05,-0.22408,-0.22408,0.0,-0.01341,0.0,411.2345,411.2504,0.009388468103663,64.536,64.5211,0.0074594459132909,54.2411,0.0005773502691923,184.8409,172.1506,0.0018248287590846,23.9094,172.1524,23.9091,0.002055075018907,0.6425855513307984,0.703032843328044,4.57329191237e-05,0.4738780276039639,2.99392233765e-05,0.4739079668273405,2.99392233765e-05,0.4739079668273405,3.45708373515e-05,0.4738780276039639,0.473937906050717,4.57329191237e-05,0.6425855513307984,0.3622945420795784,7.53453932044e-05,-0.22568
0.0,7.7731,-0.2019,1.3621,1.3622,5.77350269189e-05,-0.22408,-0.22408,0.0,-0.01341,0.0,411.2345,411.2504,0.009388468103663,64.536,64.5211,0.0074594459132909,54.2411,0.0005773502691923,184.8409,172.1506,0.0018248287590846,23.9094,172.1524,23.9091,0.002055075018907,0.6425855513307984,0.703032843328044,4.57329191237e-05,0.4738780276039639,2.99392233765e-05,0.4739079668273405,2.99392233765e-05,0.4739079668273405,3.45708373515e-05,0.4738780276039639,0.473937906050717,4.57329191237e-05,0.6425855513307984,0.3622945420795784,7.53453932044e-05,-0.22568
0.0,7.7731,-0.2019,1.3621,1.3622,5.77350269189e-05,-0.22408,-0.22408,0.0,-0.01341,0.0,411.2345,411.2504,0.009388468103663,64.536,64.5211,0.0074594459132909,54.2411,0.0005773502691923,184.8409,172.1506,0.0018248287590846,23.9094,172.1524,23.9091,0.002055075018907,0.6425855513307984,0.703032843328044,4.57329191237e-05,0.4738780276039639,2.99392233765e-05,0.4739079668273405,2.99392233765e-05,0.4739079668273405,3.45708373515e-05,0.4738780276039639,0.473937906050717,4.57329191237e-05,0.6425855513307984,0.3622945420795784,7.53453932044e-05,-0.22568
0.0,7.7731,-0.2019,1.3621,1.3622,5.77350269189e-05,-0.22408,-0.22408,0.0,-0.01341,0.0,411.2345,411.2504,0.009388468103663,64.536,64.5211,0.0074594459132909,54.2411,0.0005773502691923,184.8409,172.1506,0.0018248287590846,23.9094,172.1524,23.9091,0.002055075018907,0.6425855513307984,0.703032843328044,4.57329191237e-05,0.4738780276039639,2.99392233765e-05,0.4739079668273405,2.99392233765e-05,0.4739079668273405,3.45708373515e-05,0.4738780276039639,0.473937906050717,4.57329191237e-05,0.6425855513307984,0.3622945420795784,7.53453932044e-05,-0.22568
0.0,7.7731,-0.2019,1.3621,1.3622,5.77350269189e-05,-0.22408,-0.22408,0.0,-0.01341,0.0,411.2345,411.2504,0.009388468103663,64.536,64.5211,0.0074594459132909,54.2411,0.0005773502691923,184.8409,172.1506,0.0018248287590846,23.9094,172.1524,23.9091,0.002055075018907,0.6425855513307984,0.703032843328044,4.57329191237e-05,0.4738780276039639,2.99392233765e-05,0.4739079668273405,2.99392233765e-05,0.4739079668273405,3.45708373515e-05,0.4738780276039639,0.473937906050717,4.57329191237e-05,0.6425855513307984,0.3622945420795784,7.53453932044e-05,-0.22568
0.0,10.1478,-0.16646,1.3621,1.3622,5.77350269189e-05,-0.22408,-0.22408,0.0,-0.01341,0.0,411.2345,411.2504,0.009388468103663,64.536,64.5211,0.0074594459132909,54.2411,0.0005773502691923,184.8409,172.1506,0.0018248287590846,23.9094,172.1524,23.9091,0.002055075018907,0.6425855513307984,0.703032843328044,4.57329191237e-05,0.4738780276039639,2.99392233765e-05,0.4739079668273405,2.99392233765e-05,0.4739079668273405,3.45708373515e-05,0.4738780276039639,0.473937906050717,4.57329191237e-05,0.6425855513307984,0.3622945420795784,7.53453932044e-05,-0.22568
0.0,10.1478,-0.16646,1.3621,1.3622,5.77350269189e-05,-0.22408,-0.22408,0.0,-0.01341,0.0,411.2345,411.2504,0.009388468103663,64.536,64.5211,0.0074594459132909,54.2411,0.0005773502691923,184.8409,172.1506,0.0018248287590846,23.9094,172.1524,23.9091,0.002055075018907,0.6425855513307984,0.703032843328044,4.57329191237e-05,0.4738780276039639,2.99392233765e-05,0.4739079668273405,2.99392233765e-05,0.4739079668273405,3.45708373515e-05,0.4738780276039639,0.473937906050717,4.57329191237e-05,0.6425855513307984,0.3622945420795784,7.53453932044e-05,-0.22568
0.0,10.1478,-0.16646,1.3621,1.3622,5.77350269189e-05,-0.22408,-0.22408,0.0,-0.01341,0.0,411.2345,411.2504,0.009388468103663,64.536,64.5211,0.0074594459132909,54.2411,0.0005773502691923,184.8409,172.1506,0.0018248287590846,23.9094,172.1524,23.9091,0.002055075018907,0.6425855513307984,0.703032843328044,4.57329191237e-05,0.4738780276039639,2.99392233765e-05,0.4739079668273405,2.99392233765e-05,0.4739079668273405,3.45708373515e-05,0.4738780276039639,0.473937906050717,4.57329191237e-05,0.6425855513307984,0.3622945420795784,7.53453932044e-05,-0.22568
0.0,10.1478,-0.16646,1.3621,1.3622,5.77350269189e-05,-0.22408,-0.22408,0.0,-0.01341,0.0,411.2345,411.2504,0.009388468103663,64.536,64.5211,0.0074594459132909,54.2411,0.0005773502691923,184.8409,172.1506,0.0018248287590846,23.9094,172.1524,23.9091,0.002055075018907,0.6425855513307984,0.703032843328044,4.57329191237e-05,0.4738780276039639,2.99392233765e-05,0.4739079668273405,2.99392233765e-05,0.4739079668273405,3.45708373515e-05,0.4738780276039639,0.473937906050717,4.57329191237e-05,0.6425855513307984,0.3622945420795784,7.53453932044e-05,-0.22568
0.0,10.1478,-0.16646,1.3621,1.3622,5.77350269189e-05,-0.22408,-0.22408,0.0,-0.01341,0.0,411.2345,411.2504,0.009388468103663,64.536,64.5211,0.0074594459132909,54.2411,0.0005773502691923,184.8409,172.1506,0.0018248287590846,23.9094,172.1524,23.9091,0.002055075018907,0.6425855513307984,0.703032843328044,4.57329191237e-05,0.4738780276039639,2.99392233765e-05,0.4739079668273405,2.99392233765e-05,0.4739079668273405,3.45708373515e-05,0.4738780276039639,0.473937906050717,4.57329191237e-05,0.6425855513307984,0.3622945420795784,7.53453932044e-05,-0.22568
0.0,10.1478,-0.16646,1.3621,1.3622,5.77350269189e-05,-0.22408,-0.22408,0.0,-0.01341,0.0,411.2345,411.2504,0.009388468103663,64.536,64.5211,0.0074594459132909,54.2411,0.0005773502691923,184.8409,172.1506,0.0018248287590846,23.9094,172.1524,23.9091,0.002055075018907,0.6425855513307984,0.703032843328044,4.57329191237e-05,0.4738780276039639,2.99392233765e-05,0.4739079668273405,2.99392233765e-05,0.4739079668273405,3.45708373515e-05,0.4738780276039639,0.473937906050717,4.57329191237e-05,0.6425855513307984,0.3622945420795784,7.53453932044e-05,-0.22568
0.0,10.1478,-0.16646,1.3621,1.3622,5.77350269189e-05,-0.22408,-0.22408,0.0,-0.01341,0.0,411.2345,411.2504,0.009388468103663,64.536,64.5211,0.0074594459132909,54.2411,0.0005773502691923,184.8409,172.1506,0.0018248287590846,23.9094,172.1524,23.9091,0.002055075018907,0.6425855513307984,0.703032843328044,4.57329191237e-05,0.4738780276039639,2.99392233765e-05,0.4739079668273405,2.99392233765e-05,0.4739079668273405,3.45708373515e-05,0.4738780276039639,0.473937906050717,4.57329191237e-05,0.6425855513307984,0.3622945420795784,7.53453932044e-05,-0.22568
0.0,10.1478,-0.16646,1.3621,1.3622,5.77350269189e-05,-0.22408,-0.22408,0.0,-0.01341,0.0,411.2345,411.2504,0.009388468103663,64.536,64.5211,0.0074594459132909,54.2411,0.0005773502691923,184.8409,172.1506,0.0018248287590846,23.9094,172.1524,23.9091,0.002055075018907,0.6425855513307984,0.703032843328044,4.57329191237e-05,0.4738780276039639,2.99392233765e-05,0.4739079668273405,2.99392233765e-05,0.4739079668273405,3.45708373515e-05,0.4738780276039639,0.473937906050717,4.57329191237e-05,0.6425855513307984,0.3622945420795784,7.53453932044e-05,-0.22568
0.0,10.1478,-0.16646,1.3621,1.3622,5.77350269189e-05,-0.22408,-0.22408,0.0,-0.01341,0.0,411.2345,411.2504,0.009388468103663,64.536,64.5211,0.0074594459132909,54.2411,0.0005773502691923,184.8409,172.1506,0.0018248287590846,23.9094,172.1524,23.9091,0.002055075018907,0.6425855513307984,0.703032843328044,4.57329191237e-05,0.4738780276039639,2.99392233765e-05,0.4739079668273405,2.99392233765e-05,0.4739079668273405,3.45708373515e-05,0.4738780276039639,0.473937906050717,4.57329191237e-05,0.6425855513307984,0.3622945420795784,7.53453932044e-05,-0.22568
0.0,11.0112,-0.17387,1.3621,1.3622,5.77350269189e-05,-0.22408,-0.22408,0.0,-0.01341,0.0,411.2345,411.2504,0.009388468103663,64.536,64.5211,0.0074594459132909,54.2411,0.0005773502691923,184.8409,172.1506,0.0018248287590846,23.9094,172.1524,23.9091,0.002055075018907,0.6425855513307984,0.703032843328044,4.57329191237e-05,0.4738780276039639,2.99392233765e-05,0.4739079668273405,2.99392233765e-05,0.4739079668273405,3.45708373515e-05,0.4738780276039639,0.473937906050717,4.57329191237e-05,0.6425855513307984,0.3622945420795784,7.53453932044e-05,-0.22568
0.0,11.0112,-0.17387,1.3621,1.3622,5.77350269189e-05,-0.22408,-0.22408,0.0,-0.01341,0.0,411.2345,411.2504,0.009388468103663,64.536,64.5211,0.0074594459132909,54.2411,0.0005773502691923,184.8409,172.1506,0.0018248287590846,23.9094,172.1524,23.9091,0.002055075018907,0.6425855513307984,0.703032843328044,4.57329191237e-05,0.4738780276039639,2.99392233765e-05,0.4739079668273405,2.99392233765e-05,0.4739079668273405,3.45708373515e-05,0.4738780276039639,0.473937906050717,4.57329191237e-05,0.6425855513307984,0.3622945420795784,7.53453932044e-05,-0.22568
0.0,11.0112,-0.17387,1.3621,1.3622,5.77350269189e-05,-0.22408,-0.22408,0.0,-0.01341,0.0,411.2345,411.2504,0.009388468103663,64.536,64.5211,0.0074594459132909,54.2411,0.0005773502691923,184.8409,172.1506,0.0018248287590846,23.9094,172.1524,23.9091,0.002055075018907,0.6425855513307984,0.703032843328044,4.57329191237e-05,0.4738780276039639,2.99392233765e-05,0.4739079668273405,2.99392233765e-05,0.4739079668273405,3.45708373515e-05,0.4738780276039639,0.473937906050717,4.57329191237e-05,0.6425855513307984,0.3622945420795784,7.53453932044e-05,-0.22568
0.0,11.0112,-0.17387,1.3621,1.3622,5.77350269189e-05,-0.22408,-0.22408,0.0,-0.01341,0.0,411.2345,411.2504,0.009388468103663,64.536,64.5211,0.0074594459132909,54.2411,0.0005773502691923,184.8409,172.1506,0.0018248287590846,23.9094,172.1524,23.9091,0.002055075018907,0.6425855513307984,0.703032843328044,4.57329191237e-05,0.4738780276039639,2.99392233765e-05,0.4739079668273405,2.99392233765e-05,0.4739079668273405,3.45708373515e-05,0.4738780276039639,0.473937906050717,4.57329191237e-05,0.6425855513307984,0.3622945420795784,7.53453932044e-05,-0.22568
0.0,11.0112,-0.17387,1.3621,1.3622,5.77350269189e-05,-0.22408,-0.22408,0.0,-0.01341,0.0,411.2345,411.2504,0.009388468103663,64.536,64.5211,0.0074594459132909,54.2411,0.0005773502691923,184.8409,172.1506,0.0018248287590846,23.9094,172.1524,23.9091,0.002055075018907,0.6425855513307984,0.703032843328044,4.57329191237e-05,0.4738780276039639,2.99392233765e-05,0.4739079668273405,2.99392233765e-05,0.4739079668273405,3.45708373515e-05,0.4738780276039639,0.473937906050717,4.57329191237e-05,0.6425855513307984,0.3622945420795784,7.53453932044e-05,-0.22568
0.0,11.0112,-0.17387,1.3621,1.3622,5.77350269189e-05,-0.22408,-0.22408,0.0,-0.01341,0.0,411.2345,411.2504,0.009388468103663,64.536,64.5211,0.0074594459132909,54.2411,0.0005773502691923,184.8409,172.1506,0.0018248287590846,23.9094,172.1524,23.9091,0.002055075018907,0.6425855513307984,0.703032843328044,4.57329191237e-05,0.4738780276039639,2.99392233765e-05,0.4739079668273405,2.99392233765e-05,0.4739079668273405,3.45708373515e-05,0.4738780276039639,0.473937906050717,4.57329191237e-05,0.6425855513307984,0.3622945420795784,7.53453932044e-05,-0.22568
0.0,11.0112,-0.17387,1.3621,1.3622,5.77350269189e-05,-0.22408,-0.22408,0.0,-0.01341,0.0,411.2345,411.2504,0.009388468103663,64.536,64.5211,0.0074594459132909,54.2411,0.0005773502691923,184.8409,172.1506,0.0018248287590846,23.9094,172.1524,23.9091,0.002055075018907,0.6425855513307984,0.703032843328044,4.57329191237e-05,0.4738780276039639,2.99392233765e-05,0.4739079668273405,2.99392233765e-05,0.4739079668273405,3.45708373515e-05,0.4738780276039639,0.473937906050717,4.57329191237e-05,0.6425855513307984,0.3622945420795784,7.53453932044e-05,-0.22568
0.0,11.0112,-0.17387,1.3621,1.3622,5.77350269189e-05,-0.22408,-0.22408,0.0,-0.01341,0.0,411.2345,411.2504,0.009388468103663,64.536,64.5211,0.0074594459132909,54.2411,0.0005773502691923,184.8409,172.1506,0.0018248287590846,23.9094,172.1524,23.9091,0.002055075018907,0.6425855513307984,0.703032843328044,4.57329191237e-05,0.4738780276039639,2.99392233765e-05,0.4739079668273405,2.99392233765e-05,0.4739079668273405,3.45708373515e-05,0.4738780276039639,0.473937906050717,4.57329191237e-05,0.6425855513307984,0.3622945420795784,7.53453932044e-05,-0.22568
0.0,11.0112,-0.17387,1.3621,1.3622,5.77350269189e-05,-0.22408,-0.22408,0.0,-0.01341,0.0,411.2345,411.2504,0.009388468103663,64.536,64.5211,0.0074594459132909,54.2411,0.0005773502691923,184.8409,172.1506,0.0018248287590846,23.9094,172.1524,23.9091,0.002055075018907,0.6425855513307984,0.703032843328044,4.57329191237e-05,0.4738780276039639,2.99392233765e-05,0.4739079668273405,2.99392233765e-05,0.4739079668273405,3.45708373515e-05,0.4738780276039639,0.473937906050717,4.57329191237e-05,0.6425855513307984,0.3622945420795784,7.53453932044e-05,-0.22568
