plate_id,elem_0,elem_1,elem_2,elem_3,elem_4,elem_5,sno,runint,overpotential_V
4098,0.1,0.2,0.0,0.0,0.6,0.1,2,1,0.45432100000000003
4098,0.0,0.3,0.0,0.2,0.5,0.0,3,1,0.45430600000000004
4098,0.2,0.0,0.1,0.0,0.4,0.3,4,1,0.45273199999999997
4098,0.1,0.0,0.4,0.1,0.4,0.0,5,1,0.460305
4098,0.2,0.1,0.2,0.0,0.0,0.5,6,1,0.556269
4098,0.0,0.1,0.1,0.6,0.0,0.2,7,1,0.461232
4098,0.4,0.0,0.3,0.1,0.2,0.0,8,1,0.455355
4098,0.0,0.0,0.7,0.1,0.1,0.1,9,1,0.485155
4098,0.2,0.1,0.0,0.1,0.0,0.6,10,1,0.5022439999999999
4098,0.4,0.0,0.3,0.0,0.2,0.1,11,1,0.470321
4098,0.0,0.6,0.0,0.3,0.0,0.1,12,1,0.55232
4098,0.3,0.4,0.0,0.0,0.1,0.2,13,1,0.555584
4098,0.1,0.3,0.4,0.0,0.2,0.0,14,1,0.48397700000000005
4098,0.1,0.1,0.0,0.5,0.0,0.3,15,1,0.4803
4098,0.0,0.0,0.1,0.7,0.2,0.0,16,1,0.439633
4098,0.1,0.6,0.0,0.0,0.2,0.1,17,1,0.48131999999999997
4098,0.0,0.3,0.1,0.2,0.4,0.0,18,1,0.446313
4098,0.2,0.0,0.6,0.0,0.1,0.1,19,1,0.48731
4098,0.4,0.2,0.0,0.0,0.2,0.2,20,1,0.506817
4098,0.4,0.2,0.0,0.2,0.2,0.0,21,1,0.49249
4098,0.2,0.8,0.0,0.0,0.0,0.0,22,1,0.576955
4098,0.2,0.0,0.2,0.6,0.0,0.0,23,1,0.42983699999999997
4098,0.0,0.2,0.2,0.2,0.0,0.4,24,1,0.517252
4098,0.0,0.0,0.2,0.2,0.4,0.2,25,1,0.47572
4098,0.0,0.0,0.0,0.2,0.8,0.0,26,1,0.450162
4098,0.2,0.6,0.0,0.0,0.2,0.0,27,1,0.491521
4098,0.0,0.0,0.0,0.2,0.6,0.2,28,1,0.456527
4098,0.0,0.2,0.2,0.0,0.6,0.0,29,1,0.46813699999999997
4098,1.0,0.0,0.0,0.0,0.0,0.0,30,1,0.512696
4098,0.2,0.2,0.0,0.0,0.4,0.2,31,1,0.47753900000000005
4098,0.0,0.0,0.4,0.2,0.2,0.2,32,1,0.47901099999999996
4098,0.0,0.6,0.0,0.2,0.2,0.0,33,1,0.5052369999999999
4098,0.0,0.2,0.0,0.6,0.2,0.0,34,1,0.43685100000000004
4098,0.2,0.0,0.0,0.8,0.0,0.0,35,1,0.449692
4098,0.2,0.4,0.0,0.0,0.2,0.2,36,1,0.503037
4098,0.0,0.0,0.2,0.6,0.0,0.2,37,1,0.474233
4098,0.4,0.2,0.2,0.2,0.0,0.0,38,1,0.5064420000000001
4098,0.2,0.4,0.0,0.2,0.2,0.0,39,1,0.507421
4098,0.8,0.0,0.0,0.2,0.0,0.0,40,1,0.545041
4098,0.0,0.0,0.8,0.0,0.2,0.0,41,1,0.482943
4098,0.0,0.2,0.4,0.0,0.2,0.2,42,1,0.49392700000000006
4098,0.0,0.2,0.2,0.6,0.0,0.0,43,1,0.446378
4098,0.0,0.2,0.0,0.8,0.0,0.0,44,1,0.453798
4098,0.0,0.2,0.0,0.0,0.6,0.2,45,1,0.485335
4098,0.0,0.0,0.0,0.5,0.1,0.4,46,1,0.443996
4098,0.3,0.1,0.6,0.0,0.0,0.0,47,1,0.5353359999999999
4098,0.1,0.1,0.4,0.4,0.0,0.0,48,1,0.461628
4098,0.4,0.1,0.0,0.0,0.5,0.0,49,1,0.44269899999999995
4098,0.0,0.0,0.1,0.5,0.3,0.1,50,1,0.42981400000000003
4098,0.1,0.0,0.0,0.7,0.0,0.2,51,1,0.436403
4098,0.2,0.4,0.1,0.3,0.0,0.0,52,1,0.534826
4098,0.0,0.1,0.1,0.6,0.2,0.0,53,1,0.417674
4098,0.3,0.3,0.0,0.0,0.3,0.1,54,1,0.47239
4098,0.0,0.4,0.0,0.1,0.1,0.4,55,1,0.523058
4098,0.2,0.2,0.0,0.0,0.1,0.5,56,1,0.516613
4098,0.4,0.4,0.0,0.0,0.1,0.1,57,1,0.551265
4098,0.0,0.3,0.0,0.0,0.0,0.7,58,1,0.656165
4098,0.2,0.0,0.1,0.0,0.1,0.6,59,1,0.461714
4098,0.3,0.3,0.0,0.0,0.4,0.0,60,1,0.46684200000000003
4098,0.0,0.2,0.3,0.4,0.0,0.1,61,1,0.483749
4098,0.1,0.4,0.0,0.2,0.3,0.0,62,1,0.47009799999999996
4098,0.5,0.0,0.0,0.4,0.0,0.1,63,1,0.509296
4098,0.1,0.0,0.0,0.4,0.1,0.4,64,1,0.424216
4098,0.1,0.3,0.0,0.0,0.5,0.1,66,1,0.466211
4098,0.6,0.1,0.0,0.2,0.1,0.0,67,1,0.47932700000000006
4098,0.0,0.3,0.0,0.6,0.0,0.1,68,1,0.455426
4098,0.4,0.1,0.0,0.4,0.0,0.1,69,1,0.49322200000000005
4098,0.6,0.0,0.0,0.3,0.1,0.0,70,1,0.48388000000000003
4098,0.3,0.5,0.0,0.1,0.0,0.1,71,1,0.514104
4098,0.4,0.2,0.0,0.0,0.4,0.0,72,1,0.46006499999999995
4098,0.5,0.1,0.0,0.1,0.3,0.0,73,1,0.45375200000000004
4098,0.1,0.1,0.5,0.0,0.3,0.0,74,1,0.467789
4098,0.0,0.2,0.0,0.6,0.1,0.1,75,1,0.440536
4098,0.1,0.2,0.0,0.0,0.7,0.0,76,1,0.467811
4098,0.5,0.2,0.1,0.2,0.0,0.0,77,1,0.5342319999999999
4098,0.1,0.0,0.6,0.0,0.1,0.2,78,1,0.48951300000000003
4098,0.2,0.1,0.1,0.6,0.0,0.0,79,1,0.453615
4098,0.0,0.7,0.0,0.1,0.1,0.1,80,1,0.5119560000000001
4098,0.0,0.0,0.1,0.2,0.4,0.3,81,1,0.45848999999999995
4098,0.1,0.1,0.0,0.0,0.2,0.6,82,1,0.460134
4098,0.3,0.1,0.0,0.0,0.4,0.2,83,1,0.44973100000000005
4098,0.8,0.0,0.0,0.0,0.2,0.0,84,1,0.477792
4098,0.2,0.4,0.2,0.0,0.0,0.2,85,1,0.510041
4098,0.4,0.2,0.2,0.0,0.2,0.0,86,1,0.48498199999999997
4098,0.0,0.0,0.0,0.2,0.0,0.8,87,1,0.46860100000000005
4098,0.4,0.0,0.2,0.2,0.0,0.2,88,1,0.534403
4098,0.2,0.2,0.2,0.0,0.0,0.4,89,1,0.542379
4098,0.0,0.2,0.2,0.0,0.2,0.4,90,1,0.49422200000000005
4098,0.2,0.0,0.2,0.2,0.0,0.4,91,1,0.541139
4098,0.6,0.2,0.0,0.0,0.0,0.2,92,1,0.5561119999999999
4098,0.6,0.2,0.0,0.2,0.0,0.0,93,1,0.5214840000000001
4098,0.0,0.0,0.2,0.4,0.2,0.2,94,1,0.46698100000000003
4098,0.0,0.0,0.6,0.2,0.2,0.0,95,1,0.47358100000000003
4098,0.0,0.2,0.2,0.0,0.0,0.6,96,1,0.5415760000000001
4098,0.2,0.2,0.0,0.6,0.0,0.0,97,1,0.49805900000000003
4098,0.0,0.2,0.0,0.2,0.0,0.6,98,1,0.571172
4098,0.2,0.6,0.0,0.2,0.0,0.0,99,1,0.500909
4098,0.8,0.0,0.2,0.0,0.0,0.0,100,1,0.493357
4098,0.4,0.0,0.0,0.2,0.2,0.2,101,1,0.42530200000000007
4098,0.2,0.0,0.0,0.0,0.6,0.2,102,1,0.434532
4098,0.4,0.0,0.2,0.2,0.2,0.0,103,1,0.422354
4098,0.0,0.0,0.0,0.8,0.0,0.2,104,1,0.44792
4098,0.0,0.0,0.2,0.8,0.0,0.0,105,1,0.45604799999999995
4098,0.0,0.2,0.2,0.2,0.4,0.0,106,1,0.449438
4098,0.2,0.2,0.4,0.0,0.2,0.0,107,1,0.44766999999999996
4098,0.2,0.0,0.0,0.2,0.4,0.2,108,1,0.40482199999999996
4098,0.4,0.0,0.2,0.0,0.2,0.2,109,1,0.45741400000000004
4098,0.1,0.4,0.0,0.0,0.0,0.5,110,1,0.505004
4098,0.2,0.7,0.1,0.0,0.0,0.0,111,1,0.588403
4098,0.0,0.4,0.0,0.0,0.1,0.5,112,1,0.50326
4098,0.0,0.0,0.4,0.4,0.1,0.1,113,1,0.470739
4098,0.0,0.3,0.0,0.2,0.4,0.1,114,1,0.45491000000000004
4098,0.4,0.0,0.0,0.3,0.1,0.2,115,1,0.438151
4098,0.3,0.0,0.3,0.2,0.2,0.0,116,1,0.431746
4098,0.0,0.0,0.4,0.0,0.5,0.1,117,1,0.46730299999999997
4098,0.6,0.3,0.0,0.0,0.0,0.1,118,1,0.533817
4098,0.4,0.0,0.0,0.6,0.0,0.0,119,1,0.472479
4098,0.0,0.3,0.4,0.2,0.1,0.0,120,1,0.47097700000000003
4098,0.0,0.1,0.7,0.0,0.0,0.2,121,1,0.5412680000000001
4098,0.0,0.1,0.1,0.1,0.0,0.7,122,1,0.552145
4098,0.5,0.1,0.1,0.3,0.0,0.0,123,1,0.490778
4098,0.0,0.2,0.3,0.5,0.0,0.0,124,1,0.448887
4098,0.5,0.2,0.3,0.0,0.0,0.0,125,1,0.498116
4098,0.4,0.1,0.0,0.0,0.3,0.2,126,1,0.436788
4098,0.1,0.2,0.2,0.5,0.0,0.0,127,1,0.468876
4098,0.5,0.1,0.1,0.0,0.0,0.3,128,1,0.531017
4098,0.4,0.0,0.0,0.0,0.6,0.0,130,1,0.432906
4098,0.1,0.0,0.0,0.4,0.3,0.2,131,1,0.397848
4098,0.2,0.0,0.0,0.3,0.0,0.5,132,1,0.41139
4098,0.3,0.1,0.2,0.0,0.0,0.4,133,1,0.517985
4098,0.6,0.1,0.1,0.0,0.2,0.0,134,1,0.476009
4098,0.4,0.1,0.2,0.0,0.3,0.0,135,1,0.45619899999999997
4098,0.5,0.0,0.1,0.3,0.0,0.1,136,1,0.483864
4098,0.3,0.1,0.4,0.0,0.0,0.2,137,1,0.515764
4098,0.1,0.0,0.4,0.0,0.2,0.3,138,1,0.486971
4098,0.1,0.5,0.3,0.1,0.0,0.0,139,1,0.480199
4098,0.0,0.1,0.0,0.5,0.2,0.2,140,1,0.42950900000000003
4098,0.2,0.0,0.5,0.2,0.1,0.0,141,1,0.463384
4098,0.1,0.0,0.5,0.0,0.3,0.1,142,1,0.471526
4098,0.5,0.0,0.0,0.0,0.4,0.1,143,1,0.44419200000000003
4098,0.0,0.6,0.3,0.0,0.0,0.1,144,1,0.540816
4098,0.0,0.4,0.5,0.0,0.1,0.0,145,1,0.496604
4098,0.0,0.5,0.1,0.4,0.0,0.0,146,1,0.479072
4098,0.2,0.0,0.0,0.4,0.0,0.4,147,1,0.440171
4098,0.0,0.0,0.8,0.2,0.0,0.0,148,1,0.46161
4098,0.0,0.0,0.2,0.0,0.8,0.0,149,1,0.46090600000000004
4098,0.2,0.0,0.0,0.0,0.8,0.0,150,1,0.445774
4098,0.2,0.0,0.2,0.2,0.4,0.0,151,1,0.42274799999999996
4098,0.0,0.6,0.0,0.0,0.2,0.2,152,1,0.491079
4098,0.8,0.0,0.0,0.0,0.0,0.2,153,1,0.51722
4098,0.0,0.4,0.0,0.2,0.2,0.2,154,1,0.49472700000000003
4098,0.2,0.0,0.0,0.0,0.0,0.8,155,1,0.545829
4098,0.0,0.4,0.2,0.0,0.2,0.2,156,1,0.498167
4098,0.0,0.2,0.0,0.6,0.0,0.2,157,1,0.48584799999999995
4098,0.0,0.0,0.6,0.2,0.0,0.2,158,1,0.479691
4098,0.2,0.2,0.2,0.4,0.0,0.0,159,1,0.482055
4098,0.2,0.2,0.0,0.0,0.2,0.4,160,1,0.497774
4098,0.0,0.2,0.0,0.2,0.2,0.4,161,1,0.490688
4098,0.8,0.2,0.0,0.0,0.0,0.0,162,1,0.5443520000000001
4098,0.2,0.0,0.6,0.0,0.2,0.0,163,1,0.46889
4098,0.0,0.2,0.0,0.0,0.8,0.0,164,1,0.483072
4098,0.2,0.4,0.2,0.0,0.2,0.0,165,1,0.48205200000000004
4098,0.2,0.4,0.2,0.2,0.0,0.0,166,1,0.5404720000000001
4098,0.6,0.0,0.2,0.0,0.0,0.2,167,1,0.5052439999999999
4098,0.2,0.0,0.2,0.0,0.0,0.6,168,1,0.496011
4098,0.0,0.0,0.2,0.0,0.2,0.6,169,1,0.46045600000000003
4098,0.4,0.2,0.0,0.2,0.0,0.2,170,1,0.508366
4098,0.2,0.2,0.0,0.2,0.0,0.4,171,1,0.50921
4098,0.2,0.2,0.0,0.4,0.2,0.0,172,1,0.429666
4098,0.0,0.0,0.0,1.0,0.0,0.0,173,1,0.46525
4098,0.5,0.3,0.1,0.1,0.0,0.0,174,1,0.541376
4098,0.3,0.2,0.0,0.0,0.2,0.3,175,1,0.49256000000000005
4098,0.0,0.0,0.5,0.4,0.0,0.1,176,1,0.50272
4098,0.6,0.0,0.0,0.1,0.0,0.3,177,1,0.51155
4098,0.0,0.1,0.0,0.7,0.0,0.2,178,1,0.46168000000000003
4098,0.0,0.0,0.7,0.2,0.0,0.1,179,1,0.48266000000000003
4098,0.1,0.4,0.0,0.3,0.0,0.2,180,1,0.549325
4098,0.4,0.4,0.2,0.0,0.0,0.0,181,1,0.539929
4098,0.0,0.2,0.0,0.5,0.1,0.2,182,1,0.46659300000000004
4098,0.3,0.4,0.0,0.0,0.2,0.1,183,1,0.48084
4098,0.0,0.0,0.1,0.4,0.0,0.5,184,1,0.481674
4098,0.4,0.4,0.0,0.0,0.2,0.0,185,1,0.5079020000000001
4098,0.4,0.0,0.5,0.0,0.0,0.1,186,1,0.509675
4098,0.2,0.0,0.3,0.0,0.3,0.2,187,1,0.46858599999999995
4098,0.1,0.0,0.5,0.3,0.1,0.0,188,1,0.429699
4098,0.0,0.1,0.1,0.3,0.0,0.5,189,1,0.501816
4098,0.1,0.0,0.3,0.0,0.5,0.1,190,1,0.458345
4098,0.2,0.0,0.3,0.3,0.2,0.0,191,1,0.40416799999999997
4098,0.5,0.1,0.3,0.0,0.0,0.1,192,1,0.584741
4098,0.6,0.0,0.3,0.1,0.0,0.0,194,1,0.504991
4098,0.0,0.0,0.0,0.0,0.3,0.7,195,1,0.43132299999999996
4098,0.1,0.0,0.0,0.5,0.4,0.0,196,1,0.411855
4098,0.0,0.0,0.6,0.1,0.2,0.1,197,1,0.459725
4098,0.2,0.0,0.2,0.5,0.0,0.1,198,1,0.431435
4098,0.1,0.1,0.0,0.0,0.5,0.3,199,1,0.47452700000000003
4098,0.1,0.0,0.0,0.2,0.1,0.6,200,1,0.434651
4098,0.0,0.1,0.4,0.1,0.4,0.0,201,1,0.46103599999999995
4098,0.1,0.1,0.0,0.2,0.6,0.0,202,1,0.422414
4098,0.3,0.0,0.0,0.1,0.4,0.2,203,1,0.41749200000000003
4098,0.1,0.3,0.4,0.0,0.0,0.2,204,1,0.5164
4098,0.0,0.0,0.9,0.0,0.0,0.1,205,1,0.45541800000000005
4098,0.1,0.1,0.0,0.0,0.6,0.2,206,1,0.477674
4098,0.0,0.3,0.3,0.3,0.0,0.1,207,1,0.500775
4098,0.0,0.4,0.3,0.1,0.2,0.0,208,1,0.47597700000000004
4098,0.0,0.3,0.0,0.0,0.2,0.5,209,1,0.48916400000000004
4098,0.2,0.0,0.1,0.0,0.3,0.4,210,1,0.466242
4098,0.0,0.2,0.1,0.3,0.0,0.4,211,1,0.487403
4098,0.0,0.0,0.0,0.0,1.0,0.0,212,1,0.44122
4098,0.6,0.0,0.0,0.2,0.2,0.0,213,1,0.44379799999999997
4098,0.0,0.0,0.0,0.0,0.0,1.0,214,1,0.483108
4098,0.2,0.2,0.2,0.0,0.4,0.0,215,1,0.432795
4098,0.0,0.0,0.2,0.6,0.2,0.0,216,1,0.42646999999999996
4098,0.6,0.0,0.2,0.0,0.2,0.0,217,1,0.47024799999999994
4098,0.0,0.8,0.2,0.0,0.0,0.0,218,1,0.550864
4098,0.2,0.4,0.0,0.2,0.0,0.2,219,1,0.590234
4098,0.0,0.6,0.2,0.0,0.0,0.2,220,1,0.589329
4098,0.0,0.8,0.0,0.0,0.2,0.0,221,1,0.518015
4098,0.0,0.0,0.2,0.2,0.2,0.4,222,1,0.456837
4098,0.2,0.0,0.0,0.6,0.0,0.2,223,1,0.438775
4098,0.2,0.0,0.6,0.2,0.0,0.0,224,1,0.473674
4098,0.0,0.2,0.4,0.2,0.2,0.0,225,1,0.463988
4098,0.2,0.2,0.4,0.2,0.0,0.0,226,1,0.487859
4098,0.0,0.0,0.0,0.6,0.2,0.2,227,1,0.414311
4098,0.6,0.2,0.2,0.0,0.0,0.0,228,1,0.505872
4098,0.2,0.0,0.2,0.0,0.6,0.0,229,1,0.451341
4098,0.0,0.6,0.2,0.2,0.0,0.0,230,1,0.49491899999999994
4098,0.0,0.0,0.2,0.2,0.6,0.0,231,1,0.44131400000000004
4098,0.0,0.4,0.2,0.2,0.2,0.0,232,1,0.442608
4098,0.0,0.2,0.0,0.0,0.2,0.6,233,1,0.48763100000000004
4098,0.2,0.2,0.0,0.4,0.0,0.2,234,1,0.517054
4098,0.0,0.2,0.6,0.2,0.0,0.0,235,1,0.47931599999999996
4098,0.2,0.0,0.0,0.6,0.2,0.0,236,1,0.40120100000000003
4098,0.0,0.0,1.0,0.0,0.0,0.0,237,1,0.44975600000000004
4098,0.0,0.0,0.1,0.1,0.1,0.7,238,1,0.45688999999999996
4098,0.1,0.0,0.0,0.0,0.9,0.0,239,1,0.44965600000000006
4098,0.2,0.3,0.0,0.4,0.1,0.0,240,1,0.482811
4098,0.0,0.2,0.4,0.3,0.0,0.1,241,1,0.504466
4098,0.0,0.6,0.2,0.1,0.1,0.0,242,1,0.5081979999999999
4098,0.7,0.1,0.0,0.2,0.0,0.0,243,1,0.545474
4098,0.3,0.3,0.0,0.2,0.0,0.2,244,1,0.510441
4098,0.5,0.0,0.0,0.3,0.2,0.0,245,1,0.43511700000000003
4098,0.4,0.1,0.4,0.0,0.1,0.0,246,1,0.480339
4098,0.0,0.0,0.5,0.1,0.2,0.2,247,1,0.46895
4098,0.2,0.1,0.4,0.0,0.3,0.0,248,1,0.447495
4098,0.0,0.0,0.3,0.6,0.0,0.1,249,1,0.453842
4098,0.2,0.3,0.2,0.0,0.3,0.0,250,1,0.45588500000000004
4098,0.1,0.2,0.5,0.0,0.0,0.2,251,1,0.5441
4098,0.3,0.0,0.4,0.0,0.0,0.3,252,1,0.513406
4098,0.0,0.0,0.1,0.2,0.5,0.2,253,1,0.44573599999999997
4098,0.3,0.2,0.0,0.0,0.5,0.0,254,1,0.442513
4098,0.4,0.0,0.5,0.0,0.1,0.0,255,1,0.45677
4098,0.0,0.0,0.0,0.7,0.2,0.1,256,1,0.407815
4098,0.8,0.1,0.1,0.0,0.0,0.0,258,1,0.542848
4098,0.0,0.1,0.8,0.0,0.1,0.0,259,1,0.47095299999999995
4098,0.2,0.0,0.1,0.4,0.0,0.3,260,1,0.449292
4098,0.4,0.4,0.0,0.0,0.0,0.2,261,1,0.513072
4098,0.0,0.1,0.0,0.6,0.1,0.2,262,1,0.429422
4098,0.0,0.5,0.1,0.0,0.0,0.4,263,1,0.501744
4098,0.1,0.0,0.0,0.3,0.0,0.6,264,1,0.455794
4098,0.1,0.5,0.2,0.2,0.0,0.0,265,1,0.508156
4098,0.1,0.0,0.2,0.6,0.0,0.1,266,1,0.4315
4098,0.0,0.1,0.1,0.0,0.2,0.6,267,1,0.469895
4098,0.1,0.5,0.0,0.2,0.0,0.2,268,1,0.529482
4098,0.1,0.0,0.1,0.0,0.3,0.5,269,1,0.456
4098,0.0,0.2,0.7,0.1,0.0,0.0,270,1,0.50938
4098,0.7,0.0,0.3,0.0,0.0,0.0,271,1,0.547974
4098,0.2,0.4,0.0,0.1,0.0,0.3,272,1,0.55601
4098,0.7,0.0,0.0,0.1,0.0,0.2,273,1,0.5180100000000001
4098,0.1,0.6,0.1,0.0,0.2,0.0,274,1,0.47305
4098,0.2,0.0,0.0,0.5,0.0,0.3,275,1,0.43838299999999997
4098,0.0,0.0,0.6,0.0,0.2,0.2,276,1,0.45156199999999996
4098,0.0,0.2,0.0,0.4,0.2,0.2,277,1,0.425308
4098,0.0,0.0,0.0,0.8,0.2,0.0,278,1,0.42705600000000005
4098,0.0,0.2,0.2,0.4,0.2,0.0,279,1,0.406477
4098,0.2,0.0,0.0,0.2,0.2,0.4,280,1,0.428345
4098,0.2,0.0,0.2,0.0,0.4,0.2,281,1,0.464697
4098,0.2,0.0,0.2,0.4,0.0,0.2,282,1,0.466091
4098,0.0,0.2,0.2,0.4,0.0,0.2,283,1,0.498503
4098,0.0,0.8,0.0,0.2,0.0,0.0,284,1,0.58006
4098,0.2,0.2,0.0,0.0,0.0,0.6,285,1,0.589063
4098,0.2,0.0,0.0,0.4,0.2,0.2,286,1,0.404698
4098,0.0,0.0,0.2,0.2,0.0,0.6,287,1,0.44972399999999996
4098,0.6,0.2,0.0,0.0,0.2,0.0,288,1,0.471458
4098,0.0,0.0,0.0,0.0,0.2,0.8,289,1,0.458794
4098,0.2,0.6,0.2,0.0,0.0,0.0,290,1,0.509903
4098,0.2,0.2,0.6,0.0,0.0,0.0,291,1,0.522104
4098,0.0,0.0,0.8,0.0,0.0,0.2,292,1,0.486104
4098,0.0,0.2,0.6,0.0,0.0,0.2,293,1,0.490221
4098,0.0,0.0,0.0,0.2,0.2,0.6,294,1,0.444916
4098,0.0,0.2,0.8,0.0,0.0,0.0,295,1,0.47061800000000004
4098,0.0,0.0,0.2,0.0,0.6,0.2,296,1,0.456754
4098,0.0,1.0,0.0,0.0,0.0,0.0,297,1,0.5205770000000001
4098,0.2,0.0,0.2,0.0,0.2,0.4,298,1,0.488125
4098,0.0,0.2,0.0,0.0,0.0,0.8,299,1,0.521667
4098,0.2,0.0,0.0,0.2,0.0,0.6,300,1,0.47995200000000005
4098,0.2,0.2,0.0,0.2,0.4,0.0,301,1,0.41790200000000005
4098,0.0,0.3,0.2,0.2,0.0,0.3,302,1,0.487858
4098,0.5,0.0,0.3,0.0,0.1,0.1,303,1,0.479728
4098,0.1,0.4,0.0,0.1,0.4,0.0,304,1,0.46054700000000004
4098,0.1,0.1,0.3,0.0,0.0,0.5,305,1,0.5039819999999999
4098,0.2,0.0,0.3,0.2,0.3,0.0,306,1,0.43277200000000005
4098,0.0,0.1,0.0,0.2,0.7,0.0,307,1,0.442338
4098,0.3,0.0,0.5,0.0,0.1,0.1,308,1,0.493857
4098,0.3,0.0,0.1,0.0,0.1,0.5,309,1,0.46841400000000005
4098,0.2,0.0,0.7,0.0,0.1,0.0,310,1,0.490537
4098,0.1,0.0,0.7,0.1,0.1,0.0,311,1,0.46611899999999995
4098,0.0,0.1,0.1,0.0,0.8,0.0,312,1,0.458025
4098,0.0,0.0,0.4,0.2,0.1,0.3,313,1,0.46903
4098,0.0,0.0,0.0,0.4,0.3,0.3,314,1,0.433792
4098,0.0,0.0,0.2,0.4,0.0,0.4,315,1,0.47535
4098,0.8,0.0,0.1,0.0,0.0,0.1,316,1,0.556048
4098,0.7,0.2,0.0,0.1,0.0,0.0,317,1,0.513606
4098,0.3,0.0,0.1,0.6,0.0,0.0,318,1,0.436616
4098,0.0,0.1,0.2,0.0,0.6,0.1,319,1,0.465229
4098,0.2,0.1,0.0,0.0,0.2,0.5,320,1,0.445062
4098,0.0,0.4,0.1,0.5,0.0,0.0,322,1,0.47488500000000006
4098,0.3,0.2,0.1,0.0,0.4,0.0,323,1,0.45883100000000004
4098,0.5,0.2,0.0,0.0,0.0,0.3,324,1,0.655528
4098,0.4,0.4,0.0,0.2,0.0,0.0,325,1,0.605915
4098,0.0,0.4,0.3,0.0,0.0,0.3,326,1,0.489469
4098,0.5,0.0,0.1,0.1,0.3,0.0,327,1,0.422145
4098,0.4,0.1,0.4,0.0,0.0,0.1,328,1,0.493623
4098,0.2,0.0,0.3,0.4,0.0,0.1,329,1,0.42919799999999997
4098,0.0,0.0,0.7,0.1,0.0,0.2,330,1,0.467941
4098,0.1,0.0,0.1,0.7,0.0,0.1,331,1,0.43862799999999996
4098,0.4,0.5,0.0,0.0,0.1,0.0,332,1,0.504225
4098,0.0,0.0,0.0,0.1,0.8,0.1,333,1,0.454251
4098,0.0,0.5,0.0,0.2,0.2,0.1,334,1,0.469632
4098,0.0,0.1,0.0,0.6,0.2,0.1,335,1,0.40492
4098,0.2,0.0,0.2,0.5,0.1,0.0,336,1,0.40236
4098,0.0,0.2,0.1,0.2,0.0,0.5,337,1,0.515267
4098,0.0,0.1,0.0,0.5,0.0,0.4,338,1,0.48910600000000004
4098,0.0,0.2,0.0,0.1,0.3,0.4,339,1,0.460111
4098,0.2,0.0,0.2,0.4,0.2,0.0,340,1,0.394764
4098,0.0,0.4,0.2,0.2,0.0,0.2,341,1,0.480642
4098,0.2,0.0,0.0,0.2,0.6,0.0,342,1,0.41466400000000003
4098,0.0,0.2,0.0,0.2,0.6,0.0,343,1,0.43714200000000003
4098,0.0,0.0,0.0,0.0,0.8,0.2,344,1,0.455611
4098,0.2,0.2,0.4,0.0,0.0,0.2,345,1,0.507989
4098,0.0,0.2,0.6,0.0,0.2,0.0,346,1,0.47713900000000004
4098,0.2,0.0,0.4,0.0,0.2,0.2,347,1,0.484966
4098,0.2,0.2,0.0,0.0,0.6,0.0,348,1,0.46285
4098,0.0,0.8,0.0,0.0,0.0,0.2,349,1,0.577136
4098,0.2,0.0,0.8,0.0,0.0,0.0,350,1,0.47763900000000004
4098,0.0,0.2,0.2,0.0,0.4,0.2,351,1,0.485045
4098,0.2,0.6,0.0,0.0,0.0,0.2,352,1,0.532469
4098,0.0,0.2,0.4,0.2,0.0,0.2,353,1,0.47204399999999996
4098,0.6,0.0,0.0,0.0,0.2,0.2,354,1,0.46658599999999995
4098,0.4,0.2,0.2,0.0,0.0,0.2,355,1,0.5233979999999999
4098,0.6,0.0,0.0,0.2,0.0,0.2,356,1,0.48962
4098,0.2,0.0,0.0,0.0,0.2,0.6,357,1,0.458578
4098,0.0,0.0,0.2,0.0,0.0,0.8,358,1,0.5092949999999999
4098,0.6,0.0,0.2,0.2,0.0,0.0,359,1,0.483362
4098,0.0,0.2,0.0,0.2,0.4,0.2,360,1,0.44722799999999996
4098,0.0,0.6,0.0,0.2,0.0,0.2,361,1,0.521591
4098,0.0,0.6,0.2,0.0,0.2,0.0,362,1,0.47940299999999997
4098,0.2,0.0,0.4,0.2,0.2,0.0,363,1,0.460088
4098,0.2,0.0,0.4,0.2,0.0,0.2,364,1,0.50759
4098,0.2,0.0,0.6,0.0,0.0,0.2,365,1,0.482562
4098,0.5,0.0,0.0,0.2,0.2,0.1,366,1,0.435802
4098,0.0,0.1,0.3,0.0,0.6,0.0,367,1,0.45864399999999994
4098,0.0,0.0,0.0,0.8,0.1,0.1,368,1,0.409326
4098,0.1,0.0,0.6,0.0,0.2,0.1,369,1,0.47975
4098,0.0,0.0,0.6,0.3,0.0,0.1,370,1,0.469158
4098,0.3,0.0,0.2,0.4,0.0,0.1,371,1,0.437087
4098,0.1,0.0,0.3,0.0,0.2,0.4,372,1,0.487145
4098,0.1,0.4,0.3,0.2,0.0,0.0,373,1,0.5426989999999999
4098,0.3,0.0,0.5,0.0,0.0,0.2,374,1,0.552431
4098,0.1,0.0,0.7,0.0,0.0,0.2,375,1,0.542076
4098,0.0,0.1,0.2,0.2,0.0,0.5,376,1,0.5136149999999999
4098,0.2,0.1,0.3,0.0,0.0,0.4,377,1,0.5567529999999999
4098,0.2,0.3,0.0,0.0,0.1,0.4,378,1,0.472242
4098,0.3,0.0,0.0,0.5,0.2,0.0,379,1,0.402602
4098,0.0,0.2,0.0,0.3,0.2,0.3,380,1,0.46324099999999996
4098,0.0,0.2,0.0,0.1,0.7,0.0,381,1,0.437032
4098,0.0,0.0,0.1,0.2,0.1,0.6,382,1,0.44653000000000004
4098,0.3,0.6,0.0,0.1,0.0,0.0,383,1,0.5428069999999999
4098,0.0,0.3,0.3,0.1,0.0,0.3,384,1,0.5338579999999999
4098,0.4,0.0,0.0,0.3,0.3,0.0,386,1,0.421417
4098,0.4,0.5,0.0,0.0,0.0,0.1,387,1,0.621082
4098,0.8,0.1,0.0,0.1,0.0,0.0,388,1,0.555726
4098,0.5,0.1,0.0,0.3,0.1,0.0,389,1,0.485846
4098,0.2,0.0,0.3,0.0,0.1,0.4,390,1,0.503053
4098,0.5,0.1,0.0,0.0,0.1,0.3,391,1,0.47198500000000004
4098,0.3,0.3,0.0,0.1,0.3,0.0,392,1,0.45238999999999996
4098,0.0,0.0,0.0,0.3,0.6,0.1,393,1,0.42092700000000005
4098,0.2,0.0,0.2,0.3,0.3,0.0,394,1,0.407269
4098,0.3,0.6,0.0,0.0,0.1,0.0,395,1,0.49664899999999995
4098,0.0,0.5,0.0,0.4,0.1,0.0,396,1,0.513596
4098,0.1,0.3,0.0,0.0,0.2,0.4,397,1,0.495274
4098,0.5,0.2,0.0,0.0,0.2,0.1,398,1,0.48731199999999997
4098,0.0,0.0,0.0,0.3,0.2,0.5,399,1,0.44027799999999995
4098,0.7,0.3,0.0,0.0,0.0,0.0,400,1,0.486455
4098,0.1,0.5,0.0,0.1,0.3,0.0,401,1,0.47540600000000005
4098,0.2,0.7,0.0,0.1,0.0,0.0,402,1,0.517897
4098,0.7,0.0,0.0,0.3,0.0,0.0,403,1,0.503641
4098,0.0,0.0,0.1,0.3,0.6,0.0,404,1,0.428824
4098,0.0,0.6,0.0,0.0,0.0,0.4,405,1,0.527413
4098,0.0,0.3,0.0,0.6,0.1,0.0,406,1,0.448107
4098,0.1,0.0,0.3,0.0,0.1,0.5,407,1,0.47843800000000003
4098,0.0,0.2,0.1,0.0,0.3,0.4,408,1,0.48448599999999997
4098,0.1,0.0,0.1,0.0,0.7,0.1,409,1,0.464095
4098,0.2,0.6,0.0,0.1,0.1,0.0,410,1,0.48548
4098,0.0,0.4,0.3,0.0,0.3,0.0,411,1,0.467991
4098,0.2,0.0,0.0,0.7,0.0,0.1,412,1,0.438259
4098,0.3,0.0,0.3,0.0,0.0,0.4,413,1,0.532611
4098,0.0,0.1,0.0,0.2,0.4,0.3,414,1,0.46873400000000004
4098,0.0,0.2,0.0,0.0,0.1,0.7,415,1,0.501292
4098,0.4,0.0,0.2,0.1,0.0,0.3,416,1,0.53213
4098,0.0,0.0,0.0,0.5,0.3,0.2,417,1,0.422967
4098,0.1,0.1,0.0,0.3,0.0,0.5,418,1,0.468113
4098,0.0,0.1,0.6,0.2,0.1,0.0,419,1,0.4792
4098,0.1,0.1,0.0,0.2,0.0,0.6,420,1,0.508995
4098,0.3,0.3,0.0,0.0,0.1,0.3,421,1,0.510626
4098,0.1,0.0,0.2,0.4,0.0,0.3,422,1,0.48308999999999996
4098,0.0,0.4,0.1,0.0,0.3,0.2,423,1,0.478583
4098,0.0,0.4,0.1,0.2,0.0,0.3,424,1,0.490234
4098,0.2,0.1,0.6,0.0,0.0,0.1,425,1,0.5272560000000001
4098,0.1,0.0,0.6,0.2,0.1,0.0,426,1,0.482921
4098,0.0,0.5,0.0,0.0,0.3,0.2,427,1,0.46857
4098,0.5,0.0,0.0,0.1,0.4,0.0,428,1,0.42858
4098,0.3,0.0,0.0,0.2,0.4,0.1,429,1,0.39775
4098,0.0,0.0,0.2,0.7,0.1,0.0,430,1,0.418159
4098,0.0,0.4,0.1,0.0,0.4,0.1,431,1,0.46427799999999997
4098,0.0,0.1,0.3,0.5,0.1,0.0,432,1,0.42466099999999996
4098,0.0,0.2,0.0,0.4,0.0,0.4,433,1,0.486903
4098,0.0,0.2,0.7,0.0,0.1,0.0,434,1,0.480368
4098,0.0,0.2,0.7,0.0,0.0,0.1,435,1,0.49970299999999995
4098,0.2,0.5,0.0,0.0,0.2,0.1,436,1,0.497446
4098,0.1,0.0,0.4,0.0,0.0,0.5,437,1,0.540776
4098,0.0,0.3,0.0,0.4,0.1,0.2,438,1,0.476681
4098,0.5,0.1,0.2,0.2,0.0,0.0,439,1,0.536881
4098,0.0,0.0,0.0,0.7,0.1,0.2,440,1,0.410116
4098,0.1,0.8,0.0,0.0,0.1,0.0,441,1,0.502275
4098,0.0,0.4,0.2,0.3,0.1,0.0,442,1,0.47253900000000004
4098,0.0,0.3,0.2,0.0,0.4,0.1,443,1,0.437497
4098,0.3,0.0,0.4,0.1,0.2,0.0,444,1,0.43531800000000004
4098,0.0,0.0,0.5,0.4,0.1,0.0,445,1,0.43568900000000005
4098,0.0,0.6,0.1,0.2,0.0,0.1,446,1,0.510675
4098,0.0,0.2,0.1,0.4,0.3,0.0,447,1,0.424
4098,0.4,0.1,0.3,0.2,0.0,0.0,448,1,0.5073489999999999
4098,0.3,0.0,0.3,0.1,0.0,0.3,450,1,0.509058
4098,0.4,0.0,0.0,0.4,0.1,0.1,451,1,0.42758100000000004
4098,0.2,0.1,0.0,0.1,0.6,0.0,452,1,0.43395100000000003
4098,0.1,0.0,0.7,0.0,0.1,0.1,453,1,0.474451
4098,0.7,0.1,0.0,0.0,0.1,0.1,454,1,0.47629099999999996
4098,0.4,0.0,0.2,0.3,0.1,0.0,455,1,0.42976400000000003
4098,0.5,0.0,0.0,0.0,0.0,0.5,456,1,0.5299590000000001
4098,0.3,0.0,0.0,0.0,0.1,0.6,457,1,0.46255799999999997
4098,0.3,0.0,0.0,0.0,0.3,0.4,458,1,0.44535600000000003
4098,0.2,0.2,0.3,0.0,0.3,0.0,459,1,0.446495
4098,0.5,0.1,0.3,0.0,0.1,0.0,460,1,0.49413500000000005
4098,0.0,0.0,0.2,0.3,0.0,0.5,461,1,0.48974300000000004
4098,0.0,0.4,0.5,0.1,0.0,0.0,462,1,0.536619
4098,0.0,0.3,0.1,0.5,0.0,0.1,463,1,0.45135
4098,0.0,0.1,0.3,0.6,0.0,0.0,464,1,0.430414
4098,0.1,0.0,0.0,0.3,0.5,0.1,465,1,0.41459700000000005
4098,0.0,0.4,0.3,0.1,0.0,0.2,466,1,0.500521
4098,0.1,0.1,0.0,0.4,0.4,0.0,467,1,0.407839
4098,0.1,0.0,0.0,0.5,0.2,0.2,468,1,0.401866
4098,0.0,0.5,0.3,0.0,0.0,0.2,469,1,0.531698
4098,0.2,0.0,0.0,0.1,0.1,0.6,470,1,0.452954
4098,0.3,0.0,0.0,0.2,0.0,0.5,471,1,0.5039140000000001
4098,0.0,0.0,0.2,0.5,0.0,0.3,472,1,0.467538
4098,0.0,0.2,0.3,0.1,0.4,0.0,473,1,0.46135200000000004
4098,0.0,0.4,0.2,0.0,0.1,0.3,474,1,0.479162
4098,0.1,0.2,0.0,0.2,0.5,0.0,475,1,0.43945200000000006
4098,0.0,0.5,0.0,0.0,0.1,0.4,476,1,0.484513
4098,0.0,0.1,0.2,0.7,0.0,0.0,477,1,0.437863
4098,0.0,0.2,0.0,0.1,0.2,0.5,478,1,0.48553999999999997
4098,0.3,0.0,0.6,0.0,0.1,0.0,479,1,0.47783400000000004
4098,0.1,0.0,0.7,0.2,0.0,0.0,480,1,0.468336
4098,0.0,0.1,0.2,0.0,0.0,0.7,481,1,0.513051
4098,0.3,0.4,0.3,0.0,0.0,0.0,482,1,0.533748
4098,0.0,0.0,0.0,0.0,0.7,0.3,483,1,0.457697
4098,0.0,0.0,0.5,0.0,0.2,0.3,484,1,0.480162
4098,0.4,0.3,0.3,0.0,0.0,0.0,485,1,0.5697220000000001
4098,0.6,0.0,0.2,0.1,0.0,0.1,486,1,0.493108
4098,0.0,0.1,0.0,0.5,0.3,0.1,487,1,0.42011000000000004
4098,0.0,0.1,0.0,0.1,0.7,0.1,488,1,0.46929099999999996
4098,0.0,0.4,0.0,0.0,0.4,0.2,489,1,0.495776
4098,0.2,0.0,0.1,0.1,0.0,0.6,490,1,0.497696
4098,0.5,0.0,0.0,0.3,0.1,0.1,491,1,0.46348100000000003
4098,0.0,0.6,0.1,0.2,0.1,0.0,492,1,0.484335
4098,0.0,0.1,0.3,0.2,0.4,0.0,493,1,0.452
4098,0.0,0.3,0.1,0.1,0.5,0.0,494,1,0.429659
4098,0.0,0.1,0.5,0.0,0.0,0.4,495,1,0.49253900000000006
4098,0.3,0.3,0.0,0.2,0.2,0.0,496,1,0.460373
4098,0.1,0.2,0.1,0.0,0.6,0.0,497,1,0.443788
4098,0.0,0.8,0.1,0.0,0.1,0.0,498,1,0.552502
4098,0.1,0.7,0.0,0.0,0.0,0.2,499,1,0.5502640000000001
4098,0.4,0.0,0.1,0.2,0.0,0.3,500,1,0.493929
4098,0.4,0.3,0.0,0.1,0.0,0.2,501,1,0.510973
4098,0.0,0.0,0.2,0.3,0.3,0.2,502,1,0.465567
4098,0.1,0.0,0.3,0.0,0.0,0.6,503,1,0.602256
4098,0.1,0.6,0.0,0.2,0.0,0.1,504,1,0.5260090000000001
4098,0.5,0.2,0.0,0.1,0.0,0.2,505,1,0.528521
4098,0.5,0.3,0.0,0.0,0.2,0.0,506,1,0.48657799999999995
4098,0.4,0.0,0.4,0.2,0.0,0.0,507,1,0.483621
4098,0.3,0.2,0.0,0.3,0.2,0.0,508,1,0.454114
4098,0.2,0.3,0.0,0.4,0.0,0.1,509,1,0.5087430000000001
4098,0.0,0.1,0.1,0.5,0.0,0.3,510,1,0.49375399999999997
4098,0.2,0.3,0.0,0.3,0.0,0.2,511,1,0.500016
4098,0.6,0.0,0.0,0.1,0.3,0.0,512,1,0.451543
4098,0.0,0.3,0.4,0.1,0.0,0.2,514,1,0.54848
4098,0.0,0.1,0.0,0.3,0.0,0.6,515,1,0.5129819999999999
4098,0.3,0.1,0.3,0.3,0.0,0.0,516,1,0.471609
4098,0.0,0.0,0.2,0.1,0.7,0.0,517,1,0.437892
4098,0.0,0.1,0.4,0.3,0.2,0.0,518,1,0.48083100000000006
4098,0.0,0.7,0.1,0.1,0.0,0.1,519,1,0.52818
4098,0.3,0.1,0.5,0.0,0.1,0.0,520,1,0.499539
4098,0.1,0.1,0.2,0.0,0.0,0.6,521,1,0.532561
4098,0.2,0.0,0.5,0.2,0.0,0.1,522,1,0.48602799999999996
4098,0.0,0.0,0.2,0.1,0.5,0.2,523,1,0.461434
4098,0.0,0.5,0.3,0.0,0.1,0.1,524,1,0.474498
4098,0.1,0.2,0.7,0.0,0.0,0.0,525,1,0.505947
4098,0.1,0.1,0.4,0.0,0.0,0.4,526,1,0.5278579999999999
4098,0.1,0.0,0.5,0.2,0.2,0.0,527,1,0.46049300000000004
4098,0.1,0.0,0.2,0.0,0.6,0.1,528,1,0.463142
4098,0.4,0.1,0.2,0.3,0.0,0.0,529,1,0.482991
4098,0.0,0.4,0.0,0.3,0.2,0.1,530,1,0.472341
4098,0.0,0.0,0.1,0.2,0.3,0.4,531,1,0.45471000000000006
4098,0.5,0.5,0.0,0.0,0.0,0.0,532,1,0.532625
4098,0.1,0.4,0.0,0.0,0.1,0.4,533,1,0.508391
4098,0.0,0.4,0.4,0.0,0.2,0.0,534,1,0.465394
4098,0.0,0.1,0.4,0.0,0.0,0.5,535,1,0.48429700000000003
4098,0.0,0.0,0.3,0.0,0.6,0.1,536,1,0.45933
4098,0.0,0.3,0.0,0.2,0.3,0.2,537,1,0.45211899999999994
4098,0.0,0.1,0.0,0.2,0.3,0.4,538,1,0.465757
4098,0.3,0.2,0.1,0.4,0.0,0.0,539,1,0.475587
4098,0.0,0.2,0.5,0.0,0.1,0.2,540,1,0.50776
4098,0.0,0.0,0.3,0.2,0.4,0.1,541,1,0.46594300000000005
4098,0.4,0.3,0.2,0.1,0.0,0.0,542,1,0.495562
4098,0.1,0.0,0.1,0.0,0.6,0.2,543,1,0.46059300000000003
4098,0.0,0.0,0.1,0.1,0.3,0.5,544,1,0.45406599999999997
4098,0.0,0.2,0.0,0.3,0.4,0.1,545,1,0.45084799999999997
4098,0.7,0.2,0.0,0.0,0.0,0.1,546,1,0.500699
4098,0.1,0.1,0.2,0.6,0.0,0.0,547,1,0.42912100000000003
4098,0.1,0.5,0.0,0.3,0.1,0.0,548,1,0.492911
4098,0.2,0.5,0.0,0.0,0.1,0.2,549,1,0.506686
4098,0.3,0.0,0.0,0.0,0.2,0.5,550,1,0.463555
4098,0.2,0.0,0.0,0.1,0.7,0.0,551,1,0.425492
4098,0.6,0.3,0.1,0.0,0.0,0.0,552,1,0.519897
4098,0.7,0.1,0.1,0.0,0.0,0.1,553,1,0.5098
4098,0.3,0.0,0.4,0.2,0.1,0.0,554,1,0.46301099999999995
4098,0.3,0.5,0.1,0.0,0.0,0.1,555,1,0.528384
4098,0.0,0.0,0.2,0.4,0.3,0.1,556,1,0.479892
4098,0.7,0.2,0.0,0.0,0.1,0.0,557,1,0.502583
4098,0.0,0.0,0.2,0.1,0.1,0.6,558,1,0.46572600000000003
4098,0.0,0.1,0.0,0.3,0.1,0.5,559,1,0.46541400000000005
4098,0.5,0.0,0.1,0.2,0.2,0.0,560,1,0.421779
4098,0.0,0.1,0.2,0.1,0.6,0.0,561,1,0.454183
4098,0.0,0.1,0.5,0.0,0.1,0.3,562,1,0.501787
4098,0.0,0.0,0.4,0.0,0.3,0.3,563,1,0.473804
4098,0.0,0.1,0.2,0.0,0.4,0.3,564,1,0.465768
4098,0.0,0.2,0.2,0.3,0.3,0.0,565,1,0.42162700000000003
4098,0.0,0.0,0.0,0.1,0.2,0.7,566,1,0.440117
4098,0.0,0.0,0.7,0.0,0.0,0.3,567,1,0.516262
4098,0.0,0.0,0.3,0.3,0.2,0.2,568,1,0.48179399999999994
4098,0.0,0.1,0.6,0.3,0.0,0.0,569,1,0.49845100000000003
4098,0.1,0.0,0.6,0.2,0.0,0.1,570,1,0.502042
4098,0.6,0.1,0.1,0.0,0.0,0.2,571,1,0.531196
4098,0.1,0.3,0.3,0.3,0.0,0.0,572,1,0.493989
4098,0.3,0.0,0.4,0.3,0.0,0.0,573,1,0.46169099999999996
4098,0.0,0.0,0.4,0.2,0.3,0.1,574,1,0.47309700000000005
4098,0.4,0.0,0.1,0.0,0.0,0.5,575,1,0.5592630000000001
4098,0.0,0.2,0.3,0.3,0.0,0.2,576,1,0.518189
4098,0.0,0.3,0.0,0.0,0.5,0.2,578,1,0.495672
4098,0.0,0.4,0.2,0.1,0.0,0.3,579,1,0.522241
4098,0.6,0.1,0.1,0.2,0.0,0.0,580,1,0.48098
4098,0.0,0.0,0.0,0.2,0.7,0.1,581,1,0.449403
4098,0.0,0.7,0.0,0.0,0.0,0.3,582,1,0.541716
4098,0.2,0.3,0.4,0.0,0.1,0.0,583,1,0.502553
4098,0.0,0.2,0.3,0.0,0.2,0.3,584,1,0.502325
4098,0.0,0.0,0.1,0.1,0.0,0.8,585,1,0.49400600000000006
4098,0.0,0.0,0.2,0.7,0.0,0.1,586,1,0.444909
4098,0.8,0.0,0.0,0.1,0.1,0.0,587,1,0.45658000000000004
4098,0.0,0.0,0.0,0.2,0.1,0.7,588,1,0.42750600000000005
4098,0.0,0.0,0.4,0.0,0.4,0.2,589,1,0.468635
4098,0.0,0.0,0.3,0.7,0.0,0.0,590,1,0.457373
4098,0.0,0.0,0.1,0.7,0.1,0.1,591,1,0.41806099999999996
4098,0.1,0.1,0.1,0.0,0.0,0.7,592,1,0.5214479999999999
4098,0.0,0.2,0.3,0.2,0.3,0.0,593,1,0.45907
4098,0.0,0.0,0.7,0.1,0.2,0.0,594,1,0.458276
4098,0.4,0.0,0.4,0.0,0.1,0.1,595,1,0.49033699999999997
4098,0.1,0.0,0.2,0.5,0.0,0.2,596,1,0.463917
4098,0.5,0.0,0.3,0.0,0.2,0.0,597,1,0.45619399999999993
4098,0.0,0.6,0.1,0.1,0.2,0.0,598,1,0.47671800000000003
4098,0.0,0.0,0.1,0.1,0.8,0.0,599,1,0.43337
4098,0.3,0.1,0.3,0.0,0.3,0.0,600,1,0.429345
4098,0.1,0.1,0.0,0.0,0.3,0.5,601,1,0.4628
4098,0.0,0.0,0.3,0.0,0.1,0.6,602,1,0.45538
4098,0.2,0.0,0.3,0.0,0.5,0.0,603,1,0.44983199999999995
4098,0.3,0.4,0.0,0.2,0.0,0.1,604,1,0.487843
4098,0.3,0.0,0.3,0.1,0.3,0.0,605,1,0.41928699999999997
4098,0.1,0.1,0.2,0.0,0.6,0.0,606,1,0.45147299999999996
4098,0.3,0.1,0.0,0.6,0.0,0.0,607,1,0.47895699999999997
4098,0.1,0.8,0.0,0.1,0.0,0.0,608,1,0.526208
4098,0.5,0.0,0.0,0.3,0.0,0.2,609,1,0.47146499999999997
4098,0.6,0.0,0.1,0.0,0.2,0.1,610,1,0.458408
4098,0.1,0.0,0.8,0.1,0.0,0.0,611,1,0.442575
4098,0.3,0.0,0.0,0.4,0.2,0.1,612,1,0.402889
4098,0.5,0.2,0.0,0.0,0.1,0.2,613,1,0.517385
4098,0.5,0.4,0.0,0.0,0.0,0.1,614,1,0.52598
4098,0.6,0.2,0.0,0.1,0.1,0.0,615,1,0.473
4098,0.1,0.1,0.3,0.0,0.5,0.0,616,1,0.45570900000000003
4098,0.3,0.0,0.0,0.1,0.6,0.0,617,1,0.418716
4098,0.4,0.0,0.0,0.2,0.1,0.3,618,1,0.44110200000000005
4098,0.5,0.3,0.2,0.0,0.0,0.0,619,1,0.5678810000000001
4098,0.1,0.8,0.1,0.0,0.0,0.0,620,1,0.555615
4098,0.2,0.0,0.7,0.1,0.0,0.0,621,1,0.5041859999999999
4098,0.1,0.5,0.0,0.4,0.0,0.0,622,1,0.500664
4098,0.1,0.1,0.6,0.0,0.2,0.0,623,1,0.47158599999999995
4098,0.0,0.1,0.6,0.1,0.0,0.2,624,1,0.45595699999999995
4098,0.2,0.0,0.0,0.4,0.4,0.0,625,1,0.406485
4098,0.2,0.5,0.0,0.2,0.1,0.0,626,1,0.487116
4098,0.1,0.0,0.4,0.0,0.5,0.0,627,1,0.454309
4098,0.0,0.0,0.5,0.3,0.0,0.2,628,1,0.48484700000000003
4098,0.3,0.0,0.1,0.2,0.0,0.4,629,1,0.481962
4098,0.1,0.6,0.3,0.0,0.0,0.0,630,1,0.513714
4098,0.0,0.0,0.7,0.3,0.0,0.0,631,1,0.483941
4098,0.0,0.3,0.1,0.6,0.0,0.0,632,1,0.46362299999999995
4098,0.2,0.0,0.5,0.0,0.0,0.3,633,1,0.536992
4098,0.0,0.1,0.0,0.1,0.0,0.8,634,1,0.508945
4098,0.0,0.3,0.2,0.3,0.2,0.0,635,1,0.42173900000000003
4098,0.0,0.0,0.8,0.0,0.1,0.1,636,1,0.478099
4098,0.1,0.5,0.0,0.0,0.3,0.1,637,1,0.479818
4098,0.6,0.1,0.0,0.0,0.2,0.1,638,1,0.47545299999999996
4098,0.0,0.1,0.2,0.0,0.1,0.6,639,1,0.482393
4098,0.0,0.1,0.0,0.2,0.2,0.5,640,1,0.456849
4098,0.4,0.2,0.0,0.0,0.0,0.4,642,1,0.5179819999999999
4098,0.3,0.0,0.0,0.1,0.2,0.4,643,1,0.44608100000000006
4098,0.0,0.0,0.6,0.0,0.4,0.0,644,1,0.46138599999999996
4098,0.0,0.6,0.2,0.0,0.1,0.1,645,1,0.474958
4098,0.0,0.2,0.0,0.5,0.3,0.0,646,1,0.43195100000000003
4098,0.1,0.7,0.0,0.2,0.0,0.0,647,1,0.590337
4098,0.4,0.4,0.1,0.1,0.0,0.0,648,1,0.566515
4098,0.4,0.0,0.2,0.4,0.0,0.0,649,1,0.464016
4098,0.3,0.0,0.0,0.1,0.0,0.6,650,1,0.501881
4098,0.0,0.0,0.0,0.0,0.9,0.1,651,1,0.45543999999999996
4098,0.1,0.0,0.5,0.3,0.0,0.1,652,1,0.45541400000000004
4098,0.0,0.0,0.4,0.5,0.0,0.1,653,1,0.48282700000000006
4098,0.1,0.4,0.0,0.0,0.4,0.1,654,1,0.47264700000000004
4098,0.0,0.3,0.4,0.0,0.2,0.1,655,1,0.47864399999999996
4098,0.1,0.4,0.2,0.3,0.0,0.0,656,1,0.524609
4098,0.1,0.2,0.1,0.6,0.0,0.0,657,1,0.465116
4098,0.1,0.3,0.0,0.0,0.1,0.5,658,1,0.507266
4098,0.0,0.2,0.5,0.1,0.0,0.2,659,1,0.507382
4098,0.0,0.5,0.1,0.2,0.0,0.2,660,1,0.504228
4098,0.2,0.1,0.2,0.5,0.0,0.0,661,1,0.44627799999999995
4098,0.1,0.3,0.2,0.0,0.0,0.4,662,1,0.49849499999999997
4098,0.1,0.0,0.0,0.0,0.2,0.7,663,1,0.44606
4098,0.3,0.3,0.0,0.3,0.0,0.1,664,1,0.49864899999999995
4098,0.0,0.5,0.0,0.2,0.0,0.3,665,1,0.49201300000000003
4098,0.0,0.0,0.1,0.6,0.2,0.1,666,1,0.42752799999999996
4098,0.0,0.0,0.2,0.3,0.2,0.3,667,1,0.474706
4098,0.4,0.2,0.0,0.3,0.0,0.1,668,1,0.480182
4098,0.0,0.2,0.0,0.3,0.3,0.2,669,1,0.429317
4098,0.1,0.0,0.0,0.1,0.3,0.5,670,1,0.44811000000000006
4098,0.5,0.0,0.2,0.0,0.0,0.3,671,1,0.527105
4098,0.0,0.2,0.3,0.0,0.3,0.2,672,1,0.497324
4098,0.2,0.1,0.0,0.6,0.0,0.1,673,1,0.468814
4098,0.0,0.0,0.5,0.3,0.2,0.0,674,1,0.467667
4098,0.1,0.4,0.0,0.3,0.2,0.0,675,1,0.46408999999999995
4098,0.5,0.0,0.0,0.0,0.1,0.4,676,1,0.455491
4098,0.7,0.0,0.0,0.2,0.1,0.0,677,1,0.46779899999999996
4098,0.2,0.0,0.1,0.3,0.0,0.4,678,1,0.48289799999999994
4098,0.0,0.0,0.3,0.1,0.0,0.6,679,1,0.47476
4098,0.2,0.5,0.0,0.2,0.0,0.1,680,1,0.534111
4098,0.3,0.3,0.1,0.0,0.0,0.3,681,1,0.49978999999999996
4098,0.0,0.1,0.0,0.8,0.1,0.0,682,1,0.423407
4098,0.0,0.1,0.7,0.1,0.1,0.0,683,1,0.48234799999999994
4098,0.0,0.0,0.6,0.1,0.0,0.3,684,1,0.47961899999999996
4098,0.4,0.0,0.2,0.1,0.3,0.0,685,1,0.41452
4098,0.2,0.0,0.1,0.3,0.4,0.0,686,1,0.412386
4098,0.3,0.0,0.3,0.0,0.2,0.2,687,1,0.479488
4098,0.0,0.1,0.4,0.5,0.0,0.0,688,1,0.45489700000000005
4098,0.0,0.0,0.2,0.0,0.3,0.5,689,1,0.461084
4098,0.4,0.1,0.0,0.1,0.0,0.4,690,1,0.496174
4098,0.0,0.2,0.0,0.3,0.5,0.0,691,1,0.42508500000000005
4098,0.2,0.0,0.5,0.1,0.0,0.2,692,1,0.48903900000000006
4098,0.0,0.0,0.1,0.4,0.2,0.3,693,1,0.45308000000000004
4098,0.0,0.0,0.2,0.0,0.7,0.1,694,1,0.46477299999999994
4098,0.0,0.2,0.1,0.5,0.0,0.2,695,1,0.47456400000000004
4098,0.2,0.2,0.0,0.3,0.0,0.3,696,1,0.5081060000000001
4098,0.0,0.1,0.2,0.0,0.7,0.0,697,1,0.471815
4098,0.7,0.0,0.2,0.0,0.0,0.1,698,1,0.576554
4098,0.2,0.3,0.4,0.1,0.0,0.0,699,1,0.518155
4098,0.1,0.6,0.0,0.0,0.1,0.2,700,1,0.511599
4098,0.2,0.1,0.5,0.2,0.0,0.0,701,1,0.49270699999999995
4098,0.4,0.2,0.3,0.1,0.0,0.0,702,1,0.497471
4098,0.2,0.0,0.0,0.1,0.6,0.1,703,1,0.403032
4098,0.3,0.0,0.0,0.1,0.3,0.3,704,1,0.407379
4098,0.3,0.7,0.0,0.0,0.0,0.0,706,1,0.6012810000000001
4098,0.0,0.3,0.0,0.2,0.1,0.4,707,1,0.541343
4098,0.3,0.6,0.0,0.0,0.0,0.1,708,1,0.5567850000000001
4098,0.1,0.0,0.1,0.0,0.4,0.4,709,1,0.46759799999999996
4098,0.0,0.4,0.1,0.4,0.0,0.1,710,1,0.50559
4098,0.0,0.4,0.0,0.2,0.1,0.3,711,1,0.514502
4098,0.6,0.1,0.0,0.3,0.0,0.0,712,1,0.536389
4098,0.0,0.1,0.1,0.8,0.0,0.0,713,1,0.43826899999999996
4098,0.0,0.2,0.0,0.3,0.0,0.5,714,1,0.576711
4098,0.3,0.3,0.0,0.4,0.0,0.0,715,1,0.490584
4098,0.0,0.0,0.9,0.0,0.1,0.0,716,1,0.45441800000000004
4098,0.0,0.3,0.0,0.2,0.0,0.5,717,1,0.565188
4098,0.2,0.2,0.0,0.5,0.0,0.1,718,1,0.467704
4098,0.5,0.1,0.0,0.0,0.3,0.1,719,1,0.452596
4098,0.0,0.2,0.0,0.2,0.1,0.5,720,1,0.5094029999999999
4098,0.0,0.3,0.1,0.4,0.0,0.2,721,1,0.520459
4098,0.1,0.1,0.5,0.0,0.0,0.3,722,1,0.522425
4098,0.0,0.0,0.0,0.2,0.3,0.5,723,1,0.44833999999999996
4098,0.0,0.5,0.1,0.2,0.2,0.0,724,1,0.45952200000000004
4098,0.4,0.2,0.0,0.1,0.0,0.3,725,1,0.500232
4098,0.0,0.3,0.0,0.2,0.2,0.3,726,1,0.47094899999999995
4098,0.1,0.5,0.0,0.2,0.2,0.0,727,1,0.46256
4098,0.3,0.2,0.2,0.0,0.0,0.3,728,1,0.496733
4098,0.0,0.4,0.2,0.0,0.4,0.0,729,1,0.454952
4098,0.5,0.4,0.0,0.0,0.1,0.0,730,1,0.521084
4098,0.3,0.3,0.2,0.2,0.0,0.0,731,1,0.527311
4098,0.2,0.2,0.1,0.5,0.0,0.0,732,1,0.46811400000000003
4098,0.1,0.0,0.5,0.2,0.0,0.2,733,1,0.45980299999999996
4098,0.3,0.1,0.0,0.0,0.2,0.4,734,1,0.461347
4098,0.1,0.0,0.2,0.0,0.1,0.6,735,1,0.47695200000000004
4098,0.2,0.0,0.5,0.3,0.0,0.0,736,1,0.48640600000000006
4098,0.6,0.0,0.1,0.0,0.0,0.3,737,1,0.597196
4098,0.1,0.7,0.1,0.0,0.0,0.1,738,1,0.603494
4098,0.1,0.5,0.2,0.0,0.0,0.2,739,1,0.541405
4098,0.0,0.0,0.4,0.0,0.2,0.4,740,1,0.478828
4098,0.1,0.0,0.3,0.0,0.4,0.2,741,1,0.46323400000000003
4098,0.1,0.0,0.0,0.2,0.6,0.1,742,1,0.431151
4098,0.0,0.1,0.2,0.0,0.2,0.5,743,1,0.485195
4098,0.0,0.1,0.3,0.3,0.0,0.3,744,1,0.538464
4098,0.0,0.1,0.6,0.0,0.0,0.3,745,1,0.531878
4098,0.0,0.2,0.1,0.0,0.0,0.7,746,1,0.500536
4098,0.5,0.0,0.0,0.4,0.1,0.0,747,1,0.445716
4098,0.2,0.0,0.4,0.4,0.0,0.0,748,1,0.43700500000000003
4098,0.4,0.0,0.2,0.0,0.1,0.3,749,1,0.478563
4098,0.0,0.7,0.0,0.0,0.2,0.1,750,1,0.500193
4098,0.2,0.0,0.1,0.0,0.0,0.7,751,1,0.520714
4098,0.0,0.2,0.0,0.0,0.7,0.1,752,1,0.48333400000000004
4098,0.9,0.1,0.0,0.0,0.0,0.0,753,1,0.592546
4098,0.0,0.5,0.0,0.0,0.0,0.5,754,1,0.549953
4098,0.0,0.2,0.0,0.1,0.6,0.1,755,1,0.45335200000000003
4098,0.0,0.0,0.0,0.4,0.1,0.5,756,1,0.436964
4098,0.0,0.0,0.0,0.2,0.5,0.3,757,1,0.44813500000000006
4098,0.4,0.2,0.3,0.0,0.1,0.0,758,1,0.48776899999999995
4098,0.2,0.0,0.0,0.0,0.1,0.7,759,1,0.468922
4098,0.0,0.2,0.4,0.4,0.0,0.0,760,1,0.457049
4098,0.0,0.1,0.5,0.2,0.2,0.0,761,1,0.47964399999999996
4098,0.0,0.3,0.1,0.3,0.0,0.3,762,1,0.504957
4098,0.1,0.0,0.2,0.3,0.4,0.0,763,1,0.424012
4098,0.5,0.2,0.0,0.3,0.0,0.0,764,1,0.513822
4098,0.0,0.1,0.1,0.4,0.4,0.0,765,1,0.434154
4098,0.2,0.5,0.2,0.1,0.0,0.0,766,1,0.528608
4098,0.0,0.0,0.2,0.1,0.3,0.4,767,1,0.457349
4098,0.2,0.6,0.1,0.1,0.0,0.0,768,1,0.587707
4098,0.1,0.2,0.0,0.7,0.0,0.0,770,1,0.49085200000000007
4098,0.0,0.3,0.2,0.1,0.0,0.4,771,1,0.5857600000000001
4098,0.4,0.0,0.3,0.1,0.0,0.2,772,1,0.5496310000000001
4098,0.0,0.3,0.1,0.0,0.2,0.4,773,1,0.48943000000000003
4098,0.4,0.1,0.0,0.3,0.0,0.2,774,1,0.494349
4098,0.0,0.6,0.0,0.0,0.1,0.3,775,1,0.49188000000000004
4098,0.0,0.7,0.3,0.0,0.0,0.0,776,1,0.505228
4098,0.1,0.0,0.0,0.8,0.1,0.0,777,1,0.408578
4098,0.1,0.0,0.3,0.5,0.1,0.0,778,1,0.409148
4098,0.1,0.0,0.7,0.0,0.2,0.0,779,1,0.464955
4098,0.1,0.0,0.2,0.4,0.3,0.0,780,1,0.417817
4098,0.0,0.1,0.1,0.2,0.0,0.6,781,1,0.50908
4098,0.1,0.0,0.0,0.1,0.7,0.1,782,1,0.45024
4098,0.7,0.0,0.0,0.1,0.2,0.0,783,1,0.46201800000000004
4098,0.1,0.6,0.0,0.1,0.0,0.2,784,1,0.514219
4098,0.0,0.4,0.1,0.0,0.2,0.3,785,1,0.502514
4098,0.0,0.6,0.0,0.0,0.4,0.0,786,1,0.472787
4098,0.1,0.1,0.0,0.5,0.3,0.0,787,1,0.411412
4098,0.3,0.0,0.2,0.0,0.5,0.0,788,1,0.43925299999999995
4098,0.6,0.0,0.0,0.1,0.1,0.2,789,1,0.478548
4098,0.5,0.2,0.2,0.0,0.0,0.1,790,1,0.517159
4098,0.3,0.0,0.4,0.1,0.0,0.2,791,1,0.5077119999999999
4098,0.1,0.2,0.0,0.6,0.0,0.1,792,1,0.47999899999999995
4098,0.3,0.0,0.0,0.0,0.7,0.0,793,1,0.43920299999999995
4098,0.0,0.9,0.0,0.1,0.0,0.0,794,1,0.509632
4098,0.0,0.3,0.3,0.2,0.2,0.0,795,1,0.457708
4098,0.0,0.5,0.3,0.1,0.0,0.1,796,1,0.499291
4098,0.1,0.0,0.1,0.7,0.1,0.0,797,1,0.408617
4098,0.0,0.1,0.1,0.0,0.5,0.3,798,1,0.463754
4098,0.4,0.3,0.0,0.1,0.2,0.0,799,1,0.47069399999999995
4098,0.5,0.0,0.5,0.0,0.0,0.0,800,1,0.509016
4098,0.0,0.3,0.6,0.0,0.0,0.1,801,1,0.5459579999999999
4098,0.0,0.3,0.1,0.0,0.0,0.6,802,1,0.602445
4098,0.3,0.0,0.4,0.2,0.0,0.1,803,1,0.510877
4098,0.5,0.1,0.0,0.4,0.0,0.0,804,1,0.49135100000000004
4098,0.0,0.1,0.4,0.2,0.3,0.0,805,1,0.46614700000000003
4098,0.2,0.1,0.0,0.7,0.0,0.0,806,1,0.46483199999999997
4098,0.0,0.0,0.4,0.0,0.0,0.6,807,1,0.554321
4098,0.4,0.1,0.2,0.0,0.0,0.3,808,1,0.534818
4098,0.1,0.0,0.0,0.6,0.1,0.2,809,1,0.408403
4098,0.3,0.0,0.1,0.0,0.5,0.1,810,1,0.44501
4098,0.3,0.3,0.3,0.0,0.1,0.0,811,1,0.496461
4098,0.6,0.1,0.0,0.0,0.1,0.2,812,1,0.491515
4098,0.3,0.0,0.3,0.0,0.4,0.0,813,1,0.446957
4098,0.0,0.5,0.0,0.2,0.1,0.2,814,1,0.497446
4098,0.0,0.1,0.5,0.3,0.1,0.0,815,1,0.49862399999999996
4098,0.3,0.2,0.0,0.1,0.0,0.4,816,1,0.550004
4098,0.0,0.5,0.0,0.4,0.0,0.1,817,1,0.518564
4098,0.0,0.0,0.6,0.0,0.0,0.4,818,1,0.527806
4098,0.3,0.0,0.4,0.0,0.2,0.1,819,1,0.460538
4098,0.3,0.4,0.2,0.1,0.0,0.0,820,1,0.501062
4098,0.1,0.7,0.1,0.0,0.1,0.0,821,1,0.485313
4098,0.1,0.3,0.1,0.0,0.5,0.0,822,1,0.43778199999999995
4098,0.3,0.0,0.5,0.2,0.0,0.0,823,1,0.48390299999999997
4098,0.1,0.5,0.2,0.0,0.2,0.0,824,1,0.478513
4098,0.0,0.1,0.0,0.8,0.0,0.1,825,1,0.450966
4098,0.0,0.0,0.2,0.5,0.3,0.0,826,1,0.43898000000000004
4098,0.3,0.5,0.1,0.0,0.1,0.0,827,1,0.512421
4098,0.0,0.3,0.2,0.0,0.3,0.2,828,1,0.48858999999999997
4098,0.0,0.0,0.1,0.2,0.6,0.1,829,1,0.44510900000000003
4098,0.4,0.0,0.0,0.0,0.3,0.3,830,1,0.42557799999999996
4098,0.0,0.4,0.4,0.0,0.0,0.2,831,1,0.549142
4098,0.4,0.1,0.3,0.0,0.0,0.2,832,1,0.593065
4098,0.0,0.5,0.0,0.3,0.1,0.1,834,1,0.493875
4098,0.0,0.4,0.0,0.3,0.1,0.2,835,1,0.493093
4098,0.1,0.3,0.5,0.1,0.0,0.0,836,1,0.493119
4098,0.0,0.1,0.0,0.2,0.6,0.1,837,1,0.45710500000000004
4098,0.0,0.0,0.0,0.5,0.0,0.5,838,1,0.48134899999999997
4098,0.0,0.1,0.5,0.0,0.3,0.1,839,1,0.46503199999999995
4098,0.5,0.0,0.0,0.0,0.2,0.3,840,1,0.45379899999999995
4098,0.8,0.0,0.0,0.1,0.0,0.1,841,1,0.605721
4098,0.0,0.3,0.7,0.0,0.0,0.0,842,1,0.516292
4098,0.0,0.4,0.4,0.1,0.1,0.0,843,1,0.47985500000000003
4098,0.1,0.4,0.1,0.0,0.4,0.0,844,1,0.454883
4098,0.3,0.4,0.0,0.1,0.2,0.0,845,1,0.486441
4098,0.0,0.3,0.2,0.0,0.2,0.3,846,1,0.473354
4098,0.3,0.0,0.0,0.1,0.5,0.1,847,1,0.411908
4098,0.1,0.0,0.5,0.0,0.4,0.0,848,1,0.46140699999999996
4098,0.3,0.1,0.0,0.5,0.1,0.0,849,1,0.439237
4098,0.4,0.2,0.0,0.1,0.3,0.0,850,1,0.45993599999999996
4098,0.5,0.3,0.1,0.0,0.0,0.1,851,1,0.555124
4098,0.1,0.5,0.0,0.0,0.0,0.4,852,1,0.605036
4098,0.2,0.5,0.1,0.0,0.0,0.2,853,1,0.533317
4098,0.0,0.4,0.0,0.1,0.2,0.3,854,1,0.500426
4098,0.0,0.3,0.3,0.0,0.1,0.3,855,1,0.521598
4098,0.5,0.0,0.1,0.0,0.0,0.4,856,1,0.536975
4098,0.0,0.1,0.2,0.0,0.5,0.2,857,1,0.47949899999999995
4098,0.0,0.3,0.0,0.3,0.1,0.3,858,1,0.4938
4098,0.6,0.1,0.2,0.1,0.0,0.0,859,1,0.530307
4098,0.0,0.4,0.0,0.2,0.0,0.4,860,1,0.544235
4098,0.0,0.1,0.1,0.7,0.0,0.1,861,1,0.442644
4098,0.0,0.1,0.0,0.2,0.5,0.2,862,1,0.461366
4098,0.0,0.0,0.0,0.1,0.0,0.9,863,1,0.495938
4098,0.1,0.0,0.3,0.3,0.0,0.3,864,1,0.495827
4098,0.0,0.2,0.0,0.5,0.2,0.1,865,1,0.432921
4098,0.5,0.0,0.4,0.1,0.0,0.0,866,1,0.535274
4098,0.0,0.0,0.5,0.0,0.0,0.5,867,1,0.487533
4098,0.7,0.0,0.1,0.1,0.1,0.0,868,1,0.465442
4098,0.1,0.0,0.3,0.2,0.4,0.0,869,1,0.44210200000000005
4098,0.0,0.3,0.2,0.2,0.3,0.0,870,1,0.423832
4098,0.0,0.1,0.3,0.0,0.5,0.1,871,1,0.48935
4098,0.1,0.5,0.1,0.0,0.0,0.3,872,1,0.546976
4098,0.0,0.3,0.0,0.1,0.6,0.0,873,1,0.46726
4098,0.2,0.7,0.0,0.0,0.1,0.0,874,1,0.521835
4098,0.0,0.4,0.2,0.4,0.0,0.0,875,1,0.49709200000000003
4098,0.2,0.0,0.3,0.2,0.0,0.3,876,1,0.521716
4098,0.3,0.3,0.2,0.0,0.2,0.0,877,1,0.46453900000000004
4098,0.4,0.0,0.0,0.2,0.4,0.0,878,1,0.420998
4098,0.1,0.7,0.0,0.1,0.0,0.1,879,1,0.503825
4098,0.6,0.0,0.1,0.3,0.0,0.0,880,1,0.487551
4098,0.1,0.2,0.0,0.0,0.2,0.5,881,1,0.47899200000000003
4098,0.0,0.0,0.3,0.0,0.2,0.5,882,1,0.47858900000000004
4098,0.0,0.0,0.0,0.4,0.4,0.2,883,1,0.42749
4098,0.2,0.1,0.0,0.2,0.5,0.0,884,1,0.41429399999999994
4098,0.0,0.3,0.2,0.4,0.0,0.1,885,1,0.46557600000000005
4098,0.0,0.4,0.2,0.0,0.3,0.1,886,1,0.454847
4098,0.3,0.0,0.1,0.5,0.1,0.0,887,1,0.408781
4098,0.0,0.2,0.1,0.6,0.0,0.1,888,1,0.445846
4098,0.5,0.0,0.0,0.1,0.2,0.2,889,1,0.43808400000000003
4098,0.1,0.0,0.3,0.2,0.0,0.4,890,1,0.49011899999999997
4098,0.3,0.2,0.0,0.4,0.0,0.1,891,1,0.528977
4098,0.2,0.6,0.0,0.0,0.1,0.1,892,1,0.53382
4098,0.3,0.0,0.1,0.1,0.0,0.5,893,1,0.541431
4098,0.1,0.3,0.0,0.4,0.0,0.2,894,1,0.505796
4098,0.0,0.3,0.0,0.5,0.1,0.1,895,1,0.46350399999999997
4098,0.0,0.0,0.8,0.1,0.1,0.0,896,1,0.473441
4098,0.5,0.0,0.1,0.0,0.1,0.3,898,1,0.48639
4098,0.3,0.0,0.6,0.0,0.0,0.1,899,1,0.47521499999999994
4098,0.4,0.0,0.0,0.1,0.3,0.2,900,1,0.421684
4098,0.2,0.0,0.0,0.0,0.4,0.4,901,1,0.449902
4098,0.6,0.1,0.0,0.0,0.0,0.3,902,1,0.485658
4098,0.0,0.1,0.0,0.3,0.3,0.3,903,1,0.45647600000000005
4098,0.0,0.1,0.0,0.1,0.4,0.4,904,1,0.482912
4098,0.4,0.3,0.0,0.0,0.0,0.3,905,1,0.541176
4098,0.2,0.1,0.0,0.3,0.4,0.0,906,1,0.416917
4098,0.0,0.2,0.0,0.0,0.3,0.5,907,1,0.47521599999999997
4098,0.2,0.0,0.2,0.0,0.5,0.1,908,1,0.468264
4098,0.0,0.3,0.5,0.1,0.1,0.0,909,1,0.48437600000000003
4098,0.0,0.2,0.5,0.1,0.2,0.0,910,1,0.47859700000000005
4098,0.0,0.3,0.0,0.1,0.3,0.3,911,1,0.48940600000000006
4098,0.4,0.0,0.1,0.5,0.0,0.0,912,1,0.456586
4098,0.0,0.4,0.0,0.5,0.0,0.1,913,1,0.497564
4098,0.1,0.0,0.5,0.1,0.0,0.3,914,1,0.519543
4098,0.0,0.1,0.3,0.1,0.0,0.5,915,1,0.510935
4098,0.0,0.5,0.4,0.0,0.0,0.1,916,1,0.535658
4098,0.3,0.2,0.0,0.0,0.4,0.1,917,1,0.462154
4098,0.2,0.1,0.0,0.4,0.0,0.3,918,1,0.47547799999999996
4098,0.2,0.0,0.3,0.3,0.0,0.2,919,1,0.48998500000000006
4098,0.4,0.0,0.1,0.4,0.1,0.0,920,1,0.424937
4098,0.2,0.1,0.6,0.1,0.0,0.0,921,1,0.502792
4098,0.0,0.2,0.3,0.0,0.1,0.4,922,1,0.484411
4098,0.0,0.1,0.4,0.0,0.2,0.3,923,1,0.49333999999999995
4098,0.1,0.1,0.0,0.6,0.0,0.2,924,1,0.47032700000000005
4098,0.1,0.3,0.0,0.3,0.3,0.0,925,1,0.449329
4098,0.2,0.3,0.5,0.0,0.0,0.0,926,1,0.504704
4098,0.0,0.3,0.0,0.4,0.3,0.0,927,1,0.44709799999999994
4098,0.4,0.0,0.1,0.4,0.0,0.1,928,1,0.4509
4098,0.3,0.0,0.0,0.2,0.2,0.3,929,1,0.424566
4098,0.2,0.0,0.4,0.0,0.4,0.0,930,1,0.45021300000000003
4098,0.2,0.0,0.0,0.3,0.5,0.0,931,1,0.417707
4098,0.0,0.1,0.0,0.0,0.1,0.8,932,1,0.47444200000000003
4098,0.0,0.0,0.1,0.0,0.2,0.7,933,1,0.445429
4098,0.4,0.1,0.0,0.4,0.1,0.0,934,1,0.449981
4098,0.3,0.3,0.0,0.0,0.2,0.2,935,1,0.48845
4098,0.0,0.9,0.0,0.0,0.0,0.1,936,1,0.597589
4098,0.2,0.6,0.0,0.1,0.0,0.1,937,1,0.53693
4098,0.3,0.0,0.6,0.1,0.0,0.0,938,1,0.5188229999999999
4098,0.0,0.4,0.0,0.2,0.4,0.0,939,1,0.46337399999999995
4098,0.1,0.6,0.2,0.1,0.0,0.0,940,1,0.5283140000000001
4098,0.0,0.2,0.0,0.7,0.1,0.0,941,1,0.439241
4098,0.3,0.5,0.0,0.0,0.2,0.0,942,1,0.472404
4098,0.2,0.1,0.0,0.0,0.5,0.2,943,1,0.454692
4098,0.6,0.1,0.0,0.0,0.3,0.0,944,1,0.445884
4098,0.1,0.0,0.0,0.1,0.6,0.2,945,1,0.437312
4098,0.4,0.3,0.0,0.2,0.0,0.1,946,1,0.523359
4098,0.1,0.0,0.4,0.0,0.3,0.2,947,1,0.472041
4098,0.0,0.0,0.4,0.3,0.3,0.0,948,1,0.458434
4098,0.0,0.3,0.0,0.1,0.2,0.4,949,1,0.4977
4098,0.0,0.2,0.0,0.0,0.5,0.3,950,1,0.49129399999999995
4098,0.1,0.3,0.0,0.5,0.1,0.0,951,1,0.448696
4098,0.0,0.0,0.0,0.4,0.0,0.6,952,1,0.471992
4098,0.6,0.3,0.0,0.0,0.1,0.0,953,1,0.503406
4098,0.0,0.0,0.1,0.1,0.2,0.6,954,1,0.446402
4098,0.0,0.1,0.8,0.1,0.0,0.0,955,1,0.5010640000000001
4098,0.4,0.1,0.1,0.0,0.0,0.4,956,1,0.55525
4098,0.6,0.0,0.1,0.2,0.1,0.0,957,1,0.467058
4098,0.0,0.1,0.2,0.0,0.3,0.4,958,1,0.48812
4098,0.0,0.3,0.5,0.0,0.1,0.1,959,1,0.490296
4098,0.0,0.0,0.5,0.2,0.1,0.2,960,1,0.478054
4098,0.2,0.2,0.5,0.1,0.0,0.0,962,1,0.512795
4098,0.1,0.0,0.2,0.0,0.3,0.4,963,1,0.473196
4098,0.1,0.0,0.3,0.0,0.6,0.0,964,1,0.45176499999999997
4098,0.0,0.0,0.3,0.2,0.5,0.0,965,1,0.44058800000000004
4098,0.0,0.1,0.2,0.4,0.3,0.0,966,1,0.436353
4098,0.2,0.2,0.1,0.0,0.5,0.0,967,1,0.42618100000000003
4098,0.2,0.4,0.1,0.0,0.0,0.3,968,1,0.525688
4098,0.6,0.2,0.0,0.0,0.1,0.1,969,1,0.517212
4098,0.0,0.0,0.2,0.3,0.4,0.1,970,1,0.46513999999999994
4098,0.0,0.0,0.3,0.4,0.3,0.0,971,1,0.456818
4098,0.3,0.4,0.0,0.2,0.1,0.0,972,1,0.49445200000000006
4098,0.0,0.8,0.0,0.1,0.1,0.0,973,1,0.529201
4098,0.3,0.0,0.1,0.0,0.3,0.3,974,1,0.471412
4098,0.2,0.0,0.4,0.0,0.1,0.3,975,1,0.524108
4098,0.1,0.4,0.4,0.1,0.0,0.0,976,1,0.53047
4098,0.3,0.3,0.3,0.1,0.0,0.0,977,1,0.5718479999999999
4098,0.0,0.3,0.2,0.0,0.0,0.5,978,1,0.500758
4098,0.1,0.0,0.0,0.3,0.6,0.0,979,1,0.42414399999999997
4098,0.4,0.1,0.3,0.0,0.2,0.0,980,1,0.449788
4098,0.5,0.0,0.1,0.4,0.0,0.0,981,1,0.46732299999999993
4098,0.1,0.0,0.1,0.0,0.5,0.3,982,1,0.45759799999999995
4098,0.0,0.1,0.0,0.0,0.5,0.4,983,1,0.47344899999999995
4098,0.0,0.0,0.6,0.1,0.1,0.2,984,1,0.459879
4098,0.0,0.3,0.0,0.3,0.4,0.0,985,1,0.439296
4098,0.1,0.0,0.0,0.4,0.4,0.1,986,1,0.399748
4098,0.0,0.2,0.4,0.1,0.0,0.3,987,1,0.565711
4098,0.1,0.2,0.0,0.5,0.0,0.2,988,1,0.522698
4098,0.1,0.3,0.5,0.0,0.0,0.1,989,1,0.498584
4098,0.4,0.0,0.2,0.0,0.4,0.0,990,1,0.414382
4098,0.0,0.1,0.7,0.2,0.0,0.0,991,1,0.477709
4098,0.0,0.0,0.1,0.1,0.5,0.3,992,1,0.460338
4098,0.2,0.0,0.6,0.1,0.0,0.1,993,1,0.481595
4098,0.2,0.0,0.0,0.1,0.2,0.5,994,1,0.447088
4098,0.3,0.0,0.0,0.6,0.0,0.1,995,1,0.448748
4098,0.0,0.0,0.1,0.5,0.0,0.4,996,1,0.469278
4098,0.4,0.0,0.0,0.1,0.4,0.1,997,1,0.41097
4098,0.2,0.5,0.0,0.1,0.2,0.0,998,1,0.464912
4098,0.1,0.3,0.6,0.0,0.0,0.0,999,1,0.48874700000000004
4098,0.5,0.0,0.0,0.5,0.0,0.0,1000,1,0.474313
4098,0.0,0.1,0.1,0.0,0.3,0.5,1001,1,0.49058100000000004
4098,0.1,0.0,0.5,0.0,0.0,0.4,1002,1,0.530334
4098,0.0,0.0,0.1,0.4,0.3,0.2,1003,1,0.45537799999999995
4098,0.1,0.2,0.6,0.1,0.0,0.0,1004,1,0.526452
4098,0.2,0.3,0.0,0.1,0.0,0.4,1005,1,0.5079239999999999
4098,0.2,0.1,0.0,0.0,0.7,0.0,1006,1,0.43688999999999995
4098,0.0,0.0,0.0,0.0,0.6,0.4,1007,1,0.463213
4098,0.6,0.1,0.0,0.1,0.0,0.2,1008,1,0.489202
4098,0.2,0.0,0.0,0.7,0.1,0.0,1009,1,0.414342
4098,0.1,0.7,0.1,0.1,0.0,0.0,1010,1,0.543567
4098,0.0,0.0,0.0,0.1,0.5,0.4,1011,1,0.46101000000000003
4098,0.0,0.3,0.1,0.1,0.0,0.5,1012,1,0.5531229999999999
4098,0.5,0.0,0.2,0.3,0.0,0.0,1013,1,0.497863
4098,0.0,0.4,0.3,0.0,0.1,0.2,1014,1,0.507101
4098,0.1,0.4,0.0,0.2,0.0,0.3,1015,1,0.537926
4098,0.7,0.1,0.0,0.0,0.0,0.2,1016,1,0.535195
4098,0.6,0.4,0.0,0.0,0.0,0.0,1017,1,0.610908
4098,0.1,0.1,0.0,0.1,0.0,0.7,1018,1,0.5272439999999999
4098,0.0,0.3,0.4,0.0,0.1,0.2,1019,1,0.49463599999999996
4098,0.2,0.0,0.0,0.6,0.1,0.1,1020,1,0.40877800000000003
4098,0.1,0.0,0.0,0.7,0.2,0.0,1021,1,0.41309399999999996
4098,0.5,0.2,0.2,0.1,0.0,0.0,1022,1,0.516556
4098,0.0,0.0,0.1,0.4,0.1,0.4,1023,1,0.45231400000000005
4098,0.0,0.0,0.0,0.7,0.3,0.0,1024,1,0.432672
4098,0.0,0.5,0.0,0.0,0.2,0.3,1026,1,0.499188
4098,0.3,0.3,0.0,0.3,0.1,0.0,1027,1,0.48912700000000003
4098,0.1,0.2,0.6,0.0,0.1,0.0,1028,1,0.48511099999999996
4098,0.4,0.2,0.1,0.0,0.3,0.0,1029,1,0.451658
4098,0.5,0.0,0.0,0.0,0.5,0.0,1030,1,0.42795
4098,0.4,0.0,0.0,0.1,0.0,0.5,1031,1,0.4996
4098,0.1,0.1,0.7,0.0,0.1,0.0,1032,1,0.483124
4098,0.4,0.1,0.0,0.3,0.2,0.0,1033,1,0.441341
4098,0.5,0.0,0.0,0.0,0.3,0.2,1034,1,0.442521
4098,0.3,0.0,0.2,0.0,0.3,0.2,1035,1,0.46412700000000007
4098,0.0,0.1,0.0,0.1,0.6,0.2,1036,1,0.47096400000000005
4098,0.0,0.2,0.1,0.4,0.0,0.3,1037,1,0.517949
4098,0.2,0.5,0.1,0.0,0.2,0.0,1038,1,0.495788
4098,0.0,0.6,0.1,0.1,0.0,0.2,1039,1,0.482401
4098,0.0,0.3,0.4,0.0,0.3,0.0,1040,1,0.44591499999999995
4098,0.1,0.2,0.5,0.2,0.0,0.0,1041,1,0.495888
4098,0.0,0.1,0.0,0.4,0.2,0.3,1042,1,0.469196
4098,0.0,0.0,0.5,0.0,0.1,0.4,1043,1,0.475925
4098,0.0,0.0,0.0,0.5,0.5,0.0,1044,1,0.441375
4098,0.0,0.1,0.1,0.4,0.0,0.4,1045,1,0.49850500000000003
4098,0.1,0.0,0.1,0.2,0.0,0.6,1046,1,0.48795200000000005
4098,0.0,0.1,0.7,0.1,0.0,0.1,1047,1,0.48253500000000005
4098,0.0,0.1,0.5,0.0,0.4,0.0,1048,1,0.462591
4098,0.1,0.0,0.4,0.4,0.1,0.0,1049,1,0.42682
4098,0.0,0.3,0.0,0.3,0.3,0.1,1050,1,0.45224899999999996
4098,0.6,0.3,0.0,0.1,0.0,0.0,1051,1,0.507498
4098,0.1,0.2,0.0,0.3,0.0,0.4,1052,1,0.508717
4098,0.3,0.1,0.0,0.1,0.5,0.0,1053,1,0.42965299999999995
4098,0.1,0.0,0.0,0.3,0.1,0.5,1054,1,0.44176000000000004
4098,0.7,0.0,0.0,0.0,0.1,0.2,1055,1,0.48721899999999996
4098,0.5,0.0,0.1,0.2,0.0,0.2,1056,1,0.47192700000000004
4098,0.2,0.0,0.1,0.4,0.3,0.0,1057,1,0.406097
4098,0.0,0.2,0.4,0.1,0.3,0.0,1058,1,0.470087
4098,0.0,0.2,0.0,0.1,0.0,0.7,1059,1,0.49516099999999996
4098,0.3,0.0,0.4,0.0,0.3,0.0,1060,1,0.44230200000000003
4098,0.1,0.0,0.5,0.0,0.2,0.2,1061,1,0.459398
4098,0.0,0.0,0.0,0.1,0.1,0.8,1062,1,0.454967
4098,0.0,0.7,0.1,0.1,0.1,0.0,1063,1,0.47036400000000006
4098,0.1,0.0,0.0,0.2,0.7,0.0,1064,1,0.43473100000000003
4098,0.8,0.0,0.0,0.0,0.1,0.1,1065,1,0.5108779999999999
4098,0.3,0.4,0.0,0.0,0.0,0.3,1066,1,0.540503
4098,0.0,0.1,0.0,0.1,0.2,0.6,1067,1,0.475469
4098,0.1,0.0,0.2,0.2,0.0,0.5,1068,1,0.480712
4098,0.5,0.0,0.0,0.1,0.3,0.1,1069,1,0.427684
4098,0.0,0.1,0.1,0.0,0.6,0.2,1070,1,0.469992
4098,0.1,0.0,0.3,0.0,0.3,0.3,1071,1,0.486404
4098,0.4,0.3,0.1,0.0,0.2,0.0,1072,1,0.467242
4098,0.3,0.0,0.0,0.2,0.5,0.0,1073,1,0.409436
4098,0.0,0.6,0.3,0.0,0.1,0.0,1074,1,0.503807
4098,0.4,0.0,0.6,0.0,0.0,0.0,1075,1,0.500671
4098,0.0,0.2,0.1,0.7,0.0,0.0,1076,1,0.44583100000000003
4098,0.5,0.1,0.0,0.2,0.2,0.0,1077,1,0.457635
4098,0.0,0.0,0.4,0.3,0.2,0.1,1078,1,0.47780200000000006
4098,0.0,0.2,0.3,0.4,0.1,0.0,1079,1,0.444792
4098,0.1,0.0,0.0,0.0,0.8,0.1,1080,1,0.447006
4098,0.8,0.1,0.0,0.0,0.1,0.0,1081,1,0.496158
4098,0.2,0.3,0.0,0.1,0.4,0.0,1082,1,0.44594799999999996
4098,0.1,0.0,0.1,0.8,0.0,0.0,1083,1,0.436391
4098,0.0,0.0,0.6,0.4,0.0,0.0,1084,1,0.487257
4098,0.1,0.4,0.0,0.4,0.1,0.0,1085,1,0.48047399999999996
4098,0.1,0.0,0.2,0.0,0.2,0.5,1086,1,0.47959399999999996
4098,0.0,0.3,0.3,0.0,0.2,0.2,1087,1,0.497486
4098,0.1,0.4,0.0,0.1,0.0,0.4,1088,1,0.600978
4098,0.0,0.3,0.6,0.0,0.1,0.0,1090,1,0.484221
4098,0.2,0.1,0.4,0.3,0.0,0.0,1091,1,0.48252
4098,0.2,0.2,0.0,0.1,0.0,0.5,1092,1,0.528759
4098,0.0,0.2,0.2,0.1,0.0,0.5,1093,1,0.505875
4098,0.0,0.0,0.0,0.5,0.4,0.1,1094,1,0.405981
4098,0.5,0.0,0.2,0.1,0.0,0.2,1095,1,0.509306
4098,0.2,0.0,0.1,0.5,0.0,0.2,1096,1,0.446168
4098,0.2,0.3,0.0,0.5,0.0,0.0,1097,1,0.482447
4098,0.0,0.1,0.3,0.1,0.5,0.0,1098,1,0.47143199999999996
4098,0.3,0.2,0.0,0.2,0.0,0.3,1099,1,0.513513
4098,0.6,0.0,0.0,0.0,0.3,0.1,1100,1,0.455259
4098,0.2,0.4,0.0,0.0,0.1,0.3,1101,1,0.49922
4098,0.4,0.0,0.1,0.0,0.2,0.3,1102,1,0.454578
4098,0.5,0.0,0.1,0.0,0.4,0.0,1103,1,0.425834
4098,0.2,0.0,0.0,0.2,0.1,0.5,1104,1,0.442817
4098,0.0,0.2,0.1,0.1,0.0,0.6,1105,1,0.49687
4098,0.1,0.2,0.0,0.0,0.1,0.6,1106,1,0.49652700000000005
4098,0.0,0.2,0.1,0.0,0.2,0.5,1107,1,0.5054270000000001
4098,0.2,0.2,0.3,0.0,0.0,0.3,1108,1,0.492537
4098,0.0,0.0,0.3,0.3,0.1,0.3,1109,1,0.46627799999999997
4098,0.3,0.0,0.1,0.5,0.0,0.1,1110,1,0.43697299999999994
4098,0.0,0.3,0.2,0.3,0.0,0.2,1111,1,0.528957
4098,0.4,0.0,0.1,0.0,0.1,0.4,1112,1,0.46829
4098,0.0,0.0,0.1,0.3,0.0,0.6,1113,1,0.47390200000000005
4098,0.1,0.0,0.0,0.8,0.0,0.1,1114,1,0.43210600000000005
4098,0.2,0.0,0.1,0.5,0.2,0.0,1115,1,0.400957
4098,0.0,0.2,0.5,0.0,0.0,0.3,1116,1,0.574489
4098,0.5,0.4,0.1,0.0,0.0,0.0,1117,1,0.510469
4098,0.1,0.1,0.6,0.2,0.0,0.0,1118,1,0.491045
4098,0.0,0.4,0.0,0.1,0.4,0.1,1119,1,0.471919
4098,0.1,0.2,0.3,0.4,0.0,0.0,1120,1,0.46068400000000004
4098,0.3,0.0,0.1,0.0,0.0,0.6,1121,1,0.545826
4098,0.2,0.4,0.3,0.0,0.0,0.1,1122,1,0.507785
4098,0.0,0.1,0.0,0.4,0.1,0.4,1123,1,0.45290699999999995
4098,0.1,0.0,0.0,0.1,0.1,0.7,1124,1,0.436676
4098,0.5,0.1,0.1,0.0,0.3,0.0,1125,1,0.43891499999999994
4098,0.0,0.3,0.6,0.1,0.0,0.0,1126,1,0.47617600000000004
4098,0.0,0.2,0.1,0.0,0.1,0.6,1127,1,0.493514
4098,0.1,0.3,0.0,0.1,0.0,0.5,1128,1,0.538846
4098,0.5,0.1,0.2,0.0,0.0,0.2,1129,1,0.554534
4098,0.4,0.0,0.0,0.2,0.0,0.4,1130,1,0.46898999999999996
4098,0.0,0.6,0.2,0.1,0.0,0.1,1131,1,0.528231
4098,0.0,0.0,0.3,0.4,0.2,0.1,1132,1,0.475918
4098,0.0,0.1,0.2,0.2,0.5,0.0,1133,1,0.450136
4098,0.0,0.4,0.1,0.0,0.0,0.5,1134,1,0.5280590000000001
4098,0.3,0.2,0.4,0.0,0.0,0.1,1135,1,0.503302
4098,0.3,0.0,0.0,0.3,0.3,0.1,1136,1,0.396478
4098,0.0,0.0,0.0,0.0,0.5,0.5,1137,1,0.459117
4098,0.0,0.4,0.0,0.4,0.2,0.0,1138,1,0.47275100000000003
4098,0.2,0.5,0.3,0.0,0.0,0.0,1139,1,0.547272
4098,0.0,0.1,0.1,0.0,0.7,0.1,1140,1,0.47698500000000005
4098,0.0,0.5,0.2,0.0,0.0,0.3,1141,1,0.564045
4098,0.2,0.1,0.6,0.0,0.1,0.0,1142,1,0.494828
4098,0.1,0.7,0.2,0.0,0.0,0.0,1143,1,0.59982
4098,0.3,0.3,0.4,0.0,0.0,0.0,1144,1,0.586413
4098,0.0,0.0,0.5,0.2,0.0,0.3,1145,1,0.502236
4098,0.0,0.5,0.0,0.2,0.3,0.0,1146,1,0.480228
4098,0.3,0.2,0.3,0.2,0.0,0.0,1147,1,0.498245
4098,0.3,0.1,0.3,0.0,0.0,0.3,1148,1,0.5672699999999999
4098,0.0,0.6,0.1,0.0,0.0,0.3,1149,1,0.603965
4098,0.1,0.1,0.0,0.0,0.0,0.8,1150,1,0.556806
4098,0.2,0.3,0.0,0.0,0.2,0.3,1151,1,0.49678599999999995
4098,0.1,0.5,0.0,0.0,0.1,0.3,1152,1,0.508116
4098,0.0,0.1,0.0,0.6,0.0,0.3,1154,1,0.47920100000000004
4098,0.0,0.3,0.5,0.1,0.0,0.1,1155,1,0.49222899999999997
4098,0.2,0.0,0.0,0.2,0.5,0.1,1156,1,0.403891
4098,0.2,0.0,0.4,0.1,0.0,0.3,1157,1,0.552663
4098,0.3,0.0,0.7,0.0,0.0,0.0,1158,1,0.462502
4098,0.3,0.0,0.0,0.1,0.1,0.5,1159,1,0.457952
4098,0.2,0.4,0.0,0.4,0.0,0.0,1160,1,0.509047
4098,0.2,0.1,0.0,0.0,0.4,0.3,1161,1,0.46498
4098,0.1,0.5,0.1,0.3,0.0,0.0,1162,1,0.5054649999999999
4098,0.3,0.0,0.2,0.5,0.0,0.0,1163,1,0.43035
4098,0.0,0.5,0.1,0.0,0.4,0.0,1164,1,0.460187
4098,0.3,0.0,0.3,0.4,0.0,0.0,1165,1,0.43182
4098,0.1,0.0,0.0,0.2,0.0,0.7,1166,1,0.44911599999999996
4098,0.6,0.0,0.1,0.0,0.3,0.0,1167,1,0.431329
4098,0.2,0.0,0.0,0.4,0.1,0.3,1168,1,0.409771
4098,0.0,0.0,0.0,0.3,0.4,0.3,1169,1,0.443877
4098,0.0,0.3,0.1,0.0,0.3,0.3,1170,1,0.4802
4098,0.3,0.3,0.0,0.0,0.0,0.4,1171,1,0.51832
4098,0.1,0.0,0.0,0.1,0.2,0.6,1172,1,0.43717
4098,0.0,0.1,0.0,0.4,0.4,0.1,1173,1,0.416599
4098,0.4,0.0,0.0,0.3,0.0,0.3,1174,1,0.42700000000000005
4098,0.1,0.8,0.0,0.0,0.0,0.1,1175,1,0.5403439999999999
4098,0.2,0.0,0.0,0.3,0.1,0.4,1176,1,0.429015
4098,0.4,0.0,0.5,0.1,0.0,0.0,1177,1,0.45727299999999993
4098,0.6,0.1,0.2,0.0,0.0,0.1,1178,1,0.526927
4098,0.4,0.4,0.0,0.1,0.1,0.0,1179,1,0.5095189999999999
4098,0.3,0.2,0.0,0.5,0.0,0.0,1180,1,0.46816800000000003
4098,0.2,0.0,0.0,0.5,0.1,0.2,1181,1,0.414525
4098,0.6,0.0,0.0,0.4,0.0,0.0,1182,1,0.499395
4098,0.0,0.5,0.0,0.0,0.4,0.1,1183,1,0.474577
4098,0.1,0.0,0.0,0.0,0.0,0.9,1184,1,0.53188
4098,0.2,0.2,0.5,0.0,0.1,0.0,1185,1,0.501581
4098,0.0,0.0,0.2,0.2,0.3,0.3,1186,1,0.48588400000000004
4098,0.0,0.0,0.5,0.3,0.1,0.1,1187,1,0.476095
4098,0.0,0.0,0.0,0.4,0.6,0.0,1188,1,0.43968100000000004
4098,0.0,0.3,0.0,0.1,0.1,0.5,1189,1,0.474236
4098,0.4,0.0,0.1,0.3,0.2,0.0,1190,1,0.411892
4098,0.1,0.1,0.0,0.0,0.4,0.4,1191,1,0.47398999999999997
4098,0.0,0.1,0.3,0.4,0.0,0.2,1192,1,0.5108699999999999
4098,0.3,0.1,0.4,0.2,0.0,0.0,1193,1,0.48356099999999996
4098,0.0,0.1,0.6,0.0,0.3,0.0,1194,1,0.47327299999999994
4098,0.2,0.4,0.0,0.0,0.3,0.1,1195,1,0.484645
4098,0.0,0.5,0.2,0.0,0.2,0.1,1196,1,0.46876899999999994
4098,0.0,0.0,0.4,0.1,0.5,0.0,1197,1,0.44954099999999997
4098,0.2,0.0,0.5,0.0,0.3,0.0,1198,1,0.461768
4098,0.1,0.2,0.4,0.0,0.3,0.0,1199,1,0.44221099999999997
4098,0.0,0.0,0.1,0.6,0.0,0.3,1200,1,0.462387
4098,0.1,0.1,0.0,0.0,0.7,0.1,1201,1,0.464091
4098,0.1,0.0,0.3,0.1,0.0,0.5,1202,1,0.5029520000000001
4098,0.2,0.1,0.4,0.0,0.0,0.3,1203,1,0.568155
4098,0.0,0.0,0.2,0.6,0.1,0.1,1204,1,0.458995
4098,0.1,0.6,0.0,0.0,0.0,0.3,1205,1,0.5690569999999999
4098,0.1,0.0,0.5,0.1,0.3,0.0,1206,1,0.46767
4098,0.0,0.0,0.4,0.1,0.0,0.5,1207,1,0.524717
4098,0.0,0.5,0.1,0.1,0.0,0.3,1208,1,0.56723
4098,0.3,0.0,0.2,0.2,0.0,0.3,1209,1,0.490649
4098,0.0,0.0,0.1,0.8,0.0,0.1,1210,1,0.44095
4098,0.2,0.0,0.0,0.1,0.5,0.2,1211,1,0.41846300000000003
4098,0.0,0.0,0.3,0.5,0.1,0.1,1212,1,0.471811
4098,0.1,0.4,0.2,0.0,0.3,0.0,1213,1,0.46681300000000003
4098,0.2,0.1,0.2,0.0,0.5,0.0,1214,1,0.438111
4098,0.1,0.1,0.0,0.3,0.5,0.0,1215,1,0.42053
4098,0.1,0.3,0.0,0.0,0.3,0.3,1216,1,0.484863
4098,0.3,0.2,0.2,0.0,0.3,0.0,1218,1,0.450669
4098,0.1,0.3,0.2,0.4,0.0,0.0,1219,1,0.47998500000000005
4098,0.0,0.0,0.5,0.1,0.4,0.0,1220,1,0.448204
4098,0.4,0.2,0.4,0.0,0.0,0.0,1221,1,0.5233
4098,0.0,0.0,0.0,0.4,0.2,0.4,1222,1,0.43536
4098,0.0,0.2,0.0,0.7,0.0,0.1,1223,1,0.478105
4098,0.9,0.0,0.0,0.1,0.0,0.0,1224,1,0.5580579999999999
4098,0.0,0.0,0.1,0.2,0.2,0.5,1225,1,0.462372
4098,0.0,0.0,0.3,0.3,0.0,0.4,1226,1,0.462413
4098,0.2,0.0,0.1,0.6,0.1,0.0,1227,1,0.39981500000000003
4098,0.1,0.0,0.1,0.5,0.0,0.3,1228,1,0.459129
4098,0.0,0.1,0.5,0.0,0.2,0.2,1229,1,0.49451999999999996
4098,0.0,0.0,0.1,0.0,0.0,0.9,1230,1,0.5451090000000001
4098,0.0,0.0,0.1,0.2,0.0,0.7,1231,1,0.466196
4098,0.2,0.4,0.1,0.0,0.3,0.0,1232,1,0.446244
4098,0.1,0.7,0.0,0.0,0.2,0.0,1233,1,0.45988500000000004
4098,0.0,0.3,0.2,0.1,0.4,0.0,1234,1,0.434287
4098,0.5,0.3,0.0,0.2,0.0,0.0,1235,1,0.49626400000000004
4098,0.0,0.1,0.2,0.5,0.2,0.0,1236,1,0.42889799999999995
4098,0.3,0.2,0.0,0.0,0.0,0.5,1237,1,0.47193999999999997
4098,0.3,0.0,0.0,0.3,0.2,0.2,1238,1,0.40573200000000004
4098,0.2,0.4,0.3,0.0,0.1,0.0,1239,1,0.500405
4098,0.0,0.0,0.3,0.0,0.7,0.0,1240,1,0.44762799999999997
4098,0.1,0.0,0.2,0.5,0.2,0.0,1241,1,0.40609
4098,0.3,0.0,0.0,0.2,0.1,0.4,1242,1,0.452192
4098,0.2,0.3,0.3,0.0,0.0,0.2,1243,1,0.5252439999999999
4098,0.3,0.0,0.0,0.0,0.5,0.2,1244,1,0.42970200000000003
4098,0.2,0.3,0.0,0.3,0.2,0.0,1245,1,0.45292899999999997
4098,0.1,0.2,0.0,0.6,0.1,0.0,1246,1,0.434332
4098,0.1,0.1,0.4,0.0,0.4,0.0,1247,1,0.46891400000000005
4098,0.1,0.1,0.6,0.0,0.0,0.2,1248,1,0.557702
4098,0.3,0.5,0.2,0.0,0.0,0.0,1249,1,0.55606
4098,0.4,0.0,0.3,0.0,0.1,0.2,1250,1,0.495174
4098,0.5,0.1,0.0,0.2,0.0,0.2,1251,1,0.486887
4098,0.0,0.1,0.1,0.5,0.3,0.0,1252,1,0.423609
4098,0.0,0.1,0.0,0.2,0.0,0.7,1253,1,0.5159090000000001
4098,0.1,0.0,0.0,0.0,0.1,0.8,1254,1,0.46158599999999994
4098,0.1,0.3,0.2,0.0,0.4,0.0,1255,1,0.428476
4098,0.0,0.2,0.1,0.5,0.2,0.0,1256,1,0.413249
4098,0.1,0.2,0.0,0.1,0.6,0.0,1257,1,0.438249
4098,0.4,0.0,0.1,0.0,0.3,0.2,1258,1,0.436525
4098,0.2,0.0,0.1,0.7,0.0,0.0,1259,1,0.432812
4098,0.0,0.0,0.3,0.1,0.4,0.2,1260,1,0.469879
4098,0.1,0.0,0.1,0.3,0.0,0.5,1261,1,0.467538
4098,0.3,0.0,0.1,0.1,0.5,0.0,1262,1,0.41229899999999997
4098,0.2,0.0,0.2,0.0,0.3,0.3,1263,1,0.465658
4098,0.0,0.3,0.3,0.1,0.3,0.0,1264,1,0.43205200000000005
4098,0.1,0.2,0.0,0.0,0.3,0.4,1265,1,0.467141
4098,0.0,0.1,0.3,0.0,0.2,0.4,1266,1,0.485951
4098,0.5,0.0,0.1,0.3,0.1,0.0,1267,1,0.44736499999999996
4098,0.0,0.1,0.4,0.0,0.4,0.1,1268,1,0.493339
4098,0.2,0.2,0.1,0.0,0.0,0.5,1269,1,0.57211
4098,0.1,0.0,0.4,0.2,0.3,0.0,1270,1,0.455021
4098,0.0,0.3,0.3,0.4,0.0,0.0,1271,1,0.47334499999999996
4098,0.0,0.7,0.0,0.0,0.1,0.2,1272,1,0.500725
4098,0.2,0.0,0.3,0.0,0.4,0.1,1273,1,0.466967
4098,0.0,0.0,0.2,0.5,0.1,0.2,1274,1,0.465974
4098,0.1,0.6,0.0,0.2,0.1,0.0,1275,1,0.519467
4098,0.0,0.4,0.3,0.3,0.0,0.0,1276,1,0.528556
4098,0.4,0.2,0.1,0.0,0.0,0.3,1277,1,0.5324840000000001
4098,0.1,0.0,0.0,0.6,0.3,0.0,1278,1,0.413204
4098,0.5,0.1,0.0,0.0,0.2,0.2,1279,1,0.45288900000000004
4098,0.2,0.0,0.2,0.0,0.1,0.5,1280,1,0.48649899999999996
4098,0.4,0.0,0.2,0.0,0.3,0.1,1282,1,0.44309
4098,0.7,0.0,0.1,0.0,0.1,0.1,1283,1,0.476937
4098,0.2,0.0,0.0,0.5,0.2,0.1,1284,1,0.406817
4098,0.0,0.4,0.0,0.1,0.3,0.2,1285,1,0.49228
4098,0.5,0.0,0.2,0.2,0.0,0.1,1286,1,0.494507
4098,0.0,0.5,0.4,0.0,0.1,0.0,1287,1,0.486699
4098,0.3,0.1,0.2,0.4,0.0,0.0,1288,1,0.471974
4098,0.1,0.2,0.1,0.0,0.0,0.6,1289,1,0.506679
4098,0.3,0.0,0.0,0.2,0.3,0.2,1290,1,0.413188
4098,0.1,0.0,0.3,0.5,0.0,0.1,1291,1,0.442572
4098,0.1,0.5,0.1,0.0,0.3,0.0,1292,1,0.450863
4098,0.0,0.5,0.4,0.1,0.0,0.0,1293,1,0.495561
4098,0.2,0.0,0.0,0.1,0.0,0.7,1294,1,0.525937
4098,0.0,0.4,0.6,0.0,0.0,0.0,1295,1,0.48839099999999996
4098,0.1,0.0,0.0,0.2,0.3,0.4,1296,1,0.45131099999999996
4098,0.0,0.4,0.0,0.0,0.0,0.6,1297,1,0.48935100000000004
4098,0.0,0.4,0.1,0.0,0.1,0.4,1298,1,0.49226899999999996
4098,0.3,0.2,0.4,0.0,0.1,0.0,1299,1,0.472725
4098,0.2,0.0,0.0,0.3,0.4,0.1,1300,1,0.40061399999999997
4098,0.0,0.2,0.3,0.3,0.2,0.0,1301,1,0.455603
4098,0.0,0.2,0.2,0.5,0.1,0.0,1302,1,0.420266
4098,0.3,0.1,0.1,0.5,0.0,0.0,1303,1,0.46852200000000005
4098,0.2,0.2,0.5,0.0,0.0,0.1,1304,1,0.580788
4098,0.3,0.5,0.0,0.0,0.0,0.2,1305,1,0.5917180000000001
4098,0.4,0.3,0.0,0.0,0.1,0.2,1306,1,0.508121
4098,0.4,0.0,0.3,0.0,0.0,0.3,1307,1,0.528633
4098,0.1,0.4,0.0,0.0,0.3,0.2,1308,1,0.47057200000000005
4098,0.7,0.0,0.2,0.1,0.0,0.0,1309,1,0.504437
4098,0.0,0.0,0.1,0.4,0.4,0.1,1310,1,0.448029
4098,0.2,0.1,0.0,0.5,0.0,0.2,1311,1,0.464397
4098,0.4,0.4,0.1,0.0,0.0,0.1,1312,1,0.547557
4098,0.1,0.4,0.5,0.0,0.0,0.0,1313,1,0.557763
4098,0.4,0.0,0.3,0.2,0.1,0.0,1314,1,0.446568
4098,0.1,0.0,0.7,0.1,0.0,0.1,1315,1,0.46381400000000006
4098,0.1,0.0,0.0,0.9,0.0,0.0,1316,1,0.438493
4098,0.0,0.0,0.5,0.0,0.3,0.2,1317,1,0.47639499999999996
4098,0.0,0.2,0.1,0.0,0.6,0.1,1318,1,0.478274
4098,0.3,0.0,0.0,0.4,0.3,0.0,1319,1,0.405911
4098,0.2,0.0,0.0,0.3,0.2,0.3,1320,1,0.402616
4098,0.3,0.4,0.1,0.2,0.0,0.0,1321,1,0.51045
4098,0.0,0.3,0.0,0.0,0.3,0.4,1322,1,0.500271
4098,0.0,0.6,0.0,0.1,0.2,0.1,1323,1,0.46840299999999996
4098,0.4,0.0,0.0,0.1,0.1,0.4,1324,1,0.45293199999999995
4098,0.0,0.1,0.0,0.2,0.1,0.6,1325,1,0.47056000000000003
4098,0.1,0.2,0.0,0.3,0.4,0.0,1326,1,0.42045
4098,0.0,0.2,0.3,0.1,0.0,0.4,1327,1,0.521837
4098,0.4,0.0,0.0,0.5,0.0,0.1,1328,1,0.457475
4098,0.1,0.0,0.0,0.2,0.5,0.2,1329,1,0.417116
4098,0.2,0.3,0.1,0.0,0.0,0.4,1330,1,0.508548
4098,0.0,0.0,0.1,0.9,0.0,0.0,1331,1,0.464189
4098,0.5,0.1,0.3,0.1,0.0,0.0,1332,1,0.583084
4098,0.0,0.4,0.1,0.3,0.0,0.2,1333,1,0.567367
4098,0.2,0.3,0.0,0.0,0.0,0.5,1334,1,0.576969
4098,0.1,0.3,0.5,0.0,0.1,0.0,1335,1,0.49710200000000004
4098,0.2,0.0,0.5,0.1,0.2,0.0,1336,1,0.46683199999999997
4098,0.3,0.4,0.2,0.0,0.1,0.0,1337,1,0.5004270000000001
4098,0.0,0.0,0.2,0.4,0.4,0.0,1338,1,0.44117
4098,0.0,0.3,0.1,0.2,0.0,0.4,1339,1,0.551421
4098,0.1,0.0,0.4,0.4,0.0,0.1,1340,1,0.445456
4098,0.0,0.6,0.0,0.1,0.1,0.2,1341,1,0.49359899999999995
4098,0.3,0.1,0.2,0.0,0.4,0.0,1342,1,0.433958
4098,0.3,0.0,0.3,0.0,0.3,0.1,1343,1,0.451917
4098,0.4,0.0,0.0,0.4,0.2,0.0,1344,1,0.42443400000000003
4098,0.4,0.3,0.0,0.0,0.3,0.0,1346,1,0.47780600000000006
4098,0.0,0.8,0.1,0.1,0.0,0.0,1347,1,0.580339
4098,0.0,0.3,0.1,0.0,0.1,0.5,1348,1,0.476338
4098,0.1,0.1,0.3,0.5,0.0,0.0,1349,1,0.424242
4098,0.0,0.2,0.2,0.1,0.5,0.0,1350,1,0.454038
4098,0.2,0.0,0.0,0.0,0.3,0.5,1351,1,0.455716
4098,0.0,0.1,0.3,0.0,0.1,0.5,1352,1,0.494784
4098,0.0,0.4,0.0,0.5,0.1,0.0,1353,1,0.475203
4098,0.6,0.1,0.3,0.0,0.0,0.0,1354,1,0.5818979999999999
4098,0.1,0.1,0.5,0.3,0.0,0.0,1355,1,0.464074
4098,0.0,0.0,0.1,0.0,0.3,0.6,1356,1,0.44207399999999997
4098,0.0,0.7,0.0,0.1,0.2,0.0,1357,1,0.47016899999999995
4098,0.6,0.2,0.1,0.1,0.0,0.0,1358,1,0.505074
4098,0.0,0.0,0.3,0.0,0.3,0.4,1359,1,0.483757
4098,0.6,0.0,0.4,0.0,0.0,0.0,1360,1,0.48208500000000004
4098,0.1,0.0,0.2,0.6,0.1,0.0,1361,1,0.407738
4098,0.1,0.1,0.0,0.1,0.7,0.0,1362,1,0.45029300000000005
4098,0.0,0.0,0.3,0.4,0.1,0.2,1363,1,0.48019799999999996
4098,0.5,0.1,0.2,0.0,0.2,0.0,1364,1,0.467395
4098,0.6,0.0,0.3,0.0,0.1,0.0,1365,1,0.49206700000000003
4098,0.0,0.7,0.2,0.1,0.0,0.0,1366,1,0.514893
4098,0.1,0.1,0.8,0.0,0.0,0.0,1367,1,0.523153
4098,0.2,0.4,0.0,0.3,0.0,0.1,1368,1,0.522989
4098,0.5,0.2,0.0,0.2,0.0,0.1,1369,1,0.513542
4098,0.3,0.1,0.0,0.3,0.3,0.0,1370,1,0.426196
4098,0.1,0.0,0.1,0.6,0.0,0.2,1371,1,0.452266
4098,0.0,0.0,0.4,0.1,0.1,0.4,1372,1,0.482687
4098,0.1,0.0,0.5,0.0,0.1,0.3,1373,1,0.49986499999999995
4098,0.1,0.0,0.0,0.3,0.2,0.4,1374,1,0.43553500000000006
4098,0.3,0.0,0.2,0.1,0.4,0.0,1375,1,0.42656099999999997
4098,0.1,0.1,0.0,0.7,0.0,0.1,1376,1,0.47343500000000005
4098,0.4,0.1,0.4,0.1,0.0,0.0,1377,1,0.501598
4098,0.2,0.1,0.3,0.0,0.4,0.0,1378,1,0.45270699999999997
4098,0.1,0.0,0.6,0.0,0.3,0.0,1379,1,0.46162200000000003
4098,0.1,0.0,0.1,0.3,0.5,0.0,1380,1,0.42329799999999995
4098,0.3,0.1,0.0,0.2,0.4,0.0,1381,1,0.428354
4098,0.3,0.6,0.1,0.0,0.0,0.0,1382,1,0.490725
4098,0.2,0.4,0.0,0.1,0.3,0.0,1383,1,0.45217799999999997
4098,0.1,0.0,0.0,0.2,0.4,0.3,1384,1,0.435501
4098,0.0,0.4,0.1,0.2,0.3,0.0,1385,1,0.448409
4098,0.4,0.0,0.3,0.2,0.0,0.1,1386,1,0.48457100000000003
4098,0.1,0.3,0.0,0.1,0.5,0.0,1387,1,0.44520200000000004
4098,0.0,0.2,0.2,0.0,0.1,0.5,1388,1,0.513825
4098,0.1,0.5,0.0,0.1,0.0,0.3,1389,1,0.502012
4098,0.1,0.3,0.0,0.0,0.6,0.0,1390,1,0.44293699999999997
4098,0.5,0.3,0.0,0.0,0.0,0.2,1391,1,0.521134
4098,0.5,0.0,0.2,0.0,0.2,0.1,1392,1,0.45532799999999995
4098,0.0,0.0,0.8,0.1,0.0,0.1,1393,1,0.469207
4098,0.0,0.0,0.9,0.1,0.0,0.0,1394,1,0.449692
4098,0.4,0.0,0.0,0.1,0.5,0.0,1395,1,0.42937600000000004
4098,0.6,0.0,0.0,0.2,0.1,0.1,1396,1,0.481756
4098,0.0,0.3,0.5,0.0,0.2,0.0,1397,1,0.479192
4098,0.4,0.0,0.1,0.1,0.0,0.4,1398,1,0.548932
4098,0.1,0.6,0.2,0.0,0.1,0.0,1399,1,0.519994
4098,0.0,0.1,0.1,0.1,0.7,0.0,1400,1,0.46624799999999994
4098,0.0,0.5,0.1,0.3,0.1,0.0,1401,1,0.502903
4098,0.0,0.7,0.1,0.0,0.1,0.1,1402,1,0.535806
4098,0.3,0.3,0.1,0.3,0.0,0.0,1403,1,0.5529390000000001
4098,0.0,0.1,0.0,0.0,0.0,0.9,1404,1,0.531608
4098,0.2,0.1,0.1,0.0,0.6,0.0,1405,1,0.433687
4098,0.0,0.5,0.0,0.1,0.4,0.0,1406,1,0.461521
4098,0.6,0.1,0.2,0.0,0.1,0.0,1407,1,0.48865600000000003
4098,0.1,0.0,0.4,0.2,0.0,0.3,1408,1,0.523482
4098,0.0,0.0,0.2,0.0,0.4,0.4,1410,1,0.46739899999999995
4098,0.1,0.0,0.1,0.0,0.0,0.8,1411,1,0.5011180000000001
4098,0.1,0.0,0.0,0.4,0.2,0.3,1412,1,0.410571
4098,0.2,0.3,0.0,0.0,0.5,0.0,1413,1,0.44574899999999995
4098,0.2,0.0,0.0,0.2,0.3,0.3,1414,1,0.42975399999999997
4098,0.0,0.0,0.4,0.0,0.1,0.5,1415,1,0.483008
4098,0.3,0.0,0.1,0.3,0.0,0.3,1416,1,0.44515600000000005
4098,0.0,0.0,0.0,0.9,0.0,0.1,1417,1,0.45383999999999997
4098,0.1,0.3,0.3,0.0,0.0,0.3,1418,1,0.520054
4098,0.0,0.0,0.2,0.3,0.5,0.0,1419,1,0.45063000000000003
4098,0.1,0.2,0.0,0.0,0.0,0.7,1420,1,0.5009899999999999
4098,0.0,0.1,0.1,0.0,0.1,0.7,1421,1,0.48911400000000005
4098,0.1,0.6,0.1,0.0,0.0,0.2,1422,1,0.502616
4098,0.0,0.0,0.3,0.2,0.1,0.4,1423,1,0.48660699999999996
4098,0.0,0.0,0.3,0.5,0.2,0.0,1424,1,0.45676000000000005
4098,0.0,0.2,0.2,0.3,0.0,0.3,1425,1,0.492961
4098,0.2,0.6,0.1,0.0,0.1,0.0,1426,1,0.5135149999999999
4098,0.0,0.1,0.3,0.5,0.0,0.1,1427,1,0.49366800000000005
4098,0.2,0.4,0.3,0.1,0.0,0.0,1428,1,0.546948
4098,0.0,0.1,0.0,0.0,0.7,0.2,1429,1,0.481109
4098,0.1,0.0,0.1,0.0,0.1,0.7,1430,1,0.479721
4098,0.0,0.9,0.0,0.0,0.1,0.0,1431,1,0.515008
4098,0.1,0.2,0.0,0.4,0.3,0.0,1432,1,0.434116
4098,0.0,0.4,0.0,0.0,0.5,0.1,1433,1,0.469311
4098,0.3,0.0,0.0,0.4,0.1,0.2,1434,1,0.423054
4098,0.2,0.3,0.0,0.0,0.3,0.2,1435,1,0.465164
4098,0.0,0.2,0.5,0.2,0.0,0.1,1436,1,0.5115069999999999
4098,0.2,0.5,0.0,0.0,0.0,0.3,1437,1,0.5060100000000001
4098,0.0,0.2,0.4,0.0,0.1,0.3,1438,1,0.519986
4098,0.1,0.7,0.0,0.1,0.1,0.0,1439,1,0.4753
4098,0.0,0.7,0.1,0.0,0.2,0.0,1440,1,0.491332
4098,0.3,0.0,0.0,0.5,0.1,0.1,1441,1,0.42264399999999996
4098,0.0,0.1,0.4,0.4,0.1,0.0,1442,1,0.48104399999999997
4098,0.4,0.0,0.2,0.0,0.0,0.4,1443,1,0.590939
4098,0.2,0.0,0.3,0.1,0.0,0.4,1444,1,0.521567
4098,0.4,0.3,0.0,0.3,0.0,0.0,1445,1,0.511536
4098,0.0,0.3,0.0,0.0,0.7,0.0,1446,1,0.465296
4098,0.0,0.1,0.0,0.1,0.1,0.7,1447,1,0.476245
4098,0.3,0.2,0.5,0.0,0.0,0.0,1448,1,0.495733
4098,0.1,0.0,0.4,0.5,0.0,0.0,1449,1,0.432993
4098,0.0,0.0,0.2,0.3,0.1,0.4,1450,1,0.469504
4098,0.4,0.2,0.1,0.3,0.0,0.0,1451,1,0.49518999999999996
4098,0.0,0.3,0.0,0.5,0.0,0.2,1452,1,0.484732
4098,0.1,0.0,0.4,0.0,0.4,0.1,1453,1,0.479321
4098,0.1,0.2,0.0,0.0,0.5,0.2,1454,1,0.48044799999999993
4098,0.5,0.2,0.0,0.1,0.2,0.0,1455,1,0.474566
4098,0.5,0.0,0.0,0.2,0.3,0.0,1456,1,0.430465
4098,0.5,0.4,0.0,0.1,0.0,0.0,1457,1,0.47816899999999996
4098,0.4,0.0,0.2,0.3,0.0,0.1,1458,1,0.476916
4098,0.0,0.3,0.1,0.0,0.5,0.1,1459,1,0.479419
4098,0.2,0.3,0.3,0.2,0.0,0.0,1460,1,0.528134
4098,0.1,0.2,0.4,0.0,0.0,0.3,1461,1,0.552087
4098,0.3,0.1,0.0,0.0,0.0,0.6,1462,1,0.5433140000000001
4098,0.0,0.5,0.0,0.5,0.0,0.0,1463,1,0.52509
4098,0.0,0.3,0.2,0.0,0.5,0.0,1464,1,0.452564
4098,0.0,0.0,0.4,0.3,0.1,0.2,1465,1,0.486332
4098,0.2,0.4,0.0,0.0,0.4,0.0,1466,1,0.46879499999999996
4098,0.0,0.0,0.6,0.0,0.3,0.1,1467,1,0.481084
4098,0.1,0.5,0.3,0.0,0.1,0.0,1468,1,0.499096
4098,0.0,0.2,0.0,0.1,0.1,0.6,1469,1,0.49954799999999994
4098,0.7,0.0,0.0,0.1,0.1,0.1,1470,1,0.472995
4098,0.0,0.2,0.1,0.1,0.6,0.0,1471,1,0.44854399999999994
4098,0.2,0.0,0.6,0.1,0.1,0.0,1472,1,0.47337799999999997
4098,0.0,0.2,0.0,0.4,0.1,0.3,1474,1,0.44526800000000005
4098,0.0,0.2,0.6,0.1,0.1,0.0,1475,1,0.471355
4098,0.4,0.0,0.0,0.5,0.1,0.0,1476,1,0.43850900000000004
4098,0.0,0.1,0.5,0.2,0.0,0.2,1477,1,0.47906000000000004
4098,0.1,0.6,0.0,0.0,0.3,0.0,1478,1,0.471346
4098,0.0,0.0,0.0,0.0,0.1,0.9,1479,1,0.464222
4098,0.4,0.0,0.1,0.1,0.4,0.0,1480,1,0.418745
4098,0.7,0.0,0.0,0.2,0.0,0.1,1481,1,0.475649
4098,0.2,0.0,0.3,0.4,0.1,0.0,1482,1,0.418691
4098,0.1,0.7,0.0,0.0,0.1,0.1,1483,1,0.510584
4098,0.0,0.7,0.0,0.0,0.3,0.0,1484,1,0.4813
4098,0.0,0.8,0.1,0.0,0.0,0.1,1485,1,0.49803500000000006
4098,0.0,0.1,0.0,0.3,0.2,0.4,1486,1,0.480842
4098,0.4,0.6,0.0,0.0,0.0,0.0,1487,1,0.487651
4098,0.0,0.4,0.1,0.3,0.2,0.0,1488,1,0.440611
4098,0.3,0.0,0.0,0.3,0.1,0.3,1489,1,0.42655699999999996
4098,0.6,0.0,0.3,0.0,0.0,0.1,1490,1,0.5173909999999999
4098,0.1,0.0,0.2,0.1,0.0,0.6,1491,1,0.505205
4098,0.1,0.2,0.0,0.1,0.0,0.6,1492,1,0.549608
4098,0.4,0.0,0.4,0.0,0.2,0.0,1493,1,0.450942
4098,0.1,0.4,0.3,0.0,0.2,0.0,1494,1,0.46963599999999994
4098,0.5,0.2,0.1,0.0,0.0,0.2,1495,1,0.5270100000000001
4098,0.0,0.3,0.0,0.1,0.5,0.1,1496,1,0.462445
4098,0.0,0.0,0.4,0.4,0.2,0.0,1497,1,0.46899700000000005
4098,0.4,0.0,0.1,0.0,0.4,0.1,1498,1,0.430109
4098,0.0,0.1,0.0,0.4,0.5,0.0,1499,1,0.43876099999999996
4098,0.0,0.2,0.3,0.0,0.0,0.5,1500,1,0.52394
4098,0.0,0.0,0.3,0.1,0.6,0.0,1501,1,0.45594799999999996
4098,0.0,0.0,0.2,0.1,0.0,0.7,1502,1,0.453975
4098,0.1,0.0,0.1,0.5,0.3,0.0,1503,1,0.420067
4098,0.0,0.1,0.0,0.0,0.8,0.1,1504,1,0.46890699999999996
4098,0.2,0.4,0.4,0.0,0.0,0.0,1505,1,0.523962
4098,0.0,0.1,0.3,0.2,0.0,0.4,1506,1,0.53308
4098,0.0,0.3,0.4,0.0,0.0,0.3,1507,1,0.54773
4098,0.0,0.0,0.3,0.1,0.5,0.1,1508,1,0.478396
4098,0.0,0.6,0.0,0.3,0.1,0.0,1509,1,0.510962
4098,0.7,0.1,0.0,0.1,0.0,0.1,1510,1,0.5330779999999999
4098,0.0,0.3,0.5,0.0,0.0,0.2,1511,1,0.539864
4098,0.0,0.0,0.0,0.7,0.0,0.3,1512,1,0.46585600000000005
4098,0.0,0.4,0.0,0.3,0.3,0.0,1513,1,0.46570900000000004
4098,0.1,0.0,0.0,0.1,0.5,0.3,1514,1,0.45028500000000005
4098,0.1,0.0,0.3,0.1,0.5,0.0,1515,1,0.463525
4098,0.0,0.0,0.0,0.1,0.6,0.3,1516,1,0.454529
4098,0.0,0.5,0.3,0.1,0.1,0.0,1517,1,0.48518999999999995
4098,0.4,0.4,0.0,0.1,0.0,0.1,1518,1,0.542918
4098,0.0,0.5,0.3,0.0,0.2,0.0,1519,1,0.480868
4098,0.0,0.5,0.5,0.0,0.0,0.0,1520,1,0.5141060000000001
4098,0.0,0.0,0.0,0.3,0.1,0.6,1521,1,0.44083100000000003
4098,0.3,0.2,0.0,0.4,0.1,0.0,1522,1,0.467158
4098,0.5,0.3,0.0,0.1,0.0,0.1,1523,1,0.51197
4098,0.1,0.0,0.6,0.0,0.0,0.3,1524,1,0.539041
4098,0.2,0.1,0.0,0.6,0.1,0.0,1525,1,0.432903
4098,0.0,0.0,0.2,0.0,0.1,0.7,1526,1,0.490741
4098,0.0,0.3,0.0,0.4,0.0,0.3,1527,1,0.506975
4098,0.0,0.4,0.3,0.2,0.0,0.1,1528,1,0.532824
4098,0.0,0.3,0.0,0.0,0.6,0.1,1529,1,0.472495
4098,0.0,0.3,0.0,0.3,0.2,0.2,1530,1,0.473262
4098,0.0,0.5,0.1,0.0,0.3,0.1,1531,1,0.48286899999999994
4098,0.2,0.0,0.5,0.0,0.2,0.1,1532,1,0.49037700000000006
4098,0.0,0.1,0.0,0.4,0.0,0.5,1533,1,0.49146999999999996
4098,0.0,0.0,0.3,0.1,0.3,0.3,1534,1,0.47643900000000006
4098,0.1,0.3,0.0,0.2,0.0,0.4,1535,1,0.542466
4098,0.5,0.0,0.4,0.0,0.0,0.1,1536,1,0.5087550000000001
4098,0.0,0.4,0.0,0.6,0.0,0.0,1538,1,0.4712
4098,0.4,0.0,0.0,0.0,0.5,0.1,1539,1,0.43751899999999994
4098,0.2,0.4,0.0,0.0,0.0,0.4,1540,1,0.5209600000000001
4098,0.0,0.0,0.0,0.3,0.7,0.0,1541,1,0.46010500000000004
4098,0.1,0.3,0.0,0.0,0.4,0.2,1542,1,0.48782600000000004
4098,0.2,0.3,0.2,0.0,0.0,0.3,1543,1,0.526221
4098,0.8,0.0,0.1,0.1,0.0,0.0,1544,1,0.525419
4098,0.0,0.1,0.4,0.0,0.5,0.0,1545,1,0.47230200000000006
4098,0.0,0.6,0.3,0.1,0.0,0.0,1546,1,0.485171
4098,0.5,0.0,0.4,0.0,0.1,0.0,1547,1,0.486314
4098,0.1,0.1,0.0,0.4,0.0,0.4,1548,1,0.491879
4098,0.0,0.4,0.0,0.1,0.5,0.0,1549,1,0.45774899999999996
4098,0.1,0.3,0.1,0.0,0.0,0.5,1550,1,0.477263
4098,0.0,0.0,0.1,0.5,0.2,0.2,1551,1,0.448399
4098,0.3,0.1,0.0,0.0,0.1,0.5,1552,1,0.45019899999999996
4098,0.0,0.3,0.4,0.1,0.2,0.0,1553,1,0.443208
4098,0.0,0.1,0.0,0.0,0.4,0.5,1554,1,0.47179
4098,0.2,0.1,0.0,0.0,0.3,0.4,1555,1,0.47472200000000003
4098,0.4,0.0,0.4,0.0,0.0,0.2,1556,1,0.49568500000000004
4098,0.0,0.1,0.1,0.3,0.5,0.0,1557,1,0.44998699999999997
4098,0.0,0.0,0.3,0.1,0.1,0.5,1558,1,0.46763699999999997
4098,0.7,0.1,0.0,0.1,0.1,0.0,1559,1,0.47202299999999997
4098,0.3,0.0,0.1,0.4,0.2,0.0,1560,1,0.40621199999999996
4098,0.2,0.1,0.0,0.0,0.0,0.7,1561,1,0.5232939999999999
4098,0.5,0.0,0.2,0.0,0.1,0.2,1562,1,0.457275
4098,0.4,0.1,0.0,0.1,0.4,0.0,1563,1,0.43758199999999997
4098,0.0,0.2,0.1,0.0,0.5,0.2,1564,1,0.498625
4098,0.0,0.5,0.2,0.3,0.0,0.0,1565,1,0.492358
4098,0.2,0.0,0.4,0.3,0.1,0.0,1566,1,0.43728
4098,0.0,0.5,0.0,0.1,0.3,0.1,1567,1,0.46842
4098,0.1,0.0,0.0,0.5,0.1,0.3,1568,1,0.41642299999999993
4098,0.0,0.0,0.5,0.2,0.2,0.1,1569,1,0.449979
4098,0.0,0.2,0.5,0.0,0.3,0.0,1570,1,0.485314
4098,0.3,0.0,0.0,0.5,0.0,0.2,1571,1,0.443349
4098,0.1,0.4,0.4,0.0,0.0,0.1,1572,1,0.5203939999999999
4098,0.0,0.2,0.4,0.3,0.1,0.0,1573,1,0.47903
4098,0.0,0.6,0.0,0.1,0.3,0.0,1574,1,0.475634
4098,0.0,0.5,0.2,0.2,0.0,0.1,1575,1,0.512275
4098,0.2,0.6,0.1,0.0,0.0,0.1,1576,1,0.576876
4098,0.3,0.4,0.1,0.0,0.0,0.2,1577,1,0.574364
4098,0.7,0.1,0.2,0.0,0.0,0.0,1578,1,0.5315770000000001
4098,0.7,0.0,0.1,0.2,0.0,0.0,1579,1,0.502587
4098,0.0,0.0,0.0,0.6,0.1,0.3,1580,1,0.432183
4098,0.4,0.0,0.0,0.0,0.4,0.2,1581,1,0.42494399999999993
4098,0.2,0.0,0.1,0.2,0.0,0.5,1582,1,0.466562
4098,0.0,0.0,0.4,0.2,0.4,0.0,1583,1,0.45278900000000005
4098,0.0,0.0,0.4,0.5,0.1,0.0,1584,1,0.452463
4098,0.1,0.4,0.0,0.0,0.2,0.3,1585,1,0.475109
4098,0.1,0.2,0.2,0.0,0.0,0.5,1586,1,0.5095770000000001
4098,0.0,0.0,0.0,0.1,0.4,0.5,1587,1,0.461606
4098,0.7,0.2,0.1,0.0,0.0,0.0,1588,1,0.526651
4098,0.4,0.0,0.4,0.1,0.1,0.0,1589,1,0.47995299999999996
4098,0.1,0.4,0.2,0.0,0.0,0.3,1590,1,0.49312
4098,0.1,0.0,0.0,0.0,0.3,0.6,1591,1,0.45738
4098,0.5,0.3,0.1,0.0,0.1,0.0,1592,1,0.48272600000000004
4098,0.2,0.0,0.0,0.1,0.3,0.4,1593,1,0.445474
4098,0.1,0.3,0.0,0.4,0.2,0.0,1594,1,0.444147
4098,0.4,0.0,0.0,0.2,0.3,0.1,1595,1,0.423022
4098,0.0,0.5,0.0,0.1,0.1,0.3,1596,1,0.46556800000000004
4098,0.0,0.0,0.1,0.1,0.4,0.4,1597,1,0.45343500000000003
4098,0.4,0.0,0.1,0.0,0.5,0.0,1598,1,0.42534799999999995
4098,0.0,0.0,0.3,0.4,0.0,0.3,1599,1,0.45483100000000004
4098,0.0,0.0,0.1,0.3,0.1,0.5,1600,1,0.45069899999999996
4098,0.1,0.5,0.0,0.0,0.2,0.2,1602,1,0.498306
4098,0.0,0.6,0.4,0.0,0.0,0.0,1603,1,0.5361
4098,0.0,0.3,0.0,0.7,0.0,0.0,1604,1,0.47026599999999996
4098,0.6,0.2,0.1,0.0,0.1,0.0,1605,1,0.5131640000000001
4098,0.0,0.1,0.8,0.0,0.0,0.1,1606,1,0.486501
4098,0.0,0.3,0.0,0.4,0.2,0.1,1607,1,0.45341099999999995
4098,0.2,0.3,0.0,0.2,0.0,0.3,1608,1,0.5319050000000001
4098,0.3,0.1,0.1,0.0,0.5,0.0,1609,1,0.44075299999999995
4098,0.3,0.1,0.0,0.2,0.0,0.4,1610,1,0.48476099999999994
4098,0.1,0.0,0.1,0.1,0.0,0.7,1611,1,0.488443
4098,0.1,0.1,0.7,0.1,0.0,0.0,1612,1,0.47131999999999996
4098,0.1,0.2,0.2,0.0,0.5,0.0,1613,1,0.439849
4098,0.2,0.0,0.1,0.0,0.6,0.1,1614,1,0.449125
4098,0.0,0.1,0.0,0.4,0.3,0.2,1615,1,0.445208
4098,0.0,0.3,0.1,0.0,0.4,0.2,1616,1,0.47100000000000003
4098,0.3,0.0,0.0,0.0,0.4,0.3,1617,1,0.43045100000000003
4098,0.3,0.0,0.1,0.0,0.4,0.2,1618,1,0.459975
4098,0.7,0.0,0.0,0.0,0.0,0.3,1619,1,0.559292
4098,0.2,0.1,0.5,0.0,0.0,0.2,1620,1,0.562992
4098,0.0,0.5,0.2,0.0,0.1,0.2,1621,1,0.509351
4098,0.3,0.0,0.5,0.1,0.0,0.1,1622,1,0.500378
4098,0.0,0.4,0.1,0.1,0.4,0.0,1623,1,0.457797
4098,0.0,0.3,0.0,0.3,0.0,0.4,1624,1,0.532884
4098,0.2,0.0,0.4,0.3,0.0,0.1,1625,1,0.516019
4098,0.2,0.0,0.2,0.1,0.0,0.5,1626,1,0.510658
4098,0.0,0.6,0.1,0.0,0.2,0.1,1627,1,0.48403100000000004
4098,0.0,0.3,0.3,0.0,0.0,0.4,1628,1,0.530205
4098,0.0,0.3,0.1,0.4,0.2,0.0,1629,1,0.43294099999999996
4098,0.1,0.0,0.3,0.3,0.3,0.0,1630,1,0.435188
4098,0.0,0.2,0.1,0.6,0.1,0.0,1631,1,0.427516
4098,0.1,0.2,0.6,0.0,0.0,0.1,1632,1,0.47129
4098,0.3,0.0,0.0,0.3,0.4,0.0,1633,1,0.41743800000000003
4098,0.3,0.0,0.3,0.0,0.1,0.3,1634,1,0.501975
4098,0.0,0.3,0.1,0.3,0.3,0.0,1635,1,0.428472
4098,0.3,0.3,0.2,0.0,0.0,0.2,1636,1,0.5566909999999999
4098,0.3,0.0,0.3,0.2,0.0,0.2,1637,1,0.47206099999999995
4098,0.0,0.1,0.0,0.1,0.8,0.0,1638,1,0.46128900000000006
4098,0.0,0.0,0.3,0.2,0.2,0.3,1639,1,0.49444799999999994
4098,0.5,0.3,0.0,0.0,0.1,0.1,1640,1,0.5171140000000001
4098,0.3,0.0,0.1,0.4,0.0,0.2,1641,1,0.44489300000000004
4098,0.3,0.0,0.1,0.3,0.3,0.0,1642,1,0.408517
4098,0.0,0.0,0.4,0.0,0.6,0.0,1643,1,0.46584799999999993
4098,0.0,0.6,0.0,0.2,0.1,0.1,1644,1,0.491163
4098,0.1,0.0,0.2,0.7,0.0,0.0,1645,1,0.42784799999999995
4098,0.0,0.0,0.7,0.2,0.1,0.0,1646,1,0.468434
4098,0.1,0.0,0.1,0.4,0.0,0.4,1647,1,0.46541099999999996
4098,0.6,0.0,0.1,0.1,0.0,0.2,1648,1,0.564148
4098,0.2,0.5,0.2,0.0,0.1,0.0,1649,1,0.511622
4098,0.0,0.0,0.2,0.0,0.5,0.3,1650,1,0.450445
4098,0.3,0.0,0.0,0.4,0.0,0.3,1651,1,0.423069
4098,0.1,0.3,0.3,0.0,0.3,0.0,1652,1,0.44569899999999996
4098,0.2,0.0,0.7,0.0,0.0,0.1,1653,1,0.48269700000000004
4098,0.0,0.0,0.1,0.3,0.5,0.1,1654,1,0.43978599999999995
4098,0.0,0.1,0.5,0.1,0.3,0.0,1655,1,0.470092
4098,0.0,0.1,0.0,0.3,0.5,0.1,1656,1,0.438004
4098,0.4,0.0,0.0,0.4,0.0,0.2,1657,1,0.47088599999999997
4098,0.4,0.3,0.2,0.0,0.0,0.1,1658,1,0.525382
4098,0.1,0.0,0.1,0.0,0.8,0.0,1659,1,0.43635100000000004
4098,0.0,0.0,0.1,0.3,0.2,0.4,1660,1,0.459459
4098,0.1,0.4,0.0,0.4,0.0,0.1,1661,1,0.5321
4098,0.5,0.2,0.2,0.0,0.1,0.0,1662,1,0.474312
4098,0.0,0.0,0.2,0.4,0.1,0.3,1663,1,0.461484
4098,0.3,0.3,0.1,0.0,0.3,0.0,1664,1,0.455142
4098,0.1,0.0,0.1,0.4,0.4,0.0,1666,1,0.42709899999999995
4098,0.0,0.1,0.5,0.4,0.0,0.0,1667,1,0.490806
4098,0.3,0.0,0.3,0.3,0.0,0.1,1668,1,0.483998
4098,0.0,0.7,0.0,0.2,0.0,0.1,1669,1,0.5127970000000001
4098,0.0,0.2,0.0,0.1,0.4,0.3,1670,1,0.483286
4098,0.1,0.0,0.9,0.0,0.0,0.0,1671,1,0.480837
4098,0.4,0.1,0.0,0.0,0.0,0.5,1672,1,0.6224529999999999
4098,0.1,0.4,0.1,0.4,0.0,0.0,1673,1,0.49518199999999996
4098,0.0,0.0,0.0,0.6,0.0,0.4,1674,1,0.445625
4098,0.1,0.0,0.6,0.3,0.0,0.0,1675,1,0.44149399999999994
4098,0.4,0.0,0.0,0.1,0.2,0.3,1676,1,0.436112
4098,0.0,0.1,0.1,0.0,0.4,0.4,1677,1,0.46824
4098,0.0,0.0,0.1,0.6,0.3,0.0,1678,1,0.44001
4098,0.0,0.0,0.0,0.4,0.5,0.1,1679,1,0.42175100000000004
4098,0.0,0.0,0.7,0.0,0.3,0.0,1680,1,0.451661
4098,0.0,0.0,0.0,0.5,0.2,0.3,1681,1,0.43336
4098,0.2,0.3,0.1,0.4,0.0,0.0,1682,1,0.489856
4098,0.4,0.1,0.1,0.4,0.0,0.0,1683,1,0.496108
4098,0.0,0.3,0.0,0.1,0.0,0.6,1684,1,0.59929
4098,0.3,0.2,0.4,0.1,0.0,0.0,1685,1,0.521598
4098,0.0,0.0,0.7,0.0,0.1,0.2,1686,1,0.493795
4098,0.0,0.5,0.3,0.2,0.0,0.0,1687,1,0.54406
4098,0.0,0.7,0.0,0.2,0.1,0.0,1688,1,0.52188
4098,0.4,0.3,0.1,0.2,0.0,0.0,1689,1,0.492953
4098,0.0,0.1,0.0,0.9,0.0,0.0,1690,1,0.46465100000000004
4098,0.1,0.0,0.0,0.1,0.8,0.0,1691,1,0.45205200000000006
4098,0.0,0.5,0.0,0.1,0.2,0.2,1692,1,0.504555
4098,0.3,0.4,0.0,0.1,0.0,0.2,1693,1,0.5138189999999999
4098,0.3,0.1,0.0,0.1,0.0,0.5,1694,1,0.48862
4098,0.7,0.0,0.2,0.0,0.1,0.0,1695,1,0.44040100000000004
4098,0.3,0.0,0.1,0.2,0.4,0.0,1696,1,0.41346499999999997
4098,0.3,0.2,0.0,0.1,0.4,0.0,1697,1,0.45299799999999996
4098,0.0,0.6,0.1,0.0,0.1,0.2,1698,1,0.497766
4098,0.0,0.0,0.3,0.0,0.5,0.2,1699,1,0.443912
4098,0.0,0.1,0.6,0.2,0.0,0.1,1700,1,0.477131
4098,0.2,0.0,0.0,0.0,0.7,0.1,1701,1,0.444517
4098,0.1,0.6,0.2,0.0,0.0,0.1,1702,1,0.5708810000000001
4098,0.2,0.5,0.2,0.0,0.0,0.1,1703,1,0.5092
4098,0.0,0.3,0.2,0.5,0.0,0.0,1704,1,0.453182
4098,0.3,0.1,0.4,0.0,0.2,0.0,1705,1,0.4464
4098,0.1,0.1,0.0,0.8,0.0,0.0,1706,1,0.448792
4098,0.0,0.4,0.1,0.1,0.0,0.4,1707,1,0.48814700000000005
4098,0.4,0.2,0.0,0.0,0.3,0.1,1708,1,0.477371
4098,0.0,0.6,0.1,0.3,0.0,0.0,1709,1,0.480601
4098,0.0,0.0,0.1,0.0,0.5,0.4,1710,1,0.45783100000000004
4098,0.0,0.1,0.4,0.0,0.3,0.2,1711,1,0.465397
4098,0.1,0.4,0.1,0.0,0.0,0.4,1712,1,0.5680350000000001
4098,0.0,0.3,0.5,0.2,0.0,0.0,1713,1,0.45781700000000003
4098,0.2,0.0,0.0,0.4,0.3,0.1,1714,1,0.39459099999999997
4098,0.1,0.0,0.0,0.4,0.0,0.5,1715,1,0.425951
4098,0.0,0.1,0.0,0.6,0.3,0.0,1716,1,0.42513500000000004
4098,0.0,0.0,0.1,0.0,0.4,0.5,1717,1,0.44463800000000003
4098,0.0,0.0,0.0,0.9,0.1,0.0,1718,1,0.434334
4098,0.0,0.3,0.2,0.0,0.1,0.4,1719,1,0.511912
4098,0.5,0.0,0.3,0.0,0.0,0.2,1720,1,0.5014069999999999
4098,0.3,0.2,0.0,0.0,0.1,0.4,1721,1,0.506141
4098,0.1,0.4,0.4,0.0,0.1,0.0,1722,1,0.469391
4098,0.1,0.0,0.1,0.6,0.2,0.0,1723,1,0.411732
4098,0.0,0.4,0.0,0.4,0.1,0.1,1724,1,0.46266999999999997
4098,0.0,0.4,0.4,0.0,0.1,0.1,1725,1,0.513332
4098,0.0,0.2,0.1,0.0,0.4,0.3,1726,1,0.483674
4098,0.3,0.0,0.5,0.1,0.1,0.0,1727,1,0.47371499999999994
4098,0.7,0.0,0.0,0.0,0.2,0.1,1728,1,0.47296000000000005
4098,0.0,0.9,0.1,0.0,0.0,0.0,1730,1,0.58611
4098,0.3,0.4,0.0,0.3,0.0,0.0,1731,1,0.471684
4098,0.5,0.0,0.0,0.1,0.1,0.3,1732,1,0.44107399999999997
4098,0.0,0.0,0.2,0.5,0.2,0.1,1733,1,0.442248
4098,0.3,0.0,0.1,0.0,0.6,0.0,1734,1,0.426799
4098,0.0,0.3,0.1,0.5,0.1,0.0,1735,1,0.44350200000000006
4098,0.0,0.5,0.0,0.3,0.0,0.2,1736,1,0.560411
4098,0.0,0.1,0.4,0.3,0.0,0.2,1737,1,0.466667
4098,0.0,0.0,0.5,0.1,0.3,0.1,1738,1,0.451167
4098,0.0,0.0,0.5,0.0,0.5,0.0,1739,1,0.46178800000000003
4098,0.1,0.3,0.4,0.2,0.0,0.0,1740,1,0.4454
4098,0.5,0.0,0.0,0.2,0.1,0.2,1741,1,0.440813
4098,0.5,0.0,0.3,0.2,0.0,0.0,1742,1,0.512096
4098,0.0,0.0,0.3,0.0,0.4,0.3,1743,1,0.42762700000000003
4098,0.1,0.0,0.3,0.6,0.0,0.0,1744,1,0.425095
4098,0.0,0.4,0.2,0.3,0.0,0.1,1745,1,0.444119
4098,0.3,0.0,0.3,0.3,0.1,0.0,1746,1,0.432321
4098,0.2,0.5,0.0,0.0,0.3,0.0,1747,1,0.49808199999999997
4098,0.3,0.5,0.0,0.2,0.0,0.0,1748,1,0.578908
4098,0.0,0.7,0.2,0.0,0.0,0.1,1749,1,0.501081
4098,0.7,0.0,0.1,0.0,0.2,0.0,1750,1,0.467355
4098,0.4,0.3,0.0,0.2,0.1,0.0,1751,1,0.5158520000000001
4098,0.0,0.0,0.6,0.3,0.1,0.0,1752,1,0.48043
4098,0.0,0.0,0.3,0.2,0.0,0.5,1753,1,0.48913100000000004
4098,0.0,0.1,0.4,0.4,0.0,0.1,1754,1,0.47726899999999994
4098,0.1,0.3,0.0,0.5,0.0,0.1,1755,1,0.480814
4098,0.0,0.7,0.1,0.2,0.0,0.0,1756,1,0.5301779999999999
4098,0.0,0.1,0.6,0.1,0.2,0.0,1757,1,0.477655
4098,0.3,0.0,0.0,0.6,0.1,0.0,1758,1,0.416641
4098,0.0,0.3,0.3,0.0,0.4,0.0,1759,1,0.44272700000000004
4098,0.0,0.3,0.1,0.0,0.6,0.0,1760,1,0.45109899999999997
4098,0.0,0.4,0.0,0.0,0.3,0.3,1761,1,0.483526
4098,0.2,0.1,0.1,0.0,0.0,0.6,1762,1,0.554483
4098,0.0,0.1,0.6,0.0,0.1,0.2,1763,1,0.47723000000000004
4098,0.0,0.5,0.1,0.1,0.3,0.0,1764,1,0.47177700000000006
4098,0.2,0.5,0.1,0.2,0.0,0.0,1765,1,0.550704
4098,0.2,0.4,0.0,0.3,0.1,0.0,1766,1,0.498246
4098,0.0,0.2,0.4,0.0,0.0,0.4,1767,1,0.5152869999999999
4098,0.1,0.0,0.2,0.0,0.4,0.3,1768,1,0.453507
4098,0.6,0.0,0.2,0.1,0.1,0.0,1769,1,0.479741
4098,0.5,0.2,0.0,0.2,0.1,0.0,1770,1,0.48827600000000004
4098,0.2,0.2,0.0,0.0,0.3,0.3,1771,1,0.49136499999999994
4098,0.4,0.2,0.0,0.4,0.0,0.0,1772,1,0.46363699999999997
4098,0.0,0.2,0.0,0.2,0.5,0.1,1773,1,0.458733
4098,0.0,0.6,0.0,0.4,0.0,0.0,1774,1,0.490721
4098,0.0,0.0,0.0,0.3,0.5,0.2,1775,1,0.43976000000000004
4098,0.2,0.3,0.2,0.3,0.0,0.0,1776,1,0.49825600000000003
4098,0.0,0.1,0.6,0.0,0.2,0.1,1777,1,0.461689
4098,0.1,0.0,0.0,0.0,0.5,0.4,1778,1,0.44376499999999997
4098,0.5,0.0,0.1,0.1,0.0,0.3,1779,1,0.5405260000000001
4098,0.0,0.0,0.5,0.0,0.4,0.1,1780,1,0.45718400000000003
4098,0.3,0.5,0.0,0.1,0.1,0.0,1781,1,0.43998699999999996
4098,0.2,0.2,0.0,0.1,0.5,0.0,1782,1,0.43267799999999995
4098,0.4,0.3,0.0,0.0,0.2,0.1,1783,1,0.475238
4098,0.5,0.0,0.2,0.0,0.3,0.0,1784,1,0.44133100000000003
4098,0.0,0.3,0.0,0.0,0.1,0.6,1785,1,0.467045
4098,0.0,0.1,0.2,0.6,0.1,0.0,1786,1,0.41906400000000005
4098,0.0,0.2,0.0,0.0,0.4,0.4,1787,1,0.49428999999999995
4098,0.1,0.0,0.4,0.0,0.1,0.4,1788,1,0.49194
4098,0.0,0.7,0.1,0.0,0.0,0.2,1789,1,0.478422
4098,0.0,0.0,0.2,0.1,0.6,0.1,1790,1,0.457606
4098,0.0,0.0,0.6,0.0,0.1,0.3,1791,1,0.452269
4098,0.1,0.0,0.8,0.0,0.1,0.0,1792,1,0.470866
4098,0.2,0.0,0.5,0.0,0.1,0.2,1794,1,0.496374
4098,0.4,0.2,0.0,0.0,0.1,0.3,1795,1,0.511835
4098,0.1,0.0,0.2,0.2,0.5,0.0,1796,1,0.434529
4098,0.5,0.0,0.1,0.0,0.2,0.2,1797,1,0.450216
4098,0.2,0.0,0.1,0.0,0.5,0.2,1798,1,0.438225
4098,0.0,0.1,0.4,0.0,0.1,0.4,1799,1,0.482138
4098,0.2,0.0,0.4,0.0,0.0,0.4,1800,1,0.500308
4098,0.2,0.0,0.3,0.1,0.4,0.0,1801,1,0.44722799999999996
4098,0.2,0.0,0.0,0.0,0.5,0.3,1802,1,0.44450600000000007
4098,0.0,0.6,0.0,0.1,0.0,0.3,1803,1,0.466167
4098,0.0,0.0,0.7,0.0,0.2,0.1,1804,1,0.443979
4098,0.1,0.0,0.0,0.5,0.3,0.1,1805,1,0.402649
4098,0.0,0.3,0.0,0.0,0.4,0.3,1806,1,0.4801
4098,0.5,0.1,0.0,0.0,0.0,0.4,1807,1,0.5050279999999999
4098,0.3,0.4,0.2,0.0,0.0,0.1,1808,1,0.48761800000000005
4098,0.0,0.0,0.3,0.2,0.3,0.2,1809,1,0.47493100000000005
4098,0.4,0.2,0.3,0.0,0.0,0.1,1810,1,0.497537
4098,0.0,0.3,0.4,0.3,0.0,0.0,1811,1,0.467505
4098,0.5,0.0,0.0,0.2,0.0,0.3,1812,1,0.450003
4098,0.0,0.0,0.4,0.6,0.0,0.0,1813,1,0.47965699999999994
4098,0.1,0.3,0.0,0.3,0.0,0.3,1814,1,0.544467
4098,0.3,0.2,0.1,0.0,0.0,0.4,1815,1,0.49036199999999996
4098,0.3,0.0,0.0,0.7,0.0,0.0,1816,1,0.455017
4098,0.0,0.5,0.2,0.2,0.1,0.0,1817,1,0.491462
4098,0.3,0.4,0.0,0.0,0.3,0.0,1818,1,0.46055
4098,0.2,0.1,0.0,0.4,0.3,0.0,1819,1,0.418725
4098,0.0,0.3,0.0,0.1,0.4,0.2,1820,1,0.492304
4098,0.5,0.1,0.4,0.0,0.0,0.0,1821,1,0.486759
4098,0.0,0.1,0.1,0.2,0.6,0.0,1822,1,0.456737
4098,0.4,0.3,0.1,0.0,0.0,0.2,1823,1,0.46639899999999995
4098,0.0,0.4,0.1,0.4,0.1,0.0,1824,1,0.456162
4098,0.2,0.0,0.0,0.3,0.3,0.2,1825,1,0.408248
4098,0.1,0.6,0.0,0.3,0.0,0.0,1826,1,0.5643739999999999
4098,0.0,0.5,0.1,0.3,0.0,0.1,1827,1,0.544933
4098,0.0,0.0,0.3,0.3,0.3,0.1,1828,1,0.47781999999999997
4098,0.0,0.2,0.2,0.5,0.0,0.1,1829,1,0.45885600000000004
4098,0.1,0.1,0.1,0.0,0.7,0.0,1830,1,0.46929
4098,0.6,0.0,0.0,0.0,0.1,0.3,1831,1,0.506975
4098,0.0,0.8,0.0,0.0,0.1,0.1,1832,1,0.49605
4098,0.2,0.1,0.0,0.0,0.1,0.6,1833,1,0.48752799999999996
4098,0.2,0.0,0.1,0.6,0.0,0.1,1834,1,0.43445
4098,0.3,0.1,0.0,0.0,0.6,0.0,1835,1,0.43992200000000004
4098,0.0,0.0,0.1,0.8,0.1,0.0,1836,1,0.43571499999999996
4098,0.2,0.7,0.0,0.0,0.0,0.1,1837,1,0.517373
4098,0.4,0.0,0.0,0.0,0.0,0.6,1838,1,0.5041479999999999
4098,0.2,0.0,0.1,0.2,0.5,0.0,1839,1,0.41662299999999997
4098,0.2,0.1,0.3,0.4,0.0,0.0,1840,1,0.454291
4098,0.0,0.1,0.3,0.0,0.4,0.2,1841,1,0.465423
4098,0.2,0.0,0.1,0.0,0.7,0.0,1842,1,0.44265
4098,0.9,0.0,0.1,0.0,0.0,0.0,1843,1,0.48484799999999995
4098,0.6,0.0,0.1,0.2,0.0,0.1,1844,1,0.562571
4098,0.1,0.0,0.1,0.2,0.6,0.0,1845,1,0.426304
4098,0.0,0.0,0.3,0.0,0.0,0.7,1846,1,0.47930500000000004
4098,0.3,0.0,0.2,0.0,0.4,0.1,1847,1,0.445481
4098,0.0,0.0,0.2,0.1,0.4,0.3,1848,1,0.46076000000000006
4098,0.1,0.0,0.5,0.4,0.0,0.0,1849,1,0.43006000000000005
4098,0.2,0.0,0.3,0.0,0.2,0.3,1850,1,0.46241400000000005
4098,0.3,0.3,0.0,0.1,0.0,0.3,1851,1,0.48731199999999997
4098,0.5,0.2,0.1,0.0,0.2,0.0,1852,1,0.475026
4098,0.1,0.0,0.1,0.0,0.2,0.6,1853,1,0.455529
4098,0.3,0.1,0.5,0.1,0.0,0.0,1854,1,0.482414
4098,0.1,0.0,0.2,0.1,0.6,0.0,1855,1,0.425548
4098,0.2,0.1,0.5,0.0,0.2,0.0,1856,1,0.451266
4098,0.0,0.0,0.1,0.4,0.5,0.0,1858,1,0.44283100000000003
4098,0.1,0.9,0.0,0.0,0.0,0.0,1859,1,0.48886199999999996
4098,0.0,0.0,0.5,0.1,0.0,0.4,1860,1,0.48532200000000003
4098,0.3,0.0,0.1,0.0,0.2,0.4,1861,1,0.46096499999999996
4098,0.0,0.0,0.0,0.3,0.3,0.4,1862,1,0.45123
4098,0.1,0.6,0.0,0.1,0.2,0.0,1863,1,0.477892
4098,0.1,0.0,0.2,0.0,0.5,0.2,1864,1,0.467314
4098,0.1,0.2,0.0,0.5,0.2,0.0,1865,1,0.43468999999999997
4098,0.0,0.0,0.2,0.2,0.5,0.1,1866,1,0.46338
4098,0.1,0.0,0.0,0.3,0.3,0.3,1867,1,0.422021
4098,0.0,0.1,0.2,0.5,0.0,0.2,1868,1,0.46908900000000003
4098,0.2,0.1,0.0,0.2,0.0,0.5,1869,1,0.49988599999999994
4098,0.2,0.0,0.1,0.1,0.6,0.0,1870,1,0.426996
4098,0.0,0.2,0.0,0.4,0.4,0.0,1871,1,0.42904899999999996
4098,0.1,0.0,0.8,0.0,0.0,0.1,1872,1,0.482793
4098,0.0,0.1,0.0,0.5,0.1,0.3,1873,1,0.46185
4098,0.0,0.0,0.1,0.6,0.1,0.2,1874,1,0.43225699999999995
4098,0.0,0.0,0.1,0.0,0.6,0.3,1875,1,0.461297
4098,0.5,0.2,0.0,0.0,0.3,0.0,1876,1,0.47826
4098,0.0,0.1,0.3,0.0,0.3,0.3,1877,1,0.49612
4098,0.4,0.3,0.2,0.0,0.1,0.0,1878,1,0.483181
4098,0.0,0.1,0.0,0.5,0.4,0.0,1879,1,0.435432
4098,0.3,0.4,0.1,0.0,0.2,0.0,1880,1,0.48755699999999996
4098,0.0,0.1,0.4,0.2,0.0,0.3,1881,1,0.482479
4098,0.3,0.1,0.0,0.0,0.3,0.3,1882,1,0.45856
4098,0.2,0.1,0.0,0.3,0.0,0.4,1883,1,0.483968
4098,0.0,0.1,0.3,0.0,0.0,0.6,1884,1,0.498662
4098,0.0,0.0,0.1,0.7,0.0,0.2,1885,1,0.46111
4098,0.6,0.2,0.1,0.0,0.0,0.1,1886,1,0.489809
4098,0.0,0.1,0.0,0.7,0.1,0.1,1887,1,0.422706
4098,0.5,0.0,0.1,0.0,0.3,0.1,1888,1,0.446043
4098,0.4,0.1,0.0,0.5,0.0,0.0,1889,1,0.48416000000000003
4098,0.0,0.5,0.0,0.0,0.5,0.0,1890,1,0.470887
4098,0.0,0.4,0.5,0.0,0.0,0.1,1891,1,0.49318999999999996
4098,0.0,0.1,0.5,0.1,0.0,0.3,1892,1,0.480588
4098,0.1,0.0,0.0,0.6,0.0,0.3,1893,1,0.426641
4098,0.3,0.2,0.2,0.3,0.0,0.0,1894,1,0.484584
4098,0.0,0.4,0.4,0.2,0.0,0.0,1895,1,0.518519
4098,0.0,0.0,0.4,0.4,0.0,0.2,1896,1,0.5003270000000001
4098,0.0,0.4,0.4,0.1,0.0,0.1,1897,1,0.48339
4098,0.0,0.0,0.4,0.1,0.3,0.2,1898,1,0.45587799999999995
4098,0.9,0.0,0.0,0.0,0.1,0.0,1899,1,0.490479
4098,0.5,0.1,0.0,0.0,0.4,0.0,1900,1,0.44120699999999996
4098,0.0,0.2,0.3,0.0,0.4,0.1,1901,1,0.46390200000000004
4098,0.2,0.3,0.1,0.0,0.4,0.0,1902,1,0.442459
4098,0.3,0.0,0.0,0.0,0.0,0.7,1903,1,0.48008999999999996
4098,0.6,0.0,0.0,0.1,0.2,0.1,1904,1,0.449642
4098,0.7,0.0,0.1,0.1,0.0,0.1,1905,1,0.467292
4098,0.6,0.0,0.1,0.1,0.2,0.0,1906,1,0.432886
4098,0.0,0.1,0.3,0.4,0.2,0.0,1907,1,0.433608
4098,0.0,0.2,0.0,0.5,0.0,0.3,1908,1,0.507688
4098,0.0,0.2,0.2,0.0,0.5,0.1,1909,1,0.449916
4098,0.1,0.2,0.0,0.0,0.4,0.3,1910,1,0.47543
4098,0.0,0.0,0.6,0.1,0.3,0.0,1911,1,0.46155100000000004
4098,0.4,0.5,0.0,0.1,0.0,0.0,1912,1,0.598641
4098,0.0,0.3,0.3,0.2,0.0,0.2,1913,1,0.454061
4098,0.0,0.1,0.2,0.6,0.0,0.1,1914,1,0.433774
4098,0.1,0.0,0.0,0.1,0.4,0.4,1915,1,0.43997299999999995
4098,0.0,0.0,0.0,0.1,0.9,0.0,1916,1,0.446251
4098,0.4,0.1,0.0,0.0,0.2,0.3,1917,1,0.43001000000000006
4098,0.2,0.0,0.2,0.1,0.5,0.0,1918,1,0.41714799999999996
4098,0.3,0.1,0.0,0.5,0.0,0.1,1919,1,0.42418599999999995
4098,0.0,0.1,0.7,0.0,0.1,0.1,1920,1,0.500781
4098,0.0,0.1,0.2,0.3,0.4,0.0,1922,1,0.437331
4098,0.2,0.0,0.0,0.5,0.3,0.0,1923,1,0.41117600000000004
4098,0.0,0.0,0.4,0.3,0.0,0.3,1924,1,0.48245299999999997
4098,0.3,0.0,0.2,0.3,0.0,0.2,1925,1,0.45751000000000003
4098,0.2,0.3,0.0,0.2,0.3,0.0,1926,1,0.45067299999999993
4098,0.0,0.4,0.1,0.0,0.5,0.0,1927,1,0.44568500000000005
4098,0.2,0.2,0.0,0.5,0.1,0.0,1928,1,0.45974899999999996
4098,0.3,0.5,0.0,0.0,0.1,0.1,1929,1,0.5289550000000001
4098,0.6,0.1,0.0,0.2,0.0,0.1,1930,1,0.478917
4098,0.4,0.1,0.0,0.0,0.4,0.1,1931,1,0.425775
4098,0.0,0.2,0.1,0.3,0.4,0.0,1932,1,0.417446
4098,0.9,0.0,0.0,0.0,0.0,0.1,1933,1,0.455467
4098,0.4,0.0,0.0,0.3,0.2,0.1,1934,1,0.41956099999999996
4098,0.1,0.0,0.4,0.1,0.0,0.4,1935,1,0.500777
4098,0.4,0.0,0.1,0.2,0.3,0.0,1936,1,0.42363500000000004
4098,0.2,0.5,0.0,0.3,0.0,0.0,1937,1,0.501372
4098,0.3,0.0,0.2,0.0,0.1,0.4,1938,1,0.48980200000000007
4098,0.1,0.2,0.4,0.3,0.0,0.0,1939,1,0.469656
4098,0.3,0.1,0.5,0.0,0.0,0.1,1940,1,0.47282399999999997
4098,0.2,0.1,0.7,0.0,0.0,0.0,1941,1,0.507685
4098,0.0,0.1,0.0,0.3,0.4,0.2,1942,1,0.46295299999999995
4098,0.1,0.1,0.0,0.0,0.1,0.7,1943,1,0.47315799999999997
4098,0.7,0.0,0.0,0.0,0.3,0.0,1944,1,0.454054
4098,0.6,0.1,0.0,0.1,0.2,0.0,1945,1,0.45319899999999996
4098,0.0,0.2,0.5,0.3,0.0,0.0,1946,1,0.45484300000000005
4098,0.0,0.2,0.3,0.0,0.5,0.0,1947,1,0.46069799999999994
4098,0.1,0.4,0.3,0.0,0.0,0.2,1948,1,0.5350239999999999
4098,0.0,0.5,0.1,0.0,0.2,0.2,1949,1,0.45656
4098,0.0,0.0,0.1,0.3,0.4,0.2,1950,1,0.45928100000000005
4098,0.1,0.0,0.6,0.1,0.0,0.2,1951,1,0.503877
4098,0.0,0.3,0.3,0.3,0.1,0.0,1952,1,0.438226
4098,0.2,0.3,0.0,0.0,0.4,0.1,1953,1,0.461091
4098,0.0,0.0,0.1,0.1,0.6,0.2,1954,1,0.46274399999999993
4098,0.3,0.1,0.0,0.0,0.5,0.1,1955,1,0.44278900000000004
4098,0.0,0.1,0.0,0.0,0.9,0.0,1956,1,0.46206400000000003
4098,0.5,0.0,0.3,0.1,0.0,0.1,1957,1,0.510857
4098,0.1,0.0,0.0,0.1,0.0,0.8,1958,1,0.458322
4098,0.0,0.2,0.6,0.0,0.1,0.1,1959,1,0.507418
4098,0.1,0.5,0.0,0.0,0.4,0.0,1960,1,0.463059
4098,0.1,0.3,0.0,0.2,0.4,0.0,1961,1,0.44738999999999995
4098,0.0,0.0,0.5,0.1,0.1,0.3,1962,1,0.47564799999999996
4098,0.6,0.0,0.0,0.3,0.0,0.1,1963,1,0.518658
4098,0.1,0.0,0.0,0.5,0.0,0.4,1964,1,0.444855
4098,0.7,0.1,0.1,0.1,0.0,0.0,1965,1,0.5033979999999999
4098,0.1,0.0,0.0,0.0,0.6,0.3,1966,1,0.440665
4098,0.1,0.0,0.1,0.1,0.7,0.0,1967,1,0.426814
4098,0.0,0.1,0.0,0.1,0.5,0.3,1968,1,0.47202700000000003
4098,0.2,0.0,0.4,0.0,0.3,0.1,1969,1,0.49134099999999997
4098,0.3,0.2,0.3,0.0,0.0,0.2,1970,1,0.49987299999999996
4098,0.7,0.1,0.1,0.0,0.1,0.0,1971,1,0.465988
4098,0.0,0.1,0.2,0.1,0.0,0.6,1972,1,0.4838
4098,0.3,0.0,0.5,0.0,0.2,0.0,1973,1,0.469141
4098,0.5,0.1,0.0,0.3,0.0,0.1,1974,1,0.48271800000000004
4098,0.4,0.1,0.1,0.0,0.4,0.0,1975,1,0.44024399999999997
4098,0.0,0.5,0.0,0.1,0.0,0.4,1976,1,0.5139229999999999
4098,0.3,0.0,0.2,0.0,0.2,0.3,1977,1,0.46325500000000003
4098,0.1,0.0,0.2,0.3,0.0,0.4,1978,1,0.490746
4098,0.1,0.5,0.4,0.0,0.0,0.0,1979,1,0.564338
4098,0.3,0.0,0.4,0.0,0.1,0.2,1980,1,0.459959
4098,0.0,0.0,0.1,0.0,0.9,0.0,1981,1,0.45283199999999996
4098,0.0,0.1,0.9,0.0,0.0,0.0,1982,1,0.461899
4098,0.0,0.0,0.1,0.5,0.1,0.3,1983,1,0.42669300000000004
4098,0.7,0.0,0.1,0.0,0.0,0.2,1984,1,0.547502
4098,0.0,0.1,0.3,0.3,0.3,0.0,1986,1,0.46138100000000004
4098,0.2,0.2,0.3,0.3,0.0,0.0,1987,1,0.44807299999999994
4098,0.3,0.0,0.2,0.4,0.1,0.0,1988,1,0.41959799999999997
4098,0.2,0.0,0.2,0.3,0.0,0.3,1989,1,0.47796000000000005
4098,0.2,0.1,0.0,0.0,0.6,0.1,1990,1,0.45515600000000006
4098,0.1,0.4,0.0,0.0,0.5,0.0,1991,1,0.460379
4098,0.4,0.4,0.1,0.0,0.1,0.0,1992,1,0.48421400000000003
4098,0.0,0.2,0.6,0.1,0.0,0.1,1993,1,0.46252600000000005
4098,0.6,0.0,0.2,0.0,0.1,0.1,1994,1,0.497245
4098,0.1,0.0,0.0,0.0,0.4,0.5,1995,1,0.454867
4098,0.1,0.0,0.0,0.2,0.2,0.5,1996,1,0.439989
4098,0.0,0.1,0.1,0.7,0.1,0.0,1997,1,0.421915
4098,0.1,0.2,0.0,0.4,0.0,0.3,1998,1,0.552921
4098,0.8,0.1,0.0,0.0,0.0,0.1,1999,1,0.496259
4098,0.0,0.2,0.4,0.0,0.4,0.0,2000,1,0.45616899999999994
4098,0.1,0.3,0.0,0.0,0.0,0.6,2001,1,0.520882
4098,0.2,0.3,0.3,0.0,0.2,0.0,2002,1,0.47956899999999997
4098,0.5,0.0,0.3,0.1,0.1,0.0,2003,1,0.4815
4098,0.1,0.0,0.0,0.0,0.7,0.2,2004,1,0.45277700000000004
4098,0.6,0.0,0.1,0.0,0.1,0.2,2005,1,0.46891099999999997
4098,0.0,0.0,0.4,0.1,0.4,0.1,2006,1,0.451559
4098,0.0,0.2,0.0,0.4,0.3,0.1,2007,1,0.428457
4098,0.5,0.0,0.0,0.1,0.0,0.4,2008,1,0.46423400000000004
4098,0.1,0.0,0.0,0.6,0.2,0.1,2009,1,0.40192100000000003
4098,0.0,0.0,0.1,0.5,0.4,0.0,2010,1,0.44528900000000005
4098,0.1,0.0,0.2,0.0,0.7,0.0,2011,1,0.46252
4098,0.1,0.4,0.0,0.5,0.0,0.0,2012,1,0.472786
4098,0.0,0.4,0.2,0.1,0.3,0.0,2013,1,0.443763
4098,0.0,0.1,0.5,0.3,0.0,0.1,2014,1,0.467405
4098,0.1,0.2,0.0,0.2,0.0,0.5,2015,1,0.5236460000000001
4098,0.2,0.2,0.0,0.3,0.3,0.0,2016,1,0.43493000000000004
4098,0.2,0.0,0.3,0.0,0.0,0.5,2017,1,0.48483100000000007
4098,0.6,0.0,0.0,0.0,0.4,0.0,2018,1,0.44845100000000004
4098,0.0,0.5,0.2,0.0,0.3,0.0,2019,1,0.464027
4098,0.0,0.3,0.0,0.5,0.2,0.0,2020,1,0.444218
4098,0.4,0.0,0.4,0.1,0.0,0.1,2021,1,0.478429
4098,0.3,0.0,0.0,0.3,0.0,0.4,2022,1,0.42925
4098,0.1,0.1,0.7,0.0,0.0,0.1,2023,1,0.523461
4098,0.0,0.2,0.5,0.0,0.2,0.1,2024,1,0.494249
4098,0.0,0.5,0.0,0.3,0.2,0.0,2025,1,0.474314
4098,0.5,0.0,0.2,0.2,0.1,0.0,2026,1,0.465712
4098,0.0,0.4,0.0,0.2,0.3,0.1,2027,1,0.482246
4098,0.0,0.2,0.3,0.2,0.0,0.3,2028,1,0.518364
4098,0.4,0.0,0.3,0.0,0.3,0.0,2029,1,0.441187
4098,0.1,0.0,0.2,0.0,0.0,0.7,2030,1,0.507629
4098,0.4,0.1,0.5,0.0,0.0,0.0,2031,1,0.494619
4098,0.0,0.7,0.0,0.3,0.0,0.0,2032,1,0.501161
4098,0.1,0.5,0.3,0.0,0.0,0.1,2033,1,0.52951
4098,0.4,0.0,0.0,0.0,0.2,0.4,2034,1,0.438708
4098,0.3,0.0,0.2,0.3,0.2,0.0,2035,1,0.40508099999999997
4098,0.0,0.4,0.0,0.0,0.6,0.0,2036,1,0.452546
4098,0.4,0.1,0.0,0.2,0.0,0.3,2037,1,0.508748
4098,0.3,0.2,0.0,0.3,0.0,0.2,2038,1,0.59601
4098,0.0,0.4,0.0,0.3,0.0,0.3,2039,1,0.51337
4098,0.0,0.0,0.6,0.2,0.1,0.1,2040,1,0.47266499999999995
4098,0.1,0.2,0.3,0.0,0.4,0.0,2041,1,0.43596599999999996
4098,0.2,0.3,0.4,0.0,0.0,0.1,2042,1,0.524574
4098,0.1,0.5,0.0,0.3,0.0,0.1,2043,1,0.48817
4098,0.1,0.0,0.3,0.4,0.0,0.2,2044,1,0.43592700000000006
4098,0.8,0.0,0.1,0.0,0.1,0.0,2045,1,0.48497700000000005
4098,0.0,0.1,0.0,0.0,0.2,0.7,2046,1,0.460941
4098,0.1,0.0,0.0,0.3,0.4,0.2,2047,1,0.398698
4098,0.0,0.1,0.4,0.1,0.0,0.4,2048,1,0.530945
4098,0.0,0.4,0.0,0.1,0.0,0.5,2050,1,0.53272
4098,0.1,0.0,0.4,0.3,0.2,0.0,2051,1,0.43992600000000004
4098,0.0,0.1,0.2,0.4,0.0,0.3,2052,1,0.5080359999999999
4098,0.0,0.0,0.3,0.1,0.2,0.4,2053,1,0.47937399999999997
4098,0.1,0.6,0.1,0.2,0.0,0.0,2054,1,0.5056350000000001
4098,0.0,0.2,0.0,0.3,0.1,0.4,2055,1,0.488547
4098,0.0,0.0,0.1,0.0,0.7,0.2,2056,1,0.462025
4098,0.0,0.0,0.0,0.6,0.3,0.1,2057,1,0.411189
4098,0.0,0.7,0.2,0.0,0.1,0.0,2058,1,0.510536
4098,0.1,0.0,0.6,0.1,0.2,0.0,2059,1,0.467074
4098,0.3,0.2,0.0,0.2,0.3,0.0,2060,1,0.446142
4098,0.2,0.2,0.0,0.0,0.5,0.1,2061,1,0.456916
4098,0.0,0.7,0.0,0.1,0.0,0.2,2062,1,0.48403100000000004
4098,0.0,0.0,0.2,0.2,0.1,0.5,2063,1,0.457425
4098,0.0,0.4,0.3,0.0,0.2,0.1,2064,1,0.45745600000000003
4098,0.1,0.2,0.5,0.0,0.2,0.0,2065,1,0.459167
4098,0.0,0.4,0.3,0.2,0.1,0.0,2066,1,0.466272
4098,0.3,0.0,0.2,0.0,0.0,0.5,2067,1,0.49131400000000003
4098,0.2,0.0,0.3,0.5,0.0,0.0,2068,1,0.416988
4098,0.1,0.0,0.0,0.7,0.1,0.1,2069,1,0.411321
4098,0.0,0.0,0.1,0.1,0.7,0.1,2070,1,0.453367
4098,0.0,0.2,0.4,0.0,0.3,0.1,2071,1,0.454532
4098,0.0,0.3,0.3,0.0,0.3,0.1,2072,1,0.46353500000000003
4098,0.0,0.6,0.0,0.0,0.3,0.1,2073,1,0.462736
4098,0.0,0.4,0.0,0.4,0.0,0.2,2074,1,0.480441
4098,0.4,0.0,0.1,0.3,0.0,0.2,2075,1,0.469361
4098,0.0,0.5,0.2,0.1,0.2,0.0,2076,1,0.45792200000000005
4098,0.0,0.0,0.0,0.0,0.4,0.6,2077,1,0.46408900000000003
4098,0.0,0.0,0.0,0.1,0.3,0.6,2078,1,0.459375
4098,0.0,0.3,0.4,0.2,0.0,0.1,2079,1,0.52152
4098,0.5,0.1,0.0,0.1,0.0,0.3,2080,1,0.45344700000000004
4098,0.0,0.0,0.3,0.3,0.4,0.0,2081,1,0.46334
4098,0.6,0.0,0.0,0.0,0.0,0.4,2082,1,0.465318
4098,0.0,0.1,0.0,0.7,0.2,0.0,2083,1,0.431572
4098,0.0,0.1,0.0,0.1,0.3,0.5,2084,1,0.448101
4098,0.1,0.1,0.0,0.7,0.1,0.0,2085,1,0.42994799999999994
4098,0.2,0.0,0.1,0.0,0.2,0.5,2086,1,0.43923199999999996
4098,0.1,0.3,0.0,0.6,0.0,0.0,2087,1,0.470145
4098,0.0,0.0,0.5,0.5,0.0,0.0,2088,1,0.465182
4098,0.1,0.3,0.1,0.5,0.0,0.0,2089,1,0.491364
4098,0.0,0.3,0.2,0.4,0.1,0.0,2090,1,0.441626
4098,0.0,0.1,0.1,0.0,0.0,0.8,2091,1,0.485267
4098,0.3,0.5,0.1,0.1,0.0,0.0,2092,1,0.5010979999999999
4098,0.1,0.0,0.3,0.4,0.2,0.0,2093,1,0.40971499999999994
4098,0.2,0.0,0.0,0.1,0.4,0.3,2094,1,0.42015399999999997
4098,0.1,0.0,0.0,0.4,0.5,0.0,2095,1,0.42340500000000003
4098,0.0,0.0,0.0,0.6,0.4,0.0,2096,1,0.43923199999999996
4098,0.1,0.0,0.4,0.3,0.0,0.2,2097,1,0.45744799999999997
4098,0.0,0.2,0.0,0.2,0.3,0.3,2098,1,0.46078
4098,0.3,0.1,0.0,0.3,0.0,0.3,2099,1,0.443971
4098,0.0,0.0,0.0,0.3,0.0,0.7,2100,1,0.45882
4098,0.3,0.1,0.1,0.0,0.0,0.5,2101,1,0.49987
4098,0.4,0.5,0.1,0.0,0.0,0.0,2102,1,0.541521
4098,0.0,0.2,0.0,0.1,0.5,0.2,2103,1,0.47274700000000003
4098,0.0,0.1,0.0,0.0,0.6,0.3,2104,1,0.45591800000000005
4098,0.0,0.2,0.5,0.2,0.1,0.0,2105,1,0.45550799999999997
4098,0.2,0.0,0.4,0.1,0.3,0.0,2106,1,0.442325
4098,0.1,0.1,0.0,0.6,0.2,0.0,2107,1,0.416322
4098,0.0,0.0,0.5,0.2,0.3,0.0,2108,1,0.437671
4098,0.0,0.1,0.0,0.3,0.6,0.0,2109,1,0.43356400000000006
4098,0.6,0.2,0.0,0.1,0.0,0.1,2110,1,0.5339550000000001
4098,0.0,0.5,0.2,0.1,0.0,0.2,2111,1,0.554439
4098,0.0,0.0,0.4,0.1,0.2,0.3,2112,1,0.469653
4098,0.3,0.3,0.3,0.0,0.0,0.1,2135,1,0.576658
4098,0.0,0.0,0.1,0.0,0.8,0.1,2136,1,0.464458
4098,0.4,0.0,0.0,0.0,0.1,0.5,2137,1,0.47196400000000005
4098,0.0,0.0,0.1,0.0,0.1,0.8,2138,1,0.47648
4098,0.3,0.0,0.2,0.1,0.0,0.4,2139,1,0.539995
4098,0.0,0.1,0.7,0.0,0.2,0.0,2140,1,0.484792
4098,0.4,0.1,0.0,0.0,0.1,0.4,2141,1,0.499917
4098,0.0,0.0,0.4,0.2,0.0,0.4,2142,1,0.508781
4098,0.5,0.3,0.0,0.1,0.1,0.0,2143,1,0.5093310000000001
4098,0.0,0.2,0.1,0.2,0.5,0.0,2144,1,0.43353
4098,0.0,0.6,0.1,0.0,0.3,0.0,2145,1,0.480151
4098,0.0,0.0,0.3,0.6,0.1,0.0,2146,1,0.45145
4098,0.2,0.5,0.0,0.1,0.0,0.2,2147,1,0.555645
4098,0.1,0.1,0.1,0.7,0.0,0.0,2148,1,0.450995
4098,0.4,0.1,0.0,0.2,0.3,0.0,2149,1,0.443396
4098,0.2,0.1,0.0,0.5,0.2,0.0,2150,1,0.425796
4098,0.0,0.1,0.0,0.0,0.3,0.6,2151,1,0.46855600000000003
4098,0.0,0.4,0.0,0.0,0.2,0.4,2152,1,0.506528
4098,0.0,0.8,0.0,0.1,0.0,0.1,2153,1,0.565365
4098,0.0,0.2,0.2,0.0,0.3,0.3,2154,1,0.49110600000000004
4098,0.0,0.0,0.1,0.2,0.7,0.0,2155,1,0.447769
4098,0.0,0.2,0.1,0.0,0.7,0.0,2156,1,0.462021
4098,0.3,0.1,0.0,0.4,0.0,0.2,2157,1,0.48658500000000005
4098,0.3,0.0,0.2,0.2,0.3,0.0,2158,1,0.41358100000000003
4098,0.0,0.0,0.3,0.5,0.0,0.2,2159,1,0.456571
4098,0.3,0.2,0.0,0.0,0.3,0.2,2160,1,0.46916800000000003
4098,0.0,0.0,0.2,0.1,0.2,0.5,2161,1,0.455794
4098,0.5,0.0,0.2,0.1,0.2,0.0,2162,1,0.447593
4098,0.3,0.0,0.0,0.0,0.6,0.1,2163,1,0.42477299999999996
4098,0.1,0.1,0.0,0.0,0.8,0.0,2164,1,0.455268
4098,0.0,0.0,0.1,0.3,0.3,0.3,2165,1,0.456079
4098,0.0,0.4,0.2,0.0,0.0,0.4,2166,1,0.564113
4098,0.3,0.2,0.3,0.0,0.2,0.0,2167,1,0.4678
4098,0.0,0.0,0.0,0.2,0.4,0.4,2168,1,0.438803
4098,0.0,0.1,0.2,0.3,0.0,0.4,2169,1,0.5226930000000001
4098,0.1,0.2,0.3,0.0,0.0,0.4,2170,1,0.545722
4098,0.3,0.1,0.0,0.4,0.2,0.0,2171,1,0.438094
4098,0.4,0.2,0.0,0.3,0.1,0.0,2172,1,0.506455
4098,0.0,0.5,0.1,0.0,0.1,0.3,2173,1,0.514779
4098,0.7,0.1,0.0,0.0,0.2,0.0,2174,1,0.498199
4098,0.4,0.0,0.3,0.3,0.0,0.0,2175,1,0.49232600000000004
4098,0.0,0.0,0.0,0.1,0.7,0.2,2176,1,0.4428
3875,0.1,0.2,0.0,0.0,0.6,0.1,2,1,0.379508
3875,0.0,0.3,0.0,0.2,0.5,0.0,3,1,0.39873000000000003
3875,0.2,0.0,0.1,0.0,0.4,0.3,4,1,0.44881899999999997
3875,0.1,0.0,0.4,0.1,0.4,0.0,5,1,0.463167
3875,0.2,0.1,0.2,0.0,0.0,0.5,6,1,0.536501
3875,0.0,0.1,0.1,0.6,0.0,0.2,7,1,0.48059399999999997
3875,0.4,0.0,0.3,0.1,0.2,0.0,8,1,0.46696499999999996
3875,0.0,0.0,0.7,0.1,0.1,0.1,9,1,0.48080200000000006
3875,0.2,0.1,0.0,0.1,0.0,0.6,10,1,0.5133770000000001
3875,0.4,0.0,0.3,0.0,0.2,0.1,11,1,0.47612600000000005
3875,0.0,0.6,0.0,0.3,0.0,0.1,12,1,0.46156
3875,0.3,0.4,0.0,0.0,0.1,0.2,13,1,0.458188
3875,0.1,0.3,0.4,0.0,0.2,0.0,14,1,0.426167
3875,0.1,0.1,0.0,0.5,0.0,0.3,15,1,0.492838
3875,0.0,0.0,0.1,0.7,0.2,0.0,16,1,0.38942
3875,0.1,0.6,0.0,0.0,0.2,0.1,17,1,0.41704300000000005
3875,0.0,0.3,0.1,0.2,0.4,0.0,18,1,0.4247
3875,0.2,0.0,0.6,0.0,0.1,0.1,19,1,0.46193900000000004
3875,0.4,0.2,0.0,0.0,0.2,0.2,20,1,0.473731
3875,0.4,0.2,0.0,0.2,0.2,0.0,21,1,0.45314399999999994
3875,0.2,0.8,0.0,0.0,0.0,0.0,22,1,0.461879
3875,0.2,0.0,0.2,0.6,0.0,0.0,23,1,0.504484
3875,0.0,0.2,0.2,0.2,0.0,0.4,24,1,0.512441
3875,0.0,0.0,0.2,0.2,0.4,0.2,25,1,0.47026899999999994
3875,0.0,0.0,0.0,0.2,0.8,0.0,26,1,0.44883999999999996
3875,0.2,0.6,0.0,0.0,0.2,0.0,27,1,0.41563599999999995
3875,0.0,0.0,0.0,0.2,0.6,0.2,28,1,0.45815900000000004
3875,0.0,0.2,0.2,0.0,0.6,0.0,29,1,0.42317200000000005
3875,1.0,0.0,0.0,0.0,0.0,0.0,30,1,0.539234
3875,0.2,0.2,0.0,0.0,0.4,0.2,31,1,0.44382
3875,0.0,0.0,0.4,0.2,0.2,0.2,32,1,0.48210699999999995
3875,0.0,0.6,0.0,0.2,0.2,0.0,33,1,0.40479
3875,0.0,0.2,0.0,0.6,0.2,0.0,34,1,0.41524700000000003
3875,0.2,0.0,0.0,0.8,0.0,0.0,35,1,0.5079520000000001
3875,0.2,0.4,0.0,0.0,0.2,0.2,36,1,0.44397700000000007
3875,0.0,0.0,0.2,0.6,0.0,0.2,37,1,0.488396
3875,0.4,0.2,0.2,0.2,0.0,0.0,38,1,0.512336
3875,0.2,0.4,0.0,0.2,0.2,0.0,39,1,0.42456000000000005
3875,0.8,0.0,0.0,0.2,0.0,0.0,40,1,0.535154
3875,0.0,0.0,0.8,0.0,0.2,0.0,41,1,0.45352600000000004
3875,0.0,0.2,0.4,0.0,0.2,0.2,42,1,0.452697
3875,0.0,0.2,0.2,0.6,0.0,0.0,43,1,0.43103
3875,0.0,0.2,0.0,0.8,0.0,0.0,44,1,0.43904799999999994
3875,0.0,0.2,0.0,0.0,0.6,0.2,45,1,0.442402
3875,0.0,0.0,0.0,0.5,0.1,0.4,46,1,0.48778999999999995
3875,0.3,0.1,0.6,0.0,0.0,0.0,47,1,0.5053489999999999
3875,0.1,0.1,0.4,0.4,0.0,0.0,48,1,0.481099
3875,0.4,0.1,0.0,0.0,0.5,0.0,49,1,0.44016400000000006
3875,0.0,0.0,0.1,0.5,0.3,0.1,50,1,0.43960200000000005
3875,0.1,0.0,0.0,0.7,0.0,0.2,51,1,0.521989
3875,0.2,0.4,0.1,0.3,0.0,0.0,52,1,0.484386
3875,0.0,0.1,0.1,0.6,0.2,0.0,53,1,0.420781
3875,0.3,0.3,0.0,0.0,0.3,0.1,54,1,0.435882
3875,0.0,0.4,0.0,0.1,0.1,0.4,55,1,0.465466
3875,0.2,0.2,0.0,0.0,0.1,0.5,56,1,0.47496000000000005
3875,0.4,0.4,0.0,0.0,0.1,0.1,57,1,0.464659
3875,0.0,0.3,0.0,0.0,0.0,0.7,58,1,0.5110520000000001
3875,0.2,0.0,0.1,0.0,0.1,0.6,59,1,0.523759
3875,0.3,0.3,0.0,0.0,0.4,0.0,60,1,0.422706
3875,0.0,0.2,0.3,0.4,0.0,0.1,61,1,0.47443599999999997
3875,0.1,0.4,0.0,0.2,0.3,0.0,62,1,0.399879
3875,0.5,0.0,0.0,0.4,0.0,0.1,63,1,0.523829
3875,0.1,0.0,0.0,0.4,0.1,0.4,64,1,0.516043
3875,0.1,0.3,0.0,0.0,0.5,0.1,66,1,0.39715300000000003
3875,0.6,0.1,0.0,0.2,0.1,0.0,67,1,0.439666
3875,0.0,0.3,0.0,0.6,0.0,0.1,68,1,0.475732
3875,0.4,0.1,0.0,0.4,0.0,0.1,69,1,0.530882
3875,0.6,0.0,0.0,0.3,0.1,0.0,70,1,0.505323
3875,0.3,0.5,0.0,0.1,0.0,0.1,71,1,0.478875
3875,0.4,0.2,0.0,0.0,0.4,0.0,72,1,0.42005200000000004
3875,0.5,0.1,0.0,0.1,0.3,0.0,73,1,0.445403
3875,0.1,0.1,0.5,0.0,0.3,0.0,74,1,0.42622200000000005
3875,0.0,0.2,0.0,0.6,0.1,0.1,75,1,0.45756199999999997
3875,0.1,0.2,0.0,0.0,0.7,0.0,76,1,0.434145
3875,0.5,0.2,0.1,0.2,0.0,0.0,77,1,0.49476899999999996
3875,0.1,0.0,0.6,0.0,0.1,0.2,78,1,0.46538
3875,0.2,0.1,0.1,0.6,0.0,0.0,79,1,0.48408599999999996
3875,0.0,0.7,0.0,0.1,0.1,0.1,80,1,0.432409
3875,0.0,0.0,0.1,0.2,0.4,0.3,81,1,0.444887
3875,0.1,0.1,0.0,0.0,0.2,0.6,82,1,0.46983800000000003
3875,0.3,0.1,0.0,0.0,0.4,0.2,83,1,0.44930200000000003
3875,0.8,0.0,0.0,0.0,0.2,0.0,84,1,0.508293
3875,0.2,0.4,0.2,0.0,0.0,0.2,85,1,0.484771
3875,0.4,0.2,0.2,0.0,0.2,0.0,86,1,0.44367799999999996
3875,0.0,0.0,0.0,0.2,0.0,0.8,87,1,0.5070520000000001
3875,0.4,0.0,0.2,0.2,0.0,0.2,88,1,0.516231
3875,0.2,0.2,0.2,0.0,0.0,0.4,89,1,0.5191899999999999
3875,0.0,0.2,0.2,0.0,0.2,0.4,90,1,0.45692299999999997
3875,0.2,0.0,0.2,0.2,0.0,0.4,91,1,0.519566
3875,0.6,0.2,0.0,0.0,0.0,0.2,92,1,0.519382
3875,0.6,0.2,0.0,0.2,0.0,0.0,93,1,0.507274
3875,0.0,0.0,0.2,0.4,0.2,0.2,94,1,0.45713000000000004
3875,0.0,0.0,0.6,0.2,0.2,0.0,95,1,0.493889
3875,0.0,0.2,0.2,0.0,0.0,0.6,96,1,0.508941
3875,0.2,0.2,0.0,0.6,0.0,0.0,97,1,0.48232700000000006
3875,0.0,0.2,0.0,0.2,0.0,0.6,98,1,0.50654
3875,0.2,0.6,0.0,0.2,0.0,0.0,99,1,0.47811800000000004
3875,0.8,0.0,0.2,0.0,0.0,0.0,100,1,0.51188
3875,0.4,0.0,0.0,0.2,0.2,0.2,101,1,0.47004799999999997
3875,0.2,0.0,0.0,0.0,0.6,0.2,102,1,0.451237
3875,0.4,0.0,0.2,0.2,0.2,0.0,103,1,0.47120200000000007
3875,0.0,0.0,0.0,0.8,0.0,0.2,104,1,0.516529
3875,0.0,0.0,0.2,0.8,0.0,0.0,105,1,0.416685
3875,0.0,0.2,0.2,0.2,0.4,0.0,106,1,0.438234
3875,0.2,0.2,0.4,0.0,0.2,0.0,107,1,0.41524700000000003
3875,0.2,0.0,0.0,0.2,0.4,0.2,108,1,0.440512
3875,0.4,0.0,0.2,0.0,0.2,0.2,109,1,0.474529
3875,0.1,0.4,0.0,0.0,0.0,0.5,110,1,0.5040789999999999
3875,0.2,0.7,0.1,0.0,0.0,0.0,111,1,0.47293999999999997
3875,0.0,0.4,0.0,0.0,0.1,0.5,112,1,0.473242
3875,0.0,0.0,0.4,0.4,0.1,0.1,113,1,0.47908500000000004
3875,0.0,0.3,0.0,0.2,0.4,0.1,114,1,0.43267700000000003
3875,0.4,0.0,0.0,0.3,0.1,0.2,115,1,0.498859
3875,0.3,0.0,0.3,0.2,0.2,0.0,116,1,0.45569799999999994
3875,0.0,0.0,0.4,0.0,0.5,0.1,117,1,0.452024
3875,0.6,0.3,0.0,0.0,0.0,0.1,118,1,0.5126149999999999
3875,0.4,0.0,0.0,0.6,0.0,0.0,119,1,0.50762
3875,0.0,0.3,0.4,0.2,0.1,0.0,120,1,0.42668900000000004
3875,0.0,0.1,0.7,0.0,0.0,0.2,121,1,0.47451400000000005
3875,0.0,0.1,0.1,0.1,0.0,0.7,122,1,0.5211140000000001
3875,0.5,0.1,0.1,0.3,0.0,0.0,123,1,0.529579
3875,0.0,0.2,0.3,0.5,0.0,0.0,124,1,0.4547
3875,0.5,0.2,0.3,0.0,0.0,0.0,125,1,0.524373
3875,0.4,0.1,0.0,0.0,0.3,0.2,126,1,0.45667700000000006
3875,0.1,0.2,0.2,0.5,0.0,0.0,127,1,0.479479
3875,0.5,0.1,0.1,0.0,0.0,0.3,128,1,0.523486
3875,0.4,0.0,0.0,0.0,0.6,0.0,130,1,0.431821
3875,0.1,0.0,0.0,0.4,0.3,0.2,131,1,0.449176
3875,0.2,0.0,0.0,0.3,0.0,0.5,132,1,0.533353
3875,0.3,0.1,0.2,0.0,0.0,0.4,133,1,0.541481
3875,0.6,0.1,0.1,0.0,0.2,0.0,134,1,0.458747
3875,0.4,0.1,0.2,0.0,0.3,0.0,135,1,0.430304
3875,0.5,0.0,0.1,0.3,0.0,0.1,136,1,0.547568
3875,0.3,0.1,0.4,0.0,0.0,0.2,137,1,0.525306
3875,0.1,0.0,0.4,0.0,0.2,0.3,138,1,0.466131
3875,0.1,0.5,0.3,0.1,0.0,0.0,139,1,0.46010500000000004
3875,0.0,0.1,0.0,0.5,0.2,0.2,140,1,0.450322
3875,0.2,0.0,0.5,0.2,0.1,0.0,141,1,0.453902
3875,0.1,0.0,0.5,0.0,0.3,0.1,142,1,0.47035699999999997
3875,0.5,0.0,0.0,0.0,0.4,0.1,143,1,0.45970500000000003
3875,0.0,0.6,0.3,0.0,0.0,0.1,144,1,0.444114
3875,0.0,0.4,0.5,0.0,0.1,0.0,145,1,0.44294799999999995
3875,0.0,0.5,0.1,0.4,0.0,0.0,146,1,0.45730600000000005
3875,0.2,0.0,0.0,0.4,0.0,0.4,147,1,0.5176310000000001
3875,0.0,0.0,0.8,0.2,0.0,0.0,148,1,0.5056649999999999
3875,0.0,0.0,0.2,0.0,0.8,0.0,149,1,0.444621
3875,0.2,0.0,0.0,0.0,0.8,0.0,150,1,0.46566899999999994
3875,0.2,0.0,0.2,0.2,0.4,0.0,151,1,0.43008900000000005
3875,0.0,0.6,0.0,0.0,0.2,0.2,152,1,0.434543
3875,0.8,0.0,0.0,0.0,0.0,0.2,153,1,0.536086
3875,0.0,0.4,0.0,0.2,0.2,0.2,154,1,0.437583
3875,0.2,0.0,0.0,0.0,0.0,0.8,155,1,0.533243
3875,0.0,0.4,0.2,0.0,0.2,0.2,156,1,0.451879
3875,0.0,0.2,0.0,0.6,0.0,0.2,157,1,0.482338
3875,0.0,0.0,0.6,0.2,0.0,0.2,158,1,0.506254
3875,0.2,0.2,0.2,0.4,0.0,0.0,159,1,0.501564
3875,0.2,0.2,0.0,0.0,0.2,0.4,160,1,0.471934
3875,0.0,0.2,0.0,0.2,0.2,0.4,161,1,0.451453
3875,0.8,0.2,0.0,0.0,0.0,0.0,162,1,0.517115
3875,0.2,0.0,0.6,0.0,0.2,0.0,163,1,0.438171
3875,0.0,0.2,0.0,0.0,0.8,0.0,164,1,0.440147
3875,0.2,0.4,0.2,0.0,0.2,0.0,165,1,0.41313999999999995
3875,0.2,0.4,0.2,0.2,0.0,0.0,166,1,0.48134499999999997
3875,0.6,0.0,0.2,0.0,0.0,0.2,167,1,0.5296390000000001
3875,0.2,0.0,0.2,0.0,0.0,0.6,168,1,0.531559
3875,0.0,0.0,0.2,0.0,0.2,0.6,169,1,0.48410699999999995
3875,0.4,0.2,0.0,0.2,0.0,0.2,170,1,0.52067
3875,0.2,0.2,0.0,0.2,0.0,0.4,171,1,0.5075390000000001
3875,0.2,0.2,0.0,0.4,0.2,0.0,172,1,0.42800900000000003
3875,0.0,0.0,0.0,1.0,0.0,0.0,173,1,0.450024
3875,0.5,0.3,0.1,0.1,0.0,0.0,174,1,0.515241
3875,0.3,0.2,0.0,0.0,0.2,0.3,175,1,0.46838199999999997
3875,0.0,0.0,0.5,0.4,0.0,0.1,176,1,0.490854
3875,0.6,0.0,0.0,0.1,0.0,0.3,177,1,0.538663
3875,0.0,0.1,0.0,0.7,0.0,0.2,178,1,0.48426899999999995
3875,0.0,0.0,0.7,0.2,0.0,0.1,179,1,0.516246
3875,0.1,0.4,0.0,0.3,0.0,0.2,180,1,0.502239
3875,0.4,0.4,0.2,0.0,0.0,0.0,181,1,0.5007560000000001
3875,0.0,0.2,0.0,0.5,0.1,0.2,182,1,0.466617
3875,0.3,0.4,0.0,0.0,0.2,0.1,183,1,0.441601
3875,0.0,0.0,0.1,0.4,0.0,0.5,184,1,0.49997299999999995
3875,0.4,0.4,0.0,0.0,0.2,0.0,185,1,0.425333
3875,0.4,0.0,0.5,0.0,0.0,0.1,186,1,0.505317
3875,0.2,0.0,0.3,0.0,0.3,0.2,187,1,0.46987799999999996
3875,0.1,0.0,0.5,0.3,0.1,0.0,188,1,0.46630299999999997
3875,0.0,0.1,0.1,0.3,0.0,0.5,189,1,0.521057
3875,0.1,0.0,0.3,0.0,0.5,0.1,190,1,0.45330600000000004
3875,0.2,0.0,0.3,0.3,0.2,0.0,191,1,0.444086
3875,0.5,0.1,0.3,0.0,0.0,0.1,192,1,0.542667
3875,0.6,0.0,0.3,0.1,0.0,0.0,194,1,0.552573
3875,0.0,0.0,0.0,0.0,0.3,0.7,195,1,0.47826899999999994
3875,0.1,0.0,0.0,0.5,0.4,0.0,196,1,0.480466
3875,0.0,0.0,0.6,0.1,0.2,0.1,197,1,0.494353
3875,0.2,0.0,0.2,0.5,0.0,0.1,198,1,0.523768
3875,0.1,0.1,0.0,0.0,0.5,0.3,199,1,0.440513
3875,0.1,0.0,0.0,0.2,0.1,0.6,200,1,0.505125
3875,0.0,0.1,0.4,0.1,0.4,0.0,201,1,0.438362
3875,0.1,0.1,0.0,0.2,0.6,0.0,202,1,0.44527100000000003
3875,0.3,0.0,0.0,0.1,0.4,0.2,203,1,0.46225
3875,0.1,0.3,0.4,0.0,0.0,0.2,204,1,0.47789899999999996
3875,0.0,0.0,0.9,0.0,0.0,0.1,205,1,0.510702
3875,0.1,0.1,0.0,0.0,0.6,0.2,206,1,0.443025
3875,0.0,0.3,0.3,0.3,0.0,0.1,207,1,0.470595
3875,0.0,0.4,0.3,0.1,0.2,0.0,208,1,0.43504799999999993
3875,0.0,0.3,0.0,0.0,0.2,0.5,209,1,0.460552
3875,0.2,0.0,0.1,0.0,0.3,0.4,210,1,0.46338999999999997
3875,0.0,0.2,0.1,0.3,0.0,0.4,211,1,0.492324
3875,0.0,0.0,0.0,0.0,1.0,0.0,212,1,0.44488199999999994
3875,0.6,0.0,0.0,0.2,0.2,0.0,213,1,0.47915
3875,0.0,0.0,0.0,0.0,0.0,1.0,214,1,0.508636
3875,0.2,0.2,0.2,0.0,0.4,0.0,215,1,0.41235299999999997
3875,0.0,0.0,0.2,0.6,0.2,0.0,216,1,0.41922299999999996
3875,0.6,0.0,0.2,0.0,0.2,0.0,217,1,0.46685699999999997
3875,0.0,0.8,0.2,0.0,0.0,0.0,218,1,0.446684
3875,0.2,0.4,0.0,0.2,0.0,0.2,219,1,0.500736
3875,0.0,0.6,0.2,0.0,0.0,0.2,220,1,0.467499
3875,0.0,0.8,0.0,0.0,0.2,0.0,221,1,0.43847299999999995
3875,0.0,0.0,0.2,0.2,0.2,0.4,222,1,0.46824099999999996
3875,0.2,0.0,0.0,0.6,0.0,0.2,223,1,0.517885
3875,0.2,0.0,0.6,0.2,0.0,0.0,224,1,0.520672
3875,0.0,0.2,0.4,0.2,0.2,0.0,225,1,0.440936
3875,0.2,0.2,0.4,0.2,0.0,0.0,226,1,0.490612
3875,0.0,0.0,0.0,0.6,0.2,0.2,227,1,0.46065200000000006
3875,0.6,0.2,0.2,0.0,0.0,0.0,228,1,0.515899
3875,0.2,0.0,0.2,0.0,0.6,0.0,229,1,0.43678
3875,0.0,0.6,0.2,0.2,0.0,0.0,230,1,0.445553
3875,0.0,0.0,0.2,0.2,0.6,0.0,231,1,0.449553
3875,0.0,0.4,0.2,0.2,0.2,0.0,232,1,0.42480500000000004
3875,0.0,0.2,0.0,0.0,0.2,0.6,233,1,0.463001
3875,0.2,0.2,0.0,0.4,0.0,0.2,234,1,0.49698000000000003
3875,0.0,0.2,0.6,0.2,0.0,0.0,235,1,0.450033
3875,0.2,0.0,0.0,0.6,0.2,0.0,236,1,0.487875
3875,0.0,0.0,1.0,0.0,0.0,0.0,237,1,0.501211
3875,0.0,0.0,0.1,0.1,0.1,0.7,238,1,0.49339799999999995
3875,0.1,0.0,0.0,0.0,0.9,0.0,239,1,0.465629
3875,0.2,0.3,0.0,0.4,0.1,0.0,240,1,0.44435399999999997
3875,0.0,0.2,0.4,0.3,0.0,0.1,241,1,0.465934
3875,0.0,0.6,0.2,0.1,0.1,0.0,242,1,0.417871
3875,0.7,0.1,0.0,0.2,0.0,0.0,243,1,0.505497
3875,0.3,0.3,0.0,0.2,0.0,0.2,244,1,0.503012
3875,0.5,0.0,0.0,0.3,0.2,0.0,245,1,0.48417299999999996
3875,0.4,0.1,0.4,0.0,0.1,0.0,246,1,0.454284
3875,0.0,0.0,0.5,0.1,0.2,0.2,247,1,0.486084
3875,0.2,0.1,0.4,0.0,0.3,0.0,248,1,0.41566400000000003
3875,0.0,0.0,0.3,0.6,0.0,0.1,249,1,0.460242
3875,0.2,0.3,0.2,0.0,0.3,0.0,250,1,0.410312
3875,0.1,0.2,0.5,0.0,0.0,0.2,251,1,0.490583
3875,0.3,0.0,0.4,0.0,0.0,0.3,252,1,0.569928
3875,0.0,0.0,0.1,0.2,0.5,0.2,253,1,0.466843
3875,0.3,0.2,0.0,0.0,0.5,0.0,254,1,0.41208100000000003
3875,0.4,0.0,0.5,0.0,0.1,0.0,255,1,0.462984
3875,0.0,0.0,0.0,0.7,0.2,0.1,256,1,0.461608
3875,0.8,0.1,0.1,0.0,0.0,0.0,258,1,0.550233
3875,0.0,0.1,0.8,0.0,0.1,0.0,259,1,0.44857600000000003
3875,0.2,0.0,0.1,0.4,0.0,0.3,260,1,0.5460649999999999
3875,0.4,0.4,0.0,0.0,0.0,0.2,261,1,0.512836
3875,0.0,0.1,0.0,0.6,0.1,0.2,262,1,0.47677299999999995
3875,0.0,0.5,0.1,0.0,0.0,0.4,263,1,0.49368900000000004
3875,0.1,0.0,0.0,0.3,0.0,0.6,264,1,0.5468890000000001
3875,0.1,0.5,0.2,0.2,0.0,0.0,265,1,0.47764399999999996
3875,0.1,0.0,0.2,0.6,0.0,0.1,266,1,0.513001
3875,0.0,0.1,0.1,0.0,0.2,0.6,267,1,0.47232700000000005
3875,0.1,0.5,0.0,0.2,0.0,0.2,268,1,0.483601
3875,0.1,0.0,0.1,0.0,0.3,0.5,269,1,0.466071
3875,0.0,0.2,0.7,0.1,0.0,0.0,270,1,0.44877399999999995
3875,0.7,0.0,0.3,0.0,0.0,0.0,271,1,0.5347649999999999
3875,0.2,0.4,0.0,0.1,0.0,0.3,272,1,0.507035
3875,0.7,0.0,0.0,0.1,0.0,0.2,273,1,0.5420659999999999
3875,0.1,0.6,0.1,0.0,0.2,0.0,274,1,0.41300600000000004
3875,0.2,0.0,0.0,0.5,0.0,0.3,275,1,0.511204
3875,0.0,0.0,0.6,0.0,0.2,0.2,276,1,0.484333
3875,0.0,0.2,0.0,0.4,0.2,0.2,277,1,0.44912299999999994
3875,0.0,0.0,0.0,0.8,0.2,0.0,278,1,0.43391899999999994
3875,0.0,0.2,0.2,0.4,0.2,0.0,279,1,0.428228
3875,0.2,0.0,0.0,0.2,0.2,0.4,280,1,0.47485299999999997
3875,0.2,0.0,0.2,0.0,0.4,0.2,281,1,0.459604
3875,0.2,0.0,0.2,0.4,0.0,0.2,282,1,0.509851
3875,0.0,0.2,0.2,0.4,0.0,0.2,283,1,0.491413
3875,0.0,0.8,0.0,0.2,0.0,0.0,284,1,0.454179
3875,0.2,0.2,0.0,0.0,0.0,0.6,285,1,0.514404
3875,0.2,0.0,0.0,0.4,0.2,0.2,286,1,0.467474
3875,0.0,0.0,0.2,0.2,0.0,0.6,287,1,0.5208079999999999
3875,0.6,0.2,0.0,0.0,0.2,0.0,288,1,0.452746
3875,0.0,0.0,0.0,0.0,0.2,0.8,289,1,0.487307
3875,0.2,0.6,0.2,0.0,0.0,0.0,290,1,0.47704799999999997
3875,0.2,0.2,0.6,0.0,0.0,0.0,291,1,0.488433
3875,0.0,0.0,0.8,0.0,0.0,0.2,292,1,0.519729
3875,0.0,0.2,0.6,0.0,0.0,0.2,293,1,0.467948
3875,0.0,0.0,0.0,0.2,0.2,0.6,294,1,0.47919799999999996
3875,0.0,0.2,0.8,0.0,0.0,0.0,295,1,0.45650100000000005
3875,0.0,0.0,0.2,0.0,0.6,0.2,296,1,0.445273
3875,0.0,1.0,0.0,0.0,0.0,0.0,297,1,0.453424
3875,0.2,0.0,0.2,0.0,0.2,0.4,298,1,0.47885900000000003
3875,0.0,0.2,0.0,0.0,0.0,0.8,299,1,0.513676
3875,0.2,0.0,0.0,0.2,0.0,0.6,300,1,0.545246
3875,0.2,0.2,0.0,0.2,0.4,0.0,301,1,0.417789
3875,0.0,0.3,0.2,0.2,0.0,0.3,302,1,0.493996
3875,0.5,0.0,0.3,0.0,0.1,0.1,303,1,0.48610600000000004
3875,0.1,0.4,0.0,0.1,0.4,0.0,304,1,0.418922
3875,0.1,0.1,0.3,0.0,0.0,0.5,305,1,0.513839
3875,0.2,0.0,0.3,0.2,0.3,0.0,306,1,0.437856
3875,0.0,0.1,0.0,0.2,0.7,0.0,307,1,0.44933900000000004
3875,0.3,0.0,0.5,0.0,0.1,0.1,308,1,0.478894
3875,0.3,0.0,0.1,0.0,0.1,0.5,309,1,0.510965
3875,0.2,0.0,0.7,0.0,0.1,0.0,310,1,0.440416
3875,0.1,0.0,0.7,0.1,0.1,0.0,311,1,0.463358
3875,0.0,0.1,0.1,0.0,0.8,0.0,312,1,0.43716499999999997
3875,0.0,0.0,0.4,0.2,0.1,0.3,313,1,0.48005299999999995
3875,0.0,0.0,0.0,0.4,0.3,0.3,314,1,0.442925
3875,0.0,0.0,0.2,0.4,0.0,0.4,315,1,0.522595
3875,0.8,0.0,0.1,0.0,0.0,0.1,316,1,0.5506770000000001
3875,0.7,0.2,0.0,0.1,0.0,0.0,317,1,0.526211
3875,0.3,0.0,0.1,0.6,0.0,0.0,318,1,0.529288
3875,0.0,0.1,0.2,0.0,0.6,0.1,319,1,0.43626499999999996
3875,0.2,0.1,0.0,0.0,0.2,0.5,320,1,0.489306
3875,0.0,0.4,0.1,0.5,0.0,0.0,322,1,0.46264799999999995
3875,0.3,0.2,0.1,0.0,0.4,0.0,323,1,0.41399300000000006
3875,0.5,0.2,0.0,0.0,0.0,0.3,324,1,0.5415449999999999
3875,0.4,0.4,0.0,0.2,0.0,0.0,325,1,0.501494
3875,0.0,0.4,0.3,0.0,0.0,0.3,326,1,0.485296
3875,0.5,0.0,0.1,0.1,0.3,0.0,327,1,0.457858
3875,0.4,0.1,0.4,0.0,0.0,0.1,328,1,0.520406
3875,0.2,0.0,0.3,0.4,0.0,0.1,329,1,0.516159
3875,0.0,0.0,0.7,0.1,0.0,0.2,330,1,0.5137649999999999
3875,0.1,0.0,0.1,0.7,0.0,0.1,331,1,0.48800699999999997
3875,0.4,0.5,0.0,0.0,0.1,0.0,332,1,0.415224
3875,0.0,0.0,0.0,0.1,0.8,0.1,333,1,0.463292
3875,0.0,0.5,0.0,0.2,0.2,0.1,334,1,0.42372200000000004
3875,0.0,0.1,0.0,0.6,0.2,0.1,335,1,0.456309
3875,0.2,0.0,0.2,0.5,0.1,0.0,336,1,0.476238
3875,0.0,0.2,0.1,0.2,0.0,0.5,337,1,0.498389
3875,0.0,0.1,0.0,0.5,0.0,0.4,338,1,0.494817
3875,0.0,0.2,0.0,0.1,0.3,0.4,339,1,0.442881
3875,0.2,0.0,0.2,0.4,0.2,0.0,340,1,0.445053
3875,0.0,0.4,0.2,0.2,0.0,0.2,341,1,0.48192700000000005
3875,0.2,0.0,0.0,0.2,0.6,0.0,342,1,0.464079
3875,0.0,0.2,0.0,0.2,0.6,0.0,343,1,0.43983999999999995
3875,0.0,0.0,0.0,0.0,0.8,0.2,344,1,0.461334
3875,0.2,0.2,0.4,0.0,0.0,0.2,345,1,0.49837600000000004
3875,0.0,0.2,0.6,0.0,0.2,0.0,346,1,0.442563
3875,0.2,0.0,0.4,0.0,0.2,0.2,347,1,0.46848100000000004
3875,0.2,0.2,0.0,0.0,0.6,0.0,348,1,0.416311
3875,0.0,0.8,0.0,0.0,0.0,0.2,349,1,0.479839
3875,0.2,0.0,0.8,0.0,0.0,0.0,350,1,0.496514
3875,0.0,0.2,0.2,0.0,0.4,0.2,351,1,0.464574
3875,0.2,0.6,0.0,0.0,0.0,0.2,352,1,0.491501
3875,0.0,0.2,0.4,0.2,0.0,0.2,353,1,0.48635900000000004
3875,0.6,0.0,0.0,0.0,0.2,0.2,354,1,0.494962
3875,0.4,0.2,0.2,0.0,0.0,0.2,355,1,0.526552
3875,0.6,0.0,0.0,0.2,0.0,0.2,356,1,0.543609
3875,0.2,0.0,0.0,0.0,0.2,0.6,357,1,0.50133
3875,0.0,0.0,0.2,0.0,0.0,0.8,358,1,0.5507270000000001
3875,0.6,0.0,0.2,0.2,0.0,0.0,359,1,0.539665
3875,0.0,0.2,0.0,0.2,0.4,0.2,360,1,0.448259
3875,0.0,0.6,0.0,0.2,0.0,0.2,361,1,0.487854
3875,0.0,0.6,0.2,0.0,0.2,0.0,362,1,0.45366899999999993
3875,0.2,0.0,0.4,0.2,0.2,0.0,363,1,0.445396
3875,0.2,0.0,0.4,0.2,0.0,0.2,364,1,0.5269590000000001
3875,0.2,0.0,0.6,0.0,0.0,0.2,365,1,0.531783
3875,0.5,0.0,0.0,0.2,0.2,0.1,366,1,0.47909700000000005
3875,0.0,0.1,0.3,0.0,0.6,0.0,367,1,0.43090200000000006
3875,0.0,0.0,0.0,0.8,0.1,0.1,368,1,0.4723
3875,0.1,0.0,0.6,0.0,0.2,0.1,369,1,0.478177
3875,0.0,0.0,0.6,0.3,0.0,0.1,370,1,0.503933
3875,0.3,0.0,0.2,0.4,0.0,0.1,371,1,0.517744
3875,0.1,0.0,0.3,0.0,0.2,0.4,372,1,0.47179399999999994
3875,0.1,0.4,0.3,0.2,0.0,0.0,373,1,0.470046
3875,0.3,0.0,0.5,0.0,0.0,0.2,374,1,0.538994
3875,0.1,0.0,0.7,0.0,0.0,0.2,375,1,0.5456840000000001
3875,0.0,0.1,0.2,0.2,0.0,0.5,376,1,0.529048
3875,0.2,0.1,0.3,0.0,0.0,0.4,377,1,0.5265890000000001
3875,0.2,0.3,0.0,0.0,0.1,0.4,378,1,0.473596
3875,0.3,0.0,0.0,0.5,0.2,0.0,379,1,0.47866000000000003
3875,0.0,0.2,0.0,0.3,0.2,0.3,380,1,0.44998999999999995
3875,0.0,0.2,0.0,0.1,0.7,0.0,381,1,0.44973
3875,0.0,0.0,0.1,0.2,0.1,0.6,382,1,0.49950600000000006
3875,0.3,0.6,0.0,0.1,0.0,0.0,383,1,0.486705
3875,0.0,0.3,0.3,0.1,0.0,0.3,384,1,0.476175
3875,0.4,0.0,0.0,0.3,0.3,0.0,386,1,0.48584399999999994
3875,0.4,0.5,0.0,0.0,0.0,0.1,387,1,0.505317
3875,0.8,0.1,0.0,0.1,0.0,0.0,388,1,0.536267
3875,0.5,0.1,0.0,0.3,0.1,0.0,389,1,0.477426
3875,0.2,0.0,0.3,0.0,0.1,0.4,390,1,0.506881
3875,0.5,0.1,0.0,0.0,0.1,0.3,391,1,0.48922299999999996
3875,0.3,0.3,0.0,0.1,0.3,0.0,392,1,0.409717
3875,0.0,0.0,0.0,0.3,0.6,0.1,393,1,0.477674
3875,0.2,0.0,0.2,0.3,0.3,0.0,394,1,0.437896
3875,0.3,0.6,0.0,0.0,0.1,0.0,395,1,0.41635
3875,0.0,0.5,0.0,0.4,0.1,0.0,396,1,0.428749
3875,0.1,0.3,0.0,0.0,0.2,0.4,397,1,0.452729
3875,0.5,0.2,0.0,0.0,0.2,0.1,398,1,0.443905
3875,0.0,0.0,0.0,0.3,0.2,0.5,399,1,0.469634
3875,0.7,0.3,0.0,0.0,0.0,0.0,400,1,0.500253
3875,0.1,0.5,0.0,0.1,0.3,0.0,401,1,0.40886999999999996
3875,0.2,0.7,0.0,0.1,0.0,0.0,402,1,0.47597399999999995
3875,0.7,0.0,0.0,0.3,0.0,0.0,403,1,0.5205930000000001
3875,0.0,0.0,0.1,0.3,0.6,0.0,404,1,0.43832899999999997
3875,0.0,0.6,0.0,0.0,0.0,0.4,405,1,0.48376800000000003
3875,0.0,0.3,0.0,0.6,0.1,0.0,406,1,0.44708400000000004
3875,0.1,0.0,0.3,0.0,0.1,0.5,407,1,0.5022449999999999
3875,0.0,0.2,0.1,0.0,0.3,0.4,408,1,0.46377299999999994
3875,0.1,0.0,0.1,0.0,0.7,0.1,409,1,0.448042
3875,0.2,0.6,0.0,0.1,0.1,0.0,410,1,0.43971800000000005
3875,0.0,0.4,0.3,0.0,0.3,0.0,411,1,0.453596
3875,0.2,0.0,0.0,0.7,0.0,0.1,412,1,0.5012939999999999
3875,0.3,0.0,0.3,0.0,0.0,0.4,413,1,0.528633
3875,0.0,0.1,0.0,0.2,0.4,0.3,414,1,0.44471700000000003
3875,0.0,0.2,0.0,0.0,0.1,0.7,415,1,0.477234
3875,0.4,0.0,0.2,0.1,0.0,0.3,416,1,0.5422560000000001
3875,0.0,0.0,0.0,0.5,0.3,0.2,417,1,0.46151800000000004
3875,0.1,0.1,0.0,0.3,0.0,0.5,418,1,0.5188119999999999
3875,0.0,0.1,0.6,0.2,0.1,0.0,419,1,0.45700799999999997
3875,0.1,0.1,0.0,0.2,0.0,0.6,420,1,0.528253
3875,0.3,0.3,0.0,0.0,0.1,0.3,421,1,0.482792
3875,0.1,0.0,0.2,0.4,0.0,0.3,422,1,0.539057
3875,0.0,0.4,0.1,0.0,0.3,0.2,423,1,0.45443599999999995
3875,0.0,0.4,0.1,0.2,0.0,0.3,424,1,0.48772200000000004
3875,0.2,0.1,0.6,0.0,0.0,0.1,425,1,0.508009
3875,0.1,0.0,0.6,0.2,0.1,0.0,426,1,0.45829
3875,0.0,0.5,0.0,0.0,0.3,0.2,427,1,0.444589
3875,0.5,0.0,0.0,0.1,0.4,0.0,428,1,0.456625
3875,0.3,0.0,0.0,0.2,0.4,0.1,429,1,0.452082
3875,0.0,0.0,0.2,0.7,0.1,0.0,430,1,0.41912
3875,0.0,0.4,0.1,0.0,0.4,0.1,431,1,0.449363
3875,0.0,0.1,0.3,0.5,0.1,0.0,432,1,0.442258
3875,0.0,0.2,0.0,0.4,0.0,0.4,433,1,0.486684
3875,0.0,0.2,0.7,0.0,0.1,0.0,434,1,0.45033199999999995
3875,0.0,0.2,0.7,0.0,0.0,0.1,435,1,0.45955799999999997
3875,0.2,0.5,0.0,0.0,0.2,0.1,436,1,0.436725
3875,0.1,0.0,0.4,0.0,0.0,0.5,437,1,0.53599
3875,0.0,0.3,0.0,0.4,0.1,0.2,438,1,0.468689
3875,0.5,0.1,0.2,0.2,0.0,0.0,439,1,0.532355
3875,0.0,0.0,0.0,0.7,0.1,0.2,440,1,0.49151000000000006
3875,0.1,0.8,0.0,0.0,0.1,0.0,441,1,0.42628699999999997
3875,0.0,0.4,0.2,0.3,0.1,0.0,442,1,0.42834300000000003
3875,0.0,0.3,0.2,0.0,0.4,0.1,443,1,0.450194
3875,0.3,0.0,0.4,0.1,0.2,0.0,444,1,0.44933199999999995
3875,0.0,0.0,0.5,0.4,0.1,0.0,445,1,0.5092810000000001
3875,0.0,0.6,0.1,0.2,0.0,0.1,446,1,0.480232
3875,0.0,0.2,0.1,0.4,0.3,0.0,447,1,0.43009
3875,0.4,0.1,0.3,0.2,0.0,0.0,448,1,0.5130020000000001
3875,0.3,0.0,0.3,0.1,0.0,0.3,450,1,0.583609
3875,0.4,0.0,0.0,0.4,0.1,0.1,451,1,0.507417
3875,0.2,0.1,0.0,0.1,0.6,0.0,452,1,0.435143
3875,0.1,0.0,0.7,0.0,0.1,0.1,453,1,0.474958
3875,0.7,0.1,0.0,0.0,0.1,0.1,454,1,0.48982200000000004
3875,0.4,0.0,0.2,0.3,0.1,0.0,455,1,0.49058900000000005
3875,0.5,0.0,0.0,0.0,0.0,0.5,456,1,0.531507
3875,0.3,0.0,0.0,0.0,0.1,0.6,457,1,0.512633
3875,0.3,0.0,0.0,0.0,0.3,0.4,458,1,0.479609
3875,0.2,0.2,0.3,0.0,0.3,0.0,459,1,0.408159
3875,0.5,0.1,0.3,0.0,0.1,0.0,460,1,0.459783
3875,0.0,0.0,0.2,0.3,0.0,0.5,461,1,0.516225
3875,0.0,0.4,0.5,0.1,0.0,0.0,462,1,0.43749
3875,0.0,0.3,0.1,0.5,0.0,0.1,463,1,0.475285
3875,0.0,0.1,0.3,0.6,0.0,0.0,464,1,0.45178
3875,0.1,0.0,0.0,0.3,0.5,0.1,465,1,0.466016
3875,0.0,0.4,0.3,0.1,0.0,0.2,466,1,0.472459
3875,0.1,0.1,0.0,0.4,0.4,0.0,467,1,0.44885699999999995
3875,0.1,0.0,0.0,0.5,0.2,0.2,468,1,0.459819
3875,0.0,0.5,0.3,0.0,0.0,0.2,469,1,0.467496
3875,0.2,0.0,0.0,0.1,0.1,0.6,470,1,0.501217
3875,0.3,0.0,0.0,0.2,0.0,0.5,471,1,0.535112
3875,0.0,0.0,0.2,0.5,0.0,0.3,472,1,0.509361
3875,0.0,0.2,0.3,0.1,0.4,0.0,473,1,0.437838
3875,0.0,0.4,0.2,0.0,0.1,0.3,474,1,0.45518000000000003
3875,0.1,0.2,0.0,0.2,0.5,0.0,475,1,0.428605
3875,0.0,0.5,0.0,0.0,0.1,0.4,476,1,0.468359
3875,0.0,0.1,0.2,0.7,0.0,0.0,477,1,0.442984
3875,0.0,0.2,0.0,0.1,0.2,0.5,478,1,0.462811
3875,0.3,0.0,0.6,0.0,0.1,0.0,479,1,0.44094799999999995
3875,0.1,0.0,0.7,0.2,0.0,0.0,480,1,0.5143479999999999
3875,0.0,0.1,0.2,0.0,0.0,0.7,481,1,0.526439
3875,0.3,0.4,0.3,0.0,0.0,0.0,482,1,0.48813199999999995
3875,0.0,0.0,0.0,0.0,0.7,0.3,483,1,0.46153299999999997
3875,0.0,0.0,0.5,0.0,0.2,0.3,484,1,0.480783
3875,0.4,0.3,0.3,0.0,0.0,0.0,485,1,0.502356
3875,0.6,0.0,0.2,0.1,0.0,0.1,486,1,0.54594
3875,0.0,0.1,0.0,0.5,0.3,0.1,487,1,0.452427
3875,0.0,0.1,0.0,0.1,0.7,0.1,488,1,0.456809
3875,0.0,0.4,0.0,0.0,0.4,0.2,489,1,0.452135
3875,0.2,0.0,0.1,0.1,0.0,0.6,490,1,0.530245
3875,0.5,0.0,0.0,0.3,0.1,0.1,491,1,0.50079
3875,0.0,0.6,0.1,0.2,0.1,0.0,492,1,0.42541899999999994
3875,0.0,0.1,0.3,0.2,0.4,0.0,493,1,0.44618500000000005
3875,0.0,0.3,0.1,0.1,0.5,0.0,494,1,0.44426800000000005
3875,0.0,0.1,0.5,0.0,0.0,0.4,495,1,0.5080859999999999
3875,0.3,0.3,0.0,0.2,0.2,0.0,496,1,0.434312
3875,0.1,0.2,0.1,0.0,0.6,0.0,497,1,0.420925
3875,0.0,0.8,0.1,0.0,0.1,0.0,498,1,0.437683
3875,0.1,0.7,0.0,0.0,0.0,0.2,499,1,0.480296
3875,0.4,0.0,0.1,0.2,0.0,0.3,500,1,0.533759
3875,0.4,0.3,0.0,0.1,0.0,0.2,501,1,0.517633
3875,0.0,0.0,0.2,0.3,0.3,0.2,502,1,0.464052
3875,0.1,0.0,0.3,0.0,0.0,0.6,503,1,0.5391100000000001
3875,0.1,0.6,0.0,0.2,0.0,0.1,504,1,0.49673100000000003
3875,0.5,0.2,0.0,0.1,0.0,0.2,505,1,0.52349
3875,0.5,0.3,0.0,0.0,0.2,0.0,506,1,0.437557
3875,0.4,0.0,0.4,0.2,0.0,0.0,507,1,0.543095
3875,0.3,0.2,0.0,0.3,0.2,0.0,508,1,0.438385
3875,0.2,0.3,0.0,0.4,0.0,0.1,509,1,0.5044569999999999
3875,0.0,0.1,0.1,0.5,0.0,0.3,510,1,0.5129239999999999
3875,0.2,0.3,0.0,0.3,0.0,0.2,511,1,0.51262
3875,0.6,0.0,0.0,0.1,0.3,0.0,512,1,0.48402799999999996
3875,0.0,0.3,0.4,0.1,0.0,0.2,514,1,0.48201400000000005
3875,0.0,0.1,0.0,0.3,0.0,0.6,515,1,0.535836
3875,0.3,0.1,0.3,0.3,0.0,0.0,516,1,0.524634
3875,0.0,0.0,0.2,0.1,0.7,0.0,517,1,0.443938
3875,0.0,0.1,0.4,0.3,0.2,0.0,518,1,0.459592
3875,0.0,0.7,0.1,0.1,0.0,0.1,519,1,0.465049
3875,0.3,0.1,0.5,0.0,0.1,0.0,520,1,0.42612700000000003
3875,0.1,0.1,0.2,0.0,0.0,0.6,521,1,0.54615
3875,0.2,0.0,0.5,0.2,0.0,0.1,522,1,0.529159
3875,0.0,0.0,0.2,0.1,0.5,0.2,523,1,0.45567700000000005
3875,0.0,0.5,0.3,0.0,0.1,0.1,524,1,0.43428999999999995
3875,0.1,0.2,0.7,0.0,0.0,0.0,525,1,0.463866
3875,0.1,0.1,0.4,0.0,0.0,0.4,526,1,0.5175109999999999
3875,0.1,0.0,0.5,0.2,0.2,0.0,527,1,0.45865900000000004
3875,0.1,0.0,0.2,0.0,0.6,0.1,528,1,0.45493199999999995
3875,0.4,0.1,0.2,0.3,0.0,0.0,529,1,0.506696
3875,0.0,0.4,0.0,0.3,0.2,0.1,530,1,0.43221099999999996
3875,0.0,0.0,0.1,0.2,0.3,0.4,531,1,0.45559799999999995
3875,0.5,0.5,0.0,0.0,0.0,0.0,532,1,0.485422
3875,0.1,0.4,0.0,0.0,0.1,0.4,533,1,0.46872600000000003
3875,0.0,0.4,0.4,0.0,0.2,0.0,534,1,0.453982
3875,0.0,0.1,0.4,0.0,0.0,0.5,535,1,0.507214
3875,0.0,0.0,0.3,0.0,0.6,0.1,536,1,0.45102299999999995
3875,0.0,0.3,0.0,0.2,0.3,0.2,537,1,0.439279
3875,0.0,0.1,0.0,0.2,0.3,0.4,538,1,0.443816
3875,0.3,0.2,0.1,0.4,0.0,0.0,539,1,0.48682
3875,0.0,0.2,0.5,0.0,0.1,0.2,540,1,0.459397
3875,0.0,0.0,0.3,0.2,0.4,0.1,541,1,0.45610200000000006
3875,0.4,0.3,0.2,0.1,0.0,0.0,542,1,0.491126
3875,0.1,0.0,0.1,0.0,0.6,0.2,543,1,0.46138900000000005
3875,0.0,0.0,0.1,0.1,0.3,0.5,544,1,0.46561499999999995
3875,0.0,0.2,0.0,0.3,0.4,0.1,545,1,0.442308
3875,0.7,0.2,0.0,0.0,0.0,0.1,546,1,0.507232
3875,0.1,0.1,0.2,0.6,0.0,0.0,547,1,0.487928
3875,0.1,0.5,0.0,0.3,0.1,0.0,548,1,0.43924300000000005
3875,0.2,0.5,0.0,0.0,0.1,0.2,549,1,0.45812700000000006
3875,0.3,0.0,0.0,0.0,0.2,0.5,550,1,0.494858
3875,0.2,0.0,0.0,0.1,0.7,0.0,551,1,0.475238
3875,0.6,0.3,0.1,0.0,0.0,0.0,552,1,0.495644
3875,0.7,0.1,0.1,0.0,0.0,0.1,553,1,0.524671
3875,0.3,0.0,0.4,0.2,0.1,0.0,554,1,0.47656400000000004
3875,0.3,0.5,0.1,0.0,0.0,0.1,555,1,0.5064609999999999
3875,0.0,0.0,0.2,0.4,0.3,0.1,556,1,0.452485
3875,0.7,0.2,0.0,0.0,0.1,0.0,557,1,0.473815
3875,0.0,0.0,0.2,0.1,0.1,0.6,558,1,0.49895600000000007
3875,0.0,0.1,0.0,0.3,0.1,0.5,559,1,0.47594200000000003
3875,0.5,0.0,0.1,0.2,0.2,0.0,560,1,0.474763
3875,0.0,0.1,0.2,0.1,0.6,0.0,561,1,0.437249
3875,0.0,0.1,0.5,0.0,0.1,0.3,562,1,0.466185
3875,0.0,0.0,0.4,0.0,0.3,0.3,563,1,0.479391
3875,0.0,0.1,0.2,0.0,0.4,0.3,564,1,0.47835
3875,0.0,0.2,0.2,0.3,0.3,0.0,565,1,0.441141
3875,0.0,0.0,0.0,0.1,0.2,0.7,566,1,0.48297299999999993
3875,0.0,0.0,0.7,0.0,0.0,0.3,567,1,0.525608
3875,0.0,0.0,0.3,0.3,0.2,0.2,568,1,0.48139899999999997
3875,0.0,0.1,0.6,0.3,0.0,0.0,569,1,0.47221499999999994
3875,0.1,0.0,0.6,0.2,0.0,0.1,570,1,0.525911
3875,0.6,0.1,0.1,0.0,0.0,0.2,571,1,0.5364329999999999
3875,0.1,0.3,0.3,0.3,0.0,0.0,572,1,0.47926
3875,0.3,0.0,0.4,0.3,0.0,0.0,573,1,0.505779
3875,0.0,0.0,0.4,0.2,0.3,0.1,574,1,0.486346
3875,0.4,0.0,0.1,0.0,0.0,0.5,575,1,0.548913
3875,0.0,0.2,0.3,0.3,0.0,0.2,576,1,0.50293
3875,0.0,0.3,0.0,0.0,0.5,0.2,578,1,0.457617
3875,0.0,0.4,0.2,0.1,0.0,0.3,579,1,0.50063
3875,0.6,0.1,0.1,0.2,0.0,0.0,580,1,0.52867
3875,0.0,0.0,0.0,0.2,0.7,0.1,581,1,0.466189
3875,0.0,0.7,0.0,0.0,0.0,0.3,582,1,0.47581599999999996
3875,0.2,0.3,0.4,0.0,0.1,0.0,583,1,0.404697
3875,0.0,0.2,0.3,0.0,0.2,0.3,584,1,0.465963
3875,0.0,0.0,0.1,0.1,0.0,0.8,585,1,0.538438
3875,0.0,0.0,0.2,0.7,0.0,0.1,586,1,0.447846
3875,0.8,0.0,0.0,0.1,0.1,0.0,587,1,0.5147619999999999
3875,0.0,0.0,0.0,0.2,0.1,0.7,588,1,0.50198
3875,0.0,0.0,0.4,0.0,0.4,0.2,589,1,0.466391
3875,0.0,0.0,0.3,0.7,0.0,0.0,590,1,0.437262
3875,0.0,0.0,0.1,0.7,0.1,0.1,591,1,0.433979
3875,0.1,0.1,0.1,0.0,0.0,0.7,592,1,0.516706
3875,0.0,0.2,0.3,0.2,0.3,0.0,593,1,0.44217
3875,0.0,0.0,0.7,0.1,0.2,0.0,594,1,0.478917
3875,0.4,0.0,0.4,0.0,0.1,0.1,595,1,0.487331
3875,0.1,0.0,0.2,0.5,0.0,0.2,596,1,0.517133
3875,0.5,0.0,0.3,0.0,0.2,0.0,597,1,0.465236
3875,0.0,0.6,0.1,0.1,0.2,0.0,598,1,0.424992
3875,0.0,0.0,0.1,0.1,0.8,0.0,599,1,0.445513
3875,0.3,0.1,0.3,0.0,0.3,0.0,600,1,0.428192
3875,0.1,0.1,0.0,0.0,0.3,0.5,601,1,0.462397
3875,0.0,0.0,0.3,0.0,0.1,0.6,602,1,0.49227299999999996
3875,0.2,0.0,0.3,0.0,0.5,0.0,603,1,0.43563999999999997
3875,0.3,0.4,0.0,0.2,0.0,0.1,604,1,0.49408199999999997
3875,0.3,0.0,0.3,0.1,0.3,0.0,605,1,0.443296
3875,0.1,0.1,0.2,0.0,0.6,0.0,606,1,0.423601
3875,0.3,0.1,0.0,0.6,0.0,0.0,607,1,0.498487
3875,0.1,0.8,0.0,0.1,0.0,0.0,608,1,0.47212
3875,0.5,0.0,0.0,0.3,0.0,0.2,609,1,0.5153260000000001
3875,0.6,0.0,0.1,0.0,0.2,0.1,610,1,0.483523
3875,0.1,0.0,0.8,0.1,0.0,0.0,611,1,0.48879399999999995
3875,0.3,0.0,0.0,0.4,0.2,0.1,612,1,0.46425900000000003
3875,0.5,0.2,0.0,0.0,0.1,0.2,613,1,0.481425
3875,0.5,0.4,0.0,0.0,0.0,0.1,614,1,0.5119229999999999
3875,0.6,0.2,0.0,0.1,0.1,0.0,615,1,0.477566
3875,0.1,0.1,0.3,0.0,0.5,0.0,616,1,0.425624
3875,0.3,0.0,0.0,0.1,0.6,0.0,617,1,0.464841
3875,0.4,0.0,0.0,0.2,0.1,0.3,618,1,0.493184
3875,0.5,0.3,0.2,0.0,0.0,0.0,619,1,0.497913
3875,0.1,0.8,0.1,0.0,0.0,0.0,620,1,0.46525299999999997
3875,0.2,0.0,0.7,0.1,0.0,0.0,621,1,0.48994399999999994
3875,0.1,0.5,0.0,0.4,0.0,0.0,622,1,0.473492
3875,0.1,0.1,0.6,0.0,0.2,0.0,623,1,0.433374
3875,0.0,0.1,0.6,0.1,0.0,0.2,624,1,0.48477600000000004
3875,0.2,0.0,0.0,0.4,0.4,0.0,625,1,0.470621
3875,0.2,0.5,0.0,0.2,0.1,0.0,626,1,0.450038
3875,0.1,0.0,0.4,0.0,0.5,0.0,627,1,0.441953
3875,0.0,0.0,0.5,0.3,0.0,0.2,628,1,0.500859
3875,0.3,0.0,0.1,0.2,0.0,0.4,629,1,0.536985
3875,0.1,0.6,0.3,0.0,0.0,0.0,630,1,0.472469
3875,0.0,0.0,0.7,0.3,0.0,0.0,631,1,0.486063
3875,0.0,0.3,0.1,0.6,0.0,0.0,632,1,0.453226
3875,0.2,0.0,0.5,0.0,0.0,0.3,633,1,0.531234
3875,0.0,0.1,0.0,0.1,0.0,0.8,634,1,0.52704
3875,0.0,0.3,0.2,0.3,0.2,0.0,635,1,0.431142
3875,0.0,0.0,0.8,0.0,0.1,0.1,636,1,0.488516
3875,0.1,0.5,0.0,0.0,0.3,0.1,637,1,0.432084
3875,0.6,0.1,0.0,0.0,0.2,0.1,638,1,0.479627
3875,0.0,0.1,0.2,0.0,0.1,0.6,639,1,0.500366
3875,0.0,0.1,0.0,0.2,0.2,0.5,640,1,0.463559
3875,0.4,0.2,0.0,0.0,0.0,0.4,642,1,0.5436439999999999
3875,0.3,0.0,0.0,0.1,0.2,0.4,643,1,0.495133
3875,0.0,0.0,0.6,0.0,0.4,0.0,644,1,0.446521
3875,0.0,0.6,0.2,0.0,0.1,0.1,645,1,0.430097
3875,0.0,0.2,0.0,0.5,0.3,0.0,646,1,0.43100200000000005
3875,0.1,0.7,0.0,0.2,0.0,0.0,647,1,0.474313
3875,0.4,0.4,0.1,0.1,0.0,0.0,648,1,0.5049060000000001
3875,0.4,0.0,0.2,0.4,0.0,0.0,649,1,0.5266149999999999
3875,0.3,0.0,0.0,0.1,0.0,0.6,650,1,0.560251
3875,0.0,0.0,0.0,0.0,0.9,0.1,651,1,0.465686
3875,0.1,0.0,0.5,0.3,0.0,0.1,652,1,0.50869
3875,0.0,0.0,0.4,0.5,0.0,0.1,653,1,0.497184
3875,0.1,0.4,0.0,0.0,0.4,0.1,654,1,0.43442200000000003
3875,0.0,0.3,0.4,0.0,0.2,0.1,655,1,0.447166
3875,0.1,0.4,0.2,0.3,0.0,0.0,656,1,0.4748
3875,0.1,0.2,0.1,0.6,0.0,0.0,657,1,0.474675
3875,0.1,0.3,0.0,0.0,0.1,0.5,658,1,0.479864
3875,0.0,0.2,0.5,0.1,0.0,0.2,659,1,0.470265
3875,0.0,0.5,0.1,0.2,0.0,0.2,660,1,0.47909799999999997
3875,0.2,0.1,0.2,0.5,0.0,0.0,661,1,0.50212
3875,0.1,0.3,0.2,0.0,0.0,0.4,662,1,0.500398
3875,0.1,0.0,0.0,0.0,0.2,0.7,663,1,0.477706
3875,0.3,0.3,0.0,0.3,0.0,0.1,664,1,0.499449
3875,0.0,0.5,0.0,0.2,0.0,0.3,665,1,0.487563
3875,0.0,0.0,0.1,0.6,0.2,0.1,666,1,0.42881
3875,0.0,0.0,0.2,0.3,0.2,0.3,667,1,0.45641000000000004
3875,0.4,0.2,0.0,0.3,0.0,0.1,668,1,0.503174
3875,0.0,0.2,0.0,0.3,0.3,0.2,669,1,0.43944700000000003
3875,0.1,0.0,0.0,0.1,0.3,0.5,670,1,0.470467
3875,0.5,0.0,0.2,0.0,0.0,0.3,671,1,0.537516
3875,0.0,0.2,0.3,0.0,0.3,0.2,672,1,0.465133
3875,0.2,0.1,0.0,0.6,0.0,0.1,673,1,0.5114029999999999
3875,0.0,0.0,0.5,0.3,0.2,0.0,674,1,0.48898100000000005
3875,0.1,0.4,0.0,0.3,0.2,0.0,675,1,0.41975200000000007
3875,0.5,0.0,0.0,0.0,0.1,0.4,676,1,0.501682
3875,0.7,0.0,0.0,0.2,0.1,0.0,677,1,0.5084529999999999
3875,0.2,0.0,0.1,0.3,0.0,0.4,678,1,0.529927
3875,0.0,0.0,0.3,0.1,0.0,0.6,679,1,0.537799
3875,0.2,0.5,0.0,0.2,0.0,0.1,680,1,0.49779399999999996
3875,0.3,0.3,0.1,0.0,0.0,0.3,681,1,0.519274
3875,0.0,0.1,0.0,0.8,0.1,0.0,682,1,0.466771
3875,0.0,0.1,0.7,0.1,0.1,0.0,683,1,0.454139
3875,0.0,0.0,0.6,0.1,0.0,0.3,684,1,0.517908
3875,0.4,0.0,0.2,0.1,0.3,0.0,685,1,0.45682
3875,0.2,0.0,0.1,0.3,0.4,0.0,686,1,0.434982
3875,0.3,0.0,0.3,0.0,0.2,0.2,687,1,0.47588
3875,0.0,0.1,0.4,0.5,0.0,0.0,688,1,0.46306899999999995
3875,0.0,0.0,0.2,0.0,0.3,0.5,689,1,0.475574
3875,0.4,0.1,0.0,0.1,0.0,0.4,690,1,0.529546
3875,0.0,0.2,0.0,0.3,0.5,0.0,691,1,0.435371
3875,0.2,0.0,0.5,0.1,0.0,0.2,692,1,0.519927
3875,0.0,0.0,0.1,0.4,0.2,0.3,693,1,0.454525
3875,0.0,0.0,0.2,0.0,0.7,0.1,694,1,0.454718
3875,0.0,0.2,0.1,0.5,0.0,0.2,695,1,0.494263
3875,0.2,0.2,0.0,0.3,0.0,0.3,696,1,0.5067550000000001
3875,0.0,0.1,0.2,0.0,0.7,0.0,697,1,0.437357
3875,0.7,0.0,0.2,0.0,0.0,0.1,698,1,0.538517
3875,0.2,0.3,0.4,0.1,0.0,0.0,699,1,0.49312799999999996
3875,0.1,0.6,0.0,0.0,0.1,0.2,700,1,0.45993599999999996
3875,0.2,0.1,0.5,0.2,0.0,0.0,701,1,0.48774799999999996
3875,0.4,0.2,0.3,0.1,0.0,0.0,702,1,0.517927
3875,0.2,0.0,0.0,0.1,0.6,0.1,703,1,0.459466
3875,0.3,0.0,0.0,0.1,0.3,0.3,704,1,0.47862200000000005
3875,0.3,0.7,0.0,0.0,0.0,0.0,706,1,0.483901
3875,0.0,0.3,0.0,0.2,0.1,0.4,707,1,0.48096099999999997
3875,0.3,0.6,0.0,0.0,0.0,0.1,708,1,0.498442
3875,0.1,0.0,0.1,0.0,0.4,0.4,709,1,0.460196
3875,0.0,0.4,0.1,0.4,0.0,0.1,710,1,0.474796
3875,0.0,0.4,0.0,0.2,0.1,0.3,711,1,0.468448
3875,0.6,0.1,0.0,0.3,0.0,0.0,712,1,0.513292
3875,0.0,0.1,0.1,0.8,0.0,0.0,713,1,0.437638
3875,0.0,0.2,0.0,0.3,0.0,0.5,714,1,0.5072
3875,0.3,0.3,0.0,0.4,0.0,0.0,715,1,0.488343
3875,0.0,0.0,0.9,0.0,0.1,0.0,716,1,0.454478
3875,0.0,0.3,0.0,0.2,0.0,0.5,717,1,0.502605
3875,0.2,0.2,0.0,0.5,0.0,0.1,718,1,0.48761099999999996
3875,0.5,0.1,0.0,0.0,0.3,0.1,719,1,0.44968400000000003
3875,0.0,0.2,0.0,0.2,0.1,0.5,720,1,0.473191
3875,0.0,0.3,0.1,0.4,0.0,0.2,721,1,0.484246
3875,0.1,0.1,0.5,0.0,0.0,0.3,722,1,0.5009060000000001
3875,0.0,0.0,0.0,0.2,0.3,0.5,723,1,0.450779
3875,0.0,0.5,0.1,0.2,0.2,0.0,724,1,0.41738000000000003
3875,0.4,0.2,0.0,0.1,0.0,0.3,725,1,0.505223
3875,0.0,0.3,0.0,0.2,0.2,0.3,726,1,0.44831099999999996
3875,0.1,0.5,0.0,0.2,0.2,0.0,727,1,0.41401000000000004
3875,0.3,0.2,0.2,0.0,0.0,0.3,728,1,0.520197
3875,0.0,0.4,0.2,0.0,0.4,0.0,729,1,0.444013
3875,0.5,0.4,0.0,0.0,0.1,0.0,730,1,0.443511
3875,0.3,0.3,0.2,0.2,0.0,0.0,731,1,0.493312
3875,0.2,0.2,0.1,0.5,0.0,0.0,732,1,0.48890100000000003
3875,0.1,0.0,0.5,0.2,0.0,0.2,733,1,0.5085529999999999
3875,0.3,0.1,0.0,0.0,0.2,0.4,734,1,0.475317
3875,0.1,0.0,0.2,0.0,0.1,0.6,735,1,0.501959
3875,0.2,0.0,0.5,0.3,0.0,0.0,736,1,0.514444
3875,0.6,0.0,0.1,0.0,0.0,0.3,737,1,0.55312
3875,0.1,0.7,0.1,0.0,0.0,0.1,738,1,0.477963
3875,0.1,0.5,0.2,0.0,0.0,0.2,739,1,0.485055
3875,0.0,0.0,0.4,0.0,0.2,0.4,740,1,0.480987
3875,0.1,0.0,0.3,0.0,0.4,0.2,741,1,0.466954
3875,0.1,0.0,0.0,0.2,0.6,0.1,742,1,0.47094300000000006
3875,0.0,0.1,0.2,0.0,0.2,0.5,743,1,0.473483
3875,0.0,0.1,0.3,0.3,0.0,0.3,744,1,0.5132329999999999
3875,0.0,0.1,0.6,0.0,0.0,0.3,745,1,0.500617
3875,0.0,0.2,0.1,0.0,0.0,0.7,746,1,0.5189630000000001
3875,0.5,0.0,0.0,0.4,0.1,0.0,747,1,0.499463
3875,0.2,0.0,0.4,0.4,0.0,0.0,748,1,0.5131319999999999
3875,0.4,0.0,0.2,0.0,0.1,0.3,749,1,0.505727
3875,0.0,0.7,0.0,0.0,0.2,0.1,750,1,0.42360200000000003
3875,0.2,0.0,0.1,0.0,0.0,0.7,751,1,0.531845
3875,0.0,0.2,0.0,0.0,0.7,0.1,752,1,0.444852
3875,0.9,0.1,0.0,0.0,0.0,0.0,753,1,0.536644
3875,0.0,0.5,0.0,0.0,0.0,0.5,754,1,0.504861
3875,0.0,0.2,0.0,0.1,0.6,0.1,755,1,0.43950600000000006
3875,0.0,0.0,0.0,0.4,0.1,0.5,756,1,0.490856
3875,0.0,0.0,0.0,0.2,0.5,0.3,757,1,0.447222
3875,0.4,0.2,0.3,0.0,0.1,0.0,758,1,0.443432
3875,0.2,0.0,0.0,0.0,0.1,0.7,759,1,0.501138
3875,0.0,0.2,0.4,0.4,0.0,0.0,760,1,0.45399799999999996
3875,0.0,0.1,0.5,0.2,0.2,0.0,761,1,0.45151499999999994
3875,0.0,0.3,0.1,0.3,0.0,0.3,762,1,0.49771400000000005
3875,0.1,0.0,0.2,0.3,0.4,0.0,763,1,0.444721
3875,0.5,0.2,0.0,0.3,0.0,0.0,764,1,0.499934
3875,0.0,0.1,0.1,0.4,0.4,0.0,765,1,0.43755200000000005
3875,0.2,0.5,0.2,0.1,0.0,0.0,766,1,0.47944499999999995
3875,0.0,0.0,0.2,0.1,0.3,0.4,767,1,0.462294
3875,0.2,0.6,0.1,0.1,0.0,0.0,768,1,0.47551899999999997
3875,0.1,0.2,0.0,0.7,0.0,0.0,770,1,0.489371
3875,0.0,0.3,0.2,0.1,0.0,0.4,771,1,0.50874
3875,0.4,0.0,0.3,0.1,0.0,0.2,772,1,0.5546800000000001
3875,0.0,0.3,0.1,0.0,0.2,0.4,773,1,0.45661599999999997
3875,0.4,0.1,0.0,0.3,0.0,0.2,774,1,0.528716
3875,0.0,0.6,0.0,0.0,0.1,0.3,775,1,0.45856099999999994
3875,0.0,0.7,0.3,0.0,0.0,0.0,776,1,0.44899700000000003
3875,0.1,0.0,0.0,0.8,0.1,0.0,777,1,0.48551700000000003
3875,0.1,0.0,0.3,0.5,0.1,0.0,778,1,0.45769499999999996
3875,0.1,0.0,0.7,0.0,0.2,0.0,779,1,0.44821300000000003
3875,0.1,0.0,0.2,0.4,0.3,0.0,780,1,0.442205
3875,0.0,0.1,0.1,0.2,0.0,0.6,781,1,0.501127
3875,0.1,0.0,0.0,0.1,0.7,0.1,782,1,0.468708
3875,0.7,0.0,0.0,0.1,0.2,0.0,783,1,0.481174
3875,0.1,0.6,0.0,0.1,0.0,0.2,784,1,0.484915
3875,0.0,0.4,0.1,0.0,0.2,0.3,785,1,0.45153999999999994
3875,0.0,0.6,0.0,0.0,0.4,0.0,786,1,0.44770699999999997
3875,0.1,0.1,0.0,0.5,0.3,0.0,787,1,0.454704
3875,0.3,0.0,0.2,0.0,0.5,0.0,788,1,0.44063800000000003
3875,0.6,0.0,0.0,0.1,0.1,0.2,789,1,0.505101
3875,0.5,0.2,0.2,0.0,0.0,0.1,790,1,0.518652
3875,0.3,0.0,0.4,0.1,0.0,0.2,791,1,0.525931
3875,0.1,0.2,0.0,0.6,0.0,0.1,792,1,0.5093989999999999
3875,0.3,0.0,0.0,0.0,0.7,0.0,793,1,0.45632
3875,0.0,0.9,0.0,0.1,0.0,0.0,794,1,0.45311899999999994
3875,0.0,0.3,0.3,0.2,0.2,0.0,795,1,0.43862799999999996
3875,0.0,0.5,0.3,0.1,0.0,0.1,796,1,0.45862200000000003
3875,0.1,0.0,0.1,0.7,0.1,0.0,797,1,0.460776
3875,0.0,0.1,0.1,0.0,0.5,0.3,798,1,0.458581
3875,0.4,0.3,0.0,0.1,0.2,0.0,799,1,0.43868
3875,0.5,0.0,0.5,0.0,0.0,0.0,800,1,0.530826
3875,0.0,0.3,0.6,0.0,0.0,0.1,801,1,0.45346800000000004
3875,0.0,0.3,0.1,0.0,0.0,0.6,802,1,0.5084029999999999
3875,0.3,0.0,0.4,0.2,0.0,0.1,803,1,0.543719
3875,0.5,0.1,0.0,0.4,0.0,0.0,804,1,0.528754
3875,0.0,0.1,0.4,0.2,0.3,0.0,805,1,0.450169
3875,0.2,0.1,0.0,0.7,0.0,0.0,806,1,0.484098
3875,0.0,0.0,0.4,0.0,0.0,0.6,807,1,0.5223140000000001
3875,0.4,0.1,0.2,0.0,0.0,0.3,808,1,0.551618
3875,0.1,0.0,0.0,0.6,0.1,0.2,809,1,0.481961
3875,0.3,0.0,0.1,0.0,0.5,0.1,810,1,0.449938
3875,0.3,0.3,0.3,0.0,0.1,0.0,811,1,0.437767
3875,0.6,0.1,0.0,0.0,0.1,0.2,812,1,0.498612
3875,0.3,0.0,0.3,0.0,0.4,0.0,813,1,0.44029700000000005
3875,0.0,0.5,0.0,0.2,0.1,0.2,814,1,0.45831700000000003
3875,0.0,0.1,0.5,0.3,0.1,0.0,815,1,0.46212200000000003
3875,0.3,0.2,0.0,0.1,0.0,0.4,816,1,0.521127
3875,0.0,0.5,0.0,0.4,0.0,0.1,817,1,0.48250200000000004
3875,0.0,0.0,0.6,0.0,0.0,0.4,818,1,0.5180640000000001
3875,0.3,0.0,0.4,0.0,0.2,0.1,819,1,0.46471899999999994
3875,0.3,0.4,0.2,0.1,0.0,0.0,820,1,0.48731899999999995
3875,0.1,0.7,0.1,0.0,0.1,0.0,821,1,0.42241899999999993
3875,0.1,0.3,0.1,0.0,0.5,0.0,822,1,0.42703900000000006
3875,0.3,0.0,0.5,0.2,0.0,0.0,823,1,0.513134
3875,0.1,0.5,0.2,0.0,0.2,0.0,824,1,0.41950699999999996
3875,0.0,0.1,0.0,0.8,0.0,0.1,825,1,0.48356499999999997
3875,0.0,0.0,0.2,0.5,0.3,0.0,826,1,0.455243
3875,0.3,0.5,0.1,0.0,0.1,0.0,827,1,0.44215600000000005
3875,0.0,0.3,0.2,0.0,0.3,0.2,828,1,0.459446
3875,0.0,0.0,0.1,0.2,0.6,0.1,829,1,0.441212
3875,0.4,0.0,0.0,0.0,0.3,0.3,830,1,0.48066800000000004
3875,0.0,0.4,0.4,0.0,0.0,0.2,831,1,0.457135
3875,0.4,0.1,0.3,0.0,0.0,0.2,832,1,0.515147
3875,0.0,0.5,0.0,0.3,0.1,0.1,834,1,0.449896
3875,0.0,0.4,0.0,0.3,0.1,0.2,835,1,0.471891
3875,0.1,0.3,0.5,0.1,0.0,0.0,836,1,0.472825
3875,0.0,0.1,0.0,0.2,0.6,0.1,837,1,0.45265299999999997
3875,0.0,0.0,0.0,0.5,0.0,0.5,838,1,0.512672
3875,0.0,0.1,0.5,0.0,0.3,0.1,839,1,0.45221000000000006
3875,0.5,0.0,0.0,0.0,0.2,0.3,840,1,0.48841999999999997
3875,0.8,0.0,0.0,0.1,0.0,0.1,841,1,0.537987
3875,0.0,0.3,0.7,0.0,0.0,0.0,842,1,0.451477
3875,0.0,0.4,0.4,0.1,0.1,0.0,843,1,0.42594099999999996
3875,0.1,0.4,0.1,0.0,0.4,0.0,844,1,0.425016
3875,0.3,0.4,0.0,0.1,0.2,0.0,845,1,0.42340600000000006
3875,0.0,0.3,0.2,0.0,0.2,0.3,846,1,0.45561599999999997
3875,0.3,0.0,0.0,0.1,0.5,0.1,847,1,0.444661
3875,0.1,0.0,0.5,0.0,0.4,0.0,848,1,0.442086
3875,0.3,0.1,0.0,0.5,0.1,0.0,849,1,0.461479
3875,0.4,0.2,0.0,0.1,0.3,0.0,850,1,0.424288
3875,0.5,0.3,0.1,0.0,0.0,0.1,851,1,0.511482
3875,0.1,0.5,0.0,0.0,0.0,0.4,852,1,0.495331
3875,0.2,0.5,0.1,0.0,0.0,0.2,853,1,0.49166099999999996
3875,0.0,0.4,0.0,0.1,0.2,0.3,854,1,0.448787
3875,0.0,0.3,0.3,0.0,0.1,0.3,855,1,0.462825
3875,0.5,0.0,0.1,0.0,0.0,0.4,856,1,0.5371739999999999
3875,0.0,0.1,0.2,0.0,0.5,0.2,857,1,0.460467
3875,0.0,0.3,0.0,0.3,0.1,0.3,858,1,0.473272
3875,0.6,0.1,0.2,0.1,0.0,0.0,859,1,0.5173270000000001
3875,0.0,0.4,0.0,0.2,0.0,0.4,860,1,0.501839
3875,0.0,0.1,0.1,0.7,0.0,0.1,861,1,0.46876599999999996
3875,0.0,0.1,0.0,0.2,0.5,0.2,862,1,0.44694799999999996
3875,0.0,0.0,0.0,0.1,0.0,0.9,863,1,0.510622
3875,0.1,0.0,0.3,0.3,0.0,0.3,864,1,0.522373
3875,0.0,0.2,0.0,0.5,0.2,0.1,865,1,0.455796
3875,0.5,0.0,0.4,0.1,0.0,0.0,866,1,0.528285
3875,0.0,0.0,0.5,0.0,0.0,0.5,867,1,0.5404359999999999
3875,0.7,0.0,0.1,0.1,0.1,0.0,868,1,0.51194
3875,0.1,0.0,0.3,0.2,0.4,0.0,869,1,0.45583199999999996
3875,0.0,0.3,0.2,0.2,0.3,0.0,870,1,0.437646
3875,0.0,0.1,0.3,0.0,0.5,0.1,871,1,0.438903
3875,0.1,0.5,0.1,0.0,0.0,0.3,872,1,0.48981800000000003
3875,0.0,0.3,0.0,0.1,0.6,0.0,873,1,0.44360299999999997
3875,0.2,0.7,0.0,0.0,0.1,0.0,874,1,0.43901999999999997
3875,0.0,0.4,0.2,0.4,0.0,0.0,875,1,0.453758
3875,0.2,0.0,0.3,0.2,0.0,0.3,876,1,0.51571
3875,0.3,0.3,0.2,0.0,0.2,0.0,877,1,0.428835
3875,0.4,0.0,0.0,0.2,0.4,0.0,878,1,0.457124
3875,0.1,0.7,0.0,0.1,0.0,0.1,879,1,0.478822
3875,0.6,0.0,0.1,0.3,0.0,0.0,880,1,0.523753
3875,0.1,0.2,0.0,0.0,0.2,0.5,881,1,0.46504700000000004
3875,0.0,0.0,0.3,0.0,0.2,0.5,882,1,0.475921
3875,0.0,0.0,0.0,0.4,0.4,0.2,883,1,0.460017
3875,0.2,0.1,0.0,0.2,0.5,0.0,884,1,0.43000299999999997
3875,0.0,0.3,0.2,0.4,0.0,0.1,885,1,0.473774
3875,0.0,0.4,0.2,0.0,0.3,0.1,886,1,0.44734799999999997
3875,0.3,0.0,0.1,0.5,0.1,0.0,887,1,0.48218
3875,0.0,0.2,0.1,0.6,0.0,0.1,888,1,0.47800299999999996
3875,0.5,0.0,0.0,0.1,0.2,0.2,889,1,0.49481
3875,0.1,0.0,0.3,0.2,0.0,0.4,890,1,0.530472
3875,0.3,0.2,0.0,0.4,0.0,0.1,891,1,0.5108779999999999
3875,0.2,0.6,0.0,0.0,0.1,0.1,892,1,0.457912
3875,0.3,0.0,0.1,0.1,0.0,0.5,893,1,0.539485
3875,0.1,0.3,0.0,0.4,0.0,0.2,894,1,0.507582
3875,0.0,0.3,0.0,0.5,0.1,0.1,895,1,0.46263000000000004
3875,0.0,0.0,0.8,0.1,0.1,0.0,896,1,0.47301800000000005
3875,0.5,0.0,0.1,0.0,0.1,0.3,898,1,0.5202760000000001
3875,0.3,0.0,0.6,0.0,0.0,0.1,899,1,0.563013
3875,0.4,0.0,0.0,0.1,0.3,0.2,900,1,0.47428100000000006
3875,0.2,0.0,0.0,0.0,0.4,0.4,901,1,0.46614799999999995
3875,0.6,0.1,0.0,0.0,0.0,0.3,902,1,0.523401
3875,0.0,0.1,0.0,0.3,0.3,0.3,903,1,0.43153500000000006
3875,0.0,0.1,0.0,0.1,0.4,0.4,904,1,0.44385600000000003
3875,0.4,0.3,0.0,0.0,0.0,0.3,905,1,0.511782
3875,0.2,0.1,0.0,0.3,0.4,0.0,906,1,0.438932
3875,0.0,0.2,0.0,0.0,0.3,0.5,907,1,0.44961899999999994
3875,0.2,0.0,0.2,0.0,0.5,0.1,908,1,0.45238199999999995
3875,0.0,0.3,0.5,0.1,0.1,0.0,909,1,0.431971
3875,0.0,0.2,0.5,0.1,0.2,0.0,910,1,0.44543299999999997
3875,0.0,0.3,0.0,0.1,0.3,0.3,911,1,0.44644799999999996
3875,0.4,0.0,0.1,0.5,0.0,0.0,912,1,0.507287
3875,0.0,0.4,0.0,0.5,0.0,0.1,913,1,0.477626
3875,0.1,0.0,0.5,0.1,0.0,0.3,914,1,0.521939
3875,0.0,0.1,0.3,0.1,0.0,0.5,915,1,0.522904
3875,0.0,0.5,0.4,0.0,0.0,0.1,916,1,0.44660299999999997
3875,0.3,0.2,0.0,0.0,0.4,0.1,917,1,0.430804
3875,0.2,0.1,0.0,0.4,0.0,0.3,918,1,0.499712
3875,0.2,0.0,0.3,0.3,0.0,0.2,919,1,0.516416
3875,0.4,0.0,0.1,0.4,0.1,0.0,920,1,0.49283599999999994
3875,0.2,0.1,0.6,0.1,0.0,0.0,921,1,0.488359
3875,0.0,0.2,0.3,0.0,0.1,0.4,922,1,0.47046499999999997
3875,0.0,0.1,0.4,0.0,0.2,0.3,923,1,0.47246099999999996
3875,0.1,0.1,0.0,0.6,0.0,0.2,924,1,0.500306
3875,0.1,0.3,0.0,0.3,0.3,0.0,925,1,0.415654
3875,0.2,0.3,0.5,0.0,0.0,0.0,926,1,0.47669300000000003
3875,0.0,0.3,0.0,0.4,0.3,0.0,927,1,0.424831
3875,0.4,0.0,0.1,0.4,0.0,0.1,928,1,0.506958
3875,0.3,0.0,0.0,0.2,0.2,0.3,929,1,0.49199899999999996
3875,0.2,0.0,0.4,0.0,0.4,0.0,930,1,0.43745900000000004
3875,0.2,0.0,0.0,0.3,0.5,0.0,931,1,0.47797799999999996
3875,0.0,0.1,0.0,0.0,0.1,0.8,932,1,0.495098
3875,0.0,0.0,0.1,0.0,0.2,0.7,933,1,0.483716
3875,0.4,0.1,0.0,0.4,0.1,0.0,934,1,0.465056
3875,0.3,0.3,0.0,0.0,0.2,0.2,935,1,0.454747
3875,0.0,0.9,0.0,0.0,0.0,0.1,936,1,0.468872
3875,0.2,0.6,0.0,0.1,0.0,0.1,937,1,0.48881099999999994
3875,0.3,0.0,0.6,0.1,0.0,0.0,938,1,0.517266
3875,0.0,0.4,0.0,0.2,0.4,0.0,939,1,0.42966400000000005
3875,0.1,0.6,0.2,0.1,0.0,0.0,940,1,0.460143
3875,0.0,0.2,0.0,0.7,0.1,0.0,941,1,0.44451599999999997
3875,0.3,0.5,0.0,0.0,0.2,0.0,942,1,0.41828999999999994
3875,0.2,0.1,0.0,0.0,0.5,0.2,943,1,0.44010299999999997
3875,0.6,0.1,0.0,0.0,0.3,0.0,944,1,0.45463100000000006
3875,0.1,0.0,0.0,0.1,0.6,0.2,945,1,0.45972700000000005
3875,0.4,0.3,0.0,0.2,0.0,0.1,946,1,0.50005
3875,0.1,0.0,0.4,0.0,0.3,0.2,947,1,0.462117
3875,0.0,0.0,0.4,0.3,0.3,0.0,948,1,0.478887
3875,0.0,0.3,0.0,0.1,0.2,0.4,949,1,0.46054799999999996
3875,0.0,0.2,0.0,0.0,0.5,0.3,950,1,0.448996
3875,0.1,0.3,0.0,0.5,0.1,0.0,951,1,0.450312
3875,0.0,0.0,0.0,0.4,0.0,0.6,952,1,0.521993
3875,0.6,0.3,0.0,0.0,0.1,0.0,953,1,0.466487
3875,0.0,0.0,0.1,0.1,0.2,0.6,954,1,0.48707799999999996
3875,0.0,0.1,0.8,0.1,0.0,0.0,955,1,0.46457200000000004
3875,0.4,0.1,0.1,0.0,0.0,0.4,956,1,0.533654
3875,0.6,0.0,0.1,0.2,0.1,0.0,957,1,0.500341
3875,0.0,0.1,0.2,0.0,0.3,0.4,958,1,0.471555
3875,0.0,0.3,0.5,0.0,0.1,0.1,959,1,0.443097
3875,0.0,0.0,0.5,0.2,0.1,0.2,960,1,0.46813
3875,0.2,0.2,0.5,0.1,0.0,0.0,962,1,0.506937
3875,0.1,0.0,0.2,0.0,0.3,0.4,963,1,0.467797
3875,0.1,0.0,0.3,0.0,0.6,0.0,964,1,0.433561
3875,0.0,0.0,0.3,0.2,0.5,0.0,965,1,0.450143
3875,0.0,0.1,0.2,0.4,0.3,0.0,966,1,0.43908500000000006
3875,0.2,0.2,0.1,0.0,0.5,0.0,967,1,0.41319700000000004
3875,0.2,0.4,0.1,0.0,0.0,0.3,968,1,0.49864899999999995
3875,0.6,0.2,0.0,0.0,0.1,0.1,969,1,0.47036000000000006
3875,0.0,0.0,0.2,0.3,0.4,0.1,970,1,0.45228900000000005
3875,0.0,0.0,0.3,0.4,0.3,0.0,971,1,0.467087
3875,0.3,0.4,0.0,0.2,0.1,0.0,972,1,0.44410299999999997
3875,0.0,0.8,0.0,0.1,0.1,0.0,973,1,0.419946
3875,0.3,0.0,0.1,0.0,0.3,0.3,974,1,0.461841
3875,0.2,0.0,0.4,0.0,0.1,0.3,975,1,0.482442
3875,0.1,0.4,0.4,0.1,0.0,0.0,976,1,0.45630200000000004
3875,0.3,0.3,0.3,0.1,0.0,0.0,977,1,0.490702
3875,0.0,0.3,0.2,0.0,0.0,0.5,978,1,0.494571
3875,0.1,0.0,0.0,0.3,0.6,0.0,979,1,0.46969799999999995
3875,0.4,0.1,0.3,0.0,0.2,0.0,980,1,0.44149799999999995
3875,0.5,0.0,0.1,0.4,0.0,0.0,981,1,0.511834
3875,0.1,0.0,0.1,0.0,0.5,0.3,982,1,0.45683999999999997
3875,0.0,0.1,0.0,0.0,0.5,0.4,983,1,0.45009
3875,0.0,0.0,0.6,0.1,0.1,0.2,984,1,0.473925
3875,0.0,0.3,0.0,0.3,0.4,0.0,985,1,0.421666
3875,0.1,0.0,0.0,0.4,0.4,0.1,986,1,0.465312
3875,0.0,0.2,0.4,0.1,0.0,0.3,987,1,0.486364
3875,0.1,0.2,0.0,0.5,0.0,0.2,988,1,0.495487
3875,0.1,0.3,0.5,0.0,0.0,0.1,989,1,0.469807
3875,0.4,0.0,0.2,0.0,0.4,0.0,990,1,0.442249
3875,0.0,0.1,0.7,0.2,0.0,0.0,991,1,0.46157
3875,0.0,0.0,0.1,0.1,0.5,0.3,992,1,0.464346
3875,0.2,0.0,0.6,0.1,0.0,0.1,993,1,0.5260819999999999
3875,0.2,0.0,0.0,0.1,0.2,0.5,994,1,0.48860699999999996
3875,0.3,0.0,0.0,0.6,0.0,0.1,995,1,0.5113840000000001
3875,0.0,0.0,0.1,0.5,0.0,0.4,996,1,0.5194880000000001
3875,0.4,0.0,0.0,0.1,0.4,0.1,997,1,0.4565
3875,0.2,0.5,0.0,0.1,0.2,0.0,998,1,0.41961099999999996
3875,0.1,0.3,0.6,0.0,0.0,0.0,999,1,0.45357
3875,0.5,0.0,0.0,0.5,0.0,0.0,1000,1,0.507821
3875,0.0,0.1,0.1,0.0,0.3,0.5,1001,1,0.462179
3875,0.1,0.0,0.5,0.0,0.0,0.4,1002,1,0.5382140000000001
3875,0.0,0.0,0.1,0.4,0.3,0.2,1003,1,0.447985
3875,0.1,0.2,0.6,0.1,0.0,0.0,1004,1,0.46360500000000004
3875,0.2,0.3,0.0,0.1,0.0,0.4,1005,1,0.507989
3875,0.2,0.1,0.0,0.0,0.7,0.0,1006,1,0.42775799999999997
3875,0.0,0.0,0.0,0.0,0.6,0.4,1007,1,0.451111
3875,0.6,0.1,0.0,0.1,0.0,0.2,1008,1,0.514455
3875,0.2,0.0,0.0,0.7,0.1,0.0,1009,1,0.48870600000000003
3875,0.1,0.7,0.1,0.1,0.0,0.0,1010,1,0.469923
3875,0.0,0.0,0.0,0.1,0.5,0.4,1011,1,0.44777
3875,0.0,0.3,0.1,0.1,0.0,0.5,1012,1,0.503889
3875,0.5,0.0,0.2,0.3,0.0,0.0,1013,1,0.519271
3875,0.0,0.4,0.3,0.0,0.1,0.2,1014,1,0.44568100000000005
3875,0.1,0.4,0.0,0.2,0.0,0.3,1015,1,0.498687
3875,0.7,0.1,0.0,0.0,0.0,0.2,1016,1,0.526197
3875,0.6,0.4,0.0,0.0,0.0,0.0,1017,1,0.503733
3875,0.1,0.1,0.0,0.1,0.0,0.7,1018,1,0.5221100000000001
3875,0.0,0.3,0.4,0.0,0.1,0.2,1019,1,0.44614799999999993
3875,0.2,0.0,0.0,0.6,0.1,0.1,1020,1,0.48889
3875,0.1,0.0,0.0,0.7,0.2,0.0,1021,1,0.481983
3875,0.5,0.2,0.2,0.1,0.0,0.0,1022,1,0.5127229999999999
3875,0.0,0.0,0.1,0.4,0.1,0.4,1023,1,0.487407
3875,0.0,0.0,0.0,0.7,0.3,0.0,1024,1,0.43284300000000003
3875,0.0,0.5,0.0,0.0,0.2,0.3,1026,1,0.447006
3875,0.3,0.3,0.0,0.3,0.1,0.0,1027,1,0.45658699999999997
3875,0.1,0.2,0.6,0.0,0.1,0.0,1028,1,0.41351800000000005
3875,0.4,0.2,0.1,0.0,0.3,0.0,1029,1,0.419969
3875,0.5,0.0,0.0,0.0,0.5,0.0,1030,1,0.45576300000000003
3875,0.4,0.0,0.0,0.1,0.0,0.5,1031,1,0.549338
3875,0.1,0.1,0.7,0.0,0.1,0.0,1032,1,0.42729799999999996
3875,0.4,0.1,0.0,0.3,0.2,0.0,1033,1,0.450643
3875,0.5,0.0,0.0,0.0,0.3,0.2,1034,1,0.47054799999999997
3875,0.3,0.0,0.2,0.0,0.3,0.2,1035,1,0.467947
3875,0.0,0.1,0.0,0.1,0.6,0.2,1036,1,0.44525299999999995
3875,0.0,0.2,0.1,0.4,0.0,0.3,1037,1,0.494001
3875,0.2,0.5,0.1,0.0,0.2,0.0,1038,1,0.415396
3875,0.0,0.6,0.1,0.1,0.0,0.2,1039,1,0.476692
3875,0.0,0.3,0.4,0.0,0.3,0.0,1040,1,0.44621000000000005
3875,0.1,0.2,0.5,0.2,0.0,0.0,1041,1,0.46553599999999995
3875,0.0,0.1,0.0,0.4,0.2,0.3,1042,1,0.447154
3875,0.0,0.0,0.5,0.0,0.1,0.4,1043,1,0.468512
3875,0.0,0.0,0.0,0.5,0.5,0.0,1044,1,0.45264
3875,0.0,0.1,0.1,0.4,0.0,0.4,1045,1,0.502471
3875,0.1,0.0,0.1,0.2,0.0,0.6,1046,1,0.5268619999999999
3875,0.0,0.1,0.7,0.1,0.0,0.1,1047,1,0.47682299999999994
3875,0.0,0.1,0.5,0.0,0.4,0.0,1048,1,0.42778299999999997
3875,0.1,0.0,0.4,0.4,0.1,0.0,1049,1,0.473238
3875,0.0,0.3,0.0,0.3,0.3,0.1,1050,1,0.43223100000000003
3875,0.6,0.3,0.0,0.1,0.0,0.0,1051,1,0.496321
3875,0.1,0.2,0.0,0.3,0.0,0.4,1052,1,0.505202
3875,0.3,0.1,0.0,0.1,0.5,0.0,1053,1,0.426692
3875,0.1,0.0,0.0,0.3,0.1,0.5,1054,1,0.48806700000000003
3875,0.7,0.0,0.0,0.0,0.1,0.2,1055,1,0.5047689999999999
3875,0.5,0.0,0.1,0.2,0.0,0.2,1056,1,0.54178
3875,0.2,0.0,0.1,0.4,0.3,0.0,1057,1,0.451125
3875,0.0,0.2,0.4,0.1,0.3,0.0,1058,1,0.443871
3875,0.0,0.2,0.0,0.1,0.0,0.7,1059,1,0.505459
3875,0.3,0.0,0.4,0.0,0.3,0.0,1060,1,0.44342200000000004
3875,0.1,0.0,0.5,0.0,0.2,0.2,1061,1,0.46294300000000005
3875,0.0,0.0,0.0,0.1,0.1,0.8,1062,1,0.49003599999999997
3875,0.0,0.7,0.1,0.1,0.1,0.0,1063,1,0.42581499999999994
3875,0.1,0.0,0.0,0.2,0.7,0.0,1064,1,0.47632399999999997
3875,0.8,0.0,0.0,0.0,0.1,0.1,1065,1,0.523932
3875,0.3,0.4,0.0,0.0,0.0,0.3,1066,1,0.519092
3875,0.0,0.1,0.0,0.1,0.2,0.6,1067,1,0.470696
3875,0.1,0.0,0.2,0.2,0.0,0.5,1068,1,0.5139779999999999
3875,0.5,0.0,0.0,0.1,0.3,0.1,1069,1,0.47233100000000006
3875,0.0,0.1,0.1,0.0,0.6,0.2,1070,1,0.443028
3875,0.1,0.0,0.3,0.0,0.3,0.3,1071,1,0.468008
3875,0.4,0.3,0.1,0.0,0.2,0.0,1072,1,0.433626
3875,0.3,0.0,0.0,0.2,0.5,0.0,1073,1,0.462355
3875,0.0,0.6,0.3,0.0,0.1,0.0,1074,1,0.43796899999999994
3875,0.4,0.0,0.6,0.0,0.0,0.0,1075,1,0.49628900000000004
3875,0.0,0.2,0.1,0.7,0.0,0.0,1076,1,0.447849
3875,0.5,0.1,0.0,0.2,0.2,0.0,1077,1,0.464187
3875,0.0,0.0,0.4,0.3,0.2,0.1,1078,1,0.470638
3875,0.0,0.2,0.3,0.4,0.1,0.0,1079,1,0.43818199999999996
3875,0.1,0.0,0.0,0.0,0.8,0.1,1080,1,0.468419
3875,0.8,0.1,0.0,0.0,0.1,0.0,1081,1,0.516159
3875,0.2,0.3,0.0,0.1,0.4,0.0,1082,1,0.411157
3875,0.1,0.0,0.1,0.8,0.0,0.0,1083,1,0.45651499999999995
3875,0.0,0.0,0.6,0.4,0.0,0.0,1084,1,0.494328
3875,0.1,0.4,0.0,0.4,0.1,0.0,1085,1,0.44368500000000005
3875,0.1,0.0,0.2,0.0,0.2,0.5,1086,1,0.486179
3875,0.0,0.3,0.3,0.0,0.2,0.2,1087,1,0.457041
3875,0.1,0.4,0.0,0.1,0.0,0.4,1088,1,0.494014
3875,0.0,0.3,0.6,0.0,0.1,0.0,1090,1,0.443884
3875,0.2,0.1,0.4,0.3,0.0,0.0,1091,1,0.5302140000000001
3875,0.2,0.2,0.0,0.1,0.0,0.5,1092,1,0.530567
3875,0.0,0.2,0.2,0.1,0.0,0.5,1093,1,0.526291
3875,0.0,0.0,0.0,0.5,0.4,0.1,1094,1,0.47590299999999996
3875,0.5,0.0,0.2,0.1,0.0,0.2,1095,1,0.562868
3875,0.2,0.0,0.1,0.5,0.0,0.2,1096,1,0.544254
3875,0.2,0.3,0.0,0.5,0.0,0.0,1097,1,0.49639099999999997
3875,0.0,0.1,0.3,0.1,0.5,0.0,1098,1,0.44567799999999996
3875,0.3,0.2,0.0,0.2,0.0,0.3,1099,1,0.515534
3875,0.6,0.0,0.0,0.0,0.3,0.1,1100,1,0.478232
3875,0.2,0.4,0.0,0.0,0.1,0.3,1101,1,0.46555
3875,0.4,0.0,0.1,0.0,0.2,0.3,1102,1,0.483153
3875,0.5,0.0,0.1,0.0,0.4,0.0,1103,1,0.45218800000000003
3875,0.2,0.0,0.0,0.2,0.1,0.5,1104,1,0.50207
3875,0.0,0.2,0.1,0.1,0.0,0.6,1105,1,0.506779
3875,0.1,0.2,0.0,0.0,0.1,0.6,1106,1,0.470955
3875,0.0,0.2,0.1,0.0,0.2,0.5,1107,1,0.462188
3875,0.2,0.2,0.3,0.0,0.0,0.3,1108,1,0.49961300000000003
3875,0.0,0.0,0.3,0.3,0.1,0.3,1109,1,0.471944
3875,0.3,0.0,0.1,0.5,0.0,0.1,1110,1,0.502949
3875,0.0,0.3,0.2,0.3,0.0,0.2,1111,1,0.487861
3875,0.4,0.0,0.1,0.0,0.1,0.4,1112,1,0.48879799999999995
3875,0.0,0.0,0.1,0.3,0.0,0.6,1113,1,0.51712
3875,0.1,0.0,0.0,0.8,0.0,0.1,1114,1,0.5061479999999999
3875,0.2,0.0,0.1,0.5,0.2,0.0,1115,1,0.465863
3875,0.0,0.2,0.5,0.0,0.0,0.3,1116,1,0.488608
3875,0.5,0.4,0.1,0.0,0.0,0.0,1117,1,0.49700000000000005
3875,0.1,0.1,0.6,0.2,0.0,0.0,1118,1,0.476838
3875,0.0,0.4,0.0,0.1,0.4,0.1,1119,1,0.44016000000000005
3875,0.1,0.2,0.3,0.4,0.0,0.0,1120,1,0.47871199999999997
3875,0.3,0.0,0.1,0.0,0.0,0.6,1121,1,0.537122
3875,0.2,0.4,0.3,0.0,0.0,0.1,1122,1,0.48602700000000004
3875,0.0,0.1,0.0,0.4,0.1,0.4,1123,1,0.475684
3875,0.1,0.0,0.0,0.1,0.1,0.7,1124,1,0.500853
3875,0.5,0.1,0.1,0.0,0.3,0.0,1125,1,0.444895
3875,0.0,0.3,0.6,0.1,0.0,0.0,1126,1,0.44254
3875,0.0,0.2,0.1,0.0,0.1,0.6,1127,1,0.480761
3875,0.1,0.3,0.0,0.1,0.0,0.5,1128,1,0.507696
3875,0.5,0.1,0.2,0.0,0.0,0.2,1129,1,0.5427960000000001
3875,0.4,0.0,0.0,0.2,0.0,0.4,1130,1,0.543197
3875,0.0,0.6,0.2,0.1,0.0,0.1,1131,1,0.462661
3875,0.0,0.0,0.3,0.4,0.2,0.1,1132,1,0.467765
3875,0.0,0.1,0.2,0.2,0.5,0.0,1133,1,0.443596
3875,0.0,0.4,0.1,0.0,0.0,0.5,1134,1,0.492005
3875,0.3,0.2,0.4,0.0,0.0,0.1,1135,1,0.508558
3875,0.3,0.0,0.0,0.3,0.3,0.1,1136,1,0.455579
3875,0.0,0.0,0.0,0.0,0.5,0.5,1137,1,0.45487799999999995
3875,0.0,0.4,0.0,0.4,0.2,0.0,1138,1,0.42559600000000003
3875,0.2,0.5,0.3,0.0,0.0,0.0,1139,1,0.478808
3875,0.0,0.1,0.1,0.0,0.7,0.1,1140,1,0.43474399999999996
3875,0.0,0.5,0.2,0.0,0.0,0.3,1141,1,0.47968999999999995
3875,0.2,0.1,0.6,0.0,0.1,0.0,1142,1,0.415911
3875,0.1,0.7,0.2,0.0,0.0,0.0,1143,1,0.46451499999999996
3875,0.3,0.3,0.4,0.0,0.0,0.0,1144,1,0.500648
3875,0.0,0.0,0.5,0.2,0.0,0.3,1145,1,0.519274
3875,0.0,0.5,0.0,0.2,0.3,0.0,1146,1,0.42378699999999997
3875,0.3,0.2,0.3,0.2,0.0,0.0,1147,1,0.502581
3875,0.3,0.1,0.3,0.0,0.0,0.3,1148,1,0.536709
3875,0.0,0.6,0.1,0.0,0.0,0.3,1149,1,0.488469
3875,0.1,0.1,0.0,0.0,0.0,0.8,1150,1,0.510887
3875,0.2,0.3,0.0,0.0,0.2,0.3,1151,1,0.451585
3875,0.1,0.5,0.0,0.0,0.1,0.3,1152,1,0.45105500000000004
3875,0.0,0.1,0.0,0.6,0.0,0.3,1154,1,0.499385
3875,0.0,0.3,0.5,0.1,0.0,0.1,1155,1,0.45908000000000004
3875,0.2,0.0,0.0,0.2,0.5,0.1,1156,1,0.453632
3875,0.2,0.0,0.4,0.1,0.0,0.3,1157,1,0.551716
3875,0.3,0.0,0.7,0.0,0.0,0.0,1158,1,0.524726
3875,0.3,0.0,0.0,0.1,0.1,0.5,1159,1,0.525824
3875,0.2,0.4,0.0,0.4,0.0,0.0,1160,1,0.506949
3875,0.2,0.1,0.0,0.0,0.4,0.3,1161,1,0.46099399999999996
3875,0.1,0.5,0.1,0.3,0.0,0.0,1162,1,0.48821800000000004
3875,0.3,0.0,0.2,0.5,0.0,0.0,1163,1,0.528909
3875,0.0,0.5,0.1,0.0,0.4,0.0,1164,1,0.46179899999999996
3875,0.3,0.0,0.3,0.4,0.0,0.0,1165,1,0.520592
3875,0.1,0.0,0.0,0.2,0.0,0.7,1166,1,0.5587310000000001
3875,0.6,0.0,0.1,0.0,0.3,0.0,1167,1,0.46603999999999995
3875,0.2,0.0,0.0,0.4,0.1,0.3,1168,1,0.49595900000000004
3875,0.0,0.0,0.0,0.3,0.4,0.3,1169,1,0.442596
3875,0.0,0.3,0.1,0.0,0.3,0.3,1170,1,0.45983999999999997
3875,0.3,0.3,0.0,0.0,0.0,0.4,1171,1,0.505918
3875,0.1,0.0,0.0,0.1,0.2,0.6,1172,1,0.483573
3875,0.0,0.1,0.0,0.4,0.4,0.1,1173,1,0.454268
3875,0.4,0.0,0.0,0.3,0.0,0.3,1174,1,0.510793
3875,0.1,0.8,0.0,0.0,0.0,0.1,1175,1,0.477192
3875,0.2,0.0,0.0,0.3,0.1,0.4,1176,1,0.49194799999999994
3875,0.4,0.0,0.5,0.1,0.0,0.0,1177,1,0.529831
3875,0.6,0.1,0.2,0.0,0.0,0.1,1178,1,0.556353
3875,0.4,0.4,0.0,0.1,0.1,0.0,1179,1,0.46506099999999995
3875,0.3,0.2,0.0,0.5,0.0,0.0,1180,1,0.496813
3875,0.2,0.0,0.0,0.5,0.1,0.2,1181,1,0.485113
3875,0.6,0.0,0.0,0.4,0.0,0.0,1182,1,0.517948
3875,0.0,0.5,0.0,0.0,0.4,0.1,1183,1,0.44533100000000003
3875,0.1,0.0,0.0,0.0,0.0,0.9,1184,1,0.512528
3875,0.2,0.2,0.5,0.0,0.1,0.0,1185,1,0.411915
3875,0.0,0.0,0.2,0.2,0.3,0.3,1186,1,0.463811
3875,0.0,0.0,0.5,0.3,0.1,0.1,1187,1,0.49061400000000005
3875,0.0,0.0,0.0,0.4,0.6,0.0,1188,1,0.44537299999999996
3875,0.0,0.3,0.0,0.1,0.1,0.5,1189,1,0.48126599999999997
3875,0.4,0.0,0.1,0.3,0.2,0.0,1190,1,0.47356800000000004
3875,0.1,0.1,0.0,0.0,0.4,0.4,1191,1,0.45258100000000007
3875,0.0,0.1,0.3,0.4,0.0,0.2,1192,1,0.48738100000000006
3875,0.3,0.1,0.4,0.2,0.0,0.0,1193,1,0.50784
3875,0.0,0.1,0.6,0.0,0.3,0.0,1194,1,0.435964
3875,0.2,0.4,0.0,0.0,0.3,0.1,1195,1,0.43080100000000005
3875,0.0,0.5,0.2,0.0,0.2,0.1,1196,1,0.443646
3875,0.0,0.0,0.4,0.1,0.5,0.0,1197,1,0.456571
3875,0.2,0.0,0.5,0.0,0.3,0.0,1198,1,0.43742200000000003
3875,0.1,0.2,0.4,0.0,0.3,0.0,1199,1,0.42756400000000006
3875,0.0,0.0,0.1,0.6,0.0,0.3,1200,1,0.49651899999999993
3875,0.1,0.1,0.0,0.0,0.7,0.1,1201,1,0.44571400000000005
3875,0.1,0.0,0.3,0.1,0.0,0.5,1202,1,0.513416
3875,0.2,0.1,0.4,0.0,0.0,0.3,1203,1,0.5368189999999999
3875,0.0,0.0,0.2,0.6,0.1,0.1,1204,1,0.44193599999999994
3875,0.1,0.6,0.0,0.0,0.0,0.3,1205,1,0.49650200000000005
3875,0.1,0.0,0.5,0.1,0.3,0.0,1206,1,0.45703699999999997
3875,0.0,0.0,0.4,0.1,0.0,0.5,1207,1,0.5253899999999999
3875,0.0,0.5,0.1,0.1,0.0,0.3,1208,1,0.498788
3875,0.3,0.0,0.2,0.2,0.0,0.3,1209,1,0.523509
3875,0.0,0.0,0.1,0.8,0.0,0.1,1210,1,0.44742200000000004
3875,0.2,0.0,0.0,0.1,0.5,0.2,1211,1,0.453589
3875,0.0,0.0,0.3,0.5,0.1,0.1,1212,1,0.460502
3875,0.1,0.4,0.2,0.0,0.3,0.0,1213,1,0.429841
3875,0.2,0.1,0.2,0.0,0.5,0.0,1214,1,0.42774300000000004
3875,0.1,0.1,0.0,0.3,0.5,0.0,1215,1,0.45391800000000004
3875,0.1,0.3,0.0,0.0,0.3,0.3,1216,1,0.440579
3875,0.3,0.2,0.2,0.0,0.3,0.0,1218,1,0.418563
3875,0.1,0.3,0.2,0.4,0.0,0.0,1219,1,0.493425
3875,0.0,0.0,0.5,0.1,0.4,0.0,1220,1,0.466371
3875,0.4,0.2,0.4,0.0,0.0,0.0,1221,1,0.526997
3875,0.0,0.0,0.0,0.4,0.2,0.4,1222,1,0.46904300000000004
3875,0.0,0.2,0.0,0.7,0.0,0.1,1223,1,0.49315200000000003
3875,0.9,0.0,0.0,0.1,0.0,0.0,1224,1,0.54789
3875,0.0,0.0,0.1,0.2,0.2,0.5,1225,1,0.48250299999999996
3875,0.0,0.0,0.3,0.3,0.0,0.4,1226,1,0.525633
3875,0.2,0.0,0.1,0.6,0.1,0.0,1227,1,0.48873900000000003
3875,0.1,0.0,0.1,0.5,0.0,0.3,1228,1,0.522109
3875,0.0,0.1,0.5,0.0,0.2,0.2,1229,1,0.46823000000000004
3875,0.0,0.0,0.1,0.0,0.0,0.9,1230,1,0.541474
3875,0.0,0.0,0.1,0.2,0.0,0.7,1231,1,0.537379
3875,0.2,0.4,0.1,0.0,0.3,0.0,1232,1,0.417049
3875,0.1,0.7,0.0,0.0,0.2,0.0,1233,1,0.41306899999999996
3875,0.0,0.3,0.2,0.1,0.4,0.0,1234,1,0.44241499999999995
3875,0.5,0.3,0.0,0.2,0.0,0.0,1235,1,0.49699399999999994
3875,0.0,0.1,0.2,0.5,0.2,0.0,1236,1,0.438862
3875,0.3,0.2,0.0,0.0,0.0,0.5,1237,1,0.5019279999999999
3875,0.3,0.0,0.0,0.3,0.2,0.2,1238,1,0.478495
3875,0.2,0.4,0.3,0.0,0.1,0.0,1239,1,0.418892
3875,0.0,0.0,0.3,0.0,0.7,0.0,1240,1,0.43222700000000003
3875,0.1,0.0,0.2,0.5,0.2,0.0,1241,1,0.45871000000000006
3875,0.3,0.0,0.0,0.2,0.1,0.4,1242,1,0.508988
3875,0.2,0.3,0.3,0.0,0.0,0.2,1243,1,0.512338
3875,0.3,0.0,0.0,0.0,0.5,0.2,1244,1,0.456867
3875,0.2,0.3,0.0,0.3,0.2,0.0,1245,1,0.42623500000000003
3875,0.1,0.2,0.0,0.6,0.1,0.0,1246,1,0.463138
3875,0.1,0.1,0.4,0.0,0.4,0.0,1247,1,0.42847299999999994
3875,0.1,0.1,0.6,0.0,0.0,0.2,1248,1,0.50738
3875,0.3,0.5,0.2,0.0,0.0,0.0,1249,1,0.487779
3875,0.4,0.0,0.3,0.0,0.1,0.2,1250,1,0.491245
3875,0.5,0.1,0.0,0.2,0.0,0.2,1251,1,0.539027
3875,0.0,0.1,0.1,0.5,0.3,0.0,1252,1,0.435943
3875,0.0,0.1,0.0,0.2,0.0,0.7,1253,1,0.512831
3875,0.1,0.0,0.0,0.0,0.1,0.8,1254,1,0.5076430000000001
3875,0.1,0.3,0.2,0.0,0.4,0.0,1255,1,0.42873100000000003
3875,0.0,0.2,0.1,0.5,0.2,0.0,1256,1,0.433172
3875,0.1,0.2,0.0,0.1,0.6,0.0,1257,1,0.44104799999999994
3875,0.4,0.0,0.1,0.0,0.3,0.2,1258,1,0.47215100000000004
3875,0.2,0.0,0.1,0.7,0.0,0.0,1259,1,0.493853
3875,0.0,0.0,0.3,0.1,0.4,0.2,1260,1,0.477796
3875,0.1,0.0,0.1,0.3,0.0,0.5,1261,1,0.533517
3875,0.3,0.0,0.1,0.1,0.5,0.0,1262,1,0.43804399999999993
3875,0.2,0.0,0.2,0.0,0.3,0.3,1263,1,0.467229
3875,0.0,0.3,0.3,0.1,0.3,0.0,1264,1,0.44713400000000003
3875,0.1,0.2,0.0,0.0,0.3,0.4,1265,1,0.45175299999999996
3875,0.0,0.1,0.3,0.0,0.2,0.4,1266,1,0.47188500000000005
3875,0.5,0.0,0.1,0.3,0.1,0.0,1267,1,0.503609
3875,0.0,0.1,0.4,0.0,0.4,0.1,1268,1,0.44314
3875,0.2,0.2,0.1,0.0,0.0,0.5,1269,1,0.529563
3875,0.1,0.0,0.4,0.2,0.3,0.0,1270,1,0.465021
3875,0.0,0.3,0.3,0.4,0.0,0.0,1271,1,0.456704
3875,0.0,0.7,0.0,0.0,0.1,0.2,1272,1,0.454031
3875,0.2,0.0,0.3,0.0,0.4,0.1,1273,1,0.456953
3875,0.0,0.0,0.2,0.5,0.1,0.2,1274,1,0.46942399999999995
3875,0.1,0.6,0.0,0.2,0.1,0.0,1275,1,0.44135100000000005
3875,0.0,0.4,0.3,0.3,0.0,0.0,1276,1,0.45423199999999997
3875,0.4,0.2,0.1,0.0,0.0,0.3,1277,1,0.5290159999999999
3875,0.1,0.0,0.0,0.6,0.3,0.0,1278,1,0.47881
3875,0.5,0.1,0.0,0.0,0.2,0.2,1279,1,0.472307
3875,0.2,0.0,0.2,0.0,0.1,0.5,1280,1,0.491541
3875,0.4,0.0,0.2,0.0,0.3,0.1,1282,1,0.45742200000000005
3875,0.7,0.0,0.1,0.0,0.1,0.1,1283,1,0.5134340000000001
3875,0.2,0.0,0.0,0.5,0.2,0.1,1284,1,0.48026899999999995
3875,0.0,0.4,0.0,0.1,0.3,0.2,1285,1,0.446334
3875,0.5,0.0,0.2,0.2,0.0,0.1,1286,1,0.522187
3875,0.0,0.5,0.4,0.0,0.1,0.0,1287,1,0.44819200000000003
3875,0.3,0.1,0.2,0.4,0.0,0.0,1288,1,0.522127
3875,0.1,0.2,0.1,0.0,0.0,0.6,1289,1,0.521659
3875,0.3,0.0,0.0,0.2,0.3,0.2,1290,1,0.48054300000000005
3875,0.1,0.0,0.3,0.5,0.0,0.1,1291,1,0.517716
3875,0.1,0.5,0.1,0.0,0.3,0.0,1292,1,0.429588
3875,0.0,0.5,0.4,0.1,0.0,0.0,1293,1,0.43300900000000003
3875,0.2,0.0,0.0,0.1,0.0,0.7,1294,1,0.535039
3875,0.0,0.4,0.6,0.0,0.0,0.0,1295,1,0.448734
3875,0.1,0.0,0.0,0.2,0.3,0.4,1296,1,0.470554
3875,0.0,0.4,0.0,0.0,0.0,0.6,1297,1,0.499724
3875,0.0,0.4,0.1,0.0,0.1,0.4,1298,1,0.47079
3875,0.3,0.2,0.4,0.0,0.1,0.0,1299,1,0.43399799999999994
3875,0.2,0.0,0.0,0.3,0.4,0.1,1300,1,0.457348
3875,0.0,0.2,0.3,0.3,0.2,0.0,1301,1,0.44379399999999997
3875,0.0,0.2,0.2,0.5,0.1,0.0,1302,1,0.440513
3875,0.3,0.1,0.1,0.5,0.0,0.0,1303,1,0.500232
3875,0.2,0.2,0.5,0.0,0.0,0.1,1304,1,0.5029640000000001
3875,0.3,0.5,0.0,0.0,0.0,0.2,1305,1,0.5085850000000001
3875,0.4,0.3,0.0,0.0,0.1,0.2,1306,1,0.47346099999999997
3875,0.4,0.0,0.3,0.0,0.0,0.3,1307,1,0.536289
3875,0.1,0.4,0.0,0.0,0.3,0.2,1308,1,0.443279
3875,0.7,0.0,0.2,0.1,0.0,0.0,1309,1,0.5182479999999999
3875,0.0,0.0,0.1,0.4,0.4,0.1,1310,1,0.45267299999999994
3875,0.2,0.1,0.0,0.5,0.0,0.2,1311,1,0.493483
3875,0.4,0.4,0.1,0.0,0.0,0.1,1312,1,0.51152
3875,0.1,0.4,0.5,0.0,0.0,0.0,1313,1,0.468764
3875,0.4,0.0,0.3,0.2,0.1,0.0,1314,1,0.47579499999999997
3875,0.1,0.0,0.7,0.1,0.0,0.1,1315,1,0.514519
3875,0.1,0.0,0.0,0.9,0.0,0.0,1316,1,0.486321
3875,0.0,0.0,0.5,0.0,0.3,0.2,1317,1,0.47551099999999996
3875,0.0,0.2,0.1,0.0,0.6,0.1,1318,1,0.436255
3875,0.3,0.0,0.0,0.4,0.3,0.0,1319,1,0.46715
3875,0.2,0.0,0.0,0.3,0.2,0.3,1320,1,0.477338
3875,0.3,0.4,0.1,0.2,0.0,0.0,1321,1,0.48753599999999997
3875,0.0,0.3,0.0,0.0,0.3,0.4,1322,1,0.45720299999999997
3875,0.0,0.6,0.0,0.1,0.2,0.1,1323,1,0.425253
3875,0.4,0.0,0.0,0.1,0.1,0.4,1324,1,0.5042760000000001
3875,0.0,0.1,0.0,0.2,0.1,0.6,1325,1,0.49436899999999995
3875,0.1,0.2,0.0,0.3,0.4,0.0,1326,1,0.430625
3875,0.0,0.2,0.3,0.1,0.0,0.4,1327,1,0.504041
3875,0.4,0.0,0.0,0.5,0.0,0.1,1328,1,0.523832
3875,0.1,0.0,0.0,0.2,0.5,0.2,1329,1,0.47037299999999993
3875,0.2,0.3,0.1,0.0,0.0,0.4,1330,1,0.517187
3875,0.0,0.0,0.1,0.9,0.0,0.0,1331,1,0.401068
3875,0.5,0.1,0.3,0.1,0.0,0.0,1332,1,0.538742
3875,0.0,0.4,0.1,0.3,0.0,0.2,1333,1,0.498541
3875,0.2,0.3,0.0,0.0,0.0,0.5,1334,1,0.5234800000000001
3875,0.1,0.3,0.5,0.0,0.1,0.0,1335,1,0.41680900000000004
3875,0.2,0.0,0.5,0.1,0.2,0.0,1336,1,0.442352
3875,0.3,0.4,0.2,0.0,0.1,0.0,1337,1,0.439917
3875,0.0,0.0,0.2,0.4,0.4,0.0,1338,1,0.452308
3875,0.0,0.3,0.1,0.2,0.0,0.4,1339,1,0.506501
3875,0.1,0.0,0.4,0.4,0.0,0.1,1340,1,0.516119
3875,0.0,0.6,0.0,0.1,0.1,0.2,1341,1,0.460959
3875,0.3,0.1,0.2,0.0,0.4,0.0,1342,1,0.429854
3875,0.3,0.0,0.3,0.0,0.3,0.1,1343,1,0.46236499999999997
3875,0.4,0.0,0.0,0.4,0.2,0.0,1344,1,0.49518599999999996
3875,0.4,0.3,0.0,0.0,0.3,0.0,1346,1,0.41515
3875,0.0,0.8,0.1,0.1,0.0,0.0,1347,1,0.46109399999999995
3875,0.0,0.3,0.1,0.0,0.1,0.5,1348,1,0.48542399999999997
3875,0.1,0.1,0.3,0.5,0.0,0.0,1349,1,0.49366499999999996
3875,0.0,0.2,0.2,0.1,0.5,0.0,1350,1,0.43463999999999997
3875,0.2,0.0,0.0,0.0,0.3,0.5,1351,1,0.484483
3875,0.0,0.1,0.3,0.0,0.1,0.5,1352,1,0.495567
3875,0.0,0.4,0.0,0.5,0.1,0.0,1353,1,0.43844099999999997
3875,0.6,0.1,0.3,0.0,0.0,0.0,1354,1,0.5514640000000001
3875,0.1,0.1,0.5,0.3,0.0,0.0,1355,1,0.488647
3875,0.0,0.0,0.1,0.0,0.3,0.6,1356,1,0.467012
3875,0.0,0.7,0.0,0.1,0.2,0.0,1357,1,0.420029
3875,0.6,0.2,0.1,0.1,0.0,0.0,1358,1,0.5284399999999999
3875,0.0,0.0,0.3,0.0,0.3,0.4,1359,1,0.47355699999999995
3875,0.6,0.0,0.4,0.0,0.0,0.0,1360,1,0.5465720000000001
3875,0.1,0.0,0.2,0.6,0.1,0.0,1361,1,0.464941
3875,0.1,0.1,0.0,0.1,0.7,0.0,1362,1,0.44760500000000003
3875,0.0,0.0,0.3,0.4,0.1,0.2,1363,1,0.46998199999999996
3875,0.5,0.1,0.2,0.0,0.2,0.0,1364,1,0.456265
3875,0.6,0.0,0.3,0.0,0.1,0.0,1365,1,0.484779
3875,0.0,0.7,0.2,0.1,0.0,0.0,1366,1,0.44374300000000005
3875,0.1,0.1,0.8,0.0,0.0,0.0,1367,1,0.47301400000000005
3875,0.2,0.4,0.0,0.3,0.0,0.1,1368,1,0.495796
3875,0.5,0.2,0.0,0.2,0.0,0.1,1369,1,0.508443
3875,0.3,0.1,0.0,0.3,0.3,0.0,1370,1,0.437283
3875,0.1,0.0,0.1,0.6,0.0,0.2,1371,1,0.5113770000000001
3875,0.0,0.0,0.4,0.1,0.1,0.4,1372,1,0.48111800000000005
3875,0.1,0.0,0.5,0.0,0.1,0.3,1373,1,0.48048
3875,0.1,0.0,0.0,0.3,0.2,0.4,1374,1,0.48153
3875,0.3,0.0,0.2,0.1,0.4,0.0,1375,1,0.439666
3875,0.1,0.1,0.0,0.7,0.0,0.1,1376,1,0.496159
3875,0.4,0.1,0.4,0.1,0.0,0.0,1377,1,0.519251
3875,0.2,0.1,0.3,0.0,0.4,0.0,1378,1,0.424203
3875,0.1,0.0,0.6,0.0,0.3,0.0,1379,1,0.44746400000000003
3875,0.1,0.0,0.1,0.3,0.5,0.0,1380,1,0.449355
3875,0.3,0.1,0.0,0.2,0.4,0.0,1381,1,0.428624
3875,0.3,0.6,0.1,0.0,0.0,0.0,1382,1,0.47653500000000004
3875,0.2,0.4,0.0,0.1,0.3,0.0,1383,1,0.41220200000000007
3875,0.1,0.0,0.0,0.2,0.4,0.3,1384,1,0.451068
3875,0.0,0.4,0.1,0.2,0.3,0.0,1385,1,0.434698
3875,0.4,0.0,0.3,0.2,0.0,0.1,1386,1,0.522597
3875,0.1,0.3,0.0,0.1,0.5,0.0,1387,1,0.43018900000000004
3875,0.0,0.2,0.2,0.0,0.1,0.5,1388,1,0.484713
3875,0.1,0.5,0.0,0.1,0.0,0.3,1389,1,0.501008
3875,0.1,0.3,0.0,0.0,0.6,0.0,1390,1,0.43301300000000004
3875,0.5,0.3,0.0,0.0,0.0,0.2,1391,1,0.509374
3875,0.5,0.0,0.2,0.0,0.2,0.1,1392,1,0.474628
3875,0.0,0.0,0.8,0.1,0.0,0.1,1393,1,0.520803
3875,0.0,0.0,0.9,0.1,0.0,0.0,1394,1,0.526618
3875,0.4,0.0,0.0,0.1,0.5,0.0,1395,1,0.46367200000000003
3875,0.6,0.0,0.0,0.2,0.1,0.1,1396,1,0.51252
3875,0.0,0.3,0.5,0.0,0.2,0.0,1397,1,0.453847
3875,0.4,0.0,0.1,0.1,0.0,0.4,1398,1,0.536806
3875,0.1,0.6,0.2,0.0,0.1,0.0,1399,1,0.41968999999999995
3875,0.0,0.1,0.1,0.1,0.7,0.0,1400,1,0.436515
3875,0.0,0.5,0.1,0.3,0.1,0.0,1401,1,0.43320600000000004
3875,0.0,0.7,0.1,0.0,0.1,0.1,1402,1,0.44127700000000003
3875,0.3,0.3,0.1,0.3,0.0,0.0,1403,1,0.492792
3875,0.0,0.1,0.0,0.0,0.0,0.9,1404,1,0.5197649999999999
3875,0.2,0.1,0.1,0.0,0.6,0.0,1405,1,0.42419300000000004
3875,0.0,0.5,0.0,0.1,0.4,0.0,1406,1,0.44521099999999997
3875,0.6,0.1,0.2,0.0,0.1,0.0,1407,1,0.48184
3875,0.1,0.0,0.4,0.2,0.0,0.3,1408,1,0.508034
3875,0.0,0.0,0.2,0.0,0.4,0.4,1410,1,0.47063900000000003
3875,0.1,0.0,0.1,0.0,0.0,0.8,1411,1,0.541437
3875,0.1,0.0,0.0,0.4,0.2,0.3,1412,1,0.473521
3875,0.2,0.3,0.0,0.0,0.5,0.0,1413,1,0.41351800000000005
3875,0.2,0.0,0.0,0.2,0.3,0.3,1414,1,0.467445
3875,0.0,0.0,0.4,0.0,0.1,0.5,1415,1,0.490461
3875,0.3,0.0,0.1,0.3,0.0,0.3,1416,1,0.537503
3875,0.0,0.0,0.0,0.9,0.0,0.1,1417,1,0.49692200000000003
3875,0.1,0.3,0.3,0.0,0.0,0.3,1418,1,0.511211
3875,0.0,0.0,0.2,0.3,0.5,0.0,1419,1,0.448209
3875,0.1,0.2,0.0,0.0,0.0,0.7,1420,1,0.5126689999999999
3875,0.0,0.1,0.1,0.0,0.1,0.7,1421,1,0.49361099999999997
3875,0.1,0.6,0.1,0.0,0.0,0.2,1422,1,0.493258
3875,0.0,0.0,0.3,0.2,0.1,0.4,1423,1,0.481998
3875,0.0,0.0,0.3,0.5,0.2,0.0,1424,1,0.460412
3875,0.0,0.2,0.2,0.3,0.0,0.3,1425,1,0.511153
3875,0.2,0.6,0.1,0.0,0.1,0.0,1426,1,0.438316
3875,0.0,0.1,0.3,0.5,0.0,0.1,1427,1,0.48787700000000006
3875,0.2,0.4,0.3,0.1,0.0,0.0,1428,1,0.49606000000000006
3875,0.0,0.1,0.0,0.0,0.7,0.2,1429,1,0.443863
3875,0.1,0.0,0.1,0.0,0.1,0.7,1430,1,0.487122
3875,0.0,0.9,0.0,0.0,0.1,0.0,1431,1,0.437458
3875,0.1,0.2,0.0,0.4,0.3,0.0,1432,1,0.43429399999999996
3875,0.0,0.4,0.0,0.0,0.5,0.1,1433,1,0.450669
3875,0.3,0.0,0.0,0.4,0.1,0.2,1434,1,0.487256
3875,0.2,0.3,0.0,0.0,0.3,0.2,1435,1,0.43771099999999996
3875,0.0,0.2,0.5,0.2,0.0,0.1,1436,1,0.466005
3875,0.2,0.5,0.0,0.0,0.0,0.3,1437,1,0.49790200000000007
3875,0.0,0.2,0.4,0.0,0.1,0.3,1438,1,0.469397
3875,0.1,0.7,0.0,0.1,0.1,0.0,1439,1,0.43449
3875,0.0,0.7,0.1,0.0,0.2,0.0,1440,1,0.448096
3875,0.3,0.0,0.0,0.5,0.1,0.1,1441,1,0.493188
3875,0.0,0.1,0.4,0.4,0.1,0.0,1442,1,0.46159300000000003
3875,0.4,0.0,0.2,0.0,0.0,0.4,1443,1,0.538986
3875,0.2,0.0,0.3,0.1,0.0,0.4,1444,1,0.5376029999999999
3875,0.4,0.3,0.0,0.3,0.0,0.0,1445,1,0.505332
3875,0.0,0.3,0.0,0.0,0.7,0.0,1446,1,0.448408
3875,0.0,0.1,0.0,0.1,0.1,0.7,1447,1,0.48391899999999993
3875,0.3,0.2,0.5,0.0,0.0,0.0,1448,1,0.507522
3875,0.1,0.0,0.4,0.5,0.0,0.0,1449,1,0.48493100000000006
3875,0.0,0.0,0.2,0.3,0.1,0.4,1450,1,0.489092
3875,0.4,0.2,0.1,0.3,0.0,0.0,1451,1,0.505219
3875,0.0,0.3,0.0,0.5,0.0,0.2,1452,1,0.49236599999999997
3875,0.1,0.0,0.4,0.0,0.4,0.1,1453,1,0.459113
3875,0.1,0.2,0.0,0.0,0.5,0.2,1454,1,0.445082
3875,0.5,0.2,0.0,0.1,0.2,0.0,1455,1,0.455916
3875,0.5,0.0,0.0,0.2,0.3,0.0,1456,1,0.470459
3875,0.5,0.4,0.0,0.1,0.0,0.0,1457,1,0.505263
3875,0.4,0.0,0.2,0.3,0.0,0.1,1458,1,0.518458
3875,0.0,0.3,0.1,0.0,0.5,0.1,1459,1,0.45029600000000003
3875,0.2,0.3,0.3,0.2,0.0,0.0,1460,1,0.497777
3875,0.1,0.2,0.4,0.0,0.0,0.3,1461,1,0.5016649999999999
3875,0.3,0.1,0.0,0.0,0.0,0.6,1462,1,0.541568
3875,0.0,0.5,0.0,0.5,0.0,0.0,1463,1,0.46689200000000003
3875,0.0,0.3,0.2,0.0,0.5,0.0,1464,1,0.43291499999999994
3875,0.0,0.0,0.4,0.3,0.1,0.2,1465,1,0.468797
3875,0.2,0.4,0.0,0.0,0.4,0.0,1466,1,0.417325
3875,0.0,0.0,0.6,0.0,0.3,0.1,1467,1,0.46003
3875,0.1,0.5,0.3,0.0,0.1,0.0,1468,1,0.415263
3875,0.0,0.2,0.0,0.1,0.1,0.6,1469,1,0.483392
3875,0.7,0.0,0.0,0.1,0.1,0.1,1470,1,0.512667
3875,0.0,0.2,0.1,0.1,0.6,0.0,1471,1,0.443862
3875,0.2,0.0,0.6,0.1,0.1,0.0,1472,1,0.462109
3875,0.0,0.2,0.0,0.4,0.1,0.3,1474,1,0.481455
3875,0.0,0.2,0.6,0.1,0.1,0.0,1475,1,0.443141
3875,0.4,0.0,0.0,0.5,0.1,0.0,1476,1,0.50659
3875,0.0,0.1,0.5,0.2,0.0,0.2,1477,1,0.49851599999999996
3875,0.1,0.6,0.0,0.0,0.3,0.0,1478,1,0.41621
3875,0.0,0.0,0.0,0.0,0.1,0.9,1479,1,0.500841
3875,0.4,0.0,0.1,0.1,0.4,0.0,1480,1,0.44478900000000005
3875,0.7,0.0,0.0,0.2,0.0,0.1,1481,1,0.546263
3875,0.2,0.0,0.3,0.4,0.1,0.0,1482,1,0.467812
3875,0.1,0.7,0.0,0.0,0.1,0.1,1483,1,0.448842
3875,0.0,0.7,0.0,0.0,0.3,0.0,1484,1,0.452054
3875,0.0,0.8,0.1,0.0,0.0,0.1,1485,1,0.46812200000000004
3875,0.0,0.1,0.0,0.3,0.2,0.4,1486,1,0.45441099999999995
3875,0.4,0.6,0.0,0.0,0.0,0.0,1487,1,0.479246
3875,0.0,0.4,0.1,0.3,0.2,0.0,1488,1,0.422047
3875,0.3,0.0,0.0,0.3,0.1,0.3,1489,1,0.503233
3875,0.6,0.0,0.3,0.0,0.0,0.1,1490,1,0.529568
3875,0.1,0.0,0.2,0.1,0.0,0.6,1491,1,0.530191
3875,0.1,0.2,0.0,0.1,0.0,0.6,1492,1,0.51873
3875,0.4,0.0,0.4,0.0,0.2,0.0,1493,1,0.45464899999999997
3875,0.1,0.4,0.3,0.0,0.2,0.0,1494,1,0.42296000000000006
3875,0.5,0.2,0.1,0.0,0.0,0.2,1495,1,0.51498
3875,0.0,0.3,0.0,0.1,0.5,0.1,1496,1,0.442334
3875,0.0,0.0,0.4,0.4,0.2,0.0,1497,1,0.482972
3875,0.4,0.0,0.1,0.0,0.4,0.1,1498,1,0.458758
3875,0.0,0.1,0.0,0.4,0.5,0.0,1499,1,0.444797
3875,0.0,0.2,0.3,0.0,0.0,0.5,1500,1,0.498669
3875,0.0,0.0,0.3,0.1,0.6,0.0,1501,1,0.452217
3875,0.0,0.0,0.2,0.1,0.0,0.7,1502,1,0.49050299999999997
3875,0.1,0.0,0.1,0.5,0.3,0.0,1503,1,0.44840100000000005
3875,0.0,0.1,0.0,0.0,0.8,0.1,1504,1,0.44814
3875,0.2,0.4,0.4,0.0,0.0,0.0,1505,1,0.48556800000000006
3875,0.0,0.1,0.3,0.2,0.0,0.4,1506,1,0.509003
3875,0.0,0.3,0.4,0.0,0.0,0.3,1507,1,0.480929
3875,0.0,0.0,0.3,0.1,0.5,0.1,1508,1,0.448592
3875,0.0,0.6,0.0,0.3,0.1,0.0,1509,1,0.43463100000000005
3875,0.7,0.1,0.0,0.1,0.0,0.1,1510,1,0.512319
3875,0.0,0.3,0.5,0.0,0.0,0.2,1511,1,0.46628800000000004
3875,0.0,0.0,0.0,0.7,0.0,0.3,1512,1,0.510304
3875,0.0,0.4,0.0,0.3,0.3,0.0,1513,1,0.420137
3875,0.1,0.0,0.0,0.1,0.5,0.3,1514,1,0.456359
3875,0.1,0.0,0.3,0.1,0.5,0.0,1515,1,0.45467700000000005
3875,0.0,0.0,0.0,0.1,0.6,0.3,1516,1,0.45836899999999997
3875,0.0,0.5,0.3,0.1,0.1,0.0,1517,1,0.42531199999999997
3875,0.4,0.4,0.0,0.1,0.0,0.1,1518,1,0.506034
3875,0.0,0.5,0.3,0.0,0.2,0.0,1519,1,0.46396499999999996
3875,0.0,0.5,0.5,0.0,0.0,0.0,1520,1,0.442981
3875,0.0,0.0,0.0,0.3,0.1,0.6,1521,1,0.49715200000000004
3875,0.3,0.2,0.0,0.4,0.1,0.0,1522,1,0.462267
3875,0.5,0.3,0.0,0.1,0.0,0.1,1523,1,0.517598
3875,0.1,0.0,0.6,0.0,0.0,0.3,1524,1,0.5335840000000001
3875,0.2,0.1,0.0,0.6,0.1,0.0,1525,1,0.48242700000000005
3875,0.0,0.0,0.2,0.0,0.1,0.7,1526,1,0.513958
3875,0.0,0.3,0.0,0.4,0.0,0.3,1527,1,0.512488
3875,0.0,0.4,0.3,0.2,0.0,0.1,1528,1,0.471499
3875,0.0,0.3,0.0,0.0,0.6,0.1,1529,1,0.43894700000000003
3875,0.0,0.3,0.0,0.3,0.2,0.2,1530,1,0.44744399999999995
3875,0.0,0.5,0.1,0.0,0.3,0.1,1531,1,0.444263
3875,0.2,0.0,0.5,0.0,0.2,0.1,1532,1,0.460161
3875,0.0,0.1,0.0,0.4,0.0,0.5,1533,1,0.5141319999999999
3875,0.0,0.0,0.3,0.1,0.3,0.3,1534,1,0.47345600000000004
3875,0.1,0.3,0.0,0.2,0.0,0.4,1535,1,0.506174
3875,0.5,0.0,0.4,0.0,0.0,0.1,1536,1,0.536089
3875,0.0,0.4,0.0,0.6,0.0,0.0,1538,1,0.45800100000000005
3875,0.4,0.0,0.0,0.0,0.5,0.1,1539,1,0.451517
3875,0.2,0.4,0.0,0.0,0.0,0.4,1540,1,0.519457
3875,0.0,0.0,0.0,0.3,0.7,0.0,1541,1,0.444747
3875,0.1,0.3,0.0,0.0,0.4,0.2,1542,1,0.43725299999999995
3875,0.2,0.3,0.2,0.0,0.0,0.3,1543,1,0.513638
3875,0.8,0.0,0.1,0.1,0.0,0.0,1544,1,0.559175
3875,0.0,0.1,0.4,0.0,0.5,0.0,1545,1,0.425221
3875,0.0,0.6,0.3,0.1,0.0,0.0,1546,1,0.439816
3875,0.5,0.0,0.4,0.0,0.1,0.0,1547,1,0.48150699999999996
3875,0.1,0.1,0.0,0.4,0.0,0.4,1548,1,0.525375
3875,0.0,0.4,0.0,0.1,0.5,0.0,1549,1,0.44665900000000003
3875,0.1,0.3,0.1,0.0,0.0,0.5,1550,1,0.5020720000000001
3875,0.0,0.0,0.1,0.5,0.2,0.2,1551,1,0.44847600000000004
3875,0.3,0.1,0.0,0.0,0.1,0.5,1552,1,0.48676499999999995
3875,0.0,0.3,0.4,0.1,0.2,0.0,1553,1,0.44368900000000006
3875,0.0,0.1,0.0,0.0,0.4,0.5,1554,1,0.448613
3875,0.2,0.1,0.0,0.0,0.3,0.4,1555,1,0.46930900000000003
3875,0.4,0.0,0.4,0.0,0.0,0.2,1556,1,0.538072
3875,0.0,0.1,0.1,0.3,0.5,0.0,1557,1,0.442248
3875,0.0,0.0,0.3,0.1,0.1,0.5,1558,1,0.49500500000000003
3875,0.7,0.1,0.0,0.1,0.1,0.0,1559,1,0.488334
3875,0.3,0.0,0.1,0.4,0.2,0.0,1560,1,0.46307600000000004
3875,0.2,0.1,0.0,0.0,0.0,0.7,1561,1,0.534467
3875,0.5,0.0,0.2,0.0,0.1,0.2,1562,1,0.5115770000000001
3875,0.4,0.1,0.0,0.1,0.4,0.0,1563,1,0.431517
3875,0.0,0.2,0.1,0.0,0.5,0.2,1564,1,0.464816
3875,0.0,0.5,0.2,0.3,0.0,0.0,1565,1,0.449589
3875,0.2,0.0,0.4,0.3,0.1,0.0,1566,1,0.458559
3875,0.0,0.5,0.0,0.1,0.3,0.1,1567,1,0.42944
3875,0.1,0.0,0.0,0.5,0.1,0.3,1568,1,0.485461
3875,0.0,0.0,0.5,0.2,0.2,0.1,1569,1,0.492195
3875,0.0,0.2,0.5,0.0,0.3,0.0,1570,1,0.439881
3875,0.3,0.0,0.0,0.5,0.0,0.2,1571,1,0.502419
3875,0.1,0.4,0.4,0.0,0.0,0.1,1572,1,0.474613
3875,0.0,0.2,0.4,0.3,0.1,0.0,1573,1,0.443082
3875,0.0,0.6,0.0,0.1,0.3,0.0,1574,1,0.43516800000000005
3875,0.0,0.5,0.2,0.2,0.0,0.1,1575,1,0.47023100000000007
3875,0.2,0.6,0.1,0.0,0.0,0.1,1576,1,0.492424
3875,0.3,0.4,0.1,0.0,0.0,0.2,1577,1,0.514126
3875,0.7,0.1,0.2,0.0,0.0,0.0,1578,1,0.525342
3875,0.7,0.0,0.1,0.2,0.0,0.0,1579,1,0.533084
3875,0.0,0.0,0.0,0.6,0.1,0.3,1580,1,0.478756
3875,0.4,0.0,0.0,0.0,0.4,0.2,1581,1,0.468438
3875,0.2,0.0,0.1,0.2,0.0,0.5,1582,1,0.535938
3875,0.0,0.0,0.4,0.2,0.4,0.0,1583,1,0.473261
3875,0.0,0.0,0.4,0.5,0.1,0.0,1584,1,0.489708
3875,0.1,0.4,0.0,0.0,0.2,0.3,1585,1,0.450574
3875,0.1,0.2,0.2,0.0,0.0,0.5,1586,1,0.509464
3875,0.0,0.0,0.0,0.1,0.4,0.5,1587,1,0.45917399999999997
3875,0.7,0.2,0.1,0.0,0.0,0.0,1588,1,0.5075310000000001
3875,0.4,0.0,0.4,0.1,0.1,0.0,1589,1,0.47922200000000004
3875,0.1,0.4,0.2,0.0,0.0,0.3,1590,1,0.502188
3875,0.1,0.0,0.0,0.0,0.3,0.6,1591,1,0.482245
3875,0.5,0.3,0.1,0.0,0.1,0.0,1592,1,0.460162
3875,0.2,0.0,0.0,0.1,0.3,0.4,1593,1,0.480283
3875,0.1,0.3,0.0,0.4,0.2,0.0,1594,1,0.434716
3875,0.4,0.0,0.0,0.2,0.3,0.1,1595,1,0.46533800000000003
3875,0.0,0.5,0.0,0.1,0.1,0.3,1596,1,0.474253
3875,0.0,0.0,0.1,0.1,0.4,0.4,1597,1,0.46098199999999995
3875,0.4,0.0,0.1,0.0,0.5,0.0,1598,1,0.44785
3875,0.0,0.0,0.3,0.4,0.0,0.3,1599,1,0.515027
3875,0.0,0.0,0.1,0.3,0.1,0.5,1600,1,0.49624799999999997
3875,0.1,0.5,0.0,0.0,0.2,0.2,1602,1,0.446601
3875,0.0,0.6,0.4,0.0,0.0,0.0,1603,1,0.45138500000000004
3875,0.0,0.3,0.0,0.7,0.0,0.0,1604,1,0.456668
3875,0.6,0.2,0.1,0.0,0.1,0.0,1605,1,0.47698999999999997
3875,0.0,0.1,0.8,0.0,0.0,0.1,1606,1,0.485609
3875,0.0,0.3,0.0,0.4,0.2,0.1,1607,1,0.44919799999999993
3875,0.2,0.3,0.0,0.2,0.0,0.3,1608,1,0.515775
3875,0.3,0.1,0.1,0.0,0.5,0.0,1609,1,0.425191
3875,0.3,0.1,0.0,0.2,0.0,0.4,1610,1,0.528188
3875,0.1,0.0,0.1,0.1,0.0,0.7,1611,1,0.556249
3875,0.1,0.1,0.7,0.1,0.0,0.0,1612,1,0.477559
3875,0.1,0.2,0.2,0.0,0.5,0.0,1613,1,0.42351099999999997
3875,0.2,0.0,0.1,0.0,0.6,0.1,1614,1,0.45202
3875,0.0,0.1,0.0,0.4,0.3,0.2,1615,1,0.44086400000000003
3875,0.0,0.3,0.1,0.0,0.4,0.2,1616,1,0.461129
3875,0.3,0.0,0.0,0.0,0.4,0.3,1617,1,0.46850299999999995
3875,0.3,0.0,0.1,0.0,0.4,0.2,1618,1,0.46083599999999997
3875,0.7,0.0,0.0,0.0,0.0,0.3,1619,1,0.531201
3875,0.2,0.1,0.5,0.0,0.0,0.2,1620,1,0.543929
3875,0.0,0.5,0.2,0.0,0.1,0.2,1621,1,0.450942
3875,0.3,0.0,0.5,0.1,0.0,0.1,1622,1,0.533226
3875,0.0,0.4,0.1,0.1,0.4,0.0,1623,1,0.44946899999999995
3875,0.0,0.3,0.0,0.3,0.0,0.4,1624,1,0.496939
3875,0.2,0.0,0.4,0.3,0.0,0.1,1625,1,0.495911
3875,0.2,0.0,0.2,0.1,0.0,0.5,1626,1,0.551657
3875,0.0,0.6,0.1,0.0,0.2,0.1,1627,1,0.434845
3875,0.0,0.3,0.3,0.0,0.0,0.4,1628,1,0.493306
3875,0.0,0.3,0.1,0.4,0.2,0.0,1629,1,0.426184
3875,0.1,0.0,0.3,0.3,0.3,0.0,1630,1,0.450312
3875,0.0,0.2,0.1,0.6,0.1,0.0,1631,1,0.43783500000000003
3875,0.1,0.2,0.6,0.0,0.0,0.1,1632,1,0.489263
3875,0.3,0.0,0.0,0.3,0.4,0.0,1633,1,0.465113
3875,0.3,0.0,0.3,0.0,0.1,0.3,1634,1,0.488233
3875,0.0,0.3,0.1,0.3,0.3,0.0,1635,1,0.42708100000000004
3875,0.3,0.3,0.2,0.0,0.0,0.2,1636,1,0.506684
3875,0.3,0.0,0.3,0.2,0.0,0.2,1637,1,0.531679
3875,0.0,0.1,0.0,0.1,0.8,0.0,1638,1,0.44887200000000005
3875,0.0,0.0,0.3,0.2,0.2,0.3,1639,1,0.467884
3875,0.5,0.3,0.0,0.0,0.1,0.1,1640,1,0.468276
3875,0.3,0.0,0.1,0.4,0.0,0.2,1641,1,0.529799
3875,0.3,0.0,0.1,0.3,0.3,0.0,1642,1,0.444288
3875,0.0,0.0,0.4,0.0,0.6,0.0,1643,1,0.443327
3875,0.0,0.6,0.0,0.2,0.1,0.1,1644,1,0.44805900000000004
3875,0.1,0.0,0.2,0.7,0.0,0.0,1645,1,0.480292
3875,0.0,0.0,0.7,0.2,0.1,0.0,1646,1,0.5065270000000001
3875,0.1,0.0,0.1,0.4,0.0,0.4,1647,1,0.535803
3875,0.6,0.0,0.1,0.1,0.0,0.2,1648,1,0.556461
3875,0.2,0.5,0.2,0.0,0.1,0.0,1649,1,0.428117
3875,0.0,0.0,0.2,0.0,0.5,0.3,1650,1,0.473084
3875,0.3,0.0,0.0,0.4,0.0,0.3,1651,1,0.509835
3875,0.1,0.3,0.3,0.0,0.3,0.0,1652,1,0.4258
3875,0.2,0.0,0.7,0.0,0.0,0.1,1653,1,0.520881
3875,0.0,0.0,0.1,0.3,0.5,0.1,1654,1,0.450622
3875,0.0,0.1,0.5,0.1,0.3,0.0,1655,1,0.449585
3875,0.0,0.1,0.0,0.3,0.5,0.1,1656,1,0.45744399999999996
3875,0.4,0.0,0.0,0.4,0.0,0.2,1657,1,0.536276
3875,0.4,0.3,0.2,0.0,0.0,0.1,1658,1,0.529572
3875,0.1,0.0,0.1,0.0,0.8,0.0,1659,1,0.44461300000000004
3875,0.0,0.0,0.1,0.3,0.2,0.4,1660,1,0.46511
3875,0.1,0.4,0.0,0.4,0.0,0.1,1661,1,0.490691
3875,0.5,0.2,0.2,0.0,0.1,0.0,1662,1,0.46012600000000003
3875,0.0,0.0,0.2,0.4,0.1,0.3,1663,1,0.478996
3875,0.3,0.3,0.1,0.0,0.3,0.0,1664,1,0.41806899999999997
3875,0.1,0.0,0.1,0.4,0.4,0.0,1666,1,0.43988299999999997
3875,0.0,0.1,0.5,0.4,0.0,0.0,1667,1,0.47799300000000006
3875,0.3,0.0,0.3,0.3,0.0,0.1,1668,1,0.564183
3875,0.0,0.7,0.0,0.2,0.0,0.1,1669,1,0.48658999999999997
3875,0.0,0.2,0.0,0.1,0.4,0.3,1670,1,0.456581
3875,0.1,0.0,0.9,0.0,0.0,0.0,1671,1,0.493559
3875,0.4,0.1,0.0,0.0,0.0,0.5,1672,1,0.560429
3875,0.1,0.4,0.1,0.4,0.0,0.0,1673,1,0.49336899999999995
3875,0.0,0.0,0.0,0.6,0.0,0.4,1674,1,0.521846
3875,0.1,0.0,0.6,0.3,0.0,0.0,1675,1,0.523918
3875,0.4,0.0,0.0,0.1,0.2,0.3,1676,1,0.497101
3875,0.0,0.1,0.1,0.0,0.4,0.4,1677,1,0.465826
3875,0.0,0.0,0.1,0.6,0.3,0.0,1678,1,0.43024399999999996
3875,0.0,0.0,0.0,0.4,0.5,0.1,1679,1,0.456675
3875,0.0,0.0,0.7,0.0,0.3,0.0,1680,1,0.45241099999999995
3875,0.0,0.0,0.0,0.5,0.2,0.3,1681,1,0.45614099999999996
3875,0.2,0.3,0.1,0.4,0.0,0.0,1682,1,0.49387700000000007
3875,0.4,0.1,0.1,0.4,0.0,0.0,1683,1,0.49973100000000004
3875,0.0,0.3,0.0,0.1,0.0,0.6,1684,1,0.510522
3875,0.3,0.2,0.4,0.1,0.0,0.0,1685,1,0.505741
3875,0.0,0.0,0.7,0.0,0.1,0.2,1686,1,0.4871
3875,0.0,0.5,0.3,0.2,0.0,0.0,1687,1,0.444463
3875,0.0,0.7,0.0,0.2,0.1,0.0,1688,1,0.425807
3875,0.4,0.3,0.1,0.2,0.0,0.0,1689,1,0.501085
3875,0.0,0.1,0.0,0.9,0.0,0.0,1690,1,0.48042700000000005
3875,0.1,0.0,0.0,0.1,0.8,0.0,1691,1,0.47402299999999997
3875,0.0,0.5,0.0,0.1,0.2,0.2,1692,1,0.442053
3875,0.3,0.4,0.0,0.1,0.0,0.2,1693,1,0.494413
3875,0.3,0.1,0.0,0.1,0.0,0.5,1694,1,0.5249189999999999
3875,0.7,0.0,0.2,0.0,0.1,0.0,1695,1,0.495829
3875,0.3,0.0,0.1,0.2,0.4,0.0,1696,1,0.43546899999999994
3875,0.3,0.2,0.0,0.1,0.4,0.0,1697,1,0.41584
3875,0.0,0.6,0.1,0.0,0.1,0.2,1698,1,0.45659799999999995
3875,0.0,0.0,0.3,0.0,0.5,0.2,1699,1,0.45042
3875,0.0,0.1,0.6,0.2,0.0,0.1,1700,1,0.476046
3875,0.2,0.0,0.0,0.0,0.7,0.1,1701,1,0.465291
3875,0.1,0.6,0.2,0.0,0.0,0.1,1702,1,0.476109
3875,0.2,0.5,0.2,0.0,0.0,0.1,1703,1,0.49608900000000006
3875,0.0,0.3,0.2,0.5,0.0,0.0,1704,1,0.45732700000000004
3875,0.3,0.1,0.4,0.0,0.2,0.0,1705,1,0.43632
3875,0.1,0.1,0.0,0.8,0.0,0.0,1706,1,0.495979
3875,0.0,0.4,0.1,0.1,0.0,0.4,1707,1,0.5000939999999999
3875,0.4,0.2,0.0,0.0,0.3,0.1,1708,1,0.447934
3875,0.0,0.6,0.1,0.3,0.0,0.0,1709,1,0.46261199999999997
3875,0.0,0.0,0.1,0.0,0.5,0.4,1710,1,0.46532299999999993
3875,0.0,0.1,0.4,0.0,0.3,0.2,1711,1,0.472224
3875,0.1,0.4,0.1,0.0,0.0,0.4,1712,1,0.5092909999999999
3875,0.0,0.3,0.5,0.2,0.0,0.0,1713,1,0.446011
3875,0.2,0.0,0.0,0.4,0.3,0.1,1714,1,0.463983
3875,0.1,0.0,0.0,0.4,0.0,0.5,1715,1,0.5362939999999999
3875,0.0,0.1,0.0,0.6,0.3,0.0,1716,1,0.446683
3875,0.0,0.0,0.1,0.0,0.4,0.5,1717,1,0.46421599999999996
3875,0.0,0.0,0.0,0.9,0.1,0.0,1718,1,0.435296
3875,0.0,0.3,0.2,0.0,0.1,0.4,1719,1,0.46652200000000005
3875,0.5,0.0,0.3,0.0,0.0,0.2,1720,1,0.514886
3875,0.3,0.2,0.0,0.0,0.1,0.4,1721,1,0.501944
3875,0.1,0.4,0.4,0.0,0.1,0.0,1722,1,0.41595200000000004
3875,0.1,0.0,0.1,0.6,0.2,0.0,1723,1,0.442406
3875,0.0,0.4,0.0,0.4,0.1,0.1,1724,1,0.45427700000000004
3875,0.0,0.4,0.4,0.0,0.1,0.1,1725,1,0.444075
3875,0.0,0.2,0.1,0.0,0.4,0.3,1726,1,0.459203
3875,0.3,0.0,0.5,0.1,0.1,0.0,1727,1,0.463685
3875,0.7,0.0,0.0,0.0,0.2,0.1,1728,1,0.508153
3875,0.0,0.9,0.1,0.0,0.0,0.0,1730,1,0.463174
3875,0.3,0.4,0.0,0.3,0.0,0.0,1731,1,0.510726
3875,0.5,0.0,0.0,0.1,0.1,0.3,1732,1,0.524413
3875,0.0,0.0,0.2,0.5,0.2,0.1,1733,1,0.45241899999999996
3875,0.3,0.0,0.1,0.0,0.6,0.0,1734,1,0.439234
3875,0.0,0.3,0.1,0.5,0.1,0.0,1735,1,0.43786800000000003
3875,0.0,0.5,0.0,0.3,0.0,0.2,1736,1,0.50761
3875,0.0,0.1,0.4,0.3,0.0,0.2,1737,1,0.504746
3875,0.0,0.0,0.5,0.1,0.3,0.1,1738,1,0.487688
3875,0.0,0.0,0.5,0.0,0.5,0.0,1739,1,0.443596
3875,0.1,0.3,0.4,0.2,0.0,0.0,1740,1,0.47352299999999997
3875,0.5,0.0,0.0,0.2,0.1,0.2,1741,1,0.5074029999999999
3875,0.5,0.0,0.3,0.2,0.0,0.0,1742,1,0.540515
3875,0.0,0.0,0.3,0.0,0.4,0.3,1743,1,0.478688
3875,0.1,0.0,0.3,0.6,0.0,0.0,1744,1,0.49759799999999993
3875,0.0,0.4,0.2,0.3,0.0,0.1,1745,1,0.48128999999999994
3875,0.3,0.0,0.3,0.3,0.1,0.0,1746,1,0.477232
3875,0.2,0.5,0.0,0.0,0.3,0.0,1747,1,0.40886
3875,0.3,0.5,0.0,0.2,0.0,0.0,1748,1,0.49040200000000006
3875,0.0,0.7,0.2,0.0,0.0,0.1,1749,1,0.46478800000000003
3875,0.7,0.0,0.1,0.0,0.2,0.0,1750,1,0.47998599999999997
3875,0.4,0.3,0.0,0.2,0.1,0.0,1751,1,0.46578800000000004
3875,0.0,0.0,0.6,0.3,0.1,0.0,1752,1,0.5023270000000001
3875,0.0,0.0,0.3,0.2,0.0,0.5,1753,1,0.539604
3875,0.0,0.1,0.4,0.4,0.0,0.1,1754,1,0.4773
3875,0.1,0.3,0.0,0.5,0.0,0.1,1755,1,0.47442799999999996
3875,0.0,0.7,0.1,0.2,0.0,0.0,1756,1,0.457667
3875,0.0,0.1,0.6,0.1,0.2,0.0,1757,1,0.4575
3875,0.3,0.0,0.0,0.6,0.1,0.0,1758,1,0.499382
3875,0.0,0.3,0.3,0.0,0.4,0.0,1759,1,0.44167399999999996
3875,0.0,0.3,0.1,0.0,0.6,0.0,1760,1,0.429134
3875,0.0,0.4,0.0,0.0,0.3,0.3,1761,1,0.44961899999999994
3875,0.2,0.1,0.1,0.0,0.0,0.6,1762,1,0.5165
3875,0.0,0.1,0.6,0.0,0.1,0.2,1763,1,0.473268
3875,0.0,0.5,0.1,0.1,0.3,0.0,1764,1,0.447633
3875,0.2,0.5,0.1,0.2,0.0,0.0,1765,1,0.49041999999999997
3875,0.2,0.4,0.0,0.3,0.1,0.0,1766,1,0.455387
3875,0.0,0.2,0.4,0.0,0.0,0.4,1767,1,0.500845
3875,0.1,0.0,0.2,0.0,0.4,0.3,1768,1,0.468728
3875,0.6,0.0,0.2,0.1,0.1,0.0,1769,1,0.49034799999999995
3875,0.5,0.2,0.0,0.2,0.1,0.0,1770,1,0.476796
3875,0.2,0.2,0.0,0.0,0.3,0.3,1771,1,0.452858
3875,0.4,0.2,0.0,0.4,0.0,0.0,1772,1,0.498933
3875,0.0,0.2,0.0,0.2,0.5,0.1,1773,1,0.44440100000000005
3875,0.0,0.6,0.0,0.4,0.0,0.0,1774,1,0.471341
3875,0.0,0.0,0.0,0.3,0.5,0.2,1775,1,0.469121
3875,0.2,0.3,0.2,0.3,0.0,0.0,1776,1,0.49648400000000004
3875,0.0,0.1,0.6,0.0,0.2,0.1,1777,1,0.465057
3875,0.1,0.0,0.0,0.0,0.5,0.4,1778,1,0.465776
3875,0.5,0.0,0.1,0.1,0.0,0.3,1779,1,0.540708
3875,0.0,0.0,0.5,0.0,0.4,0.1,1780,1,0.468017
3875,0.3,0.5,0.0,0.1,0.1,0.0,1781,1,0.451524
3875,0.2,0.2,0.0,0.1,0.5,0.0,1782,1,0.418988
3875,0.4,0.3,0.0,0.0,0.2,0.1,1783,1,0.45448500000000003
3875,0.5,0.0,0.2,0.0,0.3,0.0,1784,1,0.46291499999999997
3875,0.0,0.3,0.0,0.0,0.1,0.6,1785,1,0.48884799999999995
3875,0.0,0.1,0.2,0.6,0.1,0.0,1786,1,0.43534399999999995
3875,0.0,0.2,0.0,0.0,0.4,0.4,1787,1,0.457842
3875,0.1,0.0,0.4,0.0,0.1,0.4,1788,1,0.493943
3875,0.0,0.7,0.1,0.0,0.0,0.2,1789,1,0.485991
3875,0.0,0.0,0.2,0.1,0.6,0.1,1790,1,0.441867
3875,0.0,0.0,0.6,0.0,0.1,0.3,1791,1,0.48458999999999997
3875,0.1,0.0,0.8,0.0,0.1,0.0,1792,1,0.452355
3875,0.2,0.0,0.5,0.0,0.1,0.2,1794,1,0.48414300000000005
3875,0.4,0.2,0.0,0.0,0.1,0.3,1795,1,0.49056400000000006
3875,0.1,0.0,0.2,0.2,0.5,0.0,1796,1,0.449901
3875,0.5,0.0,0.1,0.0,0.2,0.2,1797,1,0.48530200000000007
3875,0.2,0.0,0.1,0.0,0.5,0.2,1798,1,0.453988
3875,0.0,0.1,0.4,0.0,0.1,0.4,1799,1,0.465656
3875,0.2,0.0,0.4,0.0,0.0,0.4,1800,1,0.53079
3875,0.2,0.0,0.3,0.1,0.4,0.0,1801,1,0.44289300000000004
3875,0.2,0.0,0.0,0.0,0.5,0.3,1802,1,0.462538
3875,0.0,0.6,0.0,0.1,0.0,0.3,1803,1,0.488126
3875,0.0,0.0,0.7,0.0,0.2,0.1,1804,1,0.47732399999999997
3875,0.1,0.0,0.0,0.5,0.3,0.1,1805,1,0.486833
3875,0.0,0.3,0.0,0.0,0.4,0.3,1806,1,0.45372399999999996
3875,0.5,0.1,0.0,0.0,0.0,0.4,1807,1,0.504525
3875,0.3,0.4,0.2,0.0,0.0,0.1,1808,1,0.513101
3875,0.0,0.0,0.3,0.2,0.3,0.2,1809,1,0.4834
3875,0.4,0.2,0.3,0.0,0.0,0.1,1810,1,0.518292
3875,0.0,0.3,0.4,0.3,0.0,0.0,1811,1,0.44923
3875,0.5,0.0,0.0,0.2,0.0,0.3,1812,1,0.513691
3875,0.0,0.0,0.4,0.6,0.0,0.0,1813,1,0.467714
3875,0.1,0.3,0.0,0.3,0.0,0.3,1814,1,0.49820299999999995
3875,0.3,0.2,0.1,0.0,0.0,0.4,1815,1,0.512744
3875,0.3,0.0,0.0,0.7,0.0,0.0,1816,1,0.5131319999999999
3875,0.0,0.5,0.2,0.2,0.1,0.0,1817,1,0.428559
3875,0.3,0.4,0.0,0.0,0.3,0.0,1818,1,0.409263
3875,0.2,0.1,0.0,0.4,0.3,0.0,1819,1,0.44228199999999995
3875,0.0,0.3,0.0,0.1,0.4,0.2,1820,1,0.45263400000000004
3875,0.5,0.1,0.4,0.0,0.0,0.0,1821,1,0.5082899999999999
3875,0.0,0.1,0.1,0.2,0.6,0.0,1822,1,0.44145500000000004
3875,0.4,0.3,0.1,0.0,0.0,0.2,1823,1,0.503323
3875,0.0,0.4,0.1,0.4,0.1,0.0,1824,1,0.43617100000000003
3875,0.2,0.0,0.0,0.3,0.3,0.2,1825,1,0.45972700000000005
3875,0.1,0.6,0.0,0.3,0.0,0.0,1826,1,0.477889
3875,0.0,0.5,0.1,0.3,0.0,0.1,1827,1,0.47834099999999996
3875,0.0,0.0,0.3,0.3,0.3,0.1,1828,1,0.477138
3875,0.0,0.2,0.2,0.5,0.0,0.1,1829,1,0.481679
3875,0.1,0.1,0.1,0.0,0.7,0.0,1830,1,0.42924700000000005
3875,0.6,0.0,0.0,0.0,0.1,0.3,1831,1,0.49603800000000003
3875,0.0,0.8,0.0,0.0,0.1,0.1,1832,1,0.444841
3875,0.2,0.1,0.0,0.0,0.1,0.6,1833,1,0.495283
3875,0.2,0.0,0.1,0.6,0.0,0.1,1834,1,0.526059
3875,0.3,0.1,0.0,0.0,0.6,0.0,1835,1,0.43250900000000003
3875,0.0,0.0,0.1,0.8,0.1,0.0,1836,1,0.399518
3875,0.2,0.7,0.0,0.0,0.0,0.1,1837,1,0.485597
3875,0.4,0.0,0.0,0.0,0.0,0.6,1838,1,0.509728
3875,0.2,0.0,0.1,0.2,0.5,0.0,1839,1,0.44142700000000007
3875,0.2,0.1,0.3,0.4,0.0,0.0,1840,1,0.504311
3875,0.0,0.1,0.3,0.0,0.4,0.2,1841,1,0.47589899999999996
3875,0.2,0.0,0.1,0.0,0.7,0.0,1842,1,0.44178100000000003
3875,0.9,0.0,0.1,0.0,0.0,0.0,1843,1,0.521522
3875,0.6,0.0,0.1,0.2,0.0,0.1,1844,1,0.582627
3875,0.1,0.0,0.1,0.2,0.6,0.0,1845,1,0.448654
3875,0.0,0.0,0.3,0.0,0.0,0.7,1846,1,0.5021939999999999
3875,0.3,0.0,0.2,0.0,0.4,0.1,1847,1,0.464757
3875,0.0,0.0,0.2,0.1,0.4,0.3,1848,1,0.47686300000000004
3875,0.1,0.0,0.5,0.4,0.0,0.0,1849,1,0.502933
3875,0.2,0.0,0.3,0.0,0.2,0.3,1850,1,0.48248199999999997
3875,0.3,0.3,0.0,0.1,0.0,0.3,1851,1,0.51794
3875,0.5,0.2,0.1,0.0,0.2,0.0,1852,1,0.456053
3875,0.1,0.0,0.1,0.0,0.2,0.6,1853,1,0.486087
3875,0.3,0.1,0.5,0.1,0.0,0.0,1854,1,0.510093
3875,0.1,0.0,0.2,0.1,0.6,0.0,1855,1,0.450549
3875,0.2,0.1,0.5,0.0,0.2,0.0,1856,1,0.42338000000000003
3875,0.0,0.0,0.1,0.4,0.5,0.0,1858,1,0.43968900000000005
3875,0.1,0.9,0.0,0.0,0.0,0.0,1859,1,0.480083
3875,0.0,0.0,0.5,0.1,0.0,0.4,1860,1,0.5463100000000001
3875,0.3,0.0,0.1,0.0,0.2,0.4,1861,1,0.497526
3875,0.0,0.0,0.0,0.3,0.3,0.4,1862,1,0.45083199999999995
3875,0.1,0.6,0.0,0.1,0.2,0.0,1863,1,0.409385
3875,0.1,0.0,0.2,0.0,0.5,0.2,1864,1,0.459452
3875,0.1,0.2,0.0,0.5,0.2,0.0,1865,1,0.44340100000000005
3875,0.0,0.0,0.2,0.2,0.5,0.1,1866,1,0.443959
3875,0.1,0.0,0.0,0.3,0.3,0.3,1867,1,0.45959700000000003
3875,0.0,0.1,0.2,0.5,0.0,0.2,1868,1,0.49600500000000003
3875,0.2,0.1,0.0,0.2,0.0,0.5,1869,1,0.520401
3875,0.2,0.0,0.1,0.1,0.6,0.0,1870,1,0.435866
3875,0.0,0.2,0.0,0.4,0.4,0.0,1871,1,0.43332200000000004
3875,0.1,0.0,0.8,0.0,0.0,0.1,1872,1,0.5245380000000001
3875,0.0,0.1,0.0,0.5,0.1,0.3,1873,1,0.47664700000000004
3875,0.0,0.0,0.1,0.6,0.1,0.2,1874,1,0.472811
3875,0.0,0.0,0.1,0.0,0.6,0.3,1875,1,0.469788
3875,0.5,0.2,0.0,0.0,0.3,0.0,1876,1,0.436996
3875,0.0,0.1,0.3,0.0,0.3,0.3,1877,1,0.47353199999999995
3875,0.4,0.3,0.2,0.0,0.1,0.0,1878,1,0.447953
3875,0.0,0.1,0.0,0.5,0.4,0.0,1879,1,0.443327
3875,0.3,0.4,0.1,0.0,0.2,0.0,1880,1,0.428802
3875,0.0,0.1,0.4,0.2,0.0,0.3,1881,1,0.5040600000000001
3875,0.3,0.1,0.0,0.0,0.3,0.3,1882,1,0.468837
3875,0.2,0.1,0.0,0.3,0.0,0.4,1883,1,0.511472
3875,0.0,0.1,0.3,0.0,0.0,0.6,1884,1,0.49766000000000005
3875,0.0,0.0,0.1,0.7,0.0,0.2,1885,1,0.49841899999999995
3875,0.6,0.2,0.1,0.0,0.0,0.1,1886,1,0.526374
3875,0.0,0.1,0.0,0.7,0.1,0.1,1887,1,0.47815
3875,0.5,0.0,0.1,0.0,0.3,0.1,1888,1,0.470897
3875,0.4,0.1,0.0,0.5,0.0,0.0,1889,1,0.510285
3875,0.0,0.5,0.0,0.0,0.5,0.0,1890,1,0.45741899999999996
3875,0.0,0.4,0.5,0.0,0.0,0.1,1891,1,0.450546
3875,0.0,0.1,0.5,0.1,0.0,0.3,1892,1,0.49959
3875,0.1,0.0,0.0,0.6,0.0,0.3,1893,1,0.515493
3875,0.3,0.2,0.2,0.3,0.0,0.0,1894,1,0.518937
3875,0.0,0.4,0.4,0.2,0.0,0.0,1895,1,0.440328
3875,0.0,0.0,0.4,0.4,0.0,0.2,1896,1,0.467224
3875,0.0,0.4,0.4,0.1,0.0,0.1,1897,1,0.451741
3875,0.0,0.0,0.4,0.1,0.3,0.2,1898,1,0.483217
3875,0.9,0.0,0.0,0.0,0.1,0.0,1899,1,0.535956
3875,0.5,0.1,0.0,0.0,0.4,0.0,1900,1,0.441633
3875,0.0,0.2,0.3,0.0,0.4,0.1,1901,1,0.453391
3875,0.2,0.3,0.1,0.0,0.4,0.0,1902,1,0.418671
3875,0.3,0.0,0.0,0.0,0.0,0.7,1903,1,0.522782
3875,0.6,0.0,0.0,0.1,0.2,0.1,1904,1,0.494054
3875,0.7,0.0,0.1,0.1,0.0,0.1,1905,1,0.542585
3875,0.6,0.0,0.1,0.1,0.2,0.0,1906,1,0.479642
3875,0.0,0.1,0.3,0.4,0.2,0.0,1907,1,0.45637700000000003
3875,0.0,0.2,0.0,0.5,0.0,0.3,1908,1,0.513766
3875,0.0,0.2,0.2,0.0,0.5,0.1,1909,1,0.44313199999999997
3875,0.1,0.2,0.0,0.0,0.4,0.3,1910,1,0.445305
3875,0.0,0.0,0.6,0.1,0.3,0.0,1911,1,0.476929
3875,0.4,0.5,0.0,0.1,0.0,0.0,1912,1,0.5001369999999999
3875,0.0,0.3,0.3,0.2,0.0,0.2,1913,1,0.493781
3875,0.0,0.1,0.2,0.6,0.0,0.1,1914,1,0.481496
3875,0.1,0.0,0.0,0.1,0.4,0.4,1915,1,0.469934
3875,0.0,0.0,0.0,0.1,0.9,0.0,1916,1,0.463732
3875,0.4,0.1,0.0,0.0,0.2,0.3,1917,1,0.48655200000000004
3875,0.2,0.0,0.2,0.1,0.5,0.0,1918,1,0.439456
3875,0.3,0.1,0.0,0.5,0.0,0.1,1919,1,0.515655
3875,0.0,0.1,0.7,0.0,0.1,0.1,1920,1,0.46374399999999993
3875,0.0,0.1,0.2,0.3,0.4,0.0,1922,1,0.447567
3875,0.2,0.0,0.0,0.5,0.3,0.0,1923,1,0.473555
3875,0.0,0.0,0.4,0.3,0.0,0.3,1924,1,0.5247109999999999
3875,0.3,0.0,0.2,0.3,0.0,0.2,1925,1,0.565177
3875,0.2,0.3,0.0,0.2,0.3,0.0,1926,1,0.404835
3875,0.0,0.4,0.1,0.0,0.5,0.0,1927,1,0.44284700000000005
3875,0.2,0.2,0.0,0.5,0.1,0.0,1928,1,0.445062
3875,0.3,0.5,0.0,0.0,0.1,0.1,1929,1,0.454995
3875,0.6,0.1,0.0,0.2,0.0,0.1,1930,1,0.5310560000000001
3875,0.4,0.1,0.0,0.0,0.4,0.1,1931,1,0.450985
3875,0.0,0.2,0.1,0.3,0.4,0.0,1932,1,0.433353
3875,0.9,0.0,0.0,0.0,0.0,0.1,1933,1,0.5141319999999999
3875,0.4,0.0,0.0,0.3,0.2,0.1,1934,1,0.487105
3875,0.1,0.0,0.4,0.1,0.0,0.4,1935,1,0.541852
3875,0.4,0.0,0.1,0.2,0.3,0.0,1936,1,0.447453
3875,0.2,0.5,0.0,0.3,0.0,0.0,1937,1,0.496675
3875,0.3,0.0,0.2,0.0,0.1,0.4,1938,1,0.48723500000000003
3875,0.1,0.2,0.4,0.3,0.0,0.0,1939,1,0.480684
3875,0.3,0.1,0.5,0.0,0.0,0.1,1940,1,0.518933
3875,0.2,0.1,0.7,0.0,0.0,0.0,1941,1,0.486789
3875,0.0,0.1,0.0,0.3,0.4,0.2,1942,1,0.44687899999999997
3875,0.1,0.1,0.0,0.0,0.1,0.7,1943,1,0.481846
3875,0.7,0.0,0.0,0.0,0.3,0.0,1944,1,0.48586899999999994
3875,0.6,0.1,0.0,0.1,0.2,0.0,1945,1,0.469053
3875,0.0,0.2,0.5,0.3,0.0,0.0,1946,1,0.45121300000000003
3875,0.0,0.2,0.3,0.0,0.5,0.0,1947,1,0.41973299999999997
3875,0.1,0.4,0.3,0.0,0.0,0.2,1948,1,0.488642
3875,0.0,0.5,0.1,0.0,0.2,0.2,1949,1,0.45267700000000005
3875,0.0,0.0,0.1,0.3,0.4,0.2,1950,1,0.46291899999999997
3875,0.1,0.0,0.6,0.1,0.0,0.2,1951,1,0.516913
3875,0.0,0.3,0.3,0.3,0.1,0.0,1952,1,0.433312
3875,0.2,0.3,0.0,0.0,0.4,0.1,1953,1,0.425629
3875,0.0,0.0,0.1,0.1,0.6,0.2,1954,1,0.449862
3875,0.3,0.1,0.0,0.0,0.5,0.1,1955,1,0.440442
3875,0.0,0.1,0.0,0.0,0.9,0.0,1956,1,0.442949
3875,0.5,0.0,0.3,0.1,0.0,0.1,1957,1,0.533816
3875,0.1,0.0,0.0,0.1,0.0,0.8,1958,1,0.579455
3875,0.0,0.2,0.6,0.0,0.1,0.1,1959,1,0.45790699999999995
3875,0.1,0.5,0.0,0.0,0.4,0.0,1960,1,0.42780100000000004
3875,0.1,0.3,0.0,0.2,0.4,0.0,1961,1,0.41522700000000007
3875,0.0,0.0,0.5,0.1,0.1,0.3,1962,1,0.47633400000000004
3875,0.6,0.0,0.0,0.3,0.0,0.1,1963,1,0.520237
3875,0.1,0.0,0.0,0.5,0.0,0.4,1964,1,0.547038
3875,0.7,0.1,0.1,0.1,0.0,0.0,1965,1,0.5347350000000001
3875,0.1,0.0,0.0,0.0,0.6,0.3,1966,1,0.468621
3875,0.1,0.0,0.1,0.1,0.7,0.0,1967,1,0.447186
3875,0.0,0.1,0.0,0.1,0.5,0.3,1968,1,0.453309
3875,0.2,0.0,0.4,0.0,0.3,0.1,1969,1,0.458492
3875,0.3,0.2,0.3,0.0,0.0,0.2,1970,1,0.530126
3875,0.7,0.1,0.1,0.0,0.1,0.0,1971,1,0.49897299999999994
3875,0.0,0.1,0.2,0.1,0.0,0.6,1972,1,0.5198520000000001
3875,0.3,0.0,0.5,0.0,0.2,0.0,1973,1,0.44879600000000003
3875,0.5,0.1,0.0,0.3,0.0,0.1,1974,1,0.532626
3875,0.4,0.1,0.1,0.0,0.4,0.0,1975,1,0.43794099999999997
3875,0.0,0.5,0.0,0.1,0.0,0.4,1976,1,0.5054649999999999
3875,0.3,0.0,0.2,0.0,0.2,0.3,1977,1,0.47629799999999994
3875,0.1,0.0,0.2,0.3,0.0,0.4,1978,1,0.541154
3875,0.1,0.5,0.4,0.0,0.0,0.0,1979,1,0.49259
3875,0.3,0.0,0.4,0.0,0.1,0.2,1980,1,0.496001
3875,0.0,0.0,0.1,0.0,0.9,0.0,1981,1,0.46659799999999996
3875,0.0,0.1,0.9,0.0,0.0,0.0,1982,1,0.48227
3875,0.0,0.0,0.1,0.5,0.1,0.3,1983,1,0.481746
3875,0.7,0.0,0.1,0.0,0.0,0.2,1984,1,0.551723
3875,0.0,0.1,0.3,0.3,0.3,0.0,1986,1,0.456682
3875,0.2,0.2,0.3,0.3,0.0,0.0,1987,1,0.515235
3875,0.3,0.0,0.2,0.4,0.1,0.0,1988,1,0.48949
3875,0.2,0.0,0.2,0.3,0.0,0.3,1989,1,0.54037
3875,0.2,0.1,0.0,0.0,0.6,0.1,1990,1,0.43268500000000004
3875,0.1,0.4,0.0,0.0,0.5,0.0,1991,1,0.434946
3875,0.4,0.4,0.1,0.0,0.1,0.0,1992,1,0.44394799999999995
3875,0.0,0.2,0.6,0.1,0.0,0.1,1993,1,0.466771
3875,0.6,0.0,0.2,0.0,0.1,0.1,1994,1,0.499233
3875,0.1,0.0,0.0,0.0,0.4,0.5,1995,1,0.46874799999999994
3875,0.1,0.0,0.0,0.2,0.2,0.5,1996,1,0.48616800000000004
3875,0.0,0.1,0.1,0.7,0.1,0.0,1997,1,0.435267
3875,0.1,0.2,0.0,0.4,0.0,0.3,1998,1,0.500441
3875,0.8,0.1,0.0,0.0,0.0,0.1,1999,1,0.5346310000000001
3875,0.0,0.2,0.4,0.0,0.4,0.0,2000,1,0.425702
3875,0.1,0.3,0.0,0.0,0.0,0.6,2001,1,0.507171
3875,0.2,0.3,0.3,0.0,0.2,0.0,2002,1,0.413138
3875,0.5,0.0,0.3,0.1,0.1,0.0,2003,1,0.477649
3875,0.1,0.0,0.0,0.0,0.7,0.2,2004,1,0.46872700000000006
3875,0.6,0.0,0.1,0.0,0.1,0.2,2005,1,0.515983
3875,0.0,0.0,0.4,0.1,0.4,0.1,2006,1,0.46711499999999995
3875,0.0,0.2,0.0,0.4,0.3,0.1,2007,1,0.447539
3875,0.5,0.0,0.0,0.1,0.0,0.4,2008,1,0.518814
3875,0.1,0.0,0.0,0.6,0.2,0.1,2009,1,0.487104
3875,0.0,0.0,0.1,0.5,0.4,0.0,2010,1,0.44218100000000005
3875,0.1,0.0,0.2,0.0,0.7,0.0,2011,1,0.44512700000000005
3875,0.1,0.4,0.0,0.5,0.0,0.0,2012,1,0.484746
3875,0.0,0.4,0.2,0.1,0.3,0.0,2013,1,0.44657399999999997
3875,0.0,0.1,0.5,0.3,0.0,0.1,2014,1,0.481066
3875,0.1,0.2,0.0,0.2,0.0,0.5,2015,1,0.5193300000000001
3875,0.2,0.2,0.0,0.3,0.3,0.0,2016,1,0.420205
3875,0.2,0.0,0.3,0.0,0.0,0.5,2017,1,0.5312819999999999
3875,0.6,0.0,0.0,0.0,0.4,0.0,2018,1,0.47326899999999994
3875,0.0,0.5,0.2,0.0,0.3,0.0,2019,1,0.46499399999999996
3875,0.0,0.3,0.0,0.5,0.2,0.0,2020,1,0.42333999999999994
3875,0.4,0.0,0.4,0.1,0.0,0.1,2021,1,0.528312
3875,0.3,0.0,0.0,0.3,0.0,0.4,2022,1,0.5604600000000001
3875,0.1,0.1,0.7,0.0,0.0,0.1,2023,1,0.506124
3875,0.0,0.2,0.5,0.0,0.2,0.1,2024,1,0.45788900000000005
3875,0.0,0.5,0.0,0.3,0.2,0.0,2025,1,0.41795200000000005
3875,0.5,0.0,0.2,0.2,0.1,0.0,2026,1,0.494835
3875,0.0,0.4,0.0,0.2,0.3,0.1,2027,1,0.425433
3875,0.0,0.2,0.3,0.2,0.0,0.3,2028,1,0.5071399999999999
3875,0.4,0.0,0.3,0.0,0.3,0.0,2029,1,0.454269
3875,0.1,0.0,0.2,0.0,0.0,0.7,2030,1,0.5371779999999999
3875,0.4,0.1,0.5,0.0,0.0,0.0,2031,1,0.541966
3875,0.0,0.7,0.0,0.3,0.0,0.0,2032,1,0.474292
3875,0.1,0.5,0.3,0.0,0.0,0.1,2033,1,0.48213999999999996
3875,0.4,0.0,0.0,0.0,0.2,0.4,2034,1,0.506468
3875,0.3,0.0,0.2,0.3,0.2,0.0,2035,1,0.459453
3875,0.0,0.4,0.0,0.0,0.6,0.0,2036,1,0.445142
3875,0.4,0.1,0.0,0.2,0.0,0.3,2037,1,0.5229600000000001
3875,0.3,0.2,0.0,0.3,0.0,0.2,2038,1,0.534809
3875,0.0,0.4,0.0,0.3,0.0,0.3,2039,1,0.508554
3875,0.0,0.0,0.6,0.2,0.1,0.1,2040,1,0.49356300000000003
3875,0.1,0.2,0.3,0.0,0.4,0.0,2041,1,0.429015
3875,0.2,0.3,0.4,0.0,0.0,0.1,2042,1,0.49813199999999996
3875,0.1,0.5,0.0,0.3,0.0,0.1,2043,1,0.497146
3875,0.1,0.0,0.3,0.4,0.0,0.2,2044,1,0.523863
3875,0.8,0.0,0.1,0.0,0.1,0.0,2045,1,0.536741
3875,0.0,0.1,0.0,0.0,0.2,0.7,2046,1,0.482469
3875,0.1,0.0,0.0,0.3,0.4,0.2,2047,1,0.469308
3875,0.0,0.1,0.4,0.1,0.0,0.4,2048,1,0.5012949999999999
3875,0.0,0.4,0.0,0.1,0.0,0.5,2050,1,0.518317
3875,0.1,0.0,0.4,0.3,0.2,0.0,2051,1,0.457866
3875,0.0,0.1,0.2,0.4,0.0,0.3,2052,1,0.520764
3875,0.0,0.0,0.3,0.1,0.2,0.4,2053,1,0.47608500000000004
3875,0.1,0.6,0.1,0.2,0.0,0.0,2054,1,0.487254
3875,0.0,0.2,0.0,0.3,0.1,0.4,2055,1,0.475919
3875,0.0,0.0,0.1,0.0,0.7,0.2,2056,1,0.450155
3875,0.0,0.0,0.0,0.6,0.3,0.1,2057,1,0.46028
3875,0.0,0.7,0.2,0.0,0.1,0.0,2058,1,0.44134700000000004
3875,0.1,0.0,0.6,0.1,0.2,0.0,2059,1,0.465703
3875,0.3,0.2,0.0,0.2,0.3,0.0,2060,1,0.430147
3875,0.2,0.2,0.0,0.0,0.5,0.1,2061,1,0.43085500000000004
3875,0.0,0.7,0.0,0.1,0.0,0.2,2062,1,0.48408999999999996
3875,0.0,0.0,0.2,0.2,0.1,0.5,2063,1,0.48802299999999993
3875,0.0,0.4,0.3,0.0,0.2,0.1,2064,1,0.44892
3875,0.1,0.2,0.5,0.0,0.2,0.0,2065,1,0.42820699999999995
3875,0.0,0.4,0.3,0.2,0.1,0.0,2066,1,0.425252
3875,0.3,0.0,0.2,0.0,0.0,0.5,2067,1,0.532501
3875,0.2,0.0,0.3,0.5,0.0,0.0,2068,1,0.522596
3875,0.1,0.0,0.0,0.7,0.1,0.1,2069,1,0.5029100000000001
3875,0.0,0.0,0.1,0.1,0.7,0.1,2070,1,0.43587200000000004
3875,0.0,0.2,0.4,0.0,0.3,0.1,2071,1,0.45588199999999995
3875,0.0,0.3,0.3,0.0,0.3,0.1,2072,1,0.453759
3875,0.0,0.6,0.0,0.0,0.3,0.1,2073,1,0.43870600000000004
3875,0.0,0.4,0.0,0.4,0.0,0.2,2074,1,0.47779399999999994
3875,0.4,0.0,0.1,0.3,0.0,0.2,2075,1,0.530982
3875,0.0,0.5,0.2,0.1,0.2,0.0,2076,1,0.43884799999999996
3875,0.0,0.0,0.0,0.0,0.4,0.6,2077,1,0.467865
3875,0.0,0.0,0.0,0.1,0.3,0.6,2078,1,0.47807
3875,0.0,0.3,0.4,0.2,0.0,0.1,2079,1,0.46790299999999996
3875,0.5,0.1,0.0,0.1,0.0,0.3,2080,1,0.508423
3875,0.0,0.0,0.3,0.3,0.4,0.0,2081,1,0.476034
3875,0.6,0.0,0.0,0.0,0.0,0.4,2082,1,0.513828
3875,0.0,0.1,0.0,0.7,0.2,0.0,2083,1,0.446521
3875,0.0,0.1,0.0,0.1,0.3,0.5,2084,1,0.45337700000000003
3875,0.1,0.1,0.0,0.7,0.1,0.0,2085,1,0.475379
3875,0.2,0.0,0.1,0.0,0.2,0.5,2086,1,0.495033
3875,0.1,0.3,0.0,0.6,0.0,0.0,2087,1,0.48472
3875,0.0,0.0,0.5,0.5,0.0,0.0,2088,1,0.487469
3875,0.1,0.3,0.1,0.5,0.0,0.0,2089,1,0.486966
3875,0.0,0.3,0.2,0.4,0.1,0.0,2090,1,0.43746599999999997
3875,0.0,0.1,0.1,0.0,0.0,0.8,2091,1,0.489146
3875,0.3,0.5,0.1,0.1,0.0,0.0,2092,1,0.496521
3875,0.1,0.0,0.3,0.4,0.2,0.0,2093,1,0.453194
3875,0.2,0.0,0.0,0.1,0.4,0.3,2094,1,0.462422
3875,0.1,0.0,0.0,0.4,0.5,0.0,2095,1,0.481681
3875,0.0,0.0,0.0,0.6,0.4,0.0,2096,1,0.451341
3875,0.1,0.0,0.4,0.3,0.0,0.2,2097,1,0.513289
3875,0.0,0.2,0.0,0.2,0.3,0.3,2098,1,0.44788900000000004
3875,0.3,0.1,0.0,0.3,0.0,0.3,2099,1,0.502509
3875,0.0,0.0,0.0,0.3,0.0,0.7,2100,1,0.528594
3875,0.3,0.1,0.1,0.0,0.0,0.5,2101,1,0.543242
3875,0.4,0.5,0.1,0.0,0.0,0.0,2102,1,0.511688
3875,0.0,0.2,0.0,0.1,0.5,0.2,2103,1,0.455859
3875,0.0,0.1,0.0,0.0,0.6,0.3,2104,1,0.45395399999999997
3875,0.0,0.2,0.5,0.2,0.1,0.0,2105,1,0.447321
3875,0.2,0.0,0.4,0.1,0.3,0.0,2106,1,0.447662
3875,0.1,0.1,0.0,0.6,0.2,0.0,2107,1,0.463104
3875,0.0,0.0,0.5,0.2,0.3,0.0,2108,1,0.485753
3875,0.0,0.1,0.0,0.3,0.6,0.0,2109,1,0.44542200000000004
3875,0.6,0.2,0.0,0.1,0.0,0.1,2110,1,0.497413
3875,0.0,0.5,0.2,0.1,0.0,0.2,2111,1,0.49776899999999996
3875,0.0,0.0,0.4,0.1,0.2,0.3,2112,1,0.47718900000000003
3875,0.3,0.3,0.3,0.0,0.0,0.1,2135,1,0.531475
3875,0.0,0.0,0.1,0.0,0.8,0.1,2136,1,0.45992
3875,0.4,0.0,0.0,0.0,0.1,0.5,2137,1,0.528864
3875,0.0,0.0,0.1,0.0,0.1,0.8,2138,1,0.531262
3875,0.3,0.0,0.2,0.1,0.0,0.4,2139,1,0.574099
3875,0.0,0.1,0.7,0.0,0.2,0.0,2140,1,0.43888
3875,0.4,0.1,0.0,0.0,0.1,0.4,2141,1,0.5160359999999999
3875,0.0,0.0,0.4,0.2,0.0,0.4,2142,1,0.551736
3875,0.5,0.3,0.0,0.1,0.1,0.0,2143,1,0.477642
3875,0.0,0.2,0.1,0.2,0.5,0.0,2144,1,0.448859
3875,0.0,0.6,0.1,0.0,0.3,0.0,2145,1,0.45892200000000005
3875,0.0,0.0,0.3,0.6,0.1,0.0,2146,1,0.454691
3875,0.2,0.5,0.0,0.1,0.0,0.2,2147,1,0.500771
3875,0.1,0.1,0.1,0.7,0.0,0.0,2148,1,0.501464
3875,0.4,0.1,0.0,0.2,0.3,0.0,2149,1,0.449354
3875,0.2,0.1,0.0,0.5,0.2,0.0,2150,1,0.45894399999999996
3875,0.0,0.1,0.0,0.0,0.3,0.6,2151,1,0.475221
3875,0.0,0.4,0.0,0.0,0.2,0.4,2152,1,0.465204
3875,0.0,0.8,0.0,0.1,0.0,0.1,2153,1,0.4882
3875,0.0,0.2,0.2,0.0,0.3,0.3,2154,1,0.48137399999999997
3875,0.0,0.0,0.1,0.2,0.7,0.0,2155,1,0.426774
3875,0.0,0.2,0.1,0.0,0.7,0.0,2156,1,0.430612
3875,0.3,0.1,0.0,0.4,0.0,0.2,2157,1,0.523722
3875,0.3,0.0,0.2,0.2,0.3,0.0,2158,1,0.449561
3875,0.0,0.0,0.3,0.5,0.0,0.2,2159,1,0.524887
3875,0.3,0.2,0.0,0.0,0.3,0.2,2160,1,0.461712
3875,0.0,0.0,0.2,0.1,0.2,0.5,2161,1,0.48845
3875,0.5,0.0,0.2,0.1,0.2,0.0,2162,1,0.47732700000000006
3875,0.3,0.0,0.0,0.0,0.6,0.1,2163,1,0.468318
3875,0.1,0.1,0.0,0.0,0.8,0.0,2164,1,0.44736099999999995
3875,0.0,0.0,0.1,0.3,0.3,0.3,2165,1,0.45267700000000005
3875,0.0,0.4,0.2,0.0,0.0,0.4,2166,1,0.5062180000000001
3875,0.3,0.2,0.3,0.0,0.2,0.0,2167,1,0.42837200000000003
3875,0.0,0.0,0.0,0.2,0.4,0.4,2168,1,0.45373100000000005
3875,0.0,0.1,0.2,0.3,0.0,0.4,2169,1,0.524672
3875,0.1,0.2,0.3,0.0,0.0,0.4,2170,1,0.52928
3875,0.3,0.1,0.0,0.4,0.2,0.0,2171,1,0.45360100000000003
3875,0.4,0.2,0.0,0.3,0.1,0.0,2172,1,0.468525
3875,0.0,0.5,0.1,0.0,0.1,0.3,2173,1,0.47022299999999995
3875,0.7,0.1,0.0,0.0,0.2,0.0,2174,1,0.478965
3875,0.4,0.0,0.3,0.3,0.0,0.0,2175,1,0.569437
3875,0.0,0.0,0.0,0.1,0.7,0.2,2176,1,0.472772
3860,0.1,0.2,0.0,0.0,0.6,0.1,2,1,0.408761
3860,0.0,0.3,0.0,0.2,0.5,0.0,3,1,0.416087
3860,0.2,0.0,0.1,0.0,0.4,0.3,4,1,0.461742
3860,0.1,0.0,0.4,0.1,0.4,0.0,5,1,0.475109
3860,0.2,0.1,0.2,0.0,0.0,0.5,6,1,0.594522
3860,0.0,0.1,0.1,0.6,0.0,0.2,7,1,0.5417609999999999
3860,0.4,0.0,0.3,0.1,0.2,0.0,8,1,0.45437299999999997
3860,0.0,0.0,0.7,0.1,0.1,0.1,9,1,0.506097
3860,0.2,0.1,0.0,0.1,0.0,0.6,10,1,0.553537
3860,0.4,0.0,0.3,0.0,0.2,0.1,11,1,0.475121
3860,0.0,0.6,0.0,0.3,0.0,0.1,12,1,0.499461
3860,0.3,0.4,0.0,0.0,0.1,0.2,13,1,0.440917
3860,0.1,0.3,0.4,0.0,0.2,0.0,14,1,0.430871
3860,0.1,0.1,0.0,0.5,0.0,0.3,15,1,0.513727
3860,0.0,0.0,0.1,0.7,0.2,0.0,16,1,0.408453
3860,0.1,0.6,0.0,0.0,0.2,0.1,17,1,0.43387700000000007
3860,0.0,0.3,0.1,0.2,0.4,0.0,18,1,0.43517100000000003
3860,0.2,0.0,0.6,0.0,0.1,0.1,19,1,0.468413
3860,0.4,0.2,0.0,0.0,0.2,0.2,20,1,0.437472
3860,0.4,0.2,0.0,0.2,0.2,0.0,21,1,0.44637200000000005
3860,0.2,0.8,0.0,0.0,0.0,0.0,22,1,0.47193500000000005
3860,0.2,0.0,0.2,0.6,0.0,0.0,23,1,0.5370060000000001
3860,0.0,0.2,0.2,0.2,0.0,0.4,24,1,0.5656680000000001
3860,0.0,0.0,0.2,0.2,0.4,0.2,25,1,0.46571999999999997
3860,0.0,0.0,0.0,0.2,0.8,0.0,26,1,0.45470600000000005
3860,0.2,0.6,0.0,0.0,0.2,0.0,27,1,0.41219700000000004
3860,0.0,0.0,0.0,0.2,0.6,0.2,28,1,0.44298999999999994
3860,0.0,0.2,0.2,0.0,0.6,0.0,29,1,0.41994799999999993
3860,1.0,0.0,0.0,0.0,0.0,0.0,30,1,0.608378
3860,0.2,0.2,0.0,0.0,0.4,0.2,31,1,0.42528999999999995
3860,0.0,0.0,0.4,0.2,0.2,0.2,32,1,0.47753500000000004
3860,0.0,0.6,0.0,0.2,0.2,0.0,33,1,0.41514700000000004
3860,0.0,0.2,0.0,0.6,0.2,0.0,34,1,0.439562
3860,0.2,0.0,0.0,0.8,0.0,0.0,35,1,0.523924
3860,0.2,0.4,0.0,0.0,0.2,0.2,36,1,0.43384399999999995
3860,0.0,0.0,0.2,0.6,0.0,0.2,37,1,0.5616399999999999
3860,0.4,0.2,0.2,0.2,0.0,0.0,38,1,0.5240819999999999
3860,0.2,0.4,0.0,0.2,0.2,0.0,39,1,0.42391899999999993
3860,0.8,0.0,0.0,0.2,0.0,0.0,40,1,0.597116
3860,0.0,0.0,0.8,0.0,0.2,0.0,41,1,0.467212
3860,0.0,0.2,0.4,0.0,0.2,0.2,42,1,0.482241
3860,0.0,0.2,0.2,0.6,0.0,0.0,43,1,0.449155
3860,0.0,0.2,0.0,0.8,0.0,0.0,44,1,0.461863
3860,0.0,0.2,0.0,0.0,0.6,0.2,45,1,0.45345
3860,0.0,0.0,0.0,0.5,0.1,0.4,46,1,0.50817
3860,0.3,0.1,0.6,0.0,0.0,0.0,47,1,0.621884
3860,0.1,0.1,0.4,0.4,0.0,0.0,48,1,0.490856
3860,0.4,0.1,0.0,0.0,0.5,0.0,49,1,0.419563
3860,0.0,0.0,0.1,0.5,0.3,0.1,50,1,0.46790299999999996
3860,0.1,0.0,0.0,0.7,0.0,0.2,51,1,0.573617
3860,0.2,0.4,0.1,0.3,0.0,0.0,52,1,0.502003
3860,0.0,0.1,0.1,0.6,0.2,0.0,53,1,0.41221199999999997
3860,0.3,0.3,0.0,0.0,0.3,0.1,54,1,0.4197
3860,0.0,0.4,0.0,0.1,0.1,0.4,55,1,0.518246
3860,0.2,0.2,0.0,0.0,0.1,0.5,56,1,0.461416
3860,0.4,0.4,0.0,0.0,0.1,0.1,57,1,0.44752600000000003
3860,0.0,0.3,0.0,0.0,0.0,0.7,58,1,0.561983
3860,0.2,0.0,0.1,0.0,0.1,0.6,59,1,0.512572
3860,0.3,0.3,0.0,0.0,0.4,0.0,60,1,0.405606
3860,0.0,0.2,0.3,0.4,0.0,0.1,61,1,0.5105109999999999
3860,0.1,0.4,0.0,0.2,0.3,0.0,62,1,0.40776100000000004
3860,0.5,0.0,0.0,0.4,0.0,0.1,63,1,0.62662
3860,0.1,0.0,0.0,0.4,0.1,0.4,64,1,0.532514
3860,0.1,0.3,0.0,0.0,0.5,0.1,66,1,0.40497
3860,0.6,0.1,0.0,0.2,0.1,0.0,67,1,0.47306899999999996
3860,0.0,0.3,0.0,0.6,0.0,0.1,68,1,0.511771
3860,0.4,0.1,0.0,0.4,0.0,0.1,69,1,0.544451
3860,0.6,0.0,0.0,0.3,0.1,0.0,70,1,0.5167
3860,0.3,0.5,0.0,0.1,0.0,0.1,71,1,0.493496
3860,0.4,0.2,0.0,0.0,0.4,0.0,72,1,0.41306499999999996
3860,0.5,0.1,0.0,0.1,0.3,0.0,73,1,0.43027200000000004
3860,0.1,0.1,0.5,0.0,0.3,0.0,74,1,0.42971899999999996
3860,0.0,0.2,0.0,0.6,0.1,0.1,75,1,0.48622200000000004
3860,0.1,0.2,0.0,0.0,0.7,0.0,76,1,0.442471
3860,0.5,0.2,0.1,0.2,0.0,0.0,77,1,0.524575
3860,0.1,0.0,0.6,0.0,0.1,0.2,78,1,0.484872
3860,0.2,0.1,0.1,0.6,0.0,0.0,79,1,0.499903
3860,0.0,0.7,0.0,0.1,0.1,0.1,80,1,0.450337
3860,0.0,0.0,0.1,0.2,0.4,0.3,81,1,0.44680299999999995
3860,0.1,0.1,0.0,0.0,0.2,0.6,82,1,0.44788
3860,0.3,0.1,0.0,0.0,0.4,0.2,83,1,0.427238
3860,0.8,0.0,0.0,0.0,0.2,0.0,84,1,0.49972799999999995
3860,0.2,0.4,0.2,0.0,0.0,0.2,85,1,0.510671
3860,0.4,0.2,0.2,0.0,0.2,0.0,86,1,0.417534
3860,0.0,0.0,0.0,0.2,0.0,0.8,87,1,0.581184
3860,0.4,0.0,0.2,0.2,0.0,0.2,88,1,0.605418
3860,0.2,0.2,0.2,0.0,0.0,0.4,89,1,0.55416
3860,0.0,0.2,0.2,0.0,0.2,0.4,90,1,0.47488
3860,0.2,0.0,0.2,0.2,0.0,0.4,91,1,0.609712
3860,0.6,0.2,0.0,0.0,0.0,0.2,92,1,0.585264
3860,0.6,0.2,0.0,0.2,0.0,0.0,93,1,0.525981
3860,0.0,0.0,0.2,0.4,0.2,0.2,94,1,0.467082
3860,0.0,0.0,0.6,0.2,0.2,0.0,95,1,0.5253140000000001
3860,0.0,0.2,0.2,0.0,0.0,0.6,96,1,0.590015
3860,0.2,0.2,0.0,0.6,0.0,0.0,97,1,0.516776
3860,0.0,0.2,0.0,0.2,0.0,0.6,98,1,0.579804
3860,0.2,0.6,0.0,0.2,0.0,0.0,99,1,0.503322
3860,0.8,0.0,0.2,0.0,0.0,0.0,100,1,0.660538
3860,0.4,0.0,0.0,0.2,0.2,0.2,101,1,0.48227700000000007
3860,0.2,0.0,0.0,0.0,0.6,0.2,102,1,0.453985
3860,0.4,0.0,0.2,0.2,0.2,0.0,103,1,0.451446
3860,0.0,0.0,0.0,0.8,0.0,0.2,104,1,0.515163
3860,0.0,0.0,0.2,0.8,0.0,0.0,105,1,0.41202700000000003
3860,0.0,0.2,0.2,0.2,0.4,0.0,106,1,0.43997299999999995
3860,0.2,0.2,0.4,0.0,0.2,0.0,107,1,0.40657600000000005
3860,0.2,0.0,0.0,0.2,0.4,0.2,108,1,0.46302200000000004
3860,0.4,0.0,0.2,0.0,0.2,0.2,109,1,0.49207399999999996
3860,0.1,0.4,0.0,0.0,0.0,0.5,110,1,0.536366
3860,0.2,0.7,0.1,0.0,0.0,0.0,111,1,0.492996
3860,0.0,0.4,0.0,0.0,0.1,0.5,112,1,0.504499
3860,0.0,0.0,0.4,0.4,0.1,0.1,113,1,0.489638
3860,0.0,0.3,0.0,0.2,0.4,0.1,114,1,0.450805
3860,0.4,0.0,0.0,0.3,0.1,0.2,115,1,0.5054890000000001
3860,0.3,0.0,0.3,0.2,0.2,0.0,116,1,0.43666499999999997
3860,0.0,0.0,0.4,0.0,0.5,0.1,117,1,0.461172
3860,0.6,0.3,0.0,0.0,0.0,0.1,118,1,0.530519
3860,0.4,0.0,0.0,0.6,0.0,0.0,119,1,0.506253
3860,0.0,0.3,0.4,0.2,0.1,0.0,120,1,0.432899
3860,0.0,0.1,0.7,0.0,0.0,0.2,121,1,0.546377
3860,0.0,0.1,0.1,0.1,0.0,0.7,122,1,0.600295
3860,0.5,0.1,0.1,0.3,0.0,0.0,123,1,0.549817
3860,0.0,0.2,0.3,0.5,0.0,0.0,124,1,0.46032700000000004
3860,0.5,0.2,0.3,0.0,0.0,0.0,125,1,0.573454
3860,0.4,0.1,0.0,0.0,0.3,0.2,126,1,0.43423
3860,0.1,0.2,0.2,0.5,0.0,0.0,127,1,0.500818
3860,0.5,0.1,0.1,0.0,0.0,0.3,128,1,0.6385689999999999
3860,0.4,0.0,0.0,0.0,0.6,0.0,130,1,0.454842
3860,0.1,0.0,0.0,0.4,0.3,0.2,131,1,0.458586
3860,0.2,0.0,0.0,0.3,0.0,0.5,132,1,0.601198
3860,0.3,0.1,0.2,0.0,0.0,0.4,133,1,0.557189
3860,0.6,0.1,0.1,0.0,0.2,0.0,134,1,0.43660299999999996
3860,0.4,0.1,0.2,0.0,0.3,0.0,135,1,0.420138
3860,0.5,0.0,0.1,0.3,0.0,0.1,136,1,0.6027640000000001
3860,0.3,0.1,0.4,0.0,0.0,0.2,137,1,0.5791470000000001
3860,0.1,0.0,0.4,0.0,0.2,0.3,138,1,0.472487
3860,0.1,0.5,0.3,0.1,0.0,0.0,139,1,0.46501099999999995
3860,0.0,0.1,0.0,0.5,0.2,0.2,140,1,0.469375
3860,0.2,0.0,0.5,0.2,0.1,0.0,141,1,0.453496
3860,0.1,0.0,0.5,0.0,0.3,0.1,142,1,0.481763
3860,0.5,0.0,0.0,0.0,0.4,0.1,143,1,0.443619
3860,0.0,0.6,0.3,0.0,0.0,0.1,144,1,0.46680299999999997
3860,0.0,0.4,0.5,0.0,0.1,0.0,145,1,0.44434799999999997
3860,0.0,0.5,0.1,0.4,0.0,0.0,146,1,0.463308
3860,0.2,0.0,0.0,0.4,0.0,0.4,147,1,0.5857479999999999
3860,0.0,0.0,0.8,0.2,0.0,0.0,148,1,0.5032840000000001
3860,0.0,0.0,0.2,0.0,0.8,0.0,149,1,0.436154
3860,0.2,0.0,0.0,0.0,0.8,0.0,150,1,0.464319
3860,0.2,0.0,0.2,0.2,0.4,0.0,151,1,0.434697
3860,0.0,0.6,0.0,0.0,0.2,0.2,152,1,0.45819
3860,0.8,0.0,0.0,0.0,0.0,0.2,153,1,0.593531
3860,0.0,0.4,0.0,0.2,0.2,0.2,154,1,0.45254300000000003
3860,0.2,0.0,0.0,0.0,0.0,0.8,155,1,0.6087600000000001
3860,0.0,0.4,0.2,0.0,0.2,0.2,156,1,0.4641
3860,0.0,0.2,0.0,0.6,0.0,0.2,157,1,0.527187
3860,0.0,0.0,0.6,0.2,0.0,0.2,158,1,0.578813
3860,0.2,0.2,0.2,0.4,0.0,0.0,159,1,0.508826
3860,0.2,0.2,0.0,0.0,0.2,0.4,160,1,0.44485600000000003
3860,0.0,0.2,0.0,0.2,0.2,0.4,161,1,0.47979099999999997
3860,0.8,0.2,0.0,0.0,0.0,0.0,162,1,0.5480189999999999
3860,0.2,0.0,0.6,0.0,0.2,0.0,163,1,0.439316
3860,0.0,0.2,0.0,0.0,0.8,0.0,164,1,0.44152299999999994
3860,0.2,0.4,0.2,0.0,0.2,0.0,165,1,0.413029
3860,0.2,0.4,0.2,0.2,0.0,0.0,166,1,0.514563
3860,0.6,0.0,0.2,0.0,0.0,0.2,167,1,0.6821550000000001
3860,0.2,0.0,0.2,0.0,0.0,0.6,168,1,0.6240720000000001
3860,0.0,0.0,0.2,0.0,0.2,0.6,169,1,0.49095500000000003
3860,0.4,0.2,0.0,0.2,0.0,0.2,170,1,0.550478
3860,0.2,0.2,0.0,0.2,0.0,0.4,171,1,0.527626
3860,0.2,0.2,0.0,0.4,0.2,0.0,172,1,0.45050200000000007
3860,0.0,0.0,0.0,1.0,0.0,0.0,173,1,0.50747
3860,0.5,0.3,0.1,0.1,0.0,0.0,174,1,0.525687
3860,0.3,0.2,0.0,0.0,0.2,0.3,175,1,0.435845
3860,0.0,0.0,0.5,0.4,0.0,0.1,176,1,0.557053
3860,0.6,0.0,0.0,0.1,0.0,0.3,177,1,0.641367
3860,0.0,0.1,0.0,0.7,0.0,0.2,178,1,0.5586220000000001
3860,0.0,0.0,0.7,0.2,0.0,0.1,179,1,0.549459
3860,0.1,0.4,0.0,0.3,0.0,0.2,180,1,0.538312
3860,0.4,0.4,0.2,0.0,0.0,0.0,181,1,0.5189739999999999
3860,0.0,0.2,0.0,0.5,0.1,0.2,182,1,0.481706
3860,0.3,0.4,0.0,0.0,0.2,0.1,183,1,0.429047
3860,0.0,0.0,0.1,0.4,0.0,0.5,184,1,0.562829
3860,0.4,0.4,0.0,0.0,0.2,0.0,185,1,0.41376
3860,0.4,0.0,0.5,0.0,0.0,0.1,186,1,0.64283
3860,0.2,0.0,0.3,0.0,0.3,0.2,187,1,0.46992799999999996
3860,0.1,0.0,0.5,0.3,0.1,0.0,188,1,0.48092299999999993
3860,0.0,0.1,0.1,0.3,0.0,0.5,189,1,0.5892609999999999
3860,0.1,0.0,0.3,0.0,0.5,0.1,190,1,0.46863900000000003
3860,0.2,0.0,0.3,0.3,0.2,0.0,191,1,0.43928
3860,0.5,0.1,0.3,0.0,0.0,0.1,192,1,0.660622
3860,0.6,0.0,0.3,0.1,0.0,0.0,194,1,0.573192
3860,0.0,0.0,0.0,0.0,0.3,0.7,195,1,0.47778999999999994
3860,0.1,0.0,0.0,0.5,0.4,0.0,196,1,0.487893
3860,0.0,0.0,0.6,0.1,0.2,0.1,197,1,0.51068
3860,0.2,0.0,0.2,0.5,0.0,0.1,198,1,0.537888
3860,0.1,0.1,0.0,0.0,0.5,0.3,199,1,0.43912799999999996
3860,0.1,0.0,0.0,0.2,0.1,0.6,200,1,0.473419
3860,0.0,0.1,0.4,0.1,0.4,0.0,201,1,0.44472700000000004
3860,0.1,0.1,0.0,0.2,0.6,0.0,202,1,0.45287200000000005
3860,0.3,0.0,0.0,0.1,0.4,0.2,203,1,0.453617
3860,0.1,0.3,0.4,0.0,0.0,0.2,204,1,0.512279
3860,0.0,0.0,0.9,0.0,0.0,0.1,205,1,0.507231
3860,0.1,0.1,0.0,0.0,0.6,0.2,206,1,0.44178900000000004
3860,0.0,0.3,0.3,0.3,0.0,0.1,207,1,0.499989
3860,0.0,0.4,0.3,0.1,0.2,0.0,208,1,0.441367
3860,0.0,0.3,0.0,0.0,0.2,0.5,209,1,0.48574300000000004
3860,0.2,0.0,0.1,0.0,0.3,0.4,210,1,0.46317200000000003
3860,0.0,0.2,0.1,0.3,0.0,0.4,211,1,0.555248
3860,0.0,0.0,0.0,0.0,1.0,0.0,212,1,0.44256999999999996
3860,0.6,0.0,0.0,0.2,0.2,0.0,213,1,0.498205
3860,0.0,0.0,0.0,0.0,0.0,1.0,214,1,0.575786
3860,0.2,0.2,0.2,0.0,0.4,0.0,215,1,0.418393
3860,0.0,0.0,0.2,0.6,0.2,0.0,216,1,0.425073
3860,0.6,0.0,0.2,0.0,0.2,0.0,217,1,0.457211
3860,0.0,0.8,0.2,0.0,0.0,0.0,218,1,0.450082
3860,0.2,0.4,0.0,0.2,0.0,0.2,219,1,0.522026
3860,0.0,0.6,0.2,0.0,0.0,0.2,220,1,0.494279
3860,0.0,0.8,0.0,0.0,0.2,0.0,221,1,0.45214799999999994
3860,0.0,0.0,0.2,0.2,0.2,0.4,222,1,0.486109
3860,0.2,0.0,0.0,0.6,0.0,0.2,223,1,0.579662
3860,0.2,0.0,0.6,0.2,0.0,0.0,224,1,0.565944
3860,0.0,0.2,0.4,0.2,0.2,0.0,225,1,0.45598599999999995
3860,0.2,0.2,0.4,0.2,0.0,0.0,226,1,0.5200199999999999
3860,0.0,0.0,0.0,0.6,0.2,0.2,227,1,0.473387
3860,0.6,0.2,0.2,0.0,0.0,0.0,228,1,0.546824
3860,0.2,0.0,0.2,0.0,0.6,0.0,229,1,0.435105
3860,0.0,0.6,0.2,0.2,0.0,0.0,230,1,0.46341899999999997
3860,0.0,0.0,0.2,0.2,0.6,0.0,231,1,0.450118
3860,0.0,0.4,0.2,0.2,0.2,0.0,232,1,0.649098
3860,0.0,0.2,0.0,0.0,0.2,0.6,233,1,0.496163
3860,0.2,0.2,0.0,0.4,0.0,0.2,234,1,0.522895
3860,0.0,0.2,0.6,0.2,0.0,0.0,235,1,0.471307
3860,0.2,0.0,0.0,0.6,0.2,0.0,236,1,0.509591
3860,0.0,0.0,1.0,0.0,0.0,0.0,237,1,0.555354
3860,0.0,0.0,0.1,0.1,0.1,0.7,238,1,0.5187430000000001
3860,0.1,0.0,0.0,0.0,0.9,0.0,239,1,0.471688
3860,0.2,0.3,0.0,0.4,0.1,0.0,240,1,0.459584
3860,0.0,0.2,0.4,0.3,0.0,0.1,241,1,0.5184840000000001
3860,0.0,0.6,0.2,0.1,0.1,0.0,242,1,0.421784
3860,0.7,0.1,0.0,0.2,0.0,0.0,243,1,0.581264
3860,0.3,0.3,0.0,0.2,0.0,0.2,244,1,0.524369
3860,0.5,0.0,0.0,0.3,0.2,0.0,245,1,0.477575
3860,0.4,0.1,0.4,0.0,0.1,0.0,246,1,0.430835
3860,0.0,0.0,0.5,0.1,0.2,0.2,247,1,0.479854
3860,0.2,0.1,0.4,0.0,0.3,0.0,248,1,0.416239
3860,0.0,0.0,0.3,0.6,0.0,0.1,249,1,0.468109
3860,0.2,0.3,0.2,0.0,0.3,0.0,250,1,0.411225
3860,0.1,0.2,0.5,0.0,0.0,0.2,251,1,0.561248
3860,0.3,0.0,0.4,0.0,0.0,0.3,252,1,0.639219
3860,0.0,0.0,0.1,0.2,0.5,0.2,253,1,0.457521
3860,0.3,0.2,0.0,0.0,0.5,0.0,254,1,0.407561
3860,0.4,0.0,0.5,0.0,0.1,0.0,255,1,0.451867
3860,0.0,0.0,0.0,0.7,0.2,0.1,256,1,0.48118900000000003
3860,0.8,0.1,0.1,0.0,0.0,0.0,258,1,0.563942
3860,0.0,0.1,0.8,0.0,0.1,0.0,259,1,0.44915600000000006
3860,0.2,0.0,0.1,0.4,0.0,0.3,260,1,0.5674739999999999
3860,0.4,0.4,0.0,0.0,0.0,0.2,261,1,0.512313
3860,0.0,0.1,0.0,0.6,0.1,0.2,262,1,0.490965
3860,0.0,0.5,0.1,0.0,0.0,0.4,263,1,0.528425
3860,0.1,0.0,0.0,0.3,0.0,0.6,264,1,0.567448
3860,0.1,0.5,0.2,0.2,0.0,0.0,265,1,0.480887
3860,0.1,0.0,0.2,0.6,0.0,0.1,266,1,0.525623
3860,0.0,0.1,0.1,0.0,0.2,0.6,267,1,0.477475
3860,0.1,0.5,0.0,0.2,0.0,0.2,268,1,0.514364
3860,0.1,0.0,0.1,0.0,0.3,0.5,269,1,0.463401
3860,0.0,0.2,0.7,0.1,0.0,0.0,270,1,0.46219
3860,0.7,0.0,0.3,0.0,0.0,0.0,271,1,0.624229
3860,0.2,0.4,0.0,0.1,0.0,0.3,272,1,0.5263140000000001
3860,0.7,0.0,0.0,0.1,0.0,0.2,273,1,0.5945630000000001
3860,0.1,0.6,0.1,0.0,0.2,0.0,274,1,0.41928999999999994
3860,0.2,0.0,0.0,0.5,0.0,0.3,275,1,0.576785
3860,0.0,0.0,0.6,0.0,0.2,0.2,276,1,0.487455
3860,0.0,0.2,0.0,0.4,0.2,0.2,277,1,0.458976
3860,0.0,0.0,0.0,0.8,0.2,0.0,278,1,0.44813400000000003
3860,0.0,0.2,0.2,0.4,0.2,0.0,279,1,0.43317700000000003
3860,0.2,0.0,0.0,0.2,0.2,0.4,280,1,0.473652
3860,0.2,0.0,0.2,0.0,0.4,0.2,281,1,0.46156499999999995
3860,0.2,0.0,0.2,0.4,0.0,0.2,282,1,0.5825819999999999
3860,0.0,0.2,0.2,0.4,0.0,0.2,283,1,0.528447
3860,0.0,0.8,0.0,0.2,0.0,0.0,284,1,0.47449600000000003
3860,0.2,0.2,0.0,0.0,0.0,0.6,285,1,0.5529569999999999
3860,0.2,0.0,0.0,0.4,0.2,0.2,286,1,0.47622600000000004
3860,0.0,0.0,0.2,0.2,0.0,0.6,287,1,0.585015
3860,0.6,0.2,0.0,0.0,0.2,0.0,288,1,0.426559
3860,0.0,0.0,0.0,0.0,0.2,0.8,289,1,0.48572200000000004
3860,0.2,0.6,0.2,0.0,0.0,0.0,290,1,0.489313
3860,0.2,0.2,0.6,0.0,0.0,0.0,291,1,0.508785
3860,0.0,0.0,0.8,0.0,0.0,0.2,292,1,0.5680890000000001
3860,0.0,0.2,0.6,0.0,0.0,0.2,293,1,0.505437
3860,0.0,0.0,0.0,0.2,0.2,0.6,294,1,0.49052799999999996
3860,0.0,0.2,0.8,0.0,0.0,0.0,295,1,0.462635
3860,0.0,0.0,0.2,0.0,0.6,0.2,296,1,0.476196
3860,0.0,1.0,0.0,0.0,0.0,0.0,297,1,0.474517
3860,0.2,0.0,0.2,0.0,0.2,0.4,298,1,0.499366
3860,0.0,0.2,0.0,0.0,0.0,0.8,299,1,0.590162
3860,0.2,0.0,0.0,0.2,0.0,0.6,300,1,0.562588
3860,0.2,0.2,0.0,0.2,0.4,0.0,301,1,0.422785
3860,0.0,0.3,0.2,0.2,0.0,0.3,302,1,0.545949
3860,0.5,0.0,0.3,0.0,0.1,0.1,303,1,0.49485500000000004
3860,0.1,0.4,0.0,0.1,0.4,0.0,304,1,0.42445200000000005
3860,0.1,0.1,0.3,0.0,0.0,0.5,305,1,0.605445
3860,0.2,0.0,0.3,0.2,0.3,0.0,306,1,0.42607700000000004
3860,0.0,0.1,0.0,0.2,0.7,0.0,307,1,0.440669
3860,0.3,0.0,0.5,0.0,0.1,0.1,308,1,0.483338
3860,0.3,0.0,0.1,0.0,0.1,0.5,309,1,0.5191439999999999
3860,0.2,0.0,0.7,0.0,0.1,0.0,310,1,0.444708
3860,0.1,0.0,0.7,0.1,0.1,0.0,311,1,0.45770500000000003
3860,0.0,0.1,0.1,0.0,0.8,0.0,312,1,0.424166
3860,0.0,0.0,0.4,0.2,0.1,0.3,313,1,0.497612
3860,0.0,0.0,0.0,0.4,0.3,0.3,314,1,0.451592
3860,0.0,0.0,0.2,0.4,0.0,0.4,315,1,0.619938
3860,0.8,0.0,0.1,0.0,0.0,0.1,316,1,0.681543
3860,0.7,0.2,0.0,0.1,0.0,0.0,317,1,0.577522
3860,0.3,0.0,0.1,0.6,0.0,0.0,318,1,0.548696
3860,0.0,0.1,0.2,0.0,0.6,0.1,319,1,0.4299
3860,0.2,0.1,0.0,0.0,0.2,0.5,320,1,0.489274
3860,0.0,0.4,0.1,0.5,0.0,0.0,322,1,0.44254
3860,0.3,0.2,0.1,0.0,0.4,0.0,323,1,0.40929
3860,0.5,0.2,0.0,0.0,0.0,0.3,324,1,0.565868
3860,0.4,0.4,0.0,0.2,0.0,0.0,325,1,0.49116400000000004
3860,0.0,0.4,0.3,0.0,0.0,0.3,326,1,0.501028
3860,0.5,0.0,0.1,0.1,0.3,0.0,327,1,0.433225
3860,0.4,0.1,0.4,0.0,0.0,0.1,328,1,0.594962
3860,0.2,0.0,0.3,0.4,0.0,0.1,329,1,0.582006
3860,0.0,0.0,0.7,0.1,0.0,0.2,330,1,0.547934
3860,0.1,0.0,0.1,0.7,0.0,0.1,331,1,0.508958
3860,0.4,0.5,0.0,0.0,0.1,0.0,332,1,0.417936
3860,0.0,0.0,0.0,0.1,0.8,0.1,333,1,0.48056499999999996
3860,0.0,0.5,0.0,0.2,0.2,0.1,334,1,0.43855200000000005
3860,0.0,0.1,0.0,0.6,0.2,0.1,335,1,0.476037
3860,0.2,0.0,0.2,0.5,0.1,0.0,336,1,0.486162
3860,0.0,0.2,0.1,0.2,0.0,0.5,337,1,0.575259
3860,0.0,0.1,0.0,0.5,0.0,0.4,338,1,0.537747
3860,0.0,0.2,0.0,0.1,0.3,0.4,339,1,0.453366
3860,0.2,0.0,0.2,0.4,0.2,0.0,340,1,0.45807
3860,0.0,0.4,0.2,0.2,0.0,0.2,341,1,0.520884
3860,0.2,0.0,0.0,0.2,0.6,0.0,342,1,0.472832
3860,0.0,0.2,0.0,0.2,0.6,0.0,343,1,0.44266700000000003
3860,0.0,0.0,0.0,0.0,0.8,0.2,344,1,0.466159
3860,0.2,0.2,0.4,0.0,0.0,0.2,345,1,0.5491159999999999
3860,0.0,0.2,0.6,0.0,0.2,0.0,346,1,0.451219
3860,0.2,0.0,0.4,0.0,0.2,0.2,347,1,0.48195600000000005
3860,0.2,0.2,0.0,0.0,0.6,0.0,348,1,0.417542
3860,0.0,0.8,0.0,0.0,0.0,0.2,349,1,0.49962
3860,0.2,0.0,0.8,0.0,0.0,0.0,350,1,0.521061
3860,0.0,0.2,0.2,0.0,0.4,0.2,351,1,0.469117
3860,0.2,0.6,0.0,0.0,0.0,0.2,352,1,0.506559
3860,0.0,0.2,0.4,0.2,0.0,0.2,353,1,0.535501
3860,0.6,0.0,0.0,0.0,0.2,0.2,354,1,0.473422
3860,0.4,0.2,0.2,0.0,0.0,0.2,355,1,0.578467
3860,0.6,0.0,0.0,0.2,0.0,0.2,356,1,0.615548
3860,0.2,0.0,0.0,0.0,0.2,0.6,357,1,0.47713199999999995
3860,0.0,0.0,0.2,0.0,0.0,0.8,358,1,0.679284
3860,0.6,0.0,0.2,0.2,0.0,0.0,359,1,0.581314
3860,0.0,0.2,0.0,0.2,0.4,0.2,360,1,0.45308699999999996
3860,0.0,0.6,0.0,0.2,0.0,0.2,361,1,0.5169189999999999
3860,0.0,0.6,0.2,0.0,0.2,0.0,362,1,0.46738999999999997
3860,0.2,0.0,0.4,0.2,0.2,0.0,363,1,0.44657299999999994
3860,0.2,0.0,0.4,0.2,0.0,0.2,364,1,0.630236
3860,0.2,0.0,0.6,0.0,0.0,0.2,365,1,0.598029
3860,0.5,0.0,0.0,0.2,0.2,0.1,366,1,0.479096
3860,0.0,0.1,0.3,0.0,0.6,0.0,367,1,0.42882600000000004
3860,0.0,0.0,0.0,0.8,0.1,0.1,368,1,0.496746
3860,0.1,0.0,0.6,0.0,0.2,0.1,369,1,0.493832
3860,0.0,0.0,0.6,0.3,0.0,0.1,370,1,0.554048
3860,0.3,0.0,0.2,0.4,0.0,0.1,371,1,0.5770529999999999
3860,0.1,0.0,0.3,0.0,0.2,0.4,372,1,0.49605200000000005
3860,0.1,0.4,0.3,0.2,0.0,0.0,373,1,0.498717
3860,0.3,0.0,0.5,0.0,0.0,0.2,374,1,0.6745770000000001
3860,0.1,0.0,0.7,0.0,0.0,0.2,375,1,0.631538
3860,0.0,0.1,0.2,0.2,0.0,0.5,376,1,0.590778
3860,0.2,0.1,0.3,0.0,0.0,0.4,377,1,0.6004229999999999
3860,0.2,0.3,0.0,0.0,0.1,0.4,378,1,0.465161
3860,0.3,0.0,0.0,0.5,0.2,0.0,379,1,0.489921
3860,0.0,0.2,0.0,0.3,0.2,0.3,380,1,0.46733500000000006
3860,0.0,0.2,0.0,0.1,0.7,0.0,381,1,0.438855
3860,0.0,0.0,0.1,0.2,0.1,0.6,382,1,0.515375
3860,0.3,0.6,0.0,0.1,0.0,0.0,383,1,0.504742
3860,0.0,0.3,0.3,0.1,0.0,0.3,384,1,0.552085
3860,0.4,0.0,0.0,0.3,0.3,0.0,386,1,0.470304
3860,0.4,0.5,0.0,0.0,0.0,0.1,387,1,0.499299
3860,0.8,0.1,0.0,0.1,0.0,0.0,388,1,0.5801029999999999
3860,0.5,0.1,0.0,0.3,0.1,0.0,389,1,0.476191
3860,0.2,0.0,0.3,0.0,0.1,0.4,390,1,0.511079
3860,0.5,0.1,0.0,0.0,0.1,0.3,391,1,0.445665
3860,0.3,0.3,0.0,0.1,0.3,0.0,392,1,0.393912
3860,0.0,0.0,0.0,0.3,0.6,0.1,393,1,0.479753
3860,0.2,0.0,0.2,0.3,0.3,0.0,394,1,0.43413100000000004
3860,0.3,0.6,0.0,0.0,0.1,0.0,395,1,0.430616
3860,0.0,0.5,0.0,0.4,0.1,0.0,396,1,0.42588000000000004
3860,0.1,0.3,0.0,0.0,0.2,0.4,397,1,0.43218500000000004
3860,0.5,0.2,0.0,0.0,0.2,0.1,398,1,0.41472200000000004
3860,0.0,0.0,0.0,0.3,0.2,0.5,399,1,0.465463
3860,0.7,0.3,0.0,0.0,0.0,0.0,400,1,0.498908
3860,0.1,0.5,0.0,0.1,0.3,0.0,401,1,0.4135
3860,0.2,0.7,0.0,0.1,0.0,0.0,402,1,0.48551099999999997
3860,0.7,0.0,0.0,0.3,0.0,0.0,403,1,0.564394
3860,0.0,0.0,0.1,0.3,0.6,0.0,404,1,0.441417
3860,0.0,0.6,0.0,0.0,0.0,0.4,405,1,0.5215380000000001
3860,0.0,0.3,0.0,0.6,0.1,0.0,406,1,0.453186
3860,0.1,0.0,0.3,0.0,0.1,0.5,407,1,0.506764
3860,0.0,0.2,0.1,0.0,0.3,0.4,408,1,0.46352200000000005
3860,0.1,0.0,0.1,0.0,0.7,0.1,409,1,0.451934
3860,0.2,0.6,0.0,0.1,0.1,0.0,410,1,0.446085
3860,0.0,0.4,0.3,0.0,0.3,0.0,411,1,0.467995
3860,0.2,0.0,0.0,0.7,0.0,0.1,412,1,0.5671430000000001
3860,0.3,0.0,0.3,0.0,0.0,0.4,413,1,0.58963
3860,0.0,0.1,0.0,0.2,0.4,0.3,414,1,0.444223
3860,0.0,0.2,0.0,0.0,0.1,0.7,415,1,0.509713
3860,0.4,0.0,0.2,0.1,0.0,0.3,416,1,0.636564
3860,0.0,0.0,0.0,0.5,0.3,0.2,417,1,0.450667
3860,0.1,0.1,0.0,0.3,0.0,0.5,418,1,0.560738
3860,0.0,0.1,0.6,0.2,0.1,0.0,419,1,0.482048
3860,0.1,0.1,0.0,0.2,0.0,0.6,420,1,0.553106
3860,0.3,0.3,0.0,0.0,0.1,0.3,421,1,0.457218
3860,0.1,0.0,0.2,0.4,0.0,0.3,422,1,0.586023
3860,0.0,0.4,0.1,0.0,0.3,0.2,423,1,0.466794
3860,0.0,0.4,0.1,0.2,0.0,0.3,424,1,0.554501
3860,0.2,0.1,0.6,0.0,0.0,0.1,425,1,0.585102
3860,0.1,0.0,0.6,0.2,0.1,0.0,426,1,0.487836
3860,0.0,0.5,0.0,0.0,0.3,0.2,427,1,0.46390200000000004
3860,0.5,0.0,0.0,0.1,0.4,0.0,428,1,0.444661
3860,0.3,0.0,0.0,0.2,0.4,0.1,429,1,0.43868500000000005
3860,0.0,0.0,0.2,0.7,0.1,0.0,430,1,0.415865
3860,0.0,0.4,0.1,0.0,0.4,0.1,431,1,0.467394
3860,0.0,0.1,0.3,0.5,0.1,0.0,432,1,0.43873999999999996
3860,0.0,0.2,0.0,0.4,0.0,0.4,433,1,0.547327
3860,0.0,0.2,0.7,0.0,0.1,0.0,434,1,0.459395
3860,0.0,0.2,0.7,0.0,0.0,0.1,435,1,0.479328
3860,0.2,0.5,0.0,0.0,0.2,0.1,436,1,0.433853
3860,0.1,0.0,0.4,0.0,0.0,0.5,437,1,0.60595
3860,0.0,0.3,0.0,0.4,0.1,0.2,438,1,0.489138
3860,0.5,0.1,0.2,0.2,0.0,0.0,439,1,0.564425
3860,0.0,0.0,0.0,0.7,0.1,0.2,440,1,0.49871099999999996
3860,0.1,0.8,0.0,0.0,0.1,0.0,441,1,0.42322200000000004
3860,0.0,0.4,0.2,0.3,0.1,0.0,442,1,0.43101000000000006
3860,0.0,0.3,0.2,0.0,0.4,0.1,443,1,0.47561499999999995
3860,0.3,0.0,0.4,0.1,0.2,0.0,444,1,0.434071
3860,0.0,0.0,0.5,0.4,0.1,0.0,445,1,0.526474
3860,0.0,0.6,0.1,0.2,0.0,0.1,446,1,0.508685
3860,0.0,0.2,0.1,0.4,0.3,0.0,447,1,0.428622
3860,0.4,0.1,0.3,0.2,0.0,0.0,448,1,0.601152
3860,0.3,0.0,0.3,0.1,0.0,0.3,450,1,0.599284
3860,0.4,0.0,0.0,0.4,0.1,0.1,451,1,0.490385
3860,0.2,0.1,0.0,0.1,0.6,0.0,452,1,0.43589799999999995
3860,0.1,0.0,0.7,0.0,0.1,0.1,453,1,0.483684
3860,0.7,0.1,0.0,0.0,0.1,0.1,454,1,0.48517200000000005
3860,0.4,0.0,0.2,0.3,0.1,0.0,455,1,0.49402299999999993
3860,0.5,0.0,0.0,0.0,0.0,0.5,456,1,0.604116
3860,0.3,0.0,0.0,0.0,0.1,0.6,457,1,0.47698500000000005
3860,0.3,0.0,0.0,0.0,0.3,0.4,458,1,0.44086400000000003
3860,0.2,0.2,0.3,0.0,0.3,0.0,459,1,0.41420500000000005
3860,0.5,0.1,0.3,0.0,0.1,0.0,460,1,0.444913
3860,0.0,0.0,0.2,0.3,0.0,0.5,461,1,0.563444
3860,0.0,0.4,0.5,0.1,0.0,0.0,462,1,0.441672
3860,0.0,0.3,0.1,0.5,0.0,0.1,463,1,0.498932
3860,0.0,0.1,0.3,0.6,0.0,0.0,464,1,0.42616099999999996
3860,0.1,0.0,0.0,0.3,0.5,0.1,465,1,0.469684
3860,0.0,0.4,0.3,0.1,0.0,0.2,466,1,0.521386
3860,0.1,0.1,0.0,0.4,0.4,0.0,467,1,0.46399999999999997
3860,0.1,0.0,0.0,0.5,0.2,0.2,468,1,0.473016
3860,0.0,0.5,0.3,0.0,0.0,0.2,469,1,0.494253
3860,0.2,0.0,0.0,0.1,0.1,0.6,470,1,0.49528
3860,0.3,0.0,0.0,0.2,0.0,0.5,471,1,0.617822
3860,0.0,0.0,0.2,0.5,0.0,0.3,472,1,0.564764
3860,0.0,0.2,0.3,0.1,0.4,0.0,473,1,0.44503400000000004
3860,0.0,0.4,0.2,0.0,0.1,0.3,474,1,0.48186599999999996
3860,0.1,0.2,0.0,0.2,0.5,0.0,475,1,0.43392600000000003
3860,0.0,0.5,0.0,0.0,0.1,0.4,476,1,0.49101999999999996
3860,0.0,0.1,0.2,0.7,0.0,0.0,477,1,0.426687
3860,0.0,0.2,0.0,0.1,0.2,0.5,478,1,0.486621
3860,0.3,0.0,0.6,0.0,0.1,0.0,479,1,0.44283199999999995
3860,0.1,0.0,0.7,0.2,0.0,0.0,480,1,0.576543
3860,0.0,0.1,0.2,0.0,0.0,0.7,481,1,0.5908439999999999
3860,0.3,0.4,0.3,0.0,0.0,0.0,482,1,0.5016
3860,0.0,0.0,0.0,0.0,0.7,0.3,483,1,0.448924
3860,0.0,0.0,0.5,0.0,0.2,0.3,484,1,0.48171899999999995
3860,0.4,0.3,0.3,0.0,0.0,0.0,485,1,0.526115
3860,0.6,0.0,0.2,0.1,0.0,0.1,486,1,0.621238
3860,0.0,0.1,0.0,0.5,0.3,0.1,487,1,0.463697
3860,0.0,0.1,0.0,0.1,0.7,0.1,488,1,0.448322
3860,0.0,0.4,0.0,0.0,0.4,0.2,489,1,0.457797
3860,0.2,0.0,0.1,0.1,0.0,0.6,490,1,0.624146
3860,0.5,0.0,0.0,0.3,0.1,0.1,491,1,0.501043
3860,0.0,0.6,0.1,0.2,0.1,0.0,492,1,0.428262
3860,0.0,0.1,0.3,0.2,0.4,0.0,493,1,0.45956099999999994
3860,0.0,0.3,0.1,0.1,0.5,0.0,494,1,0.450283
3860,0.0,0.1,0.5,0.0,0.0,0.4,495,1,0.55723
3860,0.3,0.3,0.0,0.2,0.2,0.0,496,1,0.415207
3860,0.1,0.2,0.1,0.0,0.6,0.0,497,1,0.421013
3860,0.0,0.8,0.1,0.0,0.1,0.0,498,1,0.452599
3860,0.1,0.7,0.0,0.0,0.0,0.2,499,1,0.5129239999999999
3860,0.4,0.0,0.1,0.2,0.0,0.3,500,1,0.5907479999999999
3860,0.4,0.3,0.0,0.1,0.0,0.2,501,1,0.5369520000000001
3860,0.0,0.0,0.2,0.3,0.3,0.2,502,1,0.459132
3860,0.1,0.0,0.3,0.0,0.0,0.6,503,1,0.658787
3860,0.1,0.6,0.0,0.2,0.0,0.1,504,1,0.515074
3860,0.5,0.2,0.0,0.1,0.0,0.2,505,1,0.551357
3860,0.5,0.3,0.0,0.0,0.2,0.0,506,1,0.416233
3860,0.4,0.0,0.4,0.2,0.0,0.0,507,1,0.608768
3860,0.3,0.2,0.0,0.3,0.2,0.0,508,1,0.43762700000000004
3860,0.2,0.3,0.0,0.4,0.0,0.1,509,1,0.525564
3860,0.0,0.1,0.1,0.5,0.0,0.3,510,1,0.576809
3860,0.2,0.3,0.0,0.3,0.0,0.2,511,1,0.5378539999999999
3860,0.6,0.0,0.0,0.1,0.3,0.0,512,1,0.477231
3860,0.0,0.3,0.4,0.1,0.0,0.2,514,1,0.5122479999999999
3860,0.0,0.1,0.0,0.3,0.0,0.6,515,1,0.5639069999999999
3860,0.3,0.1,0.3,0.3,0.0,0.0,516,1,0.521003
3860,0.0,0.0,0.2,0.1,0.7,0.0,517,1,0.43372700000000003
3860,0.0,0.1,0.4,0.3,0.2,0.0,518,1,0.46206
3860,0.0,0.7,0.1,0.1,0.0,0.1,519,1,0.48261899999999996
3860,0.3,0.1,0.5,0.0,0.1,0.0,520,1,0.418422
3860,0.1,0.1,0.2,0.0,0.0,0.6,521,1,0.616831
3860,0.2,0.0,0.5,0.2,0.0,0.1,522,1,0.5701430000000001
3860,0.0,0.0,0.2,0.1,0.5,0.2,523,1,0.472267
3860,0.0,0.5,0.3,0.0,0.1,0.1,524,1,0.464459
3860,0.1,0.2,0.7,0.0,0.0,0.0,525,1,0.459042
3860,0.1,0.1,0.4,0.0,0.0,0.4,526,1,0.593774
3860,0.1,0.0,0.5,0.2,0.2,0.0,527,1,0.46332299999999993
3860,0.1,0.0,0.2,0.0,0.6,0.1,528,1,0.46170500000000003
3860,0.4,0.1,0.2,0.3,0.0,0.0,529,1,0.521297
3860,0.0,0.4,0.0,0.3,0.2,0.1,530,1,0.450377
3860,0.0,0.0,0.1,0.2,0.3,0.4,531,1,0.459583
3860,0.5,0.5,0.0,0.0,0.0,0.0,532,1,0.476137
3860,0.1,0.4,0.0,0.0,0.1,0.4,533,1,0.468875
3860,0.0,0.4,0.4,0.0,0.2,0.0,534,1,0.471604
3860,0.0,0.1,0.4,0.0,0.0,0.5,535,1,0.5833470000000001
3860,0.0,0.0,0.3,0.0,0.6,0.1,536,1,0.453293
3860,0.0,0.3,0.0,0.2,0.3,0.2,537,1,0.44563800000000003
3860,0.0,0.1,0.0,0.2,0.3,0.4,538,1,0.45797299999999996
3860,0.3,0.2,0.1,0.4,0.0,0.0,539,1,0.5052260000000001
3860,0.0,0.2,0.5,0.0,0.1,0.2,540,1,0.48357
3860,0.0,0.0,0.3,0.2,0.4,0.1,541,1,0.46907
3860,0.4,0.3,0.2,0.1,0.0,0.0,542,1,0.516794
3860,0.1,0.0,0.1,0.0,0.6,0.2,543,1,0.454438
3860,0.0,0.0,0.1,0.1,0.3,0.5,544,1,0.46694399999999997
3860,0.0,0.2,0.0,0.3,0.4,0.1,545,1,0.45742299999999997
3860,0.7,0.2,0.0,0.0,0.0,0.1,546,1,0.583541
3860,0.1,0.1,0.2,0.6,0.0,0.0,547,1,0.510084
3860,0.1,0.5,0.0,0.3,0.1,0.0,548,1,0.44300900000000004
3860,0.2,0.5,0.0,0.0,0.1,0.2,549,1,0.44808000000000003
3860,0.3,0.0,0.0,0.0,0.2,0.5,550,1,0.464722
3860,0.2,0.0,0.0,0.1,0.7,0.0,551,1,0.48191300000000004
3860,0.6,0.3,0.1,0.0,0.0,0.0,552,1,0.544081
3860,0.7,0.1,0.1,0.0,0.0,0.1,553,1,0.608915
3860,0.3,0.0,0.4,0.2,0.1,0.0,554,1,0.468192
3860,0.3,0.5,0.1,0.0,0.0,0.1,555,1,0.522645
3860,0.0,0.0,0.2,0.4,0.3,0.1,556,1,0.451064
3860,0.7,0.2,0.0,0.0,0.1,0.0,557,1,0.48301099999999997
3860,0.0,0.0,0.2,0.1,0.1,0.6,558,1,0.520856
3860,0.0,0.1,0.0,0.3,0.1,0.5,559,1,0.49976899999999996
3860,0.5,0.0,0.1,0.2,0.2,0.0,560,1,0.463139
3860,0.0,0.1,0.2,0.1,0.6,0.0,561,1,0.438982
3860,0.0,0.1,0.5,0.0,0.1,0.3,562,1,0.49283299999999997
3860,0.0,0.0,0.4,0.0,0.3,0.3,563,1,0.482783
3860,0.0,0.1,0.2,0.0,0.4,0.3,564,1,0.46123800000000004
3860,0.0,0.2,0.2,0.3,0.3,0.0,565,1,0.44026899999999997
3860,0.0,0.0,0.0,0.1,0.2,0.7,566,1,0.502622
3860,0.0,0.0,0.7,0.0,0.0,0.3,567,1,0.600232
3860,0.0,0.0,0.3,0.3,0.2,0.2,568,1,0.46931999999999996
3860,0.0,0.1,0.6,0.3,0.0,0.0,569,1,0.49662700000000004
3860,0.1,0.0,0.6,0.2,0.0,0.1,570,1,0.584499
3860,0.6,0.1,0.1,0.0,0.0,0.2,571,1,0.623425
3860,0.1,0.3,0.3,0.3,0.0,0.0,572,1,0.504782
3860,0.3,0.0,0.4,0.3,0.0,0.0,573,1,0.599524
3860,0.0,0.0,0.4,0.2,0.3,0.1,574,1,0.503289
3860,0.4,0.0,0.1,0.0,0.0,0.5,575,1,0.670475
3860,0.0,0.2,0.3,0.3,0.0,0.2,576,1,0.568172
3860,0.0,0.3,0.0,0.0,0.5,0.2,578,1,0.45054399999999994
3860,0.0,0.4,0.2,0.1,0.0,0.3,579,1,0.5244310000000001
3860,0.6,0.1,0.1,0.2,0.0,0.0,580,1,0.210394
3860,0.0,0.0,0.0,0.2,0.7,0.1,581,1,0.473274
3860,0.0,0.7,0.0,0.0,0.0,0.3,582,1,0.49702299999999994
3860,0.2,0.3,0.4,0.0,0.1,0.0,583,1,0.400452
3860,0.0,0.2,0.3,0.0,0.2,0.3,584,1,0.466817
3860,0.0,0.0,0.1,0.1,0.0,0.8,585,1,0.623073
3860,0.0,0.0,0.2,0.7,0.0,0.1,586,1,0.45518500000000006
3860,0.8,0.0,0.0,0.1,0.1,0.0,587,1,0.538127
3860,0.0,0.0,0.0,0.2,0.1,0.7,588,1,0.498389
3860,0.0,0.0,0.4,0.0,0.4,0.2,589,1,0.47597
3860,0.0,0.0,0.3,0.7,0.0,0.0,590,1,0.414767
3860,0.0,0.0,0.1,0.7,0.1,0.1,591,1,0.451061
3860,0.1,0.1,0.1,0.0,0.0,0.7,592,1,0.593901
3860,0.0,0.2,0.3,0.2,0.3,0.0,593,1,0.445854
3860,0.0,0.0,0.7,0.1,0.2,0.0,594,1,0.5003890000000001
3860,0.4,0.0,0.4,0.0,0.1,0.1,595,1,0.498122
3860,0.1,0.0,0.2,0.5,0.0,0.2,596,1,0.545661
3860,0.5,0.0,0.3,0.0,0.2,0.0,597,1,0.445412
3860,0.0,0.6,0.1,0.1,0.2,0.0,598,1,0.42541899999999994
3860,0.0,0.0,0.1,0.1,0.8,0.0,599,1,0.434968
3860,0.3,0.1,0.3,0.0,0.3,0.0,600,1,0.409572
3860,0.1,0.1,0.0,0.0,0.3,0.5,601,1,0.434166
3860,0.0,0.0,0.3,0.0,0.1,0.6,602,1,0.511672
3860,0.2,0.0,0.3,0.0,0.5,0.0,603,1,0.43133699999999997
3860,0.3,0.4,0.0,0.2,0.0,0.1,604,1,0.503821
3860,0.3,0.0,0.3,0.1,0.3,0.0,605,1,0.42724700000000004
3860,0.1,0.1,0.2,0.0,0.6,0.0,606,1,0.42722
3860,0.3,0.1,0.0,0.6,0.0,0.0,607,1,0.525659
3860,0.1,0.8,0.0,0.1,0.0,0.0,608,1,0.48614300000000005
3860,0.5,0.0,0.0,0.3,0.0,0.2,609,1,0.578572
3860,0.6,0.0,0.1,0.0,0.2,0.1,610,1,0.49128999999999995
3860,0.1,0.0,0.8,0.1,0.0,0.0,611,1,0.57212
3860,0.3,0.0,0.0,0.4,0.2,0.1,612,1,0.466607
3860,0.5,0.2,0.0,0.0,0.1,0.2,613,1,0.452875
3860,0.5,0.4,0.0,0.0,0.0,0.1,614,1,0.52527
3860,0.6,0.2,0.0,0.1,0.1,0.0,615,1,0.459876
3860,0.1,0.1,0.3,0.0,0.5,0.0,616,1,0.43128
3860,0.3,0.0,0.0,0.1,0.6,0.0,617,1,0.46666
3860,0.4,0.0,0.0,0.2,0.1,0.3,618,1,0.50435
3860,0.5,0.3,0.2,0.0,0.0,0.0,619,1,0.531959
3860,0.1,0.8,0.1,0.0,0.0,0.0,620,1,0.48801000000000005
3860,0.2,0.0,0.7,0.1,0.0,0.0,621,1,0.542458
3860,0.1,0.5,0.0,0.4,0.0,0.0,622,1,0.48922200000000005
3860,0.1,0.1,0.6,0.0,0.2,0.0,623,1,0.44516400000000006
3860,0.0,0.1,0.6,0.1,0.0,0.2,624,1,0.559024
3860,0.2,0.0,0.0,0.4,0.4,0.0,625,1,0.486091
3860,0.2,0.5,0.0,0.2,0.1,0.0,626,1,0.44442200000000004
3860,0.1,0.0,0.4,0.0,0.5,0.0,627,1,0.445068
3860,0.0,0.0,0.5,0.3,0.0,0.2,628,1,0.577782
3860,0.3,0.0,0.1,0.2,0.0,0.4,629,1,0.603363
3860,0.1,0.6,0.3,0.0,0.0,0.0,630,1,0.48865299999999995
3860,0.0,0.0,0.7,0.3,0.0,0.0,631,1,0.540346
3860,0.0,0.3,0.1,0.6,0.0,0.0,632,1,0.456025
3860,0.2,0.0,0.5,0.0,0.0,0.3,633,1,0.673092
3860,0.0,0.1,0.0,0.1,0.0,0.8,634,1,0.604811
3860,0.0,0.3,0.2,0.3,0.2,0.0,635,1,0.42511099999999996
3860,0.0,0.0,0.8,0.0,0.1,0.1,636,1,0.501627
3860,0.1,0.5,0.0,0.0,0.3,0.1,637,1,0.43572799999999995
3860,0.6,0.1,0.0,0.0,0.2,0.1,638,1,0.45856199999999997
3860,0.0,0.1,0.2,0.0,0.1,0.6,639,1,0.529582
3860,0.0,0.1,0.0,0.2,0.2,0.5,640,1,0.481494
3860,0.4,0.2,0.0,0.0,0.0,0.4,642,1,0.554649
3860,0.3,0.0,0.0,0.1,0.2,0.4,643,1,0.46667
3860,0.0,0.0,0.6,0.0,0.4,0.0,644,1,0.42478999999999995
3860,0.0,0.6,0.2,0.0,0.1,0.1,645,1,0.45601899999999995
3860,0.0,0.2,0.0,0.5,0.3,0.0,646,1,0.422624
3860,0.1,0.7,0.0,0.2,0.0,0.0,647,1,0.479958
3860,0.4,0.4,0.1,0.1,0.0,0.0,648,1,0.49537600000000004
3860,0.4,0.0,0.2,0.4,0.0,0.0,649,1,0.5840489999999999
3860,0.3,0.0,0.0,0.1,0.0,0.6,650,1,0.620644
3860,0.0,0.0,0.0,0.0,0.9,0.1,651,1,0.460434
3860,0.1,0.0,0.5,0.3,0.0,0.1,652,1,0.542525
3860,0.0,0.0,0.4,0.5,0.0,0.1,653,1,0.498418
3860,0.1,0.4,0.0,0.0,0.4,0.1,654,1,0.43391199999999996
3860,0.0,0.3,0.4,0.0,0.2,0.1,655,1,0.47617200000000004
3860,0.1,0.4,0.2,0.3,0.0,0.0,656,1,0.483091
3860,0.1,0.2,0.1,0.6,0.0,0.0,657,1,0.47981599999999996
3860,0.1,0.3,0.0,0.0,0.1,0.5,658,1,0.47439899999999996
3860,0.0,0.2,0.5,0.1,0.0,0.2,659,1,0.5305880000000001
3860,0.0,0.5,0.1,0.2,0.0,0.2,660,1,0.520782
3860,0.2,0.1,0.2,0.5,0.0,0.0,661,1,0.518189
3860,0.1,0.3,0.2,0.0,0.0,0.4,662,1,0.543132
3860,0.1,0.0,0.0,0.0,0.2,0.7,663,1,0.467261
3860,0.3,0.3,0.0,0.3,0.0,0.1,664,1,0.504888
3860,0.0,0.5,0.0,0.2,0.0,0.3,665,1,0.528386
3860,0.0,0.0,0.1,0.6,0.2,0.1,666,1,0.43466000000000005
3860,0.0,0.0,0.2,0.3,0.2,0.3,667,1,0.472837
3860,0.4,0.2,0.0,0.3,0.0,0.1,668,1,0.519083
3860,0.0,0.2,0.0,0.3,0.3,0.2,669,1,0.44938500000000003
3860,0.1,0.0,0.0,0.1,0.3,0.5,670,1,0.462182
3860,0.5,0.0,0.2,0.0,0.0,0.3,671,1,0.6388659999999999
3860,0.0,0.2,0.3,0.0,0.3,0.2,672,1,0.477638
3860,0.2,0.1,0.0,0.6,0.0,0.1,673,1,0.54567
3860,0.0,0.0,0.5,0.3,0.2,0.0,674,1,0.513405
3860,0.1,0.4,0.0,0.3,0.2,0.0,675,1,0.43211400000000005
3860,0.5,0.0,0.0,0.0,0.1,0.4,676,1,0.511644
3860,0.7,0.0,0.0,0.2,0.1,0.0,677,1,0.527738
3860,0.2,0.0,0.1,0.3,0.0,0.4,678,1,0.6245430000000001
3860,0.0,0.0,0.3,0.1,0.0,0.6,679,1,0.6107239999999999
3860,0.2,0.5,0.0,0.2,0.0,0.1,680,1,0.511962
3860,0.3,0.3,0.1,0.0,0.0,0.3,681,1,0.550192
3860,0.0,0.1,0.0,0.8,0.1,0.0,682,1,0.491925
3860,0.0,0.1,0.7,0.1,0.1,0.0,683,1,0.46778000000000003
3860,0.0,0.0,0.6,0.1,0.0,0.3,684,1,0.555226
3860,0.4,0.0,0.2,0.1,0.3,0.0,685,1,0.42799499999999996
3860,0.2,0.0,0.1,0.3,0.4,0.0,686,1,0.451632
3860,0.3,0.0,0.3,0.0,0.2,0.2,687,1,0.48061099999999995
3860,0.0,0.1,0.4,0.5,0.0,0.0,688,1,0.48880500000000005
3860,0.0,0.0,0.2,0.0,0.3,0.5,689,1,0.477034
3860,0.4,0.1,0.0,0.1,0.0,0.4,690,1,0.5637449999999999
3860,0.0,0.2,0.0,0.3,0.5,0.0,691,1,0.43767399999999995
3860,0.2,0.0,0.5,0.1,0.0,0.2,692,1,0.6099899999999999
3860,0.0,0.0,0.1,0.4,0.2,0.3,693,1,0.47141099999999997
3860,0.0,0.0,0.2,0.0,0.7,0.1,694,1,0.447622
3860,0.0,0.2,0.1,0.5,0.0,0.2,695,1,0.536324
3860,0.2,0.2,0.0,0.3,0.0,0.3,696,1,0.543446
3860,0.0,0.1,0.2,0.0,0.7,0.0,697,1,0.42958199999999996
3860,0.7,0.0,0.2,0.0,0.0,0.1,698,1,0.678454
3860,0.2,0.3,0.4,0.1,0.0,0.0,699,1,0.515289
3860,0.1,0.6,0.0,0.0,0.1,0.2,700,1,0.46493999999999996
3860,0.2,0.1,0.5,0.2,0.0,0.0,701,1,0.5436810000000001
3860,0.4,0.2,0.3,0.1,0.0,0.0,702,1,0.54914
3860,0.2,0.0,0.0,0.1,0.6,0.1,703,1,0.455246
3860,0.3,0.0,0.0,0.1,0.3,0.3,704,1,0.466954
3860,0.3,0.7,0.0,0.0,0.0,0.0,706,1,0.470167
3860,0.0,0.3,0.0,0.2,0.1,0.4,707,1,0.496604
3860,0.3,0.6,0.0,0.0,0.0,0.1,708,1,0.49202700000000005
3860,0.1,0.0,0.1,0.0,0.4,0.4,709,1,0.464145
3860,0.0,0.4,0.1,0.4,0.0,0.1,710,1,0.498775
3860,0.0,0.4,0.0,0.2,0.1,0.3,711,1,0.488479
3860,0.6,0.1,0.0,0.3,0.0,0.0,712,1,0.530738
3860,0.0,0.1,0.1,0.8,0.0,0.0,713,1,0.403169
3860,0.0,0.2,0.0,0.3,0.0,0.5,714,1,0.5553899999999999
3860,0.3,0.3,0.0,0.4,0.0,0.0,715,1,0.488245
3860,0.0,0.0,0.9,0.0,0.1,0.0,716,1,0.466104
3860,0.0,0.3,0.0,0.2,0.0,0.5,717,1,0.531556
3860,0.2,0.2,0.0,0.5,0.0,0.1,718,1,0.497883
3860,0.5,0.1,0.0,0.0,0.3,0.1,719,1,0.414372
3860,0.0,0.2,0.0,0.2,0.1,0.5,720,1,0.49151000000000006
3860,0.0,0.3,0.1,0.4,0.0,0.2,721,1,0.524572
3860,0.1,0.1,0.5,0.0,0.0,0.3,722,1,0.5724739999999999
3860,0.0,0.0,0.0,0.2,0.3,0.5,723,1,0.46341899999999997
3860,0.0,0.5,0.1,0.2,0.2,0.0,724,1,0.419361
3860,0.4,0.2,0.0,0.1,0.0,0.3,725,1,0.538733
3860,0.0,0.3,0.0,0.2,0.2,0.3,726,1,0.461082
3860,0.1,0.5,0.0,0.2,0.2,0.0,727,1,0.414445
3860,0.3,0.2,0.2,0.0,0.0,0.3,728,1,0.554435
3860,0.0,0.4,0.2,0.0,0.4,0.0,729,1,0.452812
3860,0.5,0.4,0.0,0.0,0.1,0.0,730,1,0.439317
3860,0.3,0.3,0.2,0.2,0.0,0.0,731,1,0.514659
3860,0.2,0.2,0.1,0.5,0.0,0.0,732,1,0.514072
3860,0.1,0.0,0.5,0.2,0.0,0.2,733,1,0.564513
3860,0.3,0.1,0.0,0.0,0.2,0.4,734,1,0.4492
3860,0.1,0.0,0.2,0.0,0.1,0.6,735,1,0.526159
3860,0.2,0.0,0.5,0.3,0.0,0.0,736,1,0.559906
3860,0.6,0.0,0.1,0.0,0.0,0.3,737,1,0.655053
3860,0.1,0.7,0.1,0.0,0.0,0.1,738,1,0.49271499999999996
3860,0.1,0.5,0.2,0.0,0.0,0.2,739,1,0.51757
3860,0.0,0.0,0.4,0.0,0.2,0.4,740,1,0.48360600000000004
3860,0.1,0.0,0.3,0.0,0.4,0.2,741,1,0.47477700000000006
3860,0.1,0.0,0.0,0.2,0.6,0.1,742,1,0.471725
3860,0.0,0.1,0.2,0.0,0.2,0.5,743,1,0.498292
3860,0.0,0.1,0.3,0.3,0.0,0.3,744,1,0.5758979999999999
3860,0.0,0.1,0.6,0.0,0.0,0.3,745,1,0.5851350000000001
3860,0.0,0.2,0.1,0.0,0.0,0.7,746,1,0.588359
3860,0.5,0.0,0.0,0.4,0.1,0.0,747,1,0.5149560000000001
3860,0.2,0.0,0.4,0.4,0.0,0.0,748,1,0.559343
3860,0.4,0.0,0.2,0.0,0.1,0.3,749,1,0.515309
3860,0.0,0.7,0.0,0.0,0.2,0.1,750,1,0.45154099999999997
3860,0.2,0.0,0.1,0.0,0.0,0.7,751,1,0.575684
3860,0.0,0.2,0.0,0.0,0.7,0.1,752,1,0.435144
3860,0.9,0.1,0.0,0.0,0.0,0.0,753,1,0.626875
3860,0.0,0.5,0.0,0.0,0.0,0.5,754,1,0.531768
3860,0.0,0.2,0.0,0.1,0.6,0.1,755,1,0.457967
3860,0.0,0.0,0.0,0.4,0.1,0.5,756,1,0.49962399999999996
3860,0.0,0.0,0.0,0.2,0.5,0.3,757,1,0.443583
3860,0.4,0.2,0.3,0.0,0.1,0.0,758,1,0.42833699999999997
3860,0.2,0.0,0.0,0.0,0.1,0.7,759,1,0.525893
3860,0.0,0.2,0.4,0.4,0.0,0.0,760,1,0.46516899999999994
3860,0.0,0.1,0.5,0.2,0.2,0.0,761,1,0.46503199999999995
3860,0.0,0.3,0.1,0.3,0.0,0.3,762,1,0.5608850000000001
3860,0.1,0.0,0.2,0.3,0.4,0.0,763,1,0.44498000000000004
3860,0.5,0.2,0.0,0.3,0.0,0.0,764,1,0.522859
3860,0.0,0.1,0.1,0.4,0.4,0.0,765,1,0.440072
3860,0.2,0.5,0.2,0.1,0.0,0.0,766,1,0.508157
3860,0.0,0.0,0.2,0.1,0.3,0.4,767,1,0.47347799999999995
3860,0.2,0.6,0.1,0.1,0.0,0.0,768,1,0.507174
3860,0.1,0.2,0.0,0.7,0.0,0.0,770,1,0.489413
3860,0.0,0.3,0.2,0.1,0.0,0.4,771,1,0.5490109999999999
3860,0.4,0.0,0.3,0.1,0.0,0.2,772,1,0.607262
3860,0.0,0.3,0.1,0.0,0.2,0.4,773,1,0.47561800000000004
3860,0.4,0.1,0.0,0.3,0.0,0.2,774,1,0.553667
3860,0.0,0.6,0.0,0.0,0.1,0.3,775,1,0.475971
3860,0.0,0.7,0.3,0.0,0.0,0.0,776,1,0.44064799999999993
3860,0.1,0.0,0.0,0.8,0.1,0.0,777,1,0.49190100000000003
3860,0.1,0.0,0.3,0.5,0.1,0.0,778,1,0.443517
3860,0.1,0.0,0.7,0.0,0.2,0.0,779,1,0.44498999999999994
3860,0.1,0.0,0.2,0.4,0.3,0.0,780,1,0.442666
3860,0.0,0.1,0.1,0.2,0.0,0.6,781,1,0.5578380000000001
3860,0.1,0.0,0.0,0.1,0.7,0.1,782,1,0.450718
3860,0.7,0.0,0.0,0.1,0.2,0.0,783,1,0.477839
3860,0.1,0.6,0.0,0.1,0.0,0.2,784,1,0.49928500000000003
3860,0.0,0.4,0.1,0.0,0.2,0.3,785,1,0.45999399999999996
3860,0.0,0.6,0.0,0.0,0.4,0.0,786,1,0.461819
3860,0.1,0.1,0.0,0.5,0.3,0.0,787,1,0.46663000000000004
3860,0.3,0.0,0.2,0.0,0.5,0.0,788,1,0.429529
3860,0.6,0.0,0.0,0.1,0.1,0.2,789,1,0.496622
3860,0.5,0.2,0.2,0.0,0.0,0.1,790,1,0.563109
3860,0.3,0.0,0.4,0.1,0.0,0.2,791,1,0.605721
3860,0.1,0.2,0.0,0.6,0.0,0.1,792,1,0.519269
3860,0.3,0.0,0.0,0.0,0.7,0.0,793,1,0.451608
3860,0.0,0.9,0.0,0.1,0.0,0.0,794,1,0.459516
3860,0.0,0.3,0.3,0.2,0.2,0.0,795,1,0.437497
3860,0.0,0.5,0.3,0.1,0.0,0.1,796,1,0.49679799999999996
3860,0.1,0.0,0.1,0.7,0.1,0.0,797,1,0.46533599999999997
3860,0.0,0.1,0.1,0.0,0.5,0.3,798,1,0.44318
3860,0.4,0.3,0.0,0.1,0.2,0.0,799,1,0.42464799999999997
3860,0.5,0.0,0.5,0.0,0.0,0.0,800,1,0.658492
3860,0.0,0.3,0.6,0.0,0.0,0.1,801,1,0.476965
3860,0.0,0.3,0.1,0.0,0.0,0.6,802,1,0.563083
3860,0.3,0.0,0.4,0.2,0.0,0.1,803,1,0.616225
3860,0.5,0.1,0.0,0.4,0.0,0.0,804,1,0.544046
3860,0.0,0.1,0.4,0.2,0.3,0.0,805,1,0.471105
3860,0.2,0.1,0.0,0.7,0.0,0.0,806,1,0.537027
3860,0.0,0.0,0.4,0.0,0.0,0.6,807,1,0.645582
3860,0.4,0.1,0.2,0.0,0.0,0.3,808,1,0.60229
3860,0.1,0.0,0.0,0.6,0.1,0.2,809,1,0.50235
3860,0.3,0.0,0.1,0.0,0.5,0.1,810,1,0.43512700000000004
3860,0.3,0.3,0.3,0.0,0.1,0.0,811,1,0.416126
3860,0.6,0.1,0.0,0.0,0.1,0.2,812,1,0.495166
3860,0.3,0.0,0.3,0.0,0.4,0.0,813,1,0.430884
3860,0.0,0.5,0.0,0.2,0.1,0.2,814,1,0.478534
3860,0.0,0.1,0.5,0.3,0.1,0.0,815,1,0.48123599999999994
3860,0.3,0.2,0.0,0.1,0.0,0.4,816,1,0.553344
3860,0.0,0.5,0.0,0.4,0.0,0.1,817,1,0.5270729999999999
3860,0.0,0.0,0.6,0.0,0.0,0.4,818,1,0.602558
3860,0.3,0.0,0.4,0.0,0.2,0.1,819,1,0.465192
3860,0.3,0.4,0.2,0.1,0.0,0.0,820,1,0.510315
3860,0.1,0.7,0.1,0.0,0.1,0.0,821,1,0.41756899999999997
3860,0.1,0.3,0.1,0.0,0.5,0.0,822,1,0.42418500000000003
3860,0.3,0.0,0.5,0.2,0.0,0.0,823,1,0.5995689999999999
3860,0.1,0.5,0.2,0.0,0.2,0.0,824,1,0.42501700000000003
3860,0.0,0.1,0.0,0.8,0.0,0.1,825,1,0.515439
3860,0.0,0.0,0.2,0.5,0.3,0.0,826,1,0.43755
3860,0.3,0.5,0.1,0.0,0.1,0.0,827,1,0.42316499999999996
3860,0.0,0.3,0.2,0.0,0.3,0.2,828,1,0.47093999999999997
3860,0.0,0.0,0.1,0.2,0.6,0.1,829,1,0.45278999999999997
3860,0.4,0.0,0.0,0.0,0.3,0.3,830,1,0.46062299999999995
3860,0.0,0.4,0.4,0.0,0.0,0.2,831,1,0.49999399999999994
3860,0.4,0.1,0.3,0.0,0.0,0.2,832,1,0.6185609999999999
3860,0.0,0.5,0.0,0.3,0.1,0.1,834,1,0.457158
3860,0.0,0.4,0.0,0.3,0.1,0.2,835,1,0.472864
3860,0.1,0.3,0.5,0.1,0.0,0.0,836,1,0.458821
3860,0.0,0.1,0.0,0.2,0.6,0.1,837,1,0.44705600000000006
3860,0.0,0.0,0.0,0.5,0.0,0.5,838,1,0.5584520000000001
3860,0.0,0.1,0.5,0.0,0.3,0.1,839,1,0.461207
3860,0.5,0.0,0.0,0.0,0.2,0.3,840,1,0.452186
3860,0.8,0.0,0.0,0.1,0.0,0.1,841,1,0.626505
3860,0.0,0.3,0.7,0.0,0.0,0.0,842,1,0.44281899999999996
3860,0.0,0.4,0.4,0.1,0.1,0.0,843,1,0.42874300000000004
3860,0.1,0.4,0.1,0.0,0.4,0.0,844,1,0.433792
3860,0.3,0.4,0.0,0.1,0.2,0.0,845,1,0.41343
3860,0.0,0.3,0.2,0.0,0.2,0.3,846,1,0.45479200000000003
3860,0.3,0.0,0.0,0.1,0.5,0.1,847,1,0.43105600000000005
3860,0.1,0.0,0.5,0.0,0.4,0.0,848,1,0.43977200000000005
3860,0.3,0.1,0.0,0.5,0.1,0.0,849,1,0.46745600000000004
3860,0.4,0.2,0.0,0.1,0.3,0.0,850,1,0.40352899999999997
3860,0.5,0.3,0.1,0.0,0.0,0.1,851,1,0.520423
3860,0.1,0.5,0.0,0.0,0.0,0.4,852,1,0.510844
3860,0.2,0.5,0.1,0.0,0.0,0.2,853,1,0.506587
3860,0.0,0.4,0.0,0.1,0.2,0.3,854,1,0.45738999999999996
3860,0.0,0.3,0.3,0.0,0.1,0.3,855,1,0.473129
3860,0.5,0.0,0.1,0.0,0.0,0.4,856,1,0.6263479999999999
3860,0.0,0.1,0.2,0.0,0.5,0.2,857,1,0.460045
3860,0.0,0.3,0.0,0.3,0.1,0.3,858,1,0.490217
3860,0.6,0.1,0.2,0.1,0.0,0.0,859,1,0.5656899999999999
3860,0.0,0.4,0.0,0.2,0.0,0.4,860,1,0.554999
3860,0.0,0.1,0.1,0.7,0.0,0.1,861,1,0.485942
3860,0.0,0.1,0.0,0.2,0.5,0.2,862,1,0.45486400000000005
3860,0.0,0.0,0.0,0.1,0.0,0.9,863,1,0.588804
3860,0.1,0.0,0.3,0.3,0.0,0.3,864,1,0.607456
3860,0.0,0.2,0.0,0.5,0.2,0.1,865,1,0.47213299999999997
3860,0.5,0.0,0.4,0.1,0.0,0.0,866,1,0.633212
3860,0.0,0.0,0.5,0.0,0.0,0.5,867,1,0.653532
3860,0.7,0.0,0.1,0.1,0.1,0.0,868,1,0.5100399999999999
3860,0.1,0.0,0.3,0.2,0.4,0.0,869,1,0.460492
3860,0.0,0.3,0.2,0.2,0.3,0.0,870,1,0.43679399999999996
3860,0.0,0.1,0.3,0.0,0.5,0.1,871,1,0.440583
3860,0.1,0.5,0.1,0.0,0.0,0.3,872,1,0.526478
3860,0.0,0.3,0.0,0.1,0.6,0.0,873,1,0.44488500000000003
3860,0.2,0.7,0.0,0.0,0.1,0.0,874,1,0.432742
3860,0.0,0.4,0.2,0.4,0.0,0.0,875,1,0.46170100000000003
3860,0.2,0.0,0.3,0.2,0.0,0.3,876,1,0.596454
3860,0.3,0.3,0.2,0.0,0.2,0.0,877,1,0.402277
3860,0.4,0.0,0.0,0.2,0.4,0.0,878,1,0.452625
3860,0.1,0.7,0.0,0.1,0.0,0.1,879,1,0.5084930000000001
3860,0.6,0.0,0.1,0.3,0.0,0.0,880,1,0.5885239999999999
3860,0.1,0.2,0.0,0.0,0.2,0.5,881,1,0.464585
3860,0.0,0.0,0.3,0.0,0.2,0.5,882,1,0.48828
3860,0.0,0.0,0.0,0.4,0.4,0.2,883,1,0.443387
3860,0.2,0.1,0.0,0.2,0.5,0.0,884,1,0.439879
3860,0.0,0.3,0.2,0.4,0.0,0.1,885,1,0.5210600000000001
3860,0.0,0.4,0.2,0.0,0.3,0.1,886,1,0.476905
3860,0.3,0.0,0.1,0.5,0.1,0.0,887,1,0.48869399999999996
3860,0.0,0.2,0.1,0.6,0.0,0.1,888,1,0.519314
3860,0.5,0.0,0.0,0.1,0.2,0.2,889,1,0.486677
3860,0.1,0.0,0.3,0.2,0.0,0.4,890,1,0.6200260000000001
3860,0.3,0.2,0.0,0.4,0.0,0.1,891,1,0.522011
3860,0.2,0.6,0.0,0.0,0.1,0.1,892,1,0.45163100000000006
3860,0.3,0.0,0.1,0.1,0.0,0.5,893,1,0.6292800000000001
3860,0.1,0.3,0.0,0.4,0.0,0.2,894,1,0.53745
3860,0.0,0.3,0.0,0.5,0.1,0.1,895,1,0.483842
3860,0.0,0.0,0.8,0.1,0.1,0.0,896,1,0.51578
3860,0.5,0.0,0.1,0.0,0.1,0.3,898,1,0.523883
3860,0.3,0.0,0.6,0.0,0.0,0.1,899,1,0.575484
3860,0.4,0.0,0.0,0.1,0.3,0.2,900,1,0.45954799999999996
3860,0.2,0.0,0.0,0.0,0.4,0.4,901,1,0.451294
3860,0.6,0.1,0.0,0.0,0.0,0.3,902,1,0.590828
3860,0.0,0.1,0.0,0.3,0.3,0.3,903,1,0.44810200000000006
3860,0.0,0.1,0.0,0.1,0.4,0.4,904,1,0.43658500000000006
3860,0.4,0.3,0.0,0.0,0.0,0.3,905,1,0.5203270000000001
3860,0.2,0.1,0.0,0.3,0.4,0.0,906,1,0.434803
3860,0.0,0.2,0.0,0.0,0.3,0.5,907,1,0.458638
3860,0.2,0.0,0.2,0.0,0.5,0.1,908,1,0.449113
3860,0.0,0.3,0.5,0.1,0.1,0.0,909,1,0.433828
3860,0.0,0.2,0.5,0.1,0.2,0.0,910,1,0.447937
3860,0.0,0.3,0.0,0.1,0.3,0.3,911,1,0.44561000000000006
3860,0.4,0.0,0.1,0.5,0.0,0.0,912,1,0.536079
3860,0.0,0.4,0.0,0.5,0.0,0.1,913,1,0.488883
3860,0.1,0.0,0.5,0.1,0.0,0.3,914,1,0.601565
3860,0.0,0.1,0.3,0.1,0.0,0.5,915,1,0.571166
3860,0.0,0.5,0.4,0.0,0.0,0.1,916,1,0.466153
3860,0.3,0.2,0.0,0.0,0.4,0.1,917,1,0.401418
3860,0.2,0.1,0.0,0.4,0.0,0.3,918,1,0.543225
3860,0.2,0.0,0.3,0.3,0.0,0.2,919,1,0.577676
3860,0.4,0.0,0.1,0.4,0.1,0.0,920,1,0.48021800000000003
3860,0.2,0.1,0.6,0.1,0.0,0.0,921,1,0.508939
3860,0.0,0.2,0.3,0.0,0.1,0.4,922,1,0.49068999999999996
3860,0.0,0.1,0.4,0.0,0.2,0.3,923,1,0.47054700000000005
3860,0.1,0.1,0.0,0.6,0.0,0.2,924,1,0.529806
3860,0.1,0.3,0.0,0.3,0.3,0.0,925,1,0.420847
3860,0.2,0.3,0.5,0.0,0.0,0.0,926,1,0.49115200000000003
3860,0.0,0.3,0.0,0.4,0.3,0.0,927,1,0.429846
3860,0.4,0.0,0.1,0.4,0.0,0.1,928,1,0.576171
3860,0.3,0.0,0.0,0.2,0.2,0.3,929,1,0.482386
3860,0.2,0.0,0.4,0.0,0.4,0.0,930,1,0.43281400000000003
3860,0.2,0.0,0.0,0.3,0.5,0.0,931,1,0.484752
3860,0.0,0.1,0.0,0.0,0.1,0.8,932,1,0.507234
3860,0.0,0.0,0.1,0.0,0.2,0.7,933,1,0.49311000000000005
3860,0.4,0.1,0.0,0.4,0.1,0.0,934,1,0.469238
3860,0.3,0.3,0.0,0.0,0.2,0.2,935,1,0.41718
3860,0.0,0.9,0.0,0.0,0.0,0.1,936,1,0.48900299999999997
3860,0.2,0.6,0.0,0.1,0.0,0.1,937,1,0.50849
3860,0.3,0.0,0.6,0.1,0.0,0.0,938,1,0.598079
3860,0.0,0.4,0.0,0.2,0.4,0.0,939,1,0.43299799999999994
3860,0.1,0.6,0.2,0.1,0.0,0.0,940,1,0.485543
3860,0.0,0.2,0.0,0.7,0.1,0.0,941,1,0.443013
3860,0.3,0.5,0.0,0.0,0.2,0.0,942,1,0.40438
3860,0.2,0.1,0.0,0.0,0.5,0.2,943,1,0.42362299999999997
3860,0.6,0.1,0.0,0.0,0.3,0.0,944,1,0.41752700000000004
3860,0.1,0.0,0.0,0.1,0.6,0.2,945,1,0.44988100000000003
3860,0.4,0.3,0.0,0.2,0.0,0.1,946,1,0.516884
3860,0.1,0.0,0.4,0.0,0.3,0.2,947,1,0.473574
3860,0.0,0.0,0.4,0.3,0.3,0.0,948,1,0.489756
3860,0.0,0.3,0.0,0.1,0.2,0.4,949,1,0.47271499999999994
3860,0.0,0.2,0.0,0.0,0.5,0.3,950,1,0.43920299999999995
3860,0.1,0.3,0.0,0.5,0.1,0.0,951,1,0.458742
3860,0.0,0.0,0.0,0.4,0.0,0.6,952,1,0.570472
3860,0.6,0.3,0.0,0.0,0.1,0.0,953,1,0.44826000000000005
3860,0.0,0.0,0.1,0.1,0.2,0.6,954,1,0.491328
3860,0.0,0.1,0.8,0.1,0.0,0.0,955,1,0.475612
3860,0.4,0.1,0.1,0.0,0.0,0.4,956,1,0.614405
3860,0.6,0.0,0.1,0.2,0.1,0.0,957,1,0.496594
3860,0.0,0.1,0.2,0.0,0.3,0.4,958,1,0.474713
3860,0.0,0.3,0.5,0.0,0.1,0.1,959,1,0.477134
3860,0.0,0.0,0.5,0.2,0.1,0.2,960,1,0.49775
3860,0.2,0.2,0.5,0.1,0.0,0.0,962,1,0.49462799999999996
3860,0.1,0.0,0.2,0.0,0.3,0.4,963,1,0.47989899999999996
3860,0.1,0.0,0.3,0.0,0.6,0.0,964,1,0.43226099999999995
3860,0.0,0.0,0.3,0.2,0.5,0.0,965,1,0.444223
3860,0.0,0.1,0.2,0.4,0.3,0.0,966,1,0.42931800000000003
3860,0.2,0.2,0.1,0.0,0.5,0.0,967,1,0.415004
3860,0.2,0.4,0.1,0.0,0.0,0.3,968,1,0.514609
3860,0.6,0.2,0.0,0.0,0.1,0.1,969,1,0.442809
3860,0.0,0.0,0.2,0.3,0.4,0.1,970,1,0.45187200000000005
3860,0.0,0.0,0.3,0.4,0.3,0.0,971,1,0.454359
3860,0.3,0.4,0.0,0.2,0.1,0.0,972,1,0.444405
3860,0.0,0.8,0.0,0.1,0.1,0.0,973,1,0.42325
3860,0.3,0.0,0.1,0.0,0.3,0.3,974,1,0.45138900000000004
3860,0.2,0.0,0.4,0.0,0.1,0.3,975,1,0.504807
3860,0.1,0.4,0.4,0.1,0.0,0.0,976,1,0.457722
3860,0.3,0.3,0.3,0.1,0.0,0.0,977,1,0.503119
3860,0.0,0.3,0.2,0.0,0.0,0.5,978,1,0.533782
3860,0.1,0.0,0.0,0.3,0.6,0.0,979,1,0.47756099999999996
3860,0.4,0.1,0.3,0.0,0.2,0.0,980,1,0.42116099999999995
3860,0.5,0.0,0.1,0.4,0.0,0.0,981,1,0.556309
3860,0.1,0.0,0.1,0.0,0.5,0.3,982,1,0.45296499999999995
3860,0.0,0.1,0.0,0.0,0.5,0.4,983,1,0.447321
3860,0.0,0.0,0.6,0.1,0.1,0.2,984,1,0.485055
3860,0.0,0.3,0.0,0.3,0.4,0.0,985,1,0.42462
3860,0.1,0.0,0.0,0.4,0.4,0.1,986,1,0.472238
3860,0.0,0.2,0.4,0.1,0.0,0.3,987,1,0.538866
3860,0.1,0.2,0.0,0.5,0.0,0.2,988,1,0.528162
3860,0.1,0.3,0.5,0.0,0.0,0.1,989,1,0.499917
3860,0.4,0.0,0.2,0.0,0.4,0.0,990,1,0.427407
3860,0.0,0.1,0.7,0.2,0.0,0.0,991,1,0.47519799999999995
3860,0.0,0.0,0.1,0.1,0.5,0.3,992,1,0.458818
3860,0.2,0.0,0.6,0.1,0.0,0.1,993,1,0.594055
3860,0.2,0.0,0.0,0.1,0.2,0.5,994,1,0.49647399999999997
3860,0.3,0.0,0.0,0.6,0.0,0.1,995,1,0.576385
3860,0.0,0.0,0.1,0.5,0.0,0.4,996,1,0.576866
3860,0.4,0.0,0.0,0.1,0.4,0.1,997,1,0.44956
3860,0.2,0.5,0.0,0.1,0.2,0.0,998,1,0.417725
3860,0.1,0.3,0.6,0.0,0.0,0.0,999,1,0.464733
3860,0.5,0.0,0.0,0.5,0.0,0.0,1000,1,0.525274
3860,0.0,0.1,0.1,0.0,0.3,0.5,1001,1,0.47782299999999994
3860,0.1,0.0,0.5,0.0,0.0,0.4,1002,1,0.638513
3860,0.0,0.0,0.1,0.4,0.3,0.2,1003,1,0.444985
3860,0.1,0.2,0.6,0.1,0.0,0.0,1004,1,0.49526800000000004
3860,0.2,0.3,0.0,0.1,0.0,0.4,1005,1,0.538934
3860,0.2,0.1,0.0,0.0,0.7,0.0,1006,1,0.426142
3860,0.0,0.0,0.0,0.0,0.6,0.4,1007,1,0.453417
3860,0.6,0.1,0.0,0.1,0.0,0.2,1008,1,0.5780109999999999
3860,0.2,0.0,0.0,0.7,0.1,0.0,1009,1,0.507517
3860,0.1,0.7,0.1,0.1,0.0,0.0,1010,1,0.487422
3860,0.0,0.0,0.0,0.1,0.5,0.4,1011,1,0.4459
3860,0.0,0.3,0.1,0.1,0.0,0.5,1012,1,0.5572550000000001
3860,0.5,0.0,0.2,0.3,0.0,0.0,1013,1,0.586313
3860,0.0,0.4,0.3,0.0,0.1,0.2,1014,1,0.47090299999999996
3860,0.1,0.4,0.0,0.2,0.0,0.3,1015,1,0.55324
3860,0.7,0.1,0.0,0.0,0.0,0.2,1016,1,0.619405
3860,0.6,0.4,0.0,0.0,0.0,0.0,1017,1,0.51079
3860,0.1,0.1,0.0,0.1,0.0,0.7,1018,1,0.5749340000000001
3860,0.0,0.3,0.4,0.0,0.1,0.2,1019,1,0.472326
3860,0.2,0.0,0.0,0.6,0.1,0.1,1020,1,0.511286
3860,0.1,0.0,0.0,0.7,0.2,0.0,1021,1,0.496866
3860,0.5,0.2,0.2,0.1,0.0,0.0,1022,1,0.552794
3860,0.0,0.0,0.1,0.4,0.1,0.4,1023,1,0.517716
3860,0.0,0.0,0.0,0.7,0.3,0.0,1024,1,0.44317
3860,0.0,0.5,0.0,0.0,0.2,0.3,1026,1,0.46611
3860,0.3,0.3,0.0,0.3,0.1,0.0,1027,1,0.45420900000000003
3860,0.1,0.2,0.6,0.0,0.1,0.0,1028,1,0.412696
3860,0.4,0.2,0.1,0.0,0.3,0.0,1029,1,0.403989
3860,0.5,0.0,0.0,0.0,0.5,0.0,1030,1,0.447636
3860,0.4,0.0,0.0,0.1,0.0,0.5,1031,1,0.615082
3860,0.1,0.1,0.7,0.0,0.1,0.0,1032,1,0.413499
3860,0.4,0.1,0.0,0.3,0.2,0.0,1033,1,0.43131800000000003
3860,0.5,0.0,0.0,0.0,0.3,0.2,1034,1,0.427104
3860,0.3,0.0,0.2,0.0,0.3,0.2,1035,1,0.442671
3860,0.0,0.1,0.0,0.1,0.6,0.2,1036,1,0.442377
3860,0.0,0.2,0.1,0.4,0.0,0.3,1037,1,0.523224
3860,0.2,0.5,0.1,0.0,0.2,0.0,1038,1,0.406552
3860,0.0,0.6,0.1,0.1,0.0,0.2,1039,1,0.500041
3860,0.0,0.3,0.4,0.0,0.3,0.0,1040,1,0.44057299999999994
3860,0.1,0.2,0.5,0.2,0.0,0.0,1041,1,0.457589
3860,0.0,0.1,0.0,0.4,0.2,0.3,1042,1,0.464027
3860,0.0,0.0,0.5,0.0,0.1,0.4,1043,1,0.487479
3860,0.0,0.0,0.0,0.5,0.5,0.0,1044,1,0.436989
3860,0.0,0.1,0.1,0.4,0.0,0.4,1045,1,0.553754
3860,0.1,0.0,0.1,0.2,0.0,0.6,1046,1,0.5757869999999999
3860,0.0,0.1,0.7,0.1,0.0,0.1,1047,1,0.496163
3860,0.0,0.1,0.5,0.0,0.4,0.0,1048,1,0.415925
3860,0.1,0.0,0.4,0.4,0.1,0.0,1049,1,0.475971
3860,0.0,0.3,0.0,0.3,0.3,0.1,1050,1,0.443407
3860,0.6,0.3,0.0,0.1,0.0,0.0,1051,1,0.513554
3860,0.1,0.2,0.0,0.3,0.0,0.4,1052,1,0.536371
3860,0.3,0.1,0.0,0.1,0.5,0.0,1053,1,0.40884000000000004
3860,0.1,0.0,0.0,0.3,0.1,0.5,1054,1,0.484766
3860,0.7,0.0,0.0,0.0,0.1,0.2,1055,1,0.530972
3860,0.5,0.0,0.1,0.2,0.0,0.2,1056,1,0.604322
3860,0.2,0.0,0.1,0.4,0.3,0.0,1057,1,0.460103
3860,0.0,0.2,0.4,0.1,0.3,0.0,1058,1,0.447151
3860,0.0,0.2,0.0,0.1,0.0,0.7,1059,1,0.564612
3860,0.3,0.0,0.4,0.0,0.3,0.0,1060,1,0.42757799999999996
3860,0.1,0.0,0.5,0.0,0.2,0.2,1061,1,0.47871499999999995
3860,0.0,0.0,0.0,0.1,0.1,0.8,1062,1,0.513232
3860,0.0,0.7,0.1,0.1,0.1,0.0,1063,1,0.426426
3860,0.1,0.0,0.0,0.2,0.7,0.0,1064,1,0.49276000000000003
3860,0.8,0.0,0.0,0.0,0.1,0.1,1065,1,0.579037
3860,0.3,0.4,0.0,0.0,0.0,0.3,1066,1,0.5295340000000001
3860,0.0,0.1,0.0,0.1,0.2,0.6,1067,1,0.48127600000000004
3860,0.1,0.0,0.2,0.2,0.0,0.5,1068,1,0.60672
3860,0.5,0.0,0.0,0.1,0.3,0.1,1069,1,0.455554
3860,0.0,0.1,0.1,0.0,0.6,0.2,1070,1,0.45238500000000004
3860,0.1,0.0,0.3,0.0,0.3,0.3,1071,1,0.473638
3860,0.4,0.3,0.1,0.0,0.2,0.0,1072,1,0.398918
3860,0.3,0.0,0.0,0.2,0.5,0.0,1073,1,0.46069
3860,0.0,0.6,0.3,0.0,0.1,0.0,1074,1,0.456005
3860,0.4,0.0,0.6,0.0,0.0,0.0,1075,1,0.5983229999999999
3860,0.0,0.2,0.1,0.7,0.0,0.0,1076,1,0.449829
3860,0.5,0.1,0.0,0.2,0.2,0.0,1077,1,0.446754
3860,0.0,0.0,0.4,0.3,0.2,0.1,1078,1,0.48848400000000003
3860,0.0,0.2,0.3,0.4,0.1,0.0,1079,1,0.438046
3860,0.1,0.0,0.0,0.0,0.8,0.1,1080,1,0.470524
3860,0.8,0.1,0.0,0.0,0.1,0.0,1081,1,0.526169
3860,0.2,0.3,0.0,0.1,0.4,0.0,1082,1,0.405433
3860,0.1,0.0,0.1,0.8,0.0,0.0,1083,1,0.450822
3860,0.0,0.0,0.6,0.4,0.0,0.0,1084,1,0.5209699999999999
3860,0.1,0.4,0.0,0.4,0.1,0.0,1085,1,0.446934
3860,0.1,0.0,0.2,0.0,0.2,0.5,1086,1,0.500368
3860,0.0,0.3,0.3,0.0,0.2,0.2,1087,1,0.472992
3860,0.1,0.4,0.0,0.1,0.0,0.4,1088,1,0.544654
3860,0.0,0.3,0.6,0.0,0.1,0.0,1090,1,0.43918
3860,0.2,0.1,0.4,0.3,0.0,0.0,1091,1,0.511613
3860,0.2,0.2,0.0,0.1,0.0,0.5,1092,1,0.548519
3860,0.0,0.2,0.2,0.1,0.0,0.5,1093,1,0.55407
3860,0.0,0.0,0.0,0.5,0.4,0.1,1094,1,0.454475
3860,0.5,0.0,0.2,0.1,0.0,0.2,1095,1,0.623021
3860,0.2,0.0,0.1,0.5,0.0,0.2,1096,1,0.5603640000000001
3860,0.2,0.3,0.0,0.5,0.0,0.0,1097,1,0.474322
3860,0.0,0.1,0.3,0.1,0.5,0.0,1098,1,0.43056000000000005
3860,0.3,0.2,0.0,0.2,0.0,0.3,1099,1,0.524601
3860,0.6,0.0,0.0,0.0,0.3,0.1,1100,1,0.43923100000000004
3860,0.2,0.4,0.0,0.0,0.1,0.3,1101,1,0.433105
3860,0.4,0.0,0.1,0.0,0.2,0.3,1102,1,0.46928500000000006
3860,0.5,0.0,0.1,0.0,0.4,0.0,1103,1,0.42588100000000007
3860,0.2,0.0,0.0,0.2,0.1,0.5,1104,1,0.483729
3860,0.0,0.2,0.1,0.1,0.0,0.6,1105,1,0.54167
3860,0.1,0.2,0.0,0.0,0.1,0.6,1106,1,0.452455
3860,0.0,0.2,0.1,0.0,0.2,0.5,1107,1,0.473426
3860,0.2,0.2,0.3,0.0,0.0,0.3,1108,1,0.545995
3860,0.0,0.0,0.3,0.3,0.1,0.3,1109,1,0.493429
3860,0.3,0.0,0.1,0.5,0.0,0.1,1110,1,0.564697
3860,0.0,0.3,0.2,0.3,0.0,0.2,1111,1,0.476638
3860,0.4,0.0,0.1,0.0,0.1,0.4,1112,1,0.524728
3860,0.0,0.0,0.1,0.3,0.0,0.6,1113,1,0.585983
3860,0.1,0.0,0.0,0.8,0.0,0.1,1114,1,0.476833
3860,0.2,0.0,0.1,0.5,0.2,0.0,1115,1,0.468897
3860,0.0,0.2,0.5,0.0,0.0,0.3,1116,1,0.5233899999999999
3860,0.5,0.4,0.1,0.0,0.0,0.0,1117,1,0.48631199999999997
3860,0.1,0.1,0.6,0.2,0.0,0.0,1118,1,0.476919
3860,0.0,0.4,0.0,0.1,0.4,0.1,1119,1,0.44677700000000004
3860,0.1,0.2,0.3,0.4,0.0,0.0,1120,1,0.48845299999999997
3860,0.3,0.0,0.1,0.0,0.0,0.6,1121,1,0.6494770000000001
3860,0.2,0.4,0.3,0.0,0.0,0.1,1122,1,0.513884
3860,0.0,0.1,0.0,0.4,0.1,0.4,1123,1,0.487162
3860,0.1,0.0,0.0,0.1,0.1,0.7,1124,1,0.508872
3860,0.5,0.1,0.1,0.0,0.3,0.0,1125,1,0.405941
3860,0.0,0.3,0.6,0.1,0.0,0.0,1126,1,0.449643
3860,0.0,0.2,0.1,0.0,0.1,0.6,1127,1,0.513043
3860,0.1,0.3,0.0,0.1,0.0,0.5,1128,1,0.5487380000000001
3860,0.5,0.1,0.2,0.0,0.0,0.2,1129,1,0.636796
3860,0.4,0.0,0.0,0.2,0.0,0.4,1130,1,0.627402
3860,0.0,0.6,0.2,0.1,0.0,0.1,1131,1,0.493443
3860,0.0,0.0,0.3,0.4,0.2,0.1,1132,1,0.46587700000000004
3860,0.0,0.1,0.2,0.2,0.5,0.0,1133,1,0.446155
3860,0.0,0.4,0.1,0.0,0.0,0.5,1134,1,0.54675
3860,0.3,0.2,0.4,0.0,0.0,0.1,1135,1,0.564455
3860,0.3,0.0,0.0,0.3,0.3,0.1,1136,1,0.450033
3860,0.0,0.0,0.0,0.0,0.5,0.5,1137,1,0.453113
3860,0.0,0.4,0.0,0.4,0.2,0.0,1138,1,0.42568199999999995
3860,0.2,0.5,0.3,0.0,0.0,0.0,1139,1,0.50321
3860,0.0,0.1,0.1,0.0,0.7,0.1,1140,1,0.42545900000000003
3860,0.0,0.5,0.2,0.0,0.0,0.3,1141,1,0.520868
3860,0.2,0.1,0.6,0.0,0.1,0.0,1142,1,0.41850699999999996
3860,0.1,0.7,0.2,0.0,0.0,0.0,1143,1,0.480238
3860,0.3,0.3,0.4,0.0,0.0,0.0,1144,1,0.543201
3860,0.0,0.0,0.5,0.2,0.0,0.3,1145,1,0.6049
3860,0.0,0.5,0.0,0.2,0.3,0.0,1146,1,0.41462899999999997
3860,0.3,0.2,0.3,0.2,0.0,0.0,1147,1,0.539192
3860,0.3,0.1,0.3,0.0,0.0,0.3,1148,1,0.625855
3860,0.0,0.6,0.1,0.0,0.0,0.3,1149,1,0.5239
3860,0.1,0.1,0.0,0.0,0.0,0.8,1150,1,0.599169
3860,0.2,0.3,0.0,0.0,0.2,0.3,1151,1,0.416703
3860,0.1,0.5,0.0,0.0,0.1,0.3,1152,1,0.453533
3860,0.0,0.1,0.0,0.6,0.0,0.3,1154,1,0.54003
3860,0.0,0.3,0.5,0.1,0.0,0.1,1155,1,0.482753
3860,0.2,0.0,0.0,0.2,0.5,0.1,1156,1,0.43724799999999997
3860,0.2,0.0,0.4,0.1,0.0,0.3,1157,1,0.61266
3860,0.3,0.0,0.7,0.0,0.0,0.0,1158,1,0.47148599999999996
3860,0.3,0.0,0.0,0.1,0.1,0.5,1159,1,0.489012
3860,0.2,0.4,0.0,0.4,0.0,0.0,1160,1,0.480681
3860,0.2,0.1,0.0,0.0,0.4,0.3,1161,1,0.41936
3860,0.1,0.5,0.1,0.3,0.0,0.0,1162,1,0.478533
3860,0.3,0.0,0.2,0.5,0.0,0.0,1163,1,0.5352640000000001
3860,0.0,0.5,0.1,0.0,0.4,0.0,1164,1,0.45856099999999994
3860,0.3,0.0,0.3,0.4,0.0,0.0,1165,1,0.541326
3860,0.1,0.0,0.0,0.2,0.0,0.7,1166,1,0.574908
3860,0.6,0.0,0.1,0.0,0.3,0.0,1167,1,0.42982299999999996
3860,0.2,0.0,0.0,0.4,0.1,0.3,1168,1,0.498859
3860,0.0,0.0,0.0,0.3,0.4,0.3,1169,1,0.441888
3860,0.0,0.3,0.1,0.0,0.3,0.3,1170,1,0.453896
3860,0.3,0.3,0.0,0.0,0.0,0.4,1171,1,0.529408
3860,0.1,0.0,0.0,0.1,0.2,0.6,1172,1,0.45472299999999993
3860,0.0,0.1,0.0,0.4,0.4,0.1,1173,1,0.44905500000000004
3860,0.4,0.0,0.0,0.3,0.0,0.3,1174,1,0.587279
3860,0.1,0.8,0.0,0.0,0.0,0.1,1175,1,0.48403999999999997
3860,0.2,0.0,0.0,0.3,0.1,0.4,1176,1,0.485811
3860,0.4,0.0,0.5,0.1,0.0,0.0,1177,1,0.616007
3860,0.6,0.1,0.2,0.0,0.0,0.1,1178,1,0.6213380000000001
3860,0.4,0.4,0.0,0.1,0.1,0.0,1179,1,0.448751
3860,0.3,0.2,0.0,0.5,0.0,0.0,1180,1,0.499299
3860,0.2,0.0,0.0,0.5,0.1,0.2,1181,1,0.49342700000000006
3860,0.6,0.0,0.0,0.4,0.0,0.0,1182,1,0.545538
3860,0.0,0.5,0.0,0.0,0.4,0.1,1183,1,0.456034
3860,0.1,0.0,0.0,0.0,0.0,0.9,1184,1,0.608472
3860,0.2,0.2,0.5,0.0,0.1,0.0,1185,1,0.39619
3860,0.0,0.0,0.2,0.2,0.3,0.3,1186,1,0.448346
3860,0.0,0.0,0.5,0.3,0.1,0.1,1187,1,0.49363599999999996
3860,0.0,0.0,0.0,0.4,0.6,0.0,1188,1,0.449593
3860,0.0,0.3,0.0,0.1,0.1,0.5,1189,1,0.497292
3860,0.4,0.0,0.1,0.3,0.2,0.0,1190,1,0.44401899999999994
3860,0.1,0.1,0.0,0.0,0.4,0.4,1191,1,0.42586
3860,0.0,0.1,0.3,0.4,0.0,0.2,1192,1,0.543197
3860,0.3,0.1,0.4,0.2,0.0,0.0,1193,1,0.542082
3860,0.0,0.1,0.6,0.0,0.3,0.0,1194,1,0.415861
3860,0.2,0.4,0.0,0.0,0.3,0.1,1195,1,0.419279
3860,0.0,0.5,0.2,0.0,0.2,0.1,1196,1,0.46246099999999996
3860,0.0,0.0,0.4,0.1,0.5,0.0,1197,1,0.457275
3860,0.2,0.0,0.5,0.0,0.3,0.0,1198,1,0.4315
3860,0.1,0.2,0.4,0.0,0.3,0.0,1199,1,0.42444
3860,0.0,0.0,0.1,0.6,0.0,0.3,1200,1,0.554198
3860,0.1,0.1,0.0,0.0,0.7,0.1,1201,1,0.439907
3860,0.1,0.0,0.3,0.1,0.0,0.5,1202,1,0.623425
3860,0.2,0.1,0.4,0.0,0.0,0.3,1203,1,0.607923
3860,0.0,0.0,0.2,0.6,0.1,0.1,1204,1,0.437987
3860,0.1,0.6,0.0,0.0,0.0,0.3,1205,1,0.519652
3860,0.1,0.0,0.5,0.1,0.3,0.0,1206,1,0.463954
3860,0.0,0.0,0.4,0.1,0.0,0.5,1207,1,0.62331
3860,0.0,0.5,0.1,0.1,0.0,0.3,1208,1,0.529908
3860,0.3,0.0,0.2,0.2,0.0,0.3,1209,1,0.61826
3860,0.0,0.0,0.1,0.8,0.0,0.1,1210,1,0.452326
3860,0.2,0.0,0.0,0.1,0.5,0.2,1211,1,0.44650500000000004
3860,0.0,0.0,0.3,0.5,0.1,0.1,1212,1,0.45803699999999997
3860,0.1,0.4,0.2,0.0,0.3,0.0,1213,1,0.42234799999999995
3860,0.2,0.1,0.2,0.0,0.5,0.0,1214,1,0.406523
3860,0.1,0.1,0.0,0.3,0.5,0.0,1215,1,0.445359
3860,0.1,0.3,0.0,0.0,0.3,0.3,1216,1,0.4189
3860,0.3,0.2,0.2,0.0,0.3,0.0,1218,1,0.403077
3860,0.1,0.3,0.2,0.4,0.0,0.0,1219,1,0.47277700000000006
3860,0.0,0.0,0.5,0.1,0.4,0.0,1220,1,0.45139799999999997
3860,0.4,0.2,0.4,0.0,0.0,0.0,1221,1,0.505189
3860,0.0,0.0,0.0,0.4,0.2,0.4,1222,1,0.469132
3860,0.0,0.2,0.0,0.7,0.0,0.1,1223,1,0.49925299999999995
3860,0.9,0.0,0.0,0.1,0.0,0.0,1224,1,0.5872470000000001
3860,0.0,0.0,0.1,0.2,0.2,0.5,1225,1,0.47888100000000006
3860,0.0,0.0,0.3,0.3,0.0,0.4,1226,1,0.5680270000000001
3860,0.2,0.0,0.1,0.6,0.1,0.0,1227,1,0.48529399999999995
3860,0.1,0.0,0.1,0.5,0.0,0.3,1228,1,0.553702
3860,0.0,0.1,0.5,0.0,0.2,0.2,1229,1,0.475652
3860,0.0,0.0,0.1,0.0,0.0,0.9,1230,1,0.626553
3860,0.0,0.0,0.1,0.2,0.0,0.7,1231,1,0.5838220000000001
3860,0.2,0.4,0.1,0.0,0.3,0.0,1232,1,0.412703
3860,0.1,0.7,0.0,0.0,0.2,0.0,1233,1,0.410287
3860,0.0,0.3,0.2,0.1,0.4,0.0,1234,1,0.446744
3860,0.5,0.3,0.0,0.2,0.0,0.0,1235,1,0.50568
3860,0.0,0.1,0.2,0.5,0.2,0.0,1236,1,0.417271
3860,0.3,0.2,0.0,0.0,0.0,0.5,1237,1,0.54179
3860,0.3,0.0,0.0,0.3,0.2,0.2,1238,1,0.46217299999999994
3860,0.2,0.4,0.3,0.0,0.1,0.0,1239,1,0.406489
3860,0.0,0.0,0.3,0.0,0.7,0.0,1240,1,0.422411
3860,0.1,0.0,0.2,0.5,0.2,0.0,1241,1,0.429655
3860,0.3,0.0,0.0,0.2,0.1,0.4,1242,1,0.48849799999999993
3860,0.2,0.3,0.3,0.0,0.0,0.2,1243,1,0.5262760000000001
3860,0.3,0.0,0.0,0.0,0.5,0.2,1244,1,0.43578999999999996
3860,0.2,0.3,0.0,0.3,0.2,0.0,1245,1,0.42124700000000004
3860,0.1,0.2,0.0,0.6,0.1,0.0,1246,1,0.458089
3860,0.1,0.1,0.4,0.0,0.4,0.0,1247,1,0.416522
3860,0.1,0.1,0.6,0.0,0.0,0.2,1248,1,0.572764
3860,0.3,0.5,0.2,0.0,0.0,0.0,1249,1,0.482887
3860,0.4,0.0,0.3,0.0,0.1,0.2,1250,1,0.5057149999999999
3860,0.5,0.1,0.0,0.2,0.0,0.2,1251,1,0.559923
3860,0.0,0.1,0.1,0.5,0.3,0.0,1252,1,0.400358
3860,0.0,0.1,0.0,0.2,0.0,0.7,1253,1,0.5622590000000001
3860,0.1,0.0,0.0,0.0,0.1,0.8,1254,1,0.5101319999999999
3860,0.1,0.3,0.2,0.0,0.4,0.0,1255,1,0.418724
3860,0.0,0.2,0.1,0.5,0.2,0.0,1256,1,0.423729
3860,0.1,0.2,0.0,0.1,0.6,0.0,1257,1,0.42531199999999997
3860,0.4,0.0,0.1,0.0,0.3,0.2,1258,1,0.45266899999999993
3860,0.2,0.0,0.1,0.7,0.0,0.0,1259,1,0.520624
3860,0.0,0.0,0.3,0.1,0.4,0.2,1260,1,0.47848
3860,0.1,0.0,0.1,0.3,0.0,0.5,1261,1,0.5897399999999999
3860,0.3,0.0,0.1,0.1,0.5,0.0,1262,1,0.417155
3860,0.2,0.0,0.2,0.0,0.3,0.3,1263,1,0.46702200000000005
3860,0.0,0.3,0.3,0.1,0.3,0.0,1264,1,0.447158
3860,0.1,0.2,0.0,0.0,0.3,0.4,1265,1,0.439379
3860,0.0,0.1,0.3,0.0,0.2,0.4,1266,1,0.48142799999999997
3860,0.5,0.0,0.1,0.3,0.1,0.0,1267,1,0.48927200000000004
3860,0.0,0.1,0.4,0.0,0.4,0.1,1268,1,0.45131400000000005
3860,0.2,0.2,0.1,0.0,0.0,0.5,1269,1,0.571654
3860,0.1,0.0,0.4,0.2,0.3,0.0,1270,1,0.46304700000000004
3860,0.0,0.3,0.3,0.4,0.0,0.0,1271,1,0.457637
3860,0.0,0.7,0.0,0.0,0.1,0.2,1272,1,0.468025
3860,0.2,0.0,0.3,0.0,0.4,0.1,1273,1,0.45515200000000006
3860,0.0,0.0,0.2,0.5,0.1,0.2,1274,1,0.48936199999999996
3860,0.1,0.6,0.0,0.2,0.1,0.0,1275,1,0.435878
3860,0.0,0.4,0.3,0.3,0.0,0.0,1276,1,0.45951899999999996
3860,0.4,0.2,0.1,0.0,0.0,0.3,1277,1,0.569484
3860,0.1,0.0,0.0,0.6,0.3,0.0,1278,1,0.47930100000000003
3860,0.5,0.1,0.0,0.0,0.2,0.2,1279,1,0.44150200000000006
3860,0.2,0.0,0.2,0.0,0.1,0.5,1280,1,0.528788
3860,0.4,0.0,0.2,0.0,0.3,0.1,1282,1,0.44808000000000003
3860,0.7,0.0,0.1,0.0,0.1,0.1,1283,1,0.519021
3860,0.2,0.0,0.0,0.5,0.2,0.1,1284,1,0.47390699999999997
3860,0.0,0.4,0.0,0.1,0.3,0.2,1285,1,0.440871
3860,0.5,0.0,0.2,0.2,0.0,0.1,1286,1,0.594687
3860,0.0,0.5,0.4,0.0,0.1,0.0,1287,1,0.43994399999999995
3860,0.3,0.1,0.2,0.4,0.0,0.0,1288,1,0.515624
3860,0.1,0.2,0.1,0.0,0.0,0.6,1289,1,0.551611
3860,0.3,0.0,0.0,0.2,0.3,0.2,1290,1,0.45326099999999997
3860,0.1,0.0,0.3,0.5,0.0,0.1,1291,1,0.514717
3860,0.1,0.5,0.1,0.0,0.3,0.0,1292,1,0.425425
3860,0.0,0.5,0.4,0.1,0.0,0.0,1293,1,0.43083699999999997
3860,0.2,0.0,0.0,0.1,0.0,0.7,1294,1,0.600585
3860,0.0,0.4,0.6,0.0,0.0,0.0,1295,1,0.437429
3860,0.1,0.0,0.0,0.2,0.3,0.4,1296,1,0.46075200000000005
3860,0.0,0.4,0.0,0.0,0.0,0.6,1297,1,0.5287729999999999
3860,0.0,0.4,0.1,0.0,0.1,0.4,1298,1,0.48326899999999995
3860,0.3,0.2,0.4,0.0,0.1,0.0,1299,1,0.413471
3860,0.2,0.0,0.0,0.3,0.4,0.1,1300,1,0.44362700000000005
3860,0.0,0.2,0.3,0.3,0.2,0.0,1301,1,0.432212
3860,0.0,0.2,0.2,0.5,0.1,0.0,1302,1,0.426777
3860,0.3,0.1,0.1,0.5,0.0,0.0,1303,1,0.513629
3860,0.2,0.2,0.5,0.0,0.0,0.1,1304,1,0.531412
3860,0.3,0.5,0.0,0.0,0.0,0.2,1305,1,0.508163
3860,0.4,0.3,0.0,0.0,0.1,0.2,1306,1,0.440029
3860,0.4,0.0,0.3,0.0,0.0,0.3,1307,1,0.605498
3860,0.1,0.4,0.0,0.0,0.3,0.2,1308,1,0.41629700000000003
3860,0.7,0.0,0.2,0.1,0.0,0.0,1309,1,0.591916
3860,0.0,0.0,0.1,0.4,0.4,0.1,1310,1,0.440801
3860,0.2,0.1,0.0,0.5,0.0,0.2,1311,1,0.532678
3860,0.4,0.4,0.1,0.0,0.0,0.1,1312,1,0.5131760000000001
3860,0.1,0.4,0.5,0.0,0.0,0.0,1313,1,0.46103
3860,0.4,0.0,0.3,0.2,0.1,0.0,1314,1,0.464113
3860,0.1,0.0,0.7,0.1,0.0,0.1,1315,1,0.545987
3860,0.1,0.0,0.0,0.9,0.0,0.0,1316,1,0.5052760000000001
3860,0.0,0.0,0.5,0.0,0.3,0.2,1317,1,0.474242
3860,0.0,0.2,0.1,0.0,0.6,0.1,1318,1,0.433817
3860,0.3,0.0,0.0,0.4,0.3,0.0,1319,1,0.462449
3860,0.2,0.0,0.0,0.3,0.2,0.3,1320,1,0.475562
3860,0.3,0.4,0.1,0.2,0.0,0.0,1321,1,0.48485500000000004
3860,0.0,0.3,0.0,0.0,0.3,0.4,1322,1,0.456135
3860,0.0,0.6,0.0,0.1,0.2,0.1,1323,1,0.425649
3860,0.4,0.0,0.0,0.1,0.1,0.4,1324,1,0.5055350000000001
3860,0.0,0.1,0.0,0.2,0.1,0.6,1325,1,0.48622200000000004
3860,0.1,0.2,0.0,0.3,0.4,0.0,1326,1,0.418498
3860,0.0,0.2,0.3,0.1,0.0,0.4,1327,1,0.555212
3860,0.4,0.0,0.0,0.5,0.0,0.1,1328,1,0.582298
3860,0.1,0.0,0.0,0.2,0.5,0.2,1329,1,0.439143
3860,0.2,0.3,0.1,0.0,0.0,0.4,1330,1,0.53461
3860,0.0,0.0,0.1,0.9,0.0,0.0,1331,1,0.38716300000000003
3860,0.5,0.1,0.3,0.1,0.0,0.0,1332,1,0.569656
3860,0.0,0.4,0.1,0.3,0.0,0.2,1333,1,0.526697
3860,0.2,0.3,0.0,0.0,0.0,0.5,1334,1,0.5446880000000001
3860,0.1,0.3,0.5,0.0,0.1,0.0,1335,1,0.42008500000000004
3860,0.2,0.0,0.5,0.1,0.2,0.0,1336,1,0.44061999999999996
3860,0.3,0.4,0.2,0.0,0.1,0.0,1337,1,0.412637
3860,0.0,0.0,0.2,0.4,0.4,0.0,1338,1,0.448611
3860,0.0,0.3,0.1,0.2,0.0,0.4,1339,1,0.55565
3860,0.1,0.0,0.4,0.4,0.0,0.1,1340,1,0.561661
3860,0.0,0.6,0.0,0.1,0.1,0.2,1341,1,0.462922
3860,0.3,0.1,0.2,0.0,0.4,0.0,1342,1,0.405016
3860,0.3,0.0,0.3,0.0,0.3,0.1,1343,1,0.45231899999999997
3860,0.4,0.0,0.0,0.4,0.2,0.0,1344,1,0.476872
3860,0.4,0.3,0.0,0.0,0.3,0.0,1346,1,0.397956
3860,0.0,0.8,0.1,0.1,0.0,0.0,1347,1,0.455017
3860,0.0,0.3,0.1,0.0,0.1,0.5,1348,1,0.498651
3860,0.1,0.1,0.3,0.5,0.0,0.0,1349,1,0.478984
3860,0.0,0.2,0.2,0.1,0.5,0.0,1350,1,0.433119
3860,0.2,0.0,0.0,0.0,0.3,0.5,1351,1,0.44783199999999995
3860,0.0,0.1,0.3,0.0,0.1,0.5,1352,1,0.500848
3860,0.0,0.4,0.0,0.5,0.1,0.0,1353,1,0.42686
3860,0.6,0.1,0.3,0.0,0.0,0.0,1354,1,0.566384
3860,0.1,0.1,0.5,0.3,0.0,0.0,1355,1,0.47938400000000003
3860,0.0,0.0,0.1,0.0,0.3,0.6,1356,1,0.46357
3860,0.0,0.7,0.0,0.1,0.2,0.0,1357,1,0.41484099999999996
3860,0.6,0.2,0.1,0.1,0.0,0.0,1358,1,0.525048
3860,0.0,0.0,0.3,0.0,0.3,0.4,1359,1,0.46502200000000005
3860,0.6,0.0,0.4,0.0,0.0,0.0,1360,1,0.572489
3860,0.1,0.0,0.2,0.6,0.1,0.0,1361,1,0.43577200000000005
3860,0.1,0.1,0.0,0.1,0.7,0.0,1362,1,0.440337
3860,0.0,0.0,0.3,0.4,0.1,0.2,1363,1,0.480926
3860,0.5,0.1,0.2,0.0,0.2,0.0,1364,1,0.42889399999999994
3860,0.6,0.0,0.3,0.0,0.1,0.0,1365,1,0.469763
3860,0.0,0.7,0.2,0.1,0.0,0.0,1366,1,0.44301499999999994
3860,0.1,0.1,0.8,0.0,0.0,0.0,1367,1,0.45776700000000003
3860,0.2,0.4,0.0,0.3,0.0,0.1,1368,1,0.49842700000000006
3860,0.5,0.2,0.0,0.2,0.0,0.1,1369,1,0.521081
3860,0.3,0.1,0.0,0.3,0.3,0.0,1370,1,0.41684399999999994
3860,0.1,0.0,0.1,0.6,0.0,0.2,1371,1,0.5460699999999999
3860,0.0,0.0,0.4,0.1,0.1,0.4,1372,1,0.496488
3860,0.1,0.0,0.5,0.0,0.1,0.3,1373,1,0.49877200000000005
3860,0.1,0.0,0.0,0.3,0.2,0.4,1374,1,0.476116
3860,0.3,0.0,0.2,0.1,0.4,0.0,1375,1,0.415159
3860,0.1,0.1,0.0,0.7,0.0,0.1,1376,1,0.522546
3860,0.4,0.1,0.4,0.1,0.0,0.0,1377,1,0.550513
3860,0.2,0.1,0.3,0.0,0.4,0.0,1378,1,0.405238
3860,0.1,0.0,0.6,0.0,0.3,0.0,1379,1,0.440378
3860,0.1,0.0,0.1,0.3,0.5,0.0,1380,1,0.445168
3860,0.3,0.1,0.0,0.2,0.4,0.0,1381,1,0.41462200000000005
3860,0.3,0.6,0.1,0.0,0.0,0.0,1382,1,0.4748
3860,0.2,0.4,0.0,0.1,0.3,0.0,1383,1,0.399212
3860,0.1,0.0,0.0,0.2,0.4,0.3,1384,1,0.439616
3860,0.0,0.4,0.1,0.2,0.3,0.0,1385,1,0.42015600000000003
3860,0.4,0.0,0.3,0.2,0.0,0.1,1386,1,0.5814819999999999
3860,0.1,0.3,0.0,0.1,0.5,0.0,1387,1,0.42174799999999996
3860,0.0,0.2,0.2,0.0,0.1,0.5,1388,1,0.5041979999999999
3860,0.1,0.5,0.0,0.1,0.0,0.3,1389,1,0.5181319999999999
3860,0.1,0.3,0.0,0.0,0.6,0.0,1390,1,0.41604399999999997
3860,0.5,0.3,0.0,0.0,0.0,0.2,1391,1,0.54243
3860,0.5,0.0,0.2,0.0,0.2,0.1,1392,1,0.476729
3860,0.0,0.0,0.8,0.1,0.0,0.1,1393,1,0.540872
3860,0.0,0.0,0.9,0.1,0.0,0.0,1394,1,0.538639
3860,0.4,0.0,0.0,0.1,0.5,0.0,1395,1,0.44081499999999996
3860,0.6,0.0,0.0,0.2,0.1,0.1,1396,1,0.509286
3860,0.0,0.3,0.5,0.0,0.2,0.0,1397,1,0.449025
3860,0.4,0.0,0.1,0.1,0.0,0.4,1398,1,0.653257
3860,0.1,0.6,0.2,0.0,0.1,0.0,1399,1,0.411967
3860,0.0,0.1,0.1,0.1,0.7,0.0,1400,1,0.421626
3860,0.0,0.5,0.1,0.3,0.1,0.0,1401,1,0.4298
3860,0.0,0.7,0.1,0.0,0.1,0.1,1402,1,0.44886000000000004
3860,0.3,0.3,0.1,0.3,0.0,0.0,1403,1,0.5079199999999999
3860,0.0,0.1,0.0,0.0,0.0,0.9,1404,1,0.5987819999999999
3860,0.2,0.1,0.1,0.0,0.6,0.0,1405,1,0.411351
3860,0.0,0.5,0.0,0.1,0.4,0.0,1406,1,0.444201
3860,0.6,0.1,0.2,0.0,0.1,0.0,1407,1,0.468029
3860,0.1,0.0,0.4,0.2,0.0,0.3,1408,1,0.630215
3860,0.0,0.0,0.2,0.0,0.4,0.4,1410,1,0.464771
3860,0.1,0.0,0.1,0.0,0.0,0.8,1411,1,0.6165689999999999
3860,0.1,0.0,0.0,0.4,0.2,0.3,1412,1,0.46506899999999995
3860,0.2,0.3,0.0,0.0,0.5,0.0,1413,1,0.402828
3860,0.2,0.0,0.0,0.2,0.3,0.3,1414,1,0.45903599999999994
3860,0.0,0.0,0.4,0.0,0.1,0.5,1415,1,0.50342
3860,0.3,0.0,0.1,0.3,0.0,0.3,1416,1,0.5740460000000001
3860,0.0,0.0,0.0,0.9,0.0,0.1,1417,1,0.512182
3860,0.1,0.3,0.3,0.0,0.0,0.3,1418,1,0.525737
3860,0.0,0.0,0.2,0.3,0.5,0.0,1419,1,0.43445100000000003
3860,0.1,0.2,0.0,0.0,0.0,0.7,1420,1,0.540705
3860,0.0,0.1,0.1,0.0,0.1,0.7,1421,1,0.495496
3860,0.1,0.6,0.1,0.0,0.0,0.2,1422,1,0.502096
3860,0.0,0.0,0.3,0.2,0.1,0.4,1423,1,0.49542299999999995
3860,0.0,0.0,0.3,0.5,0.2,0.0,1424,1,0.44163
3860,0.0,0.2,0.2,0.3,0.0,0.3,1425,1,0.527067
3860,0.2,0.6,0.1,0.0,0.1,0.0,1426,1,0.424306
3860,0.0,0.1,0.3,0.5,0.0,0.1,1427,1,0.483713
3860,0.2,0.4,0.3,0.1,0.0,0.0,1428,1,0.484505
3860,0.0,0.1,0.0,0.0,0.7,0.2,1429,1,0.42931499999999995
3860,0.1,0.0,0.1,0.0,0.1,0.7,1430,1,0.507837
3860,0.0,0.9,0.0,0.0,0.1,0.0,1431,1,0.43175600000000003
3860,0.1,0.2,0.0,0.4,0.3,0.0,1432,1,0.423126
3860,0.0,0.4,0.0,0.0,0.5,0.1,1433,1,0.446216
3860,0.3,0.0,0.0,0.4,0.1,0.2,1434,1,0.482778
3860,0.2,0.3,0.0,0.0,0.3,0.2,1435,1,0.39915900000000004
3860,0.0,0.2,0.5,0.2,0.0,0.1,1436,1,0.506666
3860,0.2,0.5,0.0,0.0,0.0,0.3,1437,1,0.508167
3860,0.0,0.2,0.4,0.0,0.1,0.3,1438,1,0.468416
3860,0.1,0.7,0.0,0.1,0.1,0.0,1439,1,0.429385
3860,0.0,0.7,0.1,0.0,0.2,0.0,1440,1,0.450164
3860,0.3,0.0,0.0,0.5,0.1,0.1,1441,1,0.498179
3860,0.0,0.1,0.4,0.4,0.1,0.0,1442,1,0.460408
3860,0.4,0.0,0.2,0.0,0.0,0.4,1443,1,0.648295
3860,0.2,0.0,0.3,0.1,0.0,0.4,1444,1,0.618261
3860,0.4,0.3,0.0,0.3,0.0,0.0,1445,1,0.491141
3860,0.0,0.3,0.0,0.0,0.7,0.0,1446,1,0.42932700000000007
3860,0.0,0.1,0.0,0.1,0.1,0.7,1447,1,0.489487
3860,0.3,0.2,0.5,0.0,0.0,0.0,1448,1,0.537126
3860,0.1,0.0,0.4,0.5,0.0,0.0,1449,1,0.49976400000000004
3860,0.0,0.0,0.2,0.3,0.1,0.4,1450,1,0.5060600000000001
3860,0.4,0.2,0.1,0.3,0.0,0.0,1451,1,0.499172
3860,0.0,0.3,0.0,0.5,0.0,0.2,1452,1,0.511582
3860,0.1,0.0,0.4,0.0,0.4,0.1,1453,1,0.454348
3860,0.1,0.2,0.0,0.0,0.5,0.2,1454,1,0.42032200000000003
3860,0.5,0.2,0.0,0.1,0.2,0.0,1455,1,0.42242799999999997
3860,0.5,0.0,0.0,0.2,0.3,0.0,1456,1,0.443709
3860,0.5,0.4,0.0,0.1,0.0,0.0,1457,1,0.510901
3860,0.4,0.0,0.2,0.3,0.0,0.1,1458,1,0.592966
3860,0.0,0.3,0.1,0.0,0.5,0.1,1459,1,0.45188500000000004
3860,0.2,0.3,0.3,0.2,0.0,0.0,1460,1,0.514702
3860,0.1,0.2,0.4,0.0,0.0,0.3,1461,1,0.551589
3860,0.3,0.1,0.0,0.0,0.0,0.6,1462,1,0.594403
3860,0.0,0.5,0.0,0.5,0.0,0.0,1463,1,0.45087200000000005
3860,0.0,0.3,0.2,0.0,0.5,0.0,1464,1,0.413419
3860,0.0,0.0,0.4,0.3,0.1,0.2,1465,1,0.490059
3860,0.2,0.4,0.0,0.0,0.4,0.0,1466,1,0.40576599999999996
3860,0.0,0.0,0.6,0.0,0.3,0.1,1467,1,0.468159
3860,0.1,0.5,0.3,0.0,0.1,0.0,1468,1,0.40883400000000003
3860,0.0,0.2,0.0,0.1,0.1,0.6,1469,1,0.500488
3860,0.7,0.0,0.0,0.1,0.1,0.1,1470,1,0.517117
3860,0.0,0.2,0.1,0.1,0.6,0.0,1471,1,0.432601
3860,0.2,0.0,0.6,0.1,0.1,0.0,1472,1,0.44443
3860,0.0,0.2,0.0,0.4,0.1,0.3,1474,1,0.487512
3860,0.0,0.2,0.6,0.1,0.1,0.0,1475,1,0.44255600000000006
3860,0.4,0.0,0.0,0.5,0.1,0.0,1476,1,0.497012
3860,0.0,0.1,0.5,0.2,0.0,0.2,1477,1,0.542144
3860,0.1,0.6,0.0,0.0,0.3,0.0,1478,1,0.435071
3860,0.0,0.0,0.0,0.0,0.1,0.9,1479,1,0.477796
3860,0.4,0.0,0.1,0.1,0.4,0.0,1480,1,0.416739
3860,0.7,0.0,0.0,0.2,0.0,0.1,1481,1,0.5884659999999999
3860,0.2,0.0,0.3,0.4,0.1,0.0,1482,1,0.46087700000000004
3860,0.1,0.7,0.0,0.0,0.1,0.1,1483,1,0.44175200000000003
3860,0.0,0.7,0.0,0.0,0.3,0.0,1484,1,0.45439700000000005
3860,0.0,0.8,0.1,0.0,0.0,0.1,1485,1,0.46888100000000005
3860,0.0,0.1,0.0,0.3,0.2,0.4,1486,1,0.45575600000000005
3860,0.4,0.6,0.0,0.0,0.0,0.0,1487,1,0.458117
3860,0.0,0.4,0.1,0.3,0.2,0.0,1488,1,0.412732
3860,0.3,0.0,0.0,0.3,0.1,0.3,1489,1,0.48353199999999996
3860,0.6,0.0,0.3,0.0,0.0,0.1,1490,1,0.583072
3860,0.1,0.0,0.2,0.1,0.0,0.6,1491,1,0.5941890000000001
3860,0.1,0.2,0.0,0.1,0.0,0.6,1492,1,0.537062
3860,0.4,0.0,0.4,0.0,0.2,0.0,1493,1,0.43370600000000004
3860,0.1,0.4,0.3,0.0,0.2,0.0,1494,1,0.42284399999999994
3860,0.5,0.2,0.1,0.0,0.0,0.2,1495,1,0.550134
3860,0.0,0.3,0.0,0.1,0.5,0.1,1496,1,0.44135
3860,0.0,0.0,0.4,0.4,0.2,0.0,1497,1,0.46278400000000003
3860,0.4,0.0,0.1,0.0,0.4,0.1,1498,1,0.428384
3860,0.0,0.1,0.0,0.4,0.5,0.0,1499,1,0.424623
3860,0.0,0.2,0.3,0.0,0.0,0.5,1500,1,0.537379
3860,0.0,0.0,0.3,0.1,0.6,0.0,1501,1,0.43412399999999995
3860,0.0,0.0,0.2,0.1,0.0,0.7,1502,1,0.5853149999999999
3860,0.1,0.0,0.1,0.5,0.3,0.0,1503,1,0.430361
3860,0.0,0.1,0.0,0.0,0.8,0.1,1504,1,0.440067
3860,0.2,0.4,0.4,0.0,0.0,0.0,1505,1,0.48765200000000003
3860,0.0,0.1,0.3,0.2,0.0,0.4,1506,1,0.548833
3860,0.0,0.3,0.4,0.0,0.0,0.3,1507,1,0.506189
3860,0.0,0.0,0.3,0.1,0.5,0.1,1508,1,0.430155
3860,0.0,0.6,0.0,0.3,0.1,0.0,1509,1,0.425888
3860,0.7,0.1,0.0,0.1,0.0,0.1,1510,1,0.573433
3860,0.0,0.3,0.5,0.0,0.0,0.2,1511,1,0.491726
3860,0.0,0.0,0.0,0.7,0.0,0.3,1512,1,0.542528
3860,0.0,0.4,0.0,0.3,0.3,0.0,1513,1,0.413116
3860,0.1,0.0,0.0,0.1,0.5,0.3,1514,1,0.44068199999999996
3860,0.1,0.0,0.3,0.1,0.5,0.0,1515,1,0.439722
3860,0.0,0.0,0.0,0.1,0.6,0.3,1516,1,0.441482
3860,0.0,0.5,0.3,0.1,0.1,0.0,1517,1,0.41417600000000004
3860,0.4,0.4,0.0,0.1,0.0,0.1,1518,1,0.5079739999999999
3860,0.0,0.5,0.3,0.0,0.2,0.0,1519,1,0.46153599999999995
3860,0.0,0.5,0.5,0.0,0.0,0.0,1520,1,0.449799
3860,0.0,0.0,0.0,0.3,0.1,0.6,1521,1,0.489778
3860,0.3,0.2,0.0,0.4,0.1,0.0,1522,1,0.452734
3860,0.5,0.3,0.0,0.1,0.0,0.1,1523,1,0.527234
3860,0.1,0.0,0.6,0.0,0.0,0.3,1524,1,0.626428
3860,0.2,0.1,0.0,0.6,0.1,0.0,1525,1,0.475516
3860,0.0,0.0,0.2,0.0,0.1,0.7,1526,1,0.517683
3860,0.0,0.3,0.0,0.4,0.0,0.3,1527,1,0.525997
3860,0.0,0.4,0.3,0.2,0.0,0.1,1528,1,0.499691
3860,0.0,0.3,0.0,0.0,0.6,0.1,1529,1,0.430424
3860,0.0,0.3,0.0,0.3,0.2,0.2,1530,1,0.443592
3860,0.0,0.5,0.1,0.0,0.3,0.1,1531,1,0.46
3860,0.2,0.0,0.5,0.0,0.2,0.1,1532,1,0.449931
3860,0.0,0.1,0.0,0.4,0.0,0.5,1533,1,0.547547
3860,0.0,0.0,0.3,0.1,0.3,0.3,1534,1,0.46135
3860,0.1,0.3,0.0,0.2,0.0,0.4,1535,1,0.551588
3860,0.5,0.0,0.4,0.0,0.0,0.1,1536,1,0.6741659999999999
3860,0.0,0.4,0.0,0.6,0.0,0.0,1538,1,0.42940600000000007
3860,0.4,0.0,0.0,0.0,0.5,0.1,1539,1,0.42848
3860,0.2,0.4,0.0,0.0,0.0,0.4,1540,1,0.519783
3860,0.0,0.0,0.0,0.3,0.7,0.0,1541,1,0.422087
3860,0.1,0.3,0.0,0.0,0.4,0.2,1542,1,0.417178
3860,0.2,0.3,0.2,0.0,0.0,0.3,1543,1,0.528633
3860,0.8,0.0,0.1,0.1,0.0,0.0,1544,1,0.6137239999999999
3860,0.0,0.1,0.4,0.0,0.5,0.0,1545,1,0.41535
3860,0.0,0.6,0.3,0.1,0.0,0.0,1546,1,0.4315
3860,0.5,0.0,0.4,0.0,0.1,0.0,1547,1,0.453038
3860,0.1,0.1,0.0,0.4,0.0,0.4,1548,1,0.530558
3860,0.0,0.4,0.0,0.1,0.5,0.0,1549,1,0.441226
3860,0.1,0.3,0.1,0.0,0.0,0.5,1550,1,0.526375
3860,0.0,0.0,0.1,0.5,0.2,0.2,1551,1,0.441166
3860,0.3,0.1,0.0,0.0,0.1,0.5,1552,1,0.455686
3860,0.0,0.3,0.4,0.1,0.2,0.0,1553,1,0.437116
3860,0.0,0.1,0.0,0.0,0.4,0.5,1554,1,0.438489
3860,0.2,0.1,0.0,0.0,0.3,0.4,1555,1,0.423417
3860,0.4,0.0,0.4,0.0,0.0,0.2,1556,1,0.614739
3860,0.0,0.1,0.1,0.3,0.5,0.0,1557,1,0.423362
3860,0.0,0.0,0.3,0.1,0.1,0.5,1558,1,0.503959
3860,0.7,0.1,0.0,0.1,0.1,0.0,1559,1,0.47463999999999995
3860,0.3,0.0,0.1,0.4,0.2,0.0,1560,1,0.44146
3860,0.2,0.1,0.0,0.0,0.0,0.7,1561,1,0.573505
3860,0.5,0.0,0.2,0.0,0.1,0.2,1562,1,0.51152
3860,0.4,0.1,0.0,0.1,0.4,0.0,1563,1,0.40223200000000003
3860,0.0,0.2,0.1,0.0,0.5,0.2,1564,1,0.440485
3860,0.0,0.5,0.2,0.3,0.0,0.0,1565,1,0.449226
3860,0.2,0.0,0.4,0.3,0.1,0.0,1566,1,0.446218
3860,0.0,0.5,0.0,0.1,0.3,0.1,1567,1,0.43257700000000004
3860,0.1,0.0,0.0,0.5,0.1,0.3,1568,1,0.490913
3860,0.0,0.0,0.5,0.2,0.2,0.1,1569,1,0.48758199999999996
3860,0.0,0.2,0.5,0.0,0.3,0.0,1570,1,0.417469
3860,0.3,0.0,0.0,0.5,0.0,0.2,1571,1,0.5736479999999999
3860,0.1,0.4,0.4,0.0,0.0,0.1,1572,1,0.496195
3860,0.0,0.2,0.4,0.3,0.1,0.0,1573,1,0.43288000000000004
3860,0.0,0.6,0.0,0.1,0.3,0.0,1574,1,0.424842
3860,0.0,0.5,0.2,0.2,0.0,0.1,1575,1,0.497259
3860,0.2,0.6,0.1,0.0,0.0,0.1,1576,1,0.49767799999999995
3860,0.3,0.4,0.1,0.0,0.0,0.2,1577,1,0.523167
3860,0.7,0.1,0.2,0.0,0.0,0.0,1578,1,0.6051880000000001
3860,0.7,0.0,0.1,0.2,0.0,0.0,1579,1,0.601288
3860,0.0,0.0,0.0,0.6,0.1,0.3,1580,1,0.48910600000000004
3860,0.4,0.0,0.0,0.0,0.4,0.2,1581,1,0.431803
3860,0.2,0.0,0.1,0.2,0.0,0.5,1582,1,0.614631
3860,0.0,0.0,0.4,0.2,0.4,0.0,1583,1,0.46901400000000004
3860,0.0,0.0,0.4,0.5,0.1,0.0,1584,1,0.455349
3860,0.1,0.4,0.0,0.0,0.2,0.3,1585,1,0.436579
3860,0.1,0.2,0.2,0.0,0.0,0.5,1586,1,0.5441739999999999
3860,0.0,0.0,0.0,0.1,0.4,0.5,1587,1,0.45051499999999994
3860,0.7,0.2,0.1,0.0,0.0,0.0,1588,1,0.548281
3860,0.4,0.0,0.4,0.1,0.1,0.0,1589,1,0.452542
3860,0.1,0.4,0.2,0.0,0.0,0.3,1590,1,0.525242
3860,0.1,0.0,0.0,0.0,0.3,0.6,1591,1,0.460002
3860,0.5,0.3,0.1,0.0,0.1,0.0,1592,1,0.42534099999999997
3860,0.2,0.0,0.0,0.1,0.3,0.4,1593,1,0.454658
3860,0.1,0.3,0.0,0.4,0.2,0.0,1594,1,0.42127200000000004
3860,0.4,0.0,0.0,0.2,0.3,0.1,1595,1,0.44693
3860,0.0,0.5,0.0,0.1,0.1,0.3,1596,1,0.473301
3860,0.0,0.0,0.1,0.1,0.4,0.4,1597,1,0.44480299999999995
3860,0.4,0.0,0.1,0.0,0.5,0.0,1598,1,0.41684799999999994
3860,0.0,0.0,0.3,0.4,0.0,0.3,1599,1,0.57875
3860,0.0,0.0,0.1,0.3,0.1,0.5,1600,1,0.512149
3860,0.1,0.5,0.0,0.0,0.2,0.2,1602,1,0.431266
3860,0.0,0.6,0.4,0.0,0.0,0.0,1603,1,0.42867200000000005
3860,0.0,0.3,0.0,0.7,0.0,0.0,1604,1,0.43601899999999993
3860,0.6,0.2,0.1,0.0,0.1,0.0,1605,1,0.453263
3860,0.0,0.1,0.8,0.0,0.0,0.1,1606,1,0.47302700000000003
3860,0.0,0.3,0.0,0.4,0.2,0.1,1607,1,0.44659099999999996
3860,0.2,0.3,0.0,0.2,0.0,0.3,1608,1,0.514927
3860,0.3,0.1,0.1,0.0,0.5,0.0,1609,1,0.405577
3860,0.3,0.1,0.0,0.2,0.0,0.4,1610,1,0.546798
3860,0.1,0.0,0.1,0.1,0.0,0.7,1611,1,0.5938220000000001
3860,0.1,0.1,0.7,0.1,0.0,0.0,1612,1,0.462193
3860,0.1,0.2,0.2,0.0,0.5,0.0,1613,1,0.415679
3860,0.2,0.0,0.1,0.0,0.6,0.1,1614,1,0.43845500000000004
3860,0.0,0.1,0.0,0.4,0.3,0.2,1615,1,0.443105
3860,0.0,0.3,0.1,0.0,0.4,0.2,1616,1,0.4462
3860,0.3,0.0,0.0,0.0,0.4,0.3,1617,1,0.43182200000000004
3860,0.3,0.0,0.1,0.0,0.4,0.2,1618,1,0.430605
3860,0.7,0.0,0.0,0.0,0.0,0.3,1619,1,0.588671
3860,0.2,0.1,0.5,0.0,0.0,0.2,1620,1,0.5788439999999999
3860,0.0,0.5,0.2,0.0,0.1,0.2,1621,1,0.45913400000000004
3860,0.3,0.0,0.5,0.1,0.0,0.1,1622,1,0.5807720000000001
3860,0.0,0.4,0.1,0.1,0.4,0.0,1623,1,0.44248000000000004
3860,0.0,0.3,0.0,0.3,0.0,0.4,1624,1,0.53352
3860,0.2,0.0,0.4,0.3,0.0,0.1,1625,1,0.572571
3860,0.2,0.0,0.2,0.1,0.0,0.5,1626,1,0.618967
3860,0.0,0.6,0.1,0.0,0.2,0.1,1627,1,0.44718900000000006
3860,0.0,0.3,0.3,0.0,0.0,0.4,1628,1,0.517579
3860,0.0,0.3,0.1,0.4,0.2,0.0,1629,1,0.4122
3860,0.1,0.0,0.3,0.3,0.3,0.0,1630,1,0.43689399999999995
3860,0.0,0.2,0.1,0.6,0.1,0.0,1631,1,0.42003
3860,0.1,0.2,0.6,0.0,0.0,0.1,1632,1,0.5049899999999999
3860,0.3,0.0,0.0,0.3,0.4,0.0,1633,1,0.44948699999999997
3860,0.3,0.0,0.3,0.0,0.1,0.3,1634,1,0.507417
3860,0.0,0.3,0.1,0.3,0.3,0.0,1635,1,0.411789
3860,0.3,0.3,0.2,0.0,0.0,0.2,1636,1,0.539626
3860,0.3,0.0,0.3,0.2,0.0,0.2,1637,1,0.583183
3860,0.0,0.1,0.0,0.1,0.8,0.0,1638,1,0.439921
3860,0.0,0.0,0.3,0.2,0.2,0.3,1639,1,0.465264
3860,0.5,0.3,0.0,0.0,0.1,0.1,1640,1,0.44027
3860,0.3,0.0,0.1,0.4,0.0,0.2,1641,1,0.5591729999999999
3860,0.3,0.0,0.1,0.3,0.3,0.0,1642,1,0.42133400000000004
3860,0.0,0.0,0.4,0.0,0.6,0.0,1643,1,0.43614200000000003
3860,0.0,0.6,0.0,0.2,0.1,0.1,1644,1,0.451392
3860,0.1,0.0,0.2,0.7,0.0,0.0,1645,1,0.450855
3860,0.0,0.0,0.7,0.2,0.1,0.0,1646,1,0.518189
3860,0.1,0.0,0.1,0.4,0.0,0.4,1647,1,0.5947939999999999
3860,0.6,0.0,0.1,0.1,0.0,0.2,1648,1,0.633422
3860,0.2,0.5,0.2,0.0,0.1,0.0,1649,1,0.40568000000000004
3860,0.0,0.0,0.2,0.0,0.5,0.3,1650,1,0.46286700000000003
3860,0.3,0.0,0.0,0.4,0.0,0.3,1651,1,0.5839949999999999
3860,0.1,0.3,0.3,0.0,0.3,0.0,1652,1,0.41802700000000004
3860,0.2,0.0,0.7,0.0,0.0,0.1,1653,1,0.599572
3860,0.0,0.0,0.1,0.3,0.5,0.1,1654,1,0.45023
3860,0.0,0.1,0.5,0.1,0.3,0.0,1655,1,0.447679
3860,0.0,0.1,0.0,0.3,0.5,0.1,1656,1,0.44546099999999994
3860,0.4,0.0,0.0,0.4,0.0,0.2,1657,1,0.587753
3860,0.4,0.3,0.2,0.0,0.0,0.1,1658,1,0.531806
3860,0.1,0.0,0.1,0.0,0.8,0.0,1659,1,0.429857
3860,0.0,0.0,0.1,0.3,0.2,0.4,1660,1,0.477645
3860,0.1,0.4,0.0,0.4,0.0,0.1,1661,1,0.505001
3860,0.5,0.2,0.2,0.0,0.1,0.0,1662,1,0.432019
3860,0.0,0.0,0.2,0.4,0.1,0.3,1663,1,0.501402
3860,0.3,0.3,0.1,0.0,0.3,0.0,1664,1,0.394944
3860,0.1,0.0,0.1,0.4,0.4,0.0,1666,1,0.428022
3860,0.0,0.1,0.5,0.4,0.0,0.0,1667,1,0.44792
3860,0.3,0.0,0.3,0.3,0.0,0.1,1668,1,0.584213
3860,0.0,0.7,0.0,0.2,0.0,0.1,1669,1,0.48023599999999994
3860,0.0,0.2,0.0,0.1,0.4,0.3,1670,1,0.43555699999999997
3860,0.1,0.0,0.9,0.0,0.0,0.0,1671,1,0.45526099999999997
3860,0.4,0.1,0.0,0.0,0.0,0.5,1672,1,0.582649
3860,0.1,0.4,0.1,0.4,0.0,0.0,1673,1,0.46657299999999996
3860,0.0,0.0,0.0,0.6,0.0,0.4,1674,1,0.5517850000000001
3860,0.1,0.0,0.6,0.3,0.0,0.0,1675,1,0.502251
3860,0.4,0.0,0.0,0.1,0.2,0.3,1676,1,0.46348
3860,0.0,0.1,0.1,0.0,0.4,0.4,1677,1,0.44410200000000005
3860,0.0,0.0,0.1,0.6,0.3,0.0,1678,1,0.392264
3860,0.0,0.0,0.0,0.4,0.5,0.1,1679,1,0.43964899999999996
3860,0.0,0.0,0.7,0.0,0.3,0.0,1680,1,0.42605699999999996
3860,0.0,0.0,0.0,0.5,0.2,0.3,1681,1,0.45510600000000007
3860,0.2,0.3,0.1,0.4,0.0,0.0,1682,1,0.476551
3860,0.4,0.1,0.1,0.4,0.0,0.0,1683,1,0.503984
3860,0.0,0.3,0.0,0.1,0.0,0.6,1684,1,0.533245
3860,0.3,0.2,0.4,0.1,0.0,0.0,1685,1,0.509848
3860,0.0,0.0,0.7,0.0,0.1,0.2,1686,1,0.47233500000000006
3860,0.0,0.5,0.3,0.2,0.0,0.0,1687,1,0.444488
3860,0.0,0.7,0.0,0.2,0.1,0.0,1688,1,0.419633
3860,0.4,0.3,0.1,0.2,0.0,0.0,1689,1,0.491432
3860,0.0,0.1,0.0,0.9,0.0,0.0,1690,1,0.47016899999999995
3860,0.1,0.0,0.0,0.1,0.8,0.0,1691,1,0.461267
3860,0.0,0.5,0.0,0.1,0.2,0.2,1692,1,0.43719300000000005
3860,0.3,0.4,0.0,0.1,0.0,0.2,1693,1,0.5145770000000001
3860,0.3,0.1,0.0,0.1,0.0,0.5,1694,1,0.581588
3860,0.7,0.0,0.2,0.0,0.1,0.0,1695,1,0.48800600000000005
3860,0.3,0.0,0.1,0.2,0.4,0.0,1696,1,0.412425
3860,0.3,0.2,0.0,0.1,0.4,0.0,1697,1,0.393016
3860,0.0,0.6,0.1,0.0,0.1,0.2,1698,1,0.46118000000000003
3860,0.0,0.0,0.3,0.0,0.5,0.2,1699,1,0.46918699999999997
3860,0.0,0.1,0.6,0.2,0.0,0.1,1700,1,0.511759
3860,0.2,0.0,0.0,0.0,0.7,0.1,1701,1,0.443007
3860,0.1,0.6,0.2,0.0,0.0,0.1,1702,1,0.493015
3860,0.2,0.5,0.2,0.0,0.0,0.1,1703,1,0.507336
3860,0.0,0.3,0.2,0.5,0.0,0.0,1704,1,0.438532
3860,0.3,0.1,0.4,0.0,0.2,0.0,1705,1,0.39876100000000003
3860,0.1,0.1,0.0,0.8,0.0,0.0,1706,1,0.499907
3860,0.0,0.4,0.1,0.1,0.0,0.4,1707,1,0.522058
3860,0.4,0.2,0.0,0.0,0.3,0.1,1708,1,0.395596
3860,0.0,0.6,0.1,0.3,0.0,0.0,1709,1,0.46162200000000003
3860,0.0,0.0,0.1,0.0,0.5,0.4,1710,1,0.45022
3860,0.0,0.1,0.4,0.0,0.3,0.2,1711,1,0.47172700000000006
3860,0.1,0.4,0.1,0.0,0.0,0.4,1712,1,0.541342
3860,0.0,0.3,0.5,0.2,0.0,0.0,1713,1,0.446201
3860,0.2,0.0,0.0,0.4,0.3,0.1,1714,1,0.45122799999999996
3860,0.1,0.0,0.0,0.4,0.0,0.5,1715,1,0.576291
3860,0.0,0.1,0.0,0.6,0.3,0.0,1716,1,0.417092
3860,0.0,0.0,0.1,0.0,0.4,0.5,1717,1,0.454471
3860,0.0,0.0,0.0,0.9,0.1,0.0,1718,1,0.42358
3860,0.0,0.3,0.2,0.0,0.1,0.4,1719,1,0.47975
3860,0.5,0.0,0.3,0.0,0.0,0.2,1720,1,0.5932390000000001
3860,0.3,0.2,0.0,0.0,0.1,0.4,1721,1,0.468582
3860,0.1,0.4,0.4,0.0,0.1,0.0,1722,1,0.409072
3860,0.1,0.0,0.1,0.6,0.2,0.0,1723,1,0.42008999999999996
3860,0.0,0.4,0.0,0.4,0.1,0.1,1724,1,0.461422
3860,0.0,0.4,0.4,0.0,0.1,0.1,1725,1,0.462236
3860,0.0,0.2,0.1,0.0,0.4,0.3,1726,1,0.445402
3860,0.3,0.0,0.5,0.1,0.1,0.0,1727,1,0.444554
3860,0.7,0.0,0.0,0.0,0.2,0.1,1728,1,0.48531899999999994
3860,0.0,0.9,0.1,0.0,0.0,0.0,1730,1,0.44281099999999995
3860,0.3,0.4,0.0,0.3,0.0,0.0,1731,1,0.478559
3860,0.5,0.0,0.0,0.1,0.1,0.3,1732,1,0.481732
3860,0.0,0.0,0.2,0.5,0.2,0.1,1733,1,0.444665
3860,0.3,0.0,0.1,0.0,0.6,0.0,1734,1,0.41668
3860,0.0,0.3,0.1,0.5,0.1,0.0,1735,1,0.41912
3860,0.0,0.5,0.0,0.3,0.0,0.2,1736,1,0.506966
3860,0.0,0.1,0.4,0.3,0.0,0.2,1737,1,0.53259
3860,0.0,0.0,0.5,0.1,0.3,0.1,1738,1,0.48068500000000003
3860,0.0,0.0,0.5,0.0,0.5,0.0,1739,1,0.41320500000000004
3860,0.1,0.3,0.4,0.2,0.0,0.0,1740,1,0.453992
3860,0.5,0.0,0.0,0.2,0.1,0.2,1741,1,0.48856099999999997
3860,0.5,0.0,0.3,0.2,0.0,0.0,1742,1,0.55502
3860,0.0,0.0,0.3,0.0,0.4,0.3,1743,1,0.46871199999999996
3860,0.1,0.0,0.3,0.6,0.0,0.0,1744,1,0.456854
3860,0.0,0.4,0.2,0.3,0.0,0.1,1745,1,0.493004
3860,0.3,0.0,0.3,0.3,0.1,0.0,1746,1,0.460653
3860,0.2,0.5,0.0,0.0,0.3,0.0,1747,1,0.400553
3860,0.3,0.5,0.0,0.2,0.0,0.0,1748,1,0.47657700000000003
3860,0.0,0.7,0.2,0.0,0.0,0.1,1749,1,0.46501400000000004
3860,0.7,0.0,0.1,0.0,0.2,0.0,1750,1,0.45189700000000005
3860,0.4,0.3,0.0,0.2,0.1,0.0,1751,1,0.448687
3860,0.0,0.0,0.6,0.3,0.1,0.0,1752,1,0.490522
3860,0.0,0.0,0.3,0.2,0.0,0.5,1753,1,0.589309
3860,0.0,0.1,0.4,0.4,0.0,0.1,1754,1,0.508365
3860,0.1,0.3,0.0,0.5,0.0,0.1,1755,1,0.489699
3860,0.0,0.7,0.1,0.2,0.0,0.0,1756,1,0.456819
3860,0.0,0.1,0.6,0.1,0.2,0.0,1757,1,0.454085
3860,0.3,0.0,0.0,0.6,0.1,0.0,1758,1,0.49106400000000006
3860,0.0,0.3,0.3,0.0,0.4,0.0,1759,1,0.420462
3860,0.0,0.3,0.1,0.0,0.6,0.0,1760,1,0.410438
3860,0.0,0.4,0.0,0.0,0.3,0.3,1761,1,0.455338
3860,0.2,0.1,0.1,0.0,0.0,0.6,1762,1,0.55118
3860,0.0,0.1,0.6,0.0,0.1,0.2,1763,1,0.477846
3860,0.0,0.5,0.1,0.1,0.3,0.0,1764,1,0.436709
3860,0.2,0.5,0.1,0.2,0.0,0.0,1765,1,0.490867
3860,0.2,0.4,0.0,0.3,0.1,0.0,1766,1,0.440197
3860,0.0,0.2,0.4,0.0,0.0,0.4,1767,1,0.529273
3860,0.1,0.0,0.2,0.0,0.4,0.3,1768,1,0.45641099999999996
3860,0.6,0.0,0.2,0.1,0.1,0.0,1769,1,0.476409
3860,0.5,0.2,0.0,0.2,0.1,0.0,1770,1,0.447946
3860,0.2,0.2,0.0,0.0,0.3,0.3,1771,1,0.398061
3860,0.4,0.2,0.0,0.4,0.0,0.0,1772,1,0.49612700000000004
3860,0.0,0.2,0.0,0.2,0.5,0.1,1773,1,0.44376099999999996
3860,0.0,0.6,0.0,0.4,0.0,0.0,1774,1,0.46038
3860,0.0,0.0,0.0,0.3,0.5,0.2,1775,1,0.43973199999999996
3860,0.2,0.3,0.2,0.3,0.0,0.0,1776,1,0.50575
3860,0.0,0.1,0.6,0.0,0.2,0.1,1777,1,0.463157
3860,0.1,0.0,0.0,0.0,0.5,0.4,1778,1,0.452794
3860,0.5,0.0,0.1,0.1,0.0,0.3,1779,1,0.63732
3860,0.0,0.0,0.5,0.0,0.4,0.1,1780,1,0.457078
3860,0.3,0.5,0.0,0.1,0.1,0.0,1781,1,0.436474
3860,0.2,0.2,0.0,0.1,0.5,0.0,1782,1,0.40319099999999997
3860,0.4,0.3,0.0,0.0,0.2,0.1,1783,1,0.403748
3860,0.5,0.0,0.2,0.0,0.3,0.0,1784,1,0.42062
3860,0.0,0.3,0.0,0.0,0.1,0.6,1785,1,0.491654
3860,0.0,0.1,0.2,0.6,0.1,0.0,1786,1,0.390314
3860,0.0,0.2,0.0,0.0,0.4,0.4,1787,1,0.447572
3860,0.1,0.0,0.4,0.0,0.1,0.4,1788,1,0.510207
3860,0.0,0.7,0.1,0.0,0.0,0.2,1789,1,0.493583
3860,0.0,0.0,0.2,0.1,0.6,0.1,1790,1,0.41881999999999997
3860,0.0,0.0,0.6,0.0,0.1,0.3,1791,1,0.47968999999999995
3860,0.1,0.0,0.8,0.0,0.1,0.0,1792,1,0.45586000000000004
3860,0.2,0.0,0.5,0.0,0.1,0.2,1794,1,0.480785
3860,0.4,0.2,0.0,0.0,0.1,0.3,1795,1,0.431571
3860,0.1,0.0,0.2,0.2,0.5,0.0,1796,1,0.42757700000000004
3860,0.5,0.0,0.1,0.0,0.2,0.2,1797,1,0.458207
3860,0.2,0.0,0.1,0.0,0.5,0.2,1798,1,0.440305
3860,0.0,0.1,0.4,0.0,0.1,0.4,1799,1,0.48678599999999994
3860,0.2,0.0,0.4,0.0,0.0,0.4,1800,1,0.585494
3860,0.2,0.0,0.3,0.1,0.4,0.0,1801,1,0.423874
3860,0.2,0.0,0.0,0.0,0.5,0.3,1802,1,0.443075
3860,0.0,0.6,0.0,0.1,0.0,0.3,1803,1,0.489778
3860,0.0,0.0,0.7,0.0,0.2,0.1,1804,1,0.465888
3860,0.1,0.0,0.0,0.5,0.3,0.1,1805,1,0.46487399999999995
3860,0.0,0.3,0.0,0.0,0.4,0.3,1806,1,0.43428599999999995
3860,0.5,0.1,0.0,0.0,0.0,0.4,1807,1,0.558442
3860,0.3,0.4,0.2,0.0,0.0,0.1,1808,1,0.503033
3860,0.0,0.0,0.3,0.2,0.3,0.2,1809,1,0.461318
3860,0.4,0.2,0.3,0.0,0.0,0.1,1810,1,0.527151
3860,0.0,0.3,0.4,0.3,0.0,0.0,1811,1,0.44092
3860,0.5,0.0,0.0,0.2,0.0,0.3,1812,1,0.583619
3860,0.0,0.0,0.4,0.6,0.0,0.0,1813,1,0.431076
3860,0.1,0.3,0.0,0.3,0.0,0.3,1814,1,0.5211020000000001
3860,0.3,0.2,0.1,0.0,0.0,0.4,1815,1,0.5460079999999999
3860,0.3,0.0,0.0,0.7,0.0,0.0,1816,1,0.508582
3860,0.0,0.5,0.2,0.2,0.1,0.0,1817,1,0.416887
3860,0.3,0.4,0.0,0.0,0.3,0.0,1818,1,0.387975
3860,0.2,0.1,0.0,0.4,0.3,0.0,1819,1,0.436729
3860,0.0,0.3,0.0,0.1,0.4,0.2,1820,1,0.44075600000000004
3860,0.5,0.1,0.4,0.0,0.0,0.0,1821,1,0.58607
3860,0.0,0.1,0.1,0.2,0.6,0.0,1822,1,0.424073
3860,0.4,0.3,0.1,0.0,0.0,0.2,1823,1,0.539154
3860,0.0,0.4,0.1,0.4,0.1,0.0,1824,1,0.42035900000000004
3860,0.2,0.0,0.0,0.3,0.3,0.2,1825,1,0.44806899999999994
3860,0.1,0.6,0.0,0.3,0.0,0.0,1826,1,0.476184
3860,0.0,0.5,0.1,0.3,0.0,0.1,1827,1,0.497943
3860,0.0,0.0,0.3,0.3,0.3,0.1,1828,1,0.463837
3860,0.0,0.2,0.2,0.5,0.0,0.1,1829,1,0.499723
3860,0.1,0.1,0.1,0.0,0.7,0.0,1830,1,0.409477
3860,0.6,0.0,0.0,0.0,0.1,0.3,1831,1,0.5072220000000001
3860,0.0,0.8,0.0,0.0,0.1,0.1,1832,1,0.44765299999999997
3860,0.2,0.1,0.0,0.0,0.1,0.6,1833,1,0.48356800000000005
3860,0.2,0.0,0.1,0.6,0.0,0.1,1834,1,0.54174
3860,0.3,0.1,0.0,0.0,0.6,0.0,1835,1,0.40081100000000003
3860,0.0,0.0,0.1,0.8,0.1,0.0,1836,1,0.372861
3860,0.2,0.7,0.0,0.0,0.0,0.1,1837,1,0.492084
3860,0.4,0.0,0.0,0.0,0.0,0.6,1838,1,0.602476
3860,0.2,0.0,0.1,0.2,0.5,0.0,1839,1,0.42777
3860,0.2,0.1,0.3,0.4,0.0,0.0,1840,1,0.5135529999999999
3860,0.0,0.1,0.3,0.0,0.4,0.2,1841,1,0.465988
3860,0.2,0.0,0.1,0.0,0.7,0.0,1842,1,0.42458900000000005
3860,0.9,0.0,0.1,0.0,0.0,0.0,1843,1,0.683076
3860,0.6,0.0,0.1,0.2,0.0,0.1,1844,1,0.615595
3860,0.1,0.0,0.1,0.2,0.6,0.0,1845,1,0.439022
3860,0.0,0.0,0.3,0.0,0.0,0.7,1846,1,0.554029
3860,0.3,0.0,0.2,0.0,0.4,0.1,1847,1,0.426534
3860,0.0,0.0,0.2,0.1,0.4,0.3,1848,1,0.45810100000000004
3860,0.1,0.0,0.5,0.4,0.0,0.0,1849,1,0.513745
3860,0.2,0.0,0.3,0.0,0.2,0.3,1850,1,0.48107700000000003
3860,0.3,0.3,0.0,0.1,0.0,0.3,1851,1,0.519702
3860,0.5,0.2,0.1,0.0,0.2,0.0,1852,1,0.40486700000000003
3860,0.1,0.0,0.1,0.0,0.2,0.6,1853,1,0.486436
3860,0.3,0.1,0.5,0.1,0.0,0.0,1854,1,0.541836
3860,0.1,0.0,0.2,0.1,0.6,0.0,1855,1,0.42052799999999996
3860,0.2,0.1,0.5,0.0,0.2,0.0,1856,1,0.4195
3860,0.0,0.0,0.1,0.4,0.5,0.0,1858,1,0.41577700000000006
3860,0.1,0.9,0.0,0.0,0.0,0.0,1859,1,0.46011899999999994
3860,0.0,0.0,0.5,0.1,0.0,0.4,1860,1,0.584882
3860,0.3,0.0,0.1,0.0,0.2,0.4,1861,1,0.46188999999999997
3860,0.0,0.0,0.0,0.3,0.3,0.4,1862,1,0.44376800000000005
3860,0.1,0.6,0.0,0.1,0.2,0.0,1863,1,0.400373
3860,0.1,0.0,0.2,0.0,0.5,0.2,1864,1,0.45029399999999997
3860,0.1,0.2,0.0,0.5,0.2,0.0,1865,1,0.42485500000000004
3860,0.0,0.0,0.2,0.2,0.5,0.1,1866,1,0.434357
3860,0.1,0.0,0.0,0.3,0.3,0.3,1867,1,0.449057
3860,0.0,0.1,0.2,0.5,0.0,0.2,1868,1,0.509488
3860,0.2,0.1,0.0,0.2,0.0,0.5,1869,1,0.550118
3860,0.2,0.0,0.1,0.1,0.6,0.0,1870,1,0.41930500000000004
3860,0.0,0.2,0.0,0.4,0.4,0.0,1871,1,0.414126
3860,0.1,0.0,0.8,0.0,0.0,0.1,1872,1,0.510158
3860,0.0,0.1,0.0,0.5,0.1,0.3,1873,1,0.47785900000000003
3860,0.0,0.0,0.1,0.6,0.1,0.2,1874,1,0.468638
3860,0.0,0.0,0.1,0.0,0.6,0.3,1875,1,0.44245500000000004
3860,0.5,0.2,0.0,0.0,0.3,0.0,1876,1,0.392861
3860,0.0,0.1,0.3,0.0,0.3,0.3,1877,1,0.45367399999999997
3860,0.4,0.3,0.2,0.0,0.1,0.0,1878,1,0.41764700000000005
3860,0.0,0.1,0.0,0.5,0.4,0.0,1879,1,0.416059
3860,0.3,0.4,0.1,0.0,0.2,0.0,1880,1,0.39903
3860,0.0,0.1,0.4,0.2,0.0,0.3,1881,1,0.539669
3860,0.3,0.1,0.0,0.0,0.3,0.3,1882,1,0.410125
3860,0.2,0.1,0.0,0.3,0.0,0.4,1883,1,0.542621
3860,0.0,0.1,0.3,0.0,0.0,0.6,1884,1,0.557559
3860,0.0,0.0,0.1,0.7,0.0,0.2,1885,1,0.5229229999999999
3860,0.6,0.2,0.1,0.0,0.0,0.1,1886,1,0.564526
3860,0.0,0.1,0.0,0.7,0.1,0.1,1887,1,0.47680100000000003
3860,0.5,0.0,0.1,0.0,0.3,0.1,1888,1,0.43547299999999994
3860,0.4,0.1,0.0,0.5,0.0,0.0,1889,1,0.518371
3860,0.0,0.5,0.0,0.0,0.5,0.0,1890,1,0.44637299999999996
3860,0.0,0.4,0.5,0.0,0.0,0.1,1891,1,0.473232
3860,0.0,0.1,0.5,0.1,0.0,0.3,1892,1,0.567435
3860,0.1,0.0,0.0,0.6,0.0,0.3,1893,1,0.565921
3860,0.3,0.2,0.2,0.3,0.0,0.0,1894,1,0.512089
3860,0.0,0.4,0.4,0.2,0.0,0.0,1895,1,0.442125
3860,0.0,0.0,0.4,0.4,0.0,0.2,1896,1,0.562329
3860,0.0,0.4,0.4,0.1,0.0,0.1,1897,1,0.492407
3860,0.0,0.0,0.4,0.1,0.3,0.2,1898,1,0.478583
3860,0.9,0.0,0.0,0.0,0.1,0.0,1899,1,0.55693
3860,0.5,0.1,0.0,0.0,0.4,0.0,1900,1,0.401021
3860,0.0,0.2,0.3,0.0,0.4,0.1,1901,1,0.457192
3860,0.2,0.3,0.1,0.0,0.4,0.0,1902,1,0.399908
3860,0.3,0.0,0.0,0.0,0.0,0.7,1903,1,0.60639
3860,0.6,0.0,0.0,0.1,0.2,0.1,1904,1,0.475735
3860,0.7,0.0,0.1,0.1,0.0,0.1,1905,1,0.609305
3860,0.6,0.0,0.1,0.1,0.2,0.0,1906,1,0.45465200000000006
3860,0.0,0.1,0.3,0.4,0.2,0.0,1907,1,0.441558
3860,0.0,0.2,0.0,0.5,0.0,0.3,1908,1,0.538392
3860,0.0,0.2,0.2,0.0,0.5,0.1,1909,1,0.43925299999999995
3860,0.1,0.2,0.0,0.0,0.4,0.3,1910,1,0.42960200000000004
3860,0.0,0.0,0.6,0.1,0.3,0.0,1911,1,0.47333000000000003
3860,0.4,0.5,0.0,0.1,0.0,0.0,1912,1,0.49582200000000004
3860,0.0,0.3,0.3,0.2,0.0,0.2,1913,1,0.518475
3860,0.0,0.1,0.2,0.6,0.0,0.1,1914,1,0.486667
3860,0.1,0.0,0.0,0.1,0.4,0.4,1915,1,0.448403
3860,0.0,0.0,0.0,0.1,0.9,0.0,1916,1,0.44359
3860,0.4,0.1,0.0,0.0,0.2,0.3,1917,1,0.450396
3860,0.2,0.0,0.2,0.1,0.5,0.0,1918,1,0.42303599999999997
3860,0.3,0.1,0.0,0.5,0.0,0.1,1919,1,0.539187
3860,0.0,0.1,0.7,0.0,0.1,0.1,1920,1,0.462819
3860,0.0,0.1,0.2,0.3,0.4,0.0,1922,1,0.423622
3860,0.2,0.0,0.0,0.5,0.3,0.0,1923,1,0.45979
3860,0.0,0.0,0.4,0.3,0.0,0.3,1924,1,0.583986
3860,0.3,0.0,0.2,0.3,0.0,0.2,1925,1,0.572792
3860,0.2,0.3,0.0,0.2,0.3,0.0,1926,1,0.39053000000000004
3860,0.0,0.4,0.1,0.0,0.5,0.0,1927,1,0.434108
3860,0.2,0.2,0.0,0.5,0.1,0.0,1928,1,0.442589
3860,0.3,0.5,0.0,0.0,0.1,0.1,1929,1,0.431217
3860,0.6,0.1,0.0,0.2,0.0,0.1,1930,1,0.533247
3860,0.4,0.1,0.0,0.0,0.4,0.1,1931,1,0.40337
3860,0.0,0.2,0.1,0.3,0.4,0.0,1932,1,0.412567
3860,0.9,0.0,0.0,0.0,0.0,0.1,1933,1,0.607796
3860,0.4,0.0,0.0,0.3,0.2,0.1,1934,1,0.461243
3860,0.1,0.0,0.4,0.1,0.0,0.4,1935,1,0.5815859999999999
3860,0.4,0.0,0.1,0.2,0.3,0.0,1936,1,0.415213
3860,0.2,0.5,0.0,0.3,0.0,0.0,1937,1,0.46773100000000006
3860,0.3,0.0,0.2,0.0,0.1,0.4,1938,1,0.499708
3860,0.1,0.2,0.4,0.3,0.0,0.0,1939,1,0.461527
3860,0.3,0.1,0.5,0.0,0.0,0.1,1940,1,0.555663
3860,0.2,0.1,0.7,0.0,0.0,0.0,1941,1,0.46353199999999994
3860,0.0,0.1,0.0,0.3,0.4,0.2,1942,1,0.433584
3860,0.1,0.1,0.0,0.0,0.1,0.7,1943,1,0.449666
3860,0.7,0.0,0.0,0.0,0.3,0.0,1944,1,0.44702299999999995
3860,0.6,0.1,0.0,0.1,0.2,0.0,1945,1,0.432968
3860,0.0,0.2,0.5,0.3,0.0,0.0,1946,1,0.439043
3860,0.0,0.2,0.3,0.0,0.5,0.0,1947,1,0.399592
3860,0.1,0.4,0.3,0.0,0.0,0.2,1948,1,0.5082810000000001
3860,0.0,0.5,0.1,0.0,0.2,0.2,1949,1,0.450192
3860,0.0,0.0,0.1,0.3,0.4,0.2,1950,1,0.44183900000000004
3860,0.1,0.0,0.6,0.1,0.0,0.2,1951,1,0.588055
3860,0.0,0.3,0.3,0.3,0.1,0.0,1952,1,0.41924300000000003
3860,0.2,0.3,0.0,0.0,0.4,0.1,1953,1,0.404358
3860,0.0,0.0,0.1,0.1,0.6,0.2,1954,1,0.454974
3860,0.3,0.1,0.0,0.0,0.5,0.1,1955,1,0.40875500000000003
3860,0.0,0.1,0.0,0.0,0.9,0.0,1956,1,0.42561000000000004
3860,0.5,0.0,0.3,0.1,0.0,0.1,1957,1,0.653933
3860,0.1,0.0,0.0,0.1,0.0,0.8,1958,1,0.621939
3860,0.0,0.2,0.6,0.0,0.1,0.1,1959,1,0.464225
3860,0.1,0.5,0.0,0.0,0.4,0.0,1960,1,0.415408
3860,0.1,0.3,0.0,0.2,0.4,0.0,1961,1,0.405491
3860,0.0,0.0,0.5,0.1,0.1,0.3,1962,1,0.485865
3860,0.6,0.0,0.0,0.3,0.0,0.1,1963,1,0.621825
3860,0.1,0.0,0.0,0.5,0.0,0.4,1964,1,0.5785520000000001
3860,0.7,0.1,0.1,0.1,0.0,0.0,1965,1,0.570671
3860,0.1,0.0,0.0,0.0,0.6,0.3,1966,1,0.443712
3860,0.1,0.0,0.1,0.1,0.7,0.0,1967,1,0.430688
3860,0.0,0.1,0.0,0.1,0.5,0.3,1968,1,0.43634300000000004
3860,0.2,0.0,0.4,0.0,0.3,0.1,1969,1,0.446161
3860,0.3,0.2,0.3,0.0,0.0,0.2,1970,1,0.551
3860,0.7,0.1,0.1,0.0,0.1,0.0,1971,1,0.47491000000000005
3860,0.0,0.1,0.2,0.1,0.0,0.6,1972,1,0.5672010000000001
3860,0.3,0.0,0.5,0.0,0.2,0.0,1973,1,0.413023
3860,0.5,0.1,0.0,0.3,0.0,0.1,1974,1,0.529536
3860,0.4,0.1,0.1,0.0,0.4,0.0,1975,1,0.389906
3860,0.0,0.5,0.0,0.1,0.0,0.4,1976,1,0.519883
3860,0.3,0.0,0.2,0.0,0.2,0.3,1977,1,0.478055
3860,0.1,0.0,0.2,0.3,0.0,0.4,1978,1,0.590478
3860,0.1,0.5,0.4,0.0,0.0,0.0,1979,1,0.480959
3860,0.3,0.0,0.4,0.0,0.1,0.2,1980,1,0.49763599999999997
3860,0.0,0.0,0.1,0.0,0.9,0.0,1981,1,0.43146999999999996
3860,0.0,0.1,0.9,0.0,0.0,0.0,1982,1,0.450216
3860,0.0,0.0,0.1,0.5,0.1,0.3,1983,1,0.49812799999999996
3860,0.7,0.0,0.1,0.0,0.0,0.2,1984,1,0.7215550000000001
3860,0.0,0.1,0.3,0.3,0.3,0.0,1986,1,0.433104
3860,0.2,0.2,0.3,0.3,0.0,0.0,1987,1,0.49117299999999997
3860,0.3,0.0,0.2,0.4,0.1,0.0,1988,1,0.46345
3860,0.2,0.0,0.2,0.3,0.0,0.3,1989,1,0.559742
3860,0.2,0.1,0.0,0.0,0.6,0.1,1990,1,0.418512
3860,0.1,0.4,0.0,0.0,0.5,0.0,1991,1,0.41798900000000005
3860,0.4,0.4,0.1,0.0,0.1,0.0,1992,1,0.41969700000000004
3860,0.0,0.2,0.6,0.1,0.0,0.1,1993,1,0.477677
3860,0.6,0.0,0.2,0.0,0.1,0.1,1994,1,0.49531400000000003
3860,0.1,0.0,0.0,0.0,0.4,0.5,1995,1,0.43278599999999995
3860,0.1,0.0,0.0,0.2,0.2,0.5,1996,1,0.44899799999999995
3860,0.0,0.1,0.1,0.7,0.1,0.0,1997,1,0.379139
3860,0.1,0.2,0.0,0.4,0.0,0.3,1998,1,0.510116
3860,0.8,0.1,0.0,0.0,0.0,0.1,1999,1,0.596696
3860,0.0,0.2,0.4,0.0,0.4,0.0,2000,1,0.402607
3860,0.1,0.3,0.0,0.0,0.0,0.6,2001,1,0.514314
3860,0.2,0.3,0.3,0.0,0.2,0.0,2002,1,0.395663
3860,0.5,0.0,0.3,0.1,0.1,0.0,2003,1,0.46280600000000005
3860,0.1,0.0,0.0,0.0,0.7,0.2,2004,1,0.43430100000000005
3860,0.6,0.0,0.1,0.0,0.1,0.2,2005,1,0.507119
3860,0.0,0.0,0.4,0.1,0.4,0.1,2006,1,0.44976400000000005
3860,0.0,0.2,0.0,0.4,0.3,0.1,2007,1,0.437485
3860,0.5,0.0,0.0,0.1,0.0,0.4,2008,1,0.5690109999999999
3860,0.1,0.0,0.0,0.6,0.2,0.1,2009,1,0.47016199999999997
3860,0.0,0.0,0.1,0.5,0.4,0.0,2010,1,0.416944
3860,0.1,0.0,0.2,0.0,0.7,0.0,2011,1,0.419548
3860,0.1,0.4,0.0,0.5,0.0,0.0,2012,1,0.45876000000000006
3860,0.0,0.4,0.2,0.1,0.3,0.0,2013,1,0.433522
3860,0.0,0.1,0.5,0.3,0.0,0.1,2014,1,0.5138550000000001
3860,0.1,0.2,0.0,0.2,0.0,0.5,2015,1,0.5488970000000001
3860,0.2,0.2,0.0,0.3,0.3,0.0,2016,1,0.407568
3860,0.2,0.0,0.3,0.0,0.0,0.5,2017,1,0.587607
3860,0.6,0.0,0.0,0.0,0.4,0.0,2018,1,0.441029
3860,0.0,0.5,0.2,0.0,0.3,0.0,2019,1,0.45274200000000003
3860,0.0,0.3,0.0,0.5,0.2,0.0,2020,1,0.412372
3860,0.4,0.0,0.4,0.1,0.0,0.1,2021,1,0.6386689999999999
3860,0.3,0.0,0.0,0.3,0.0,0.4,2022,1,0.615426
3860,0.1,0.1,0.7,0.0,0.0,0.1,2023,1,0.511799
3860,0.0,0.2,0.5,0.0,0.2,0.1,2024,1,0.462114
3860,0.0,0.5,0.0,0.3,0.2,0.0,2025,1,0.40526100000000004
3860,0.5,0.0,0.2,0.2,0.1,0.0,2026,1,0.478865
3860,0.0,0.4,0.0,0.2,0.3,0.1,2027,1,0.419821
3860,0.0,0.2,0.3,0.2,0.0,0.3,2028,1,0.54669
3860,0.4,0.0,0.3,0.0,0.3,0.0,2029,1,0.412214
3860,0.1,0.0,0.2,0.0,0.0,0.7,2030,1,0.585413
3860,0.4,0.1,0.5,0.0,0.0,0.0,2031,1,0.58796
3860,0.0,0.7,0.0,0.3,0.0,0.0,2032,1,0.466317
3860,0.1,0.5,0.3,0.0,0.0,0.1,2033,1,0.497954
3860,0.4,0.0,0.0,0.0,0.2,0.4,2034,1,0.46784
3860,0.3,0.0,0.2,0.3,0.2,0.0,2035,1,0.429408
3860,0.0,0.4,0.0,0.0,0.6,0.0,2036,1,0.41906899999999997
3860,0.4,0.1,0.0,0.2,0.0,0.3,2037,1,0.5567479999999999
3860,0.3,0.2,0.0,0.3,0.0,0.2,2038,1,0.5141
3860,0.0,0.4,0.0,0.3,0.0,0.3,2039,1,0.523017
3860,0.0,0.0,0.6,0.2,0.1,0.1,2040,1,0.49455600000000005
3860,0.1,0.2,0.3,0.0,0.4,0.0,2041,1,0.411016
3860,0.2,0.3,0.4,0.0,0.0,0.1,2042,1,0.527583
3860,0.1,0.5,0.0,0.3,0.0,0.1,2043,1,0.498788
3860,0.1,0.0,0.3,0.4,0.0,0.2,2044,1,0.578216
3860,0.8,0.0,0.1,0.0,0.1,0.0,2045,1,0.522817
3860,0.0,0.1,0.0,0.0,0.2,0.7,2046,1,0.47015
3860,0.1,0.0,0.0,0.3,0.4,0.2,2047,1,0.42908500000000005
3860,0.0,0.1,0.4,0.1,0.0,0.4,2048,1,0.5800489999999999
3860,0.0,0.4,0.0,0.1,0.0,0.5,2050,1,0.525287
3860,0.1,0.0,0.4,0.3,0.2,0.0,2051,1,0.441137
3860,0.0,0.1,0.2,0.4,0.0,0.3,2052,1,0.538168
3860,0.0,0.0,0.3,0.1,0.2,0.4,2053,1,0.462175
3860,0.1,0.6,0.1,0.2,0.0,0.0,2054,1,0.46850600000000003
3860,0.0,0.2,0.0,0.3,0.1,0.4,2055,1,0.46719399999999994
3860,0.0,0.0,0.1,0.0,0.7,0.2,2056,1,0.43550500000000003
3860,0.0,0.0,0.0,0.6,0.3,0.1,2057,1,0.44792200000000004
3860,0.0,0.7,0.2,0.0,0.1,0.0,2058,1,0.43058599999999997
3860,0.1,0.0,0.6,0.1,0.2,0.0,2059,1,0.45417799999999997
3860,0.3,0.2,0.0,0.2,0.3,0.0,2060,1,0.394845
3860,0.2,0.2,0.0,0.0,0.5,0.1,2061,1,0.407978
3860,0.0,0.7,0.0,0.1,0.0,0.2,2062,1,0.48160299999999995
3860,0.0,0.0,0.2,0.2,0.1,0.5,2063,1,0.499075
3860,0.0,0.4,0.3,0.0,0.2,0.1,2064,1,0.460391
3860,0.1,0.2,0.5,0.0,0.2,0.0,2065,1,0.414814
3860,0.0,0.4,0.3,0.2,0.1,0.0,2066,1,0.41355699999999995
3860,0.3,0.0,0.2,0.0,0.0,0.5,2067,1,0.611406
3860,0.2,0.0,0.3,0.5,0.0,0.0,2068,1,0.499537
3860,0.1,0.0,0.0,0.7,0.1,0.1,2069,1,0.48851000000000006
3860,0.0,0.0,0.1,0.1,0.7,0.1,2070,1,0.408472
3860,0.0,0.2,0.4,0.0,0.3,0.1,2071,1,0.457604
3860,0.0,0.3,0.3,0.0,0.3,0.1,2072,1,0.46098599999999995
3860,0.0,0.6,0.0,0.0,0.3,0.1,2073,1,0.446104
3860,0.0,0.4,0.0,0.4,0.0,0.2,2074,1,0.5060600000000001
3860,0.4,0.0,0.1,0.3,0.0,0.2,2075,1,0.572371
3860,0.0,0.5,0.2,0.1,0.2,0.0,2076,1,0.42324399999999995
3860,0.0,0.0,0.0,0.0,0.4,0.6,2077,1,0.449646
3860,0.0,0.0,0.0,0.1,0.3,0.6,2078,1,0.455132
3860,0.0,0.3,0.4,0.2,0.0,0.1,2079,1,0.49345200000000006
3860,0.5,0.1,0.0,0.1,0.0,0.3,2080,1,0.569685
3860,0.0,0.0,0.3,0.3,0.4,0.0,2081,1,0.446626
3860,0.6,0.0,0.0,0.0,0.0,0.4,2082,1,0.6234149999999999
3860,0.0,0.1,0.0,0.7,0.2,0.0,2083,1,0.42341599999999996
3860,0.0,0.1,0.0,0.1,0.3,0.5,2084,1,0.440582
3860,0.1,0.1,0.0,0.7,0.1,0.0,2085,1,0.474053
3860,0.2,0.0,0.1,0.0,0.2,0.5,2086,1,0.477278
3860,0.1,0.3,0.0,0.6,0.0,0.0,2087,1,0.47103199999999995
3860,0.0,0.0,0.5,0.5,0.0,0.0,2088,1,0.465398
3860,0.1,0.3,0.1,0.5,0.0,0.0,2089,1,0.47618599999999994
3860,0.0,0.3,0.2,0.4,0.1,0.0,2090,1,0.416891
3860,0.0,0.1,0.1,0.0,0.0,0.8,2091,1,0.577292
3860,0.3,0.5,0.1,0.1,0.0,0.0,2092,1,0.49384700000000004
3860,0.1,0.0,0.3,0.4,0.2,0.0,2093,1,0.44153100000000006
3860,0.2,0.0,0.0,0.1,0.4,0.3,2094,1,0.44250500000000004
3860,0.1,0.0,0.0,0.4,0.5,0.0,2095,1,0.462792
3860,0.0,0.0,0.0,0.6,0.4,0.0,2096,1,0.42873199999999995
3860,0.1,0.0,0.4,0.3,0.0,0.2,2097,1,0.5862189999999999
3860,0.0,0.2,0.0,0.2,0.3,0.3,2098,1,0.437068
3860,0.3,0.1,0.0,0.3,0.0,0.3,2099,1,0.547534
3860,0.0,0.0,0.0,0.3,0.0,0.7,2100,1,0.5613229999999999
3860,0.3,0.1,0.1,0.0,0.0,0.5,2101,1,0.5898260000000001
3860,0.4,0.5,0.1,0.0,0.0,0.0,2102,1,0.492096
3860,0.0,0.2,0.0,0.1,0.5,0.2,2103,1,0.434547
3860,0.0,0.1,0.0,0.0,0.6,0.3,2104,1,0.43494799999999995
3860,0.0,0.2,0.5,0.2,0.1,0.0,2105,1,0.42821899999999996
3860,0.2,0.0,0.4,0.1,0.3,0.0,2106,1,0.42652700000000004
3860,0.1,0.1,0.0,0.6,0.2,0.0,2107,1,0.44846400000000003
3860,0.0,0.0,0.5,0.2,0.3,0.0,2108,1,0.482609
3860,0.0,0.1,0.0,0.3,0.6,0.0,2109,1,0.41821400000000003
3860,0.6,0.2,0.0,0.1,0.0,0.1,2110,1,0.545683
3860,0.0,0.5,0.2,0.1,0.0,0.2,2111,1,0.506366
3860,0.0,0.0,0.4,0.1,0.2,0.3,2112,1,0.46202299999999996
3860,0.3,0.3,0.3,0.0,0.0,0.1,2135,1,0.515422
3860,0.0,0.0,0.1,0.0,0.8,0.1,2136,1,0.410379
3860,0.4,0.0,0.0,0.0,0.1,0.5,2137,1,0.48618500000000003
3860,0.0,0.0,0.1,0.0,0.1,0.8,2138,1,0.5070060000000001
3860,0.3,0.0,0.2,0.1,0.0,0.4,2139,1,0.61736
3860,0.0,0.1,0.7,0.0,0.2,0.0,2140,1,0.41611899999999996
3860,0.4,0.1,0.0,0.0,0.1,0.4,2141,1,0.47711899999999996
3860,0.0,0.0,0.4,0.2,0.0,0.4,2142,1,0.576414
3860,0.5,0.3,0.0,0.1,0.1,0.0,2143,1,0.444341
3860,0.0,0.2,0.1,0.2,0.5,0.0,2144,1,0.42351099999999997
3860,0.0,0.6,0.1,0.0,0.3,0.0,2145,1,0.45115299999999997
3860,0.0,0.0,0.3,0.6,0.1,0.0,2146,1,0.408346
3860,0.2,0.5,0.0,0.1,0.0,0.2,2147,1,0.5030720000000001
3860,0.1,0.1,0.1,0.7,0.0,0.0,2148,1,0.47575600000000007
3860,0.4,0.1,0.0,0.2,0.3,0.0,2149,1,0.409222
3860,0.2,0.1,0.0,0.5,0.2,0.0,2150,1,0.43506000000000006
3860,0.0,0.1,0.0,0.0,0.3,0.6,2151,1,0.446201
3860,0.0,0.4,0.0,0.0,0.2,0.4,2152,1,0.464533
3860,0.0,0.8,0.0,0.1,0.0,0.1,2153,1,0.481307
3860,0.0,0.2,0.2,0.0,0.3,0.3,2154,1,0.445772
3860,0.0,0.0,0.1,0.2,0.7,0.0,2155,1,0.409112
3860,0.0,0.2,0.1,0.0,0.7,0.0,2156,1,0.390419
3860,0.3,0.1,0.0,0.4,0.0,0.2,2157,1,0.53866
3860,0.3,0.0,0.2,0.2,0.3,0.0,2158,1,0.408389
3860,0.0,0.0,0.3,0.5,0.0,0.2,2159,1,0.554232
3860,0.3,0.2,0.0,0.0,0.3,0.2,2160,1,0.398937
3860,0.0,0.0,0.2,0.1,0.2,0.5,2161,1,0.47614799999999996
3860,0.5,0.0,0.2,0.1,0.2,0.0,2162,1,0.435172
3860,0.3,0.0,0.0,0.0,0.6,0.1,2163,1,0.43390200000000007
3860,0.1,0.1,0.0,0.0,0.8,0.0,2164,1,0.425038
3860,0.0,0.0,0.1,0.3,0.3,0.3,2165,1,0.439808
3860,0.0,0.4,0.2,0.0,0.0,0.4,2166,1,0.530722
3860,0.3,0.2,0.3,0.0,0.2,0.0,2167,1,0.382571
3860,0.0,0.0,0.0,0.2,0.4,0.4,2168,1,0.430051
3860,0.0,0.1,0.2,0.3,0.0,0.4,2169,1,0.562513
3860,0.1,0.2,0.3,0.0,0.0,0.4,2170,1,0.5535140000000001
3860,0.3,0.1,0.0,0.4,0.2,0.0,2171,1,0.42568999999999996
3860,0.4,0.2,0.0,0.3,0.1,0.0,2172,1,0.434277
3860,0.0,0.5,0.1,0.0,0.1,0.3,2173,1,0.470087
3860,0.7,0.1,0.0,0.0,0.2,0.0,2174,1,0.434855
3860,0.4,0.0,0.3,0.3,0.0,0.0,2175,1,0.627835
3860,0.0,0.0,0.0,0.1,0.7,0.2,2176,1,0.44168900000000005
3496,0.1,0.2,0.0,0.0,0.6,0.1,2,1,0.39619299999999996
3496,0.0,0.3,0.0,0.2,0.5,0.0,3,1,0.379979
3496,0.2,0.0,0.1,0.0,0.4,0.3,4,1,0.41440600000000005
3496,0.1,0.0,0.4,0.1,0.4,0.0,5,1,0.41065799999999997
3496,0.2,0.1,0.2,0.0,0.0,0.5,6,1,0.37493200000000004
3496,0.0,0.1,0.1,0.6,0.0,0.2,7,1,0.41372299999999995
3496,0.4,0.0,0.3,0.1,0.2,0.0,8,1,0.41022200000000003
3496,0.0,0.0,0.7,0.1,0.1,0.1,9,1,0.43022299999999997
3496,0.2,0.1,0.0,0.1,0.0,0.6,10,1,0.37251300000000004
3496,0.4,0.0,0.3,0.0,0.2,0.1,11,1,0.405706
3496,0.0,0.6,0.0,0.3,0.0,0.1,12,1,0.387473
3496,0.3,0.4,0.0,0.0,0.1,0.2,13,1,0.34682399999999997
3496,0.1,0.3,0.4,0.0,0.2,0.0,14,1,0.439122
3496,0.1,0.1,0.0,0.5,0.0,0.3,15,1,0.411905
3496,0.0,0.0,0.1,0.7,0.2,0.0,16,1,0.384291
3496,0.1,0.6,0.0,0.0,0.2,0.1,17,1,0.38701399999999997
3496,0.0,0.3,0.1,0.2,0.4,0.0,18,1,0.386874
3496,0.2,0.0,0.6,0.0,0.1,0.1,19,1,0.41545299999999996
3496,0.4,0.2,0.0,0.0,0.2,0.2,20,1,0.362771
3496,0.4,0.2,0.0,0.2,0.2,0.0,21,1,0.358023
3496,0.2,0.8,0.0,0.0,0.0,0.0,22,1,0.380069
3496,0.2,0.0,0.2,0.6,0.0,0.0,23,1,0.483368
3496,0.0,0.2,0.2,0.2,0.0,0.4,24,1,0.443222
3496,0.0,0.0,0.2,0.2,0.4,0.2,25,1,0.40944
3496,0.0,0.0,0.0,0.2,0.8,0.0,26,1,0.398378
3496,0.2,0.6,0.0,0.0,0.2,0.0,27,1,0.3752
3496,0.0,0.0,0.0,0.2,0.6,0.2,28,1,0.391928
3496,0.0,0.2,0.2,0.0,0.6,0.0,29,1,0.38307199999999997
3496,1.0,0.0,0.0,0.0,0.0,0.0,30,1,0.373778
3496,0.2,0.2,0.0,0.0,0.4,0.2,31,1,0.38296199999999997
3496,0.0,0.0,0.4,0.2,0.2,0.2,32,1,0.47311400000000003
3496,0.0,0.6,0.0,0.2,0.2,0.0,33,1,0.38187
3496,0.0,0.2,0.0,0.6,0.2,0.0,34,1,0.425782
3496,0.2,0.0,0.0,0.8,0.0,0.0,35,1,0.388341
3496,0.2,0.4,0.0,0.0,0.2,0.2,36,1,0.358703
3496,0.0,0.0,0.2,0.6,0.0,0.2,37,1,0.45891899999999997
3496,0.4,0.2,0.2,0.2,0.0,0.0,38,1,0.371002
3496,0.2,0.4,0.0,0.2,0.2,0.0,39,1,0.366732
3496,0.8,0.0,0.0,0.2,0.0,0.0,40,1,0.40925900000000004
3496,0.0,0.0,0.8,0.0,0.2,0.0,41,1,0.515212
3496,0.0,0.2,0.4,0.0,0.2,0.2,42,1,0.41448199999999996
3496,0.0,0.2,0.2,0.6,0.0,0.0,43,1,0.41231999999999996
3496,0.0,0.2,0.0,0.8,0.0,0.0,44,1,0.426813
3496,0.0,0.2,0.0,0.0,0.6,0.2,45,1,0.395565
3496,0.0,0.0,0.0,0.5,0.1,0.4,46,1,0.447543
3496,0.3,0.1,0.6,0.0,0.0,0.0,47,1,0.403256
3496,0.1,0.1,0.4,0.4,0.0,0.0,48,1,0.44428500000000004
3496,0.4,0.1,0.0,0.0,0.5,0.0,49,1,0.377083
3496,0.0,0.0,0.1,0.5,0.3,0.1,50,1,0.402966
3496,0.1,0.0,0.0,0.7,0.0,0.2,51,1,0.472105
3496,0.2,0.4,0.1,0.3,0.0,0.0,52,1,0.36240500000000003
3496,0.0,0.1,0.1,0.6,0.2,0.0,53,1,0.372585
3496,0.3,0.3,0.0,0.0,0.3,0.1,54,1,0.362619
3496,0.0,0.4,0.0,0.1,0.1,0.4,55,1,0.409393
3496,0.2,0.2,0.0,0.0,0.1,0.5,56,1,0.38710300000000003
3496,0.4,0.4,0.0,0.0,0.1,0.1,57,1,0.356117
3496,0.0,0.3,0.0,0.0,0.0,0.7,58,1,0.49962700000000004
3496,0.2,0.0,0.1,0.0,0.1,0.6,59,1,0.39082
3496,0.3,0.3,0.0,0.0,0.4,0.0,60,1,0.36588899999999996
3496,0.0,0.2,0.3,0.4,0.0,0.1,61,1,0.410801
3496,0.1,0.4,0.0,0.2,0.3,0.0,62,1,0.374374
3496,0.5,0.0,0.0,0.4,0.0,0.1,63,1,0.41492700000000005
3496,0.1,0.0,0.0,0.4,0.1,0.4,64,1,0.42078000000000004
3496,0.1,0.3,0.0,0.0,0.5,0.1,66,1,0.385932
3496,0.6,0.1,0.0,0.2,0.1,0.0,67,1,0.370044
3496,0.0,0.3,0.0,0.6,0.0,0.1,68,1,0.454084
3496,0.4,0.1,0.0,0.4,0.0,0.1,69,1,0.391702
3496,0.6,0.0,0.0,0.3,0.1,0.0,70,1,0.371772
3496,0.3,0.5,0.0,0.1,0.0,0.1,71,1,0.35528899999999997
3496,0.4,0.2,0.0,0.0,0.4,0.0,72,1,0.36167699999999997
3496,0.5,0.1,0.0,0.1,0.3,0.0,73,1,0.362219
3496,0.1,0.1,0.5,0.0,0.3,0.0,74,1,0.466579
3496,0.0,0.2,0.0,0.6,0.1,0.1,75,1,0.42534799999999995
3496,0.1,0.2,0.0,0.0,0.7,0.0,76,1,0.39157600000000004
3496,0.5,0.2,0.1,0.2,0.0,0.0,77,1,0.358109
3496,0.1,0.0,0.6,0.0,0.1,0.2,78,1,0.51139
3496,0.2,0.1,0.1,0.6,0.0,0.0,79,1,0.393827
3496,0.0,0.7,0.0,0.1,0.1,0.1,80,1,0.39637100000000003
3496,0.0,0.0,0.1,0.2,0.4,0.3,81,1,0.436729
3496,0.1,0.1,0.0,0.0,0.2,0.6,82,1,0.395978
3496,0.3,0.1,0.0,0.0,0.4,0.2,83,1,0.367456
3496,0.8,0.0,0.0,0.0,0.2,0.0,84,1,0.377283
3496,0.2,0.4,0.2,0.0,0.0,0.2,85,1,0.393327
3496,0.4,0.2,0.2,0.0,0.2,0.0,86,1,0.389135
3496,0.0,0.0,0.0,0.2,0.0,0.8,87,1,0.42882700000000007
3496,0.4,0.0,0.2,0.2,0.0,0.2,88,1,0.415023
3496,0.2,0.2,0.2,0.0,0.0,0.4,89,1,0.389469
3496,0.0,0.2,0.2,0.0,0.2,0.4,90,1,0.43245200000000006
3496,0.2,0.0,0.2,0.2,0.0,0.4,91,1,0.41855600000000004
3496,0.6,0.2,0.0,0.0,0.0,0.2,92,1,0.362666
3496,0.6,0.2,0.0,0.2,0.0,0.0,93,1,0.36196999999999996
3496,0.0,0.0,0.2,0.4,0.2,0.2,94,1,0.45579
3496,0.0,0.0,0.6,0.2,0.2,0.0,95,1,0.427605
3496,0.0,0.2,0.2,0.0,0.0,0.6,96,1,0.432992
3496,0.2,0.2,0.0,0.6,0.0,0.0,97,1,0.406157
3496,0.0,0.2,0.0,0.2,0.0,0.6,98,1,0.41096000000000005
3496,0.2,0.6,0.0,0.2,0.0,0.0,99,1,0.369415
3496,0.8,0.0,0.2,0.0,0.0,0.0,100,1,0.392278
3496,0.4,0.0,0.0,0.2,0.2,0.2,101,1,0.389301
3496,0.2,0.0,0.0,0.0,0.6,0.2,102,1,0.385762
3496,0.4,0.0,0.2,0.2,0.2,0.0,103,1,0.411322
3496,0.0,0.0,0.0,0.8,0.0,0.2,104,1,0.536287
3496,0.0,0.0,0.2,0.8,0.0,0.0,105,1,0.556696
3496,0.0,0.2,0.2,0.2,0.4,0.0,106,1,0.368582
3496,0.2,0.2,0.4,0.0,0.2,0.0,107,1,0.405806
3496,0.2,0.0,0.0,0.2,0.4,0.2,108,1,0.398954
3496,0.4,0.0,0.2,0.0,0.2,0.2,109,1,0.421284
3496,0.1,0.4,0.0,0.0,0.0,0.5,110,1,0.389334
3496,0.2,0.7,0.1,0.0,0.0,0.0,111,1,0.37058
3496,0.0,0.4,0.0,0.0,0.1,0.5,112,1,0.454059
3496,0.0,0.0,0.4,0.4,0.1,0.1,113,1,0.459136
3496,0.0,0.3,0.0,0.2,0.4,0.1,114,1,0.421692
3496,0.4,0.0,0.0,0.3,0.1,0.2,115,1,0.43892299999999995
3496,0.3,0.0,0.3,0.2,0.2,0.0,116,1,0.416455
3496,0.0,0.0,0.4,0.0,0.5,0.1,117,1,0.40956
3496,0.6,0.3,0.0,0.0,0.0,0.1,118,1,0.353873
3496,0.4,0.0,0.0,0.6,0.0,0.0,119,1,0.392448
3496,0.0,0.3,0.4,0.2,0.1,0.0,120,1,0.453542
3496,0.0,0.1,0.7,0.0,0.0,0.2,121,1,0.435644
3496,0.0,0.1,0.1,0.1,0.0,0.7,122,1,0.47322200000000003
3496,0.5,0.1,0.1,0.3,0.0,0.0,123,1,0.384216
3496,0.0,0.2,0.3,0.5,0.0,0.0,124,1,0.5138
3496,0.5,0.2,0.3,0.0,0.0,0.0,125,1,0.40815500000000005
3496,0.4,0.1,0.0,0.0,0.3,0.2,126,1,0.369848
3496,0.1,0.2,0.2,0.5,0.0,0.0,127,1,0.43337600000000004
3496,0.5,0.1,0.1,0.0,0.0,0.3,128,1,0.379891
3496,0.4,0.0,0.0,0.0,0.6,0.0,130,1,0.388183
3496,0.1,0.0,0.0,0.4,0.3,0.2,131,1,0.43448400000000004
3496,0.2,0.0,0.0,0.3,0.0,0.5,132,1,0.395859
3496,0.3,0.1,0.2,0.0,0.0,0.4,133,1,0.386092
3496,0.6,0.1,0.1,0.0,0.2,0.0,134,1,0.359856
3496,0.4,0.1,0.2,0.0,0.3,0.0,135,1,0.387792
3496,0.5,0.0,0.1,0.3,0.0,0.1,136,1,0.401174
3496,0.3,0.1,0.4,0.0,0.0,0.2,137,1,0.410992
3496,0.1,0.0,0.4,0.0,0.2,0.3,138,1,0.441783
3496,0.1,0.5,0.3,0.1,0.0,0.0,139,1,0.411041
3496,0.0,0.1,0.0,0.5,0.2,0.2,140,1,0.437384
3496,0.2,0.0,0.5,0.2,0.1,0.0,141,1,0.48511800000000005
3496,0.1,0.0,0.5,0.0,0.3,0.1,142,1,0.44427799999999995
3496,0.5,0.0,0.0,0.0,0.4,0.1,143,1,0.384845
3496,0.0,0.6,0.3,0.0,0.0,0.1,144,1,0.424967
3496,0.0,0.4,0.5,0.0,0.1,0.0,145,1,0.433133
3496,0.0,0.5,0.1,0.4,0.0,0.0,146,1,0.41002700000000003
3496,0.2,0.0,0.0,0.4,0.0,0.4,147,1,0.441036
3496,0.0,0.0,0.8,0.2,0.0,0.0,148,1,0.494179
3496,0.0,0.0,0.2,0.0,0.8,0.0,149,1,0.418516
3496,0.2,0.0,0.0,0.0,0.8,0.0,150,1,0.421227
3496,0.2,0.0,0.2,0.2,0.4,0.0,151,1,0.385279
3496,0.0,0.6,0.0,0.0,0.2,0.2,152,1,0.409107
3496,0.8,0.0,0.0,0.0,0.0,0.2,153,1,0.401629
3496,0.0,0.4,0.0,0.2,0.2,0.2,154,1,0.40266199999999996
3496,0.2,0.0,0.0,0.0,0.0,0.8,155,1,0.408688
3496,0.0,0.4,0.2,0.0,0.2,0.2,156,1,0.401062
3496,0.0,0.2,0.0,0.6,0.0,0.2,157,1,0.45781499999999997
3496,0.0,0.0,0.6,0.2,0.0,0.2,158,1,0.540292
3496,0.2,0.2,0.2,0.4,0.0,0.0,159,1,0.379359
3496,0.2,0.2,0.0,0.0,0.2,0.4,160,1,0.386306
3496,0.0,0.2,0.0,0.2,0.2,0.4,161,1,0.421259
3496,0.8,0.2,0.0,0.0,0.0,0.0,162,1,0.372498
3496,0.2,0.0,0.6,0.0,0.2,0.0,163,1,0.46448500000000004
3496,0.0,0.2,0.0,0.0,0.8,0.0,164,1,0.391588
3496,0.2,0.4,0.2,0.0,0.2,0.0,165,1,0.392784
3496,0.2,0.4,0.2,0.2,0.0,0.0,166,1,0.36442399999999997
3496,0.6,0.0,0.2,0.0,0.0,0.2,167,1,0.39784899999999995
3496,0.2,0.0,0.2,0.0,0.0,0.6,168,1,0.398081
3496,0.0,0.0,0.2,0.0,0.2,0.6,169,1,0.43858400000000003
3496,0.4,0.2,0.0,0.2,0.0,0.2,170,1,0.36344099999999996
3496,0.2,0.2,0.0,0.2,0.0,0.4,171,1,0.393507
3496,0.2,0.2,0.0,0.4,0.2,0.0,172,1,0.37417399999999995
3496,0.0,0.0,0.0,1.0,0.0,0.0,173,1,0.7462270000000001
3496,0.5,0.3,0.1,0.1,0.0,0.0,174,1,0.364649
3496,0.3,0.2,0.0,0.0,0.2,0.3,175,1,0.371696
3496,0.0,0.0,0.5,0.4,0.0,0.1,176,1,0.44011300000000003
3496,0.6,0.0,0.0,0.1,0.0,0.3,177,1,0.433885
3496,0.0,0.1,0.0,0.7,0.0,0.2,178,1,0.46225200000000005
3496,0.0,0.0,0.7,0.2,0.0,0.1,179,1,0.43914899999999996
3496,0.1,0.4,0.0,0.3,0.0,0.2,180,1,0.39678
3496,0.4,0.4,0.2,0.0,0.0,0.0,181,1,0.373372
3496,0.0,0.2,0.0,0.5,0.1,0.2,182,1,0.432062
3496,0.3,0.4,0.0,0.0,0.2,0.1,183,1,0.367285
3496,0.0,0.0,0.1,0.4,0.0,0.5,184,1,0.49400600000000006
3496,0.4,0.4,0.0,0.0,0.2,0.0,185,1,0.370314
3496,0.4,0.0,0.5,0.0,0.0,0.1,186,1,0.442358
3496,0.2,0.0,0.3,0.0,0.3,0.2,187,1,0.443213
3496,0.1,0.0,0.5,0.3,0.1,0.0,188,1,0.492967
3496,0.0,0.1,0.1,0.3,0.0,0.5,189,1,0.498275
3496,0.1,0.0,0.3,0.0,0.5,0.1,190,1,0.422308
3496,0.2,0.0,0.3,0.3,0.2,0.0,191,1,0.413574
3496,0.5,0.1,0.3,0.0,0.0,0.1,192,1,0.393198
3496,0.6,0.0,0.3,0.1,0.0,0.0,194,1,0.412412
3496,0.0,0.0,0.0,0.0,0.3,0.7,195,1,0.460053
3496,0.1,0.0,0.0,0.5,0.4,0.0,196,1,0.39768000000000003
3496,0.0,0.0,0.6,0.1,0.2,0.1,197,1,0.439384
3496,0.2,0.0,0.2,0.5,0.0,0.1,198,1,0.507677
3496,0.1,0.1,0.0,0.0,0.5,0.3,199,1,0.391872
3496,0.1,0.0,0.0,0.2,0.1,0.6,200,1,0.384869
3496,0.0,0.1,0.4,0.1,0.4,0.0,201,1,0.427899
3496,0.1,0.1,0.0,0.2,0.6,0.0,202,1,0.387455
3496,0.3,0.0,0.0,0.1,0.4,0.2,203,1,0.38273
3496,0.1,0.3,0.4,0.0,0.0,0.2,204,1,0.417433
3496,0.0,0.0,0.9,0.0,0.0,0.1,205,1,0.527526
3496,0.1,0.1,0.0,0.0,0.6,0.2,206,1,0.389305
3496,0.0,0.3,0.3,0.3,0.0,0.1,207,1,0.43696899999999994
3496,0.0,0.4,0.3,0.1,0.2,0.0,208,1,0.39009499999999997
3496,0.0,0.3,0.0,0.0,0.2,0.5,209,1,0.408534
3496,0.2,0.0,0.1,0.0,0.3,0.4,210,1,0.410962
3496,0.0,0.2,0.1,0.3,0.0,0.4,211,1,0.48534499999999997
3496,0.0,0.0,0.0,0.0,1.0,0.0,212,1,0.425417
3496,0.6,0.0,0.0,0.2,0.2,0.0,213,1,0.390825
3496,0.0,0.0,0.0,0.0,0.0,1.0,214,1,0.516629
3496,0.2,0.2,0.2,0.0,0.4,0.0,215,1,0.393866
3496,0.0,0.0,0.2,0.6,0.2,0.0,216,1,0.398809
3496,0.6,0.0,0.2,0.0,0.2,0.0,217,1,0.384269
3496,0.0,0.8,0.2,0.0,0.0,0.0,218,1,0.410959
3496,0.2,0.4,0.0,0.2,0.0,0.2,219,1,0.372496
3496,0.0,0.6,0.2,0.0,0.0,0.2,220,1,0.41912200000000005
3496,0.0,0.8,0.0,0.0,0.2,0.0,221,1,0.41330900000000004
3496,0.0,0.0,0.2,0.2,0.2,0.4,222,1,0.45870299999999997
3496,0.2,0.0,0.0,0.6,0.0,0.2,223,1,0.5046069999999999
3496,0.2,0.0,0.6,0.2,0.0,0.0,224,1,0.450979
3496,0.0,0.2,0.4,0.2,0.2,0.0,225,1,0.408177
3496,0.2,0.2,0.4,0.2,0.0,0.0,226,1,0.400702
3496,0.0,0.0,0.0,0.6,0.2,0.2,227,1,0.453651
3496,0.6,0.2,0.2,0.0,0.0,0.0,228,1,0.365318
3496,0.2,0.0,0.2,0.0,0.6,0.0,229,1,0.41666899999999996
3496,0.0,0.6,0.2,0.2,0.0,0.0,230,1,0.401074
3496,0.0,0.0,0.2,0.2,0.6,0.0,231,1,0.404889
3496,0.0,0.4,0.2,0.2,0.2,0.0,232,1,0.370068
3496,0.0,0.2,0.0,0.0,0.2,0.6,233,1,0.419995
3496,0.2,0.2,0.0,0.4,0.0,0.2,234,1,0.40155100000000005
3496,0.0,0.2,0.6,0.2,0.0,0.0,235,1,0.491234
3496,0.2,0.0,0.0,0.6,0.2,0.0,236,1,0.382337
3496,0.0,0.0,1.0,0.0,0.0,0.0,237,1,0.478364
3496,0.0,0.0,0.1,0.1,0.1,0.7,238,1,0.427831
3496,0.1,0.0,0.0,0.0,0.9,0.0,239,1,0.43471400000000004
3496,0.2,0.3,0.0,0.4,0.1,0.0,240,1,0.372146
3496,0.0,0.2,0.4,0.3,0.0,0.1,241,1,0.46887399999999996
3496,0.0,0.6,0.2,0.1,0.1,0.0,242,1,0.38737
3496,0.7,0.1,0.0,0.2,0.0,0.0,243,1,0.366525
3496,0.3,0.3,0.0,0.2,0.0,0.2,244,1,0.366296
3496,0.5,0.0,0.0,0.3,0.2,0.0,245,1,0.38668
3496,0.4,0.1,0.4,0.0,0.1,0.0,246,1,0.419364
3496,0.0,0.0,0.5,0.1,0.2,0.2,247,1,0.50629
3496,0.2,0.1,0.4,0.0,0.3,0.0,248,1,0.42421499999999995
3496,0.0,0.0,0.3,0.6,0.0,0.1,249,1,0.635603
3496,0.2,0.3,0.2,0.0,0.3,0.0,250,1,0.403334
3496,0.1,0.2,0.5,0.0,0.0,0.2,251,1,0.47947799999999996
3496,0.3,0.0,0.4,0.0,0.0,0.3,252,1,0.483283
3496,0.0,0.0,0.1,0.2,0.5,0.2,253,1,0.40119
3496,0.3,0.2,0.0,0.0,0.5,0.0,254,1,0.386701
3496,0.4,0.0,0.5,0.0,0.1,0.0,255,1,0.45890600000000004
3496,0.0,0.0,0.0,0.7,0.2,0.1,256,1,0.41875500000000004
3496,0.8,0.1,0.1,0.0,0.0,0.0,258,1,0.353377
3496,0.0,0.1,0.8,0.0,0.1,0.0,259,1,0.474137
3496,0.2,0.0,0.1,0.4,0.0,0.3,260,1,0.418325
3496,0.4,0.4,0.0,0.0,0.0,0.2,261,1,0.351561
3496,0.0,0.1,0.0,0.6,0.1,0.2,262,1,0.46614399999999995
3496,0.0,0.5,0.1,0.0,0.0,0.4,263,1,0.43652299999999994
3496,0.1,0.0,0.0,0.3,0.0,0.6,264,1,0.37440999999999997
3496,0.1,0.5,0.2,0.2,0.0,0.0,265,1,0.38161999999999996
3496,0.1,0.0,0.2,0.6,0.0,0.1,266,1,0.514452
3496,0.0,0.1,0.1,0.0,0.2,0.6,267,1,0.391671
3496,0.1,0.5,0.0,0.2,0.0,0.2,268,1,0.38958400000000004
3496,0.1,0.0,0.1,0.0,0.3,0.5,269,1,0.410783
3496,0.0,0.2,0.7,0.1,0.0,0.0,270,1,0.479084
3496,0.7,0.0,0.3,0.0,0.0,0.0,271,1,0.380669
3496,0.2,0.4,0.0,0.1,0.0,0.3,272,1,0.36241999999999996
3496,0.7,0.0,0.0,0.1,0.0,0.2,273,1,0.382088
3496,0.1,0.6,0.1,0.0,0.2,0.0,274,1,0.385725
3496,0.2,0.0,0.0,0.5,0.0,0.3,275,1,0.45338100000000003
3496,0.0,0.0,0.6,0.0,0.2,0.2,276,1,0.459188
3496,0.0,0.2,0.0,0.4,0.2,0.2,277,1,0.42677
3496,0.0,0.0,0.0,0.8,0.2,0.0,278,1,0.400964
3496,0.0,0.2,0.2,0.4,0.2,0.0,279,1,0.364923
3496,0.2,0.0,0.0,0.2,0.2,0.4,280,1,0.413808
3496,0.2,0.0,0.2,0.0,0.4,0.2,281,1,0.41356000000000004
3496,0.2,0.0,0.2,0.4,0.0,0.2,282,1,0.46190600000000004
3496,0.0,0.2,0.2,0.4,0.0,0.2,283,1,0.481955
3496,0.0,0.8,0.0,0.2,0.0,0.0,284,1,0.402409
3496,0.2,0.2,0.0,0.0,0.0,0.6,285,1,0.39006599999999997
3496,0.2,0.0,0.0,0.4,0.2,0.2,286,1,0.41835200000000006
3496,0.0,0.0,0.2,0.2,0.0,0.6,287,1,0.5029859999999999
3496,0.6,0.2,0.0,0.0,0.2,0.0,288,1,0.374345
3496,0.0,0.0,0.0,0.0,0.2,0.8,289,1,0.431584
3496,0.2,0.6,0.2,0.0,0.0,0.0,290,1,0.388822
3496,0.2,0.2,0.6,0.0,0.0,0.0,291,1,0.41113999999999995
3496,0.0,0.0,0.8,0.0,0.0,0.2,292,1,0.529479
3496,0.0,0.2,0.6,0.0,0.0,0.2,293,1,0.485993
3496,0.0,0.0,0.0,0.2,0.2,0.6,294,1,0.415257
3496,0.0,0.2,0.8,0.0,0.0,0.0,295,1,0.473152
3496,0.0,0.0,0.2,0.0,0.6,0.2,296,1,0.434503
3496,0.0,1.0,0.0,0.0,0.0,0.0,297,1,0.44856999999999997
3496,0.2,0.0,0.2,0.0,0.2,0.4,298,1,0.418021
3496,0.0,0.2,0.0,0.0,0.0,0.8,299,1,0.515112
3496,0.2,0.0,0.0,0.2,0.0,0.6,300,1,0.40328400000000003
3496,0.2,0.2,0.0,0.2,0.4,0.0,301,1,0.382889
3496,0.0,0.3,0.2,0.2,0.0,0.3,302,1,0.445838
3496,0.5,0.0,0.3,0.0,0.1,0.1,303,1,0.416199
3496,0.1,0.4,0.0,0.1,0.4,0.0,304,1,0.39023800000000003
3496,0.1,0.1,0.3,0.0,0.0,0.5,305,1,0.403356
3496,0.2,0.0,0.3,0.2,0.3,0.0,306,1,0.42028999999999994
3496,0.0,0.1,0.0,0.2,0.7,0.0,307,1,0.394723
3496,0.3,0.0,0.5,0.0,0.1,0.1,308,1,0.48720600000000003
3496,0.3,0.0,0.1,0.0,0.1,0.5,309,1,0.435816
3496,0.2,0.0,0.7,0.0,0.1,0.0,310,1,0.541853
3496,0.1,0.0,0.7,0.1,0.1,0.0,311,1,0.538976
3496,0.0,0.1,0.1,0.0,0.8,0.0,312,1,0.39518200000000003
3496,0.0,0.0,0.4,0.2,0.1,0.3,313,1,0.483912
3496,0.0,0.0,0.0,0.4,0.3,0.3,314,1,0.424069
3496,0.0,0.0,0.2,0.4,0.0,0.4,315,1,0.47967200000000004
3496,0.8,0.0,0.1,0.0,0.0,0.1,316,1,0.41124499999999997
3496,0.7,0.2,0.0,0.1,0.0,0.0,317,1,0.340468
3496,0.3,0.0,0.1,0.6,0.0,0.0,318,1,0.45332700000000004
3496,0.0,0.1,0.2,0.0,0.6,0.1,319,1,0.403719
3496,0.2,0.1,0.0,0.0,0.2,0.5,320,1,0.38772199999999996
3496,0.0,0.4,0.1,0.5,0.0,0.0,322,1,0.433022
3496,0.3,0.2,0.1,0.0,0.4,0.0,323,1,0.36499000000000004
3496,0.5,0.2,0.0,0.0,0.0,0.3,324,1,0.357659
3496,0.4,0.4,0.0,0.2,0.0,0.0,325,1,0.345217
3496,0.0,0.4,0.3,0.0,0.0,0.3,326,1,0.447779
3496,0.5,0.0,0.1,0.1,0.3,0.0,327,1,0.384979
3496,0.4,0.1,0.4,0.0,0.0,0.1,328,1,0.397798
3496,0.2,0.0,0.3,0.4,0.0,0.1,329,1,0.478604
3496,0.0,0.0,0.7,0.1,0.0,0.2,330,1,0.486371
3496,0.1,0.0,0.1,0.7,0.0,0.1,331,1,0.45405
3496,0.4,0.5,0.0,0.0,0.1,0.0,332,1,0.372226
3496,0.0,0.0,0.0,0.1,0.8,0.1,333,1,0.405143
3496,0.0,0.5,0.0,0.2,0.2,0.1,334,1,0.38699
3496,0.0,0.1,0.0,0.6,0.2,0.1,335,1,0.42586599999999997
3496,0.2,0.0,0.2,0.5,0.1,0.0,336,1,0.389221
3496,0.0,0.2,0.1,0.2,0.0,0.5,337,1,0.46192
3496,0.0,0.1,0.0,0.5,0.0,0.4,338,1,0.461197
3496,0.0,0.2,0.0,0.1,0.3,0.4,339,1,0.40344
3496,0.2,0.0,0.2,0.4,0.2,0.0,340,1,0.37316
3496,0.0,0.4,0.2,0.2,0.0,0.2,341,1,0.44221400000000005
3496,0.2,0.0,0.0,0.2,0.6,0.0,342,1,0.400456
3496,0.0,0.2,0.0,0.2,0.6,0.0,343,1,0.388923
3496,0.0,0.0,0.0,0.0,0.8,0.2,344,1,0.425508
3496,0.2,0.2,0.4,0.0,0.0,0.2,345,1,0.42195699999999997
3496,0.0,0.2,0.6,0.0,0.2,0.0,346,1,0.43763900000000006
3496,0.2,0.0,0.4,0.0,0.2,0.2,347,1,0.45953900000000003
3496,0.2,0.2,0.0,0.0,0.6,0.0,348,1,0.393882
3496,0.0,0.8,0.0,0.0,0.0,0.2,349,1,0.46766199999999997
3496,0.2,0.0,0.8,0.0,0.0,0.0,350,1,0.5028020000000001
3496,0.0,0.2,0.2,0.0,0.4,0.2,351,1,0.406466
3496,0.2,0.6,0.0,0.0,0.0,0.2,352,1,0.381156
3496,0.0,0.2,0.4,0.2,0.0,0.2,353,1,0.49526499999999996
3496,0.6,0.0,0.0,0.0,0.2,0.2,354,1,0.398956
3496,0.4,0.2,0.2,0.0,0.0,0.2,355,1,0.361164
3496,0.6,0.0,0.0,0.2,0.0,0.2,356,1,0.409026
3496,0.2,0.0,0.0,0.0,0.2,0.6,357,1,0.41229
3496,0.0,0.0,0.2,0.0,0.0,0.8,358,1,0.608159
3496,0.6,0.0,0.2,0.2,0.0,0.0,359,1,0.39984400000000003
3496,0.0,0.2,0.0,0.2,0.4,0.2,360,1,0.42268999999999995
3496,0.0,0.6,0.0,0.2,0.0,0.2,361,1,0.43572799999999995
3496,0.0,0.6,0.2,0.0,0.2,0.0,362,1,0.402004
3496,0.2,0.0,0.4,0.2,0.2,0.0,363,1,0.43854099999999996
3496,0.2,0.0,0.4,0.2,0.0,0.2,364,1,0.49777200000000005
3496,0.2,0.0,0.6,0.0,0.0,0.2,365,1,0.496432
3496,0.5,0.0,0.0,0.2,0.2,0.1,366,1,0.400852
3496,0.0,0.1,0.3,0.0,0.6,0.0,367,1,0.426695
3496,0.0,0.0,0.0,0.8,0.1,0.1,368,1,0.478625
3496,0.1,0.0,0.6,0.0,0.2,0.1,369,1,0.526149
3496,0.0,0.0,0.6,0.3,0.0,0.1,370,1,0.63841
3496,0.3,0.0,0.2,0.4,0.0,0.1,371,1,0.540329
3496,0.1,0.0,0.3,0.0,0.2,0.4,372,1,0.431422
3496,0.1,0.4,0.3,0.2,0.0,0.0,373,1,0.412523
3496,0.3,0.0,0.5,0.0,0.0,0.2,374,1,0.5211640000000001
3496,0.1,0.0,0.7,0.0,0.0,0.2,375,1,0.507156
3496,0.0,0.1,0.2,0.2,0.0,0.5,376,1,0.5868760000000001
3496,0.2,0.1,0.3,0.0,0.0,0.4,377,1,0.42340200000000006
3496,0.2,0.3,0.0,0.0,0.1,0.4,378,1,0.377527
3496,0.3,0.0,0.0,0.5,0.2,0.0,379,1,0.383126
3496,0.0,0.2,0.0,0.3,0.2,0.3,380,1,0.454163
3496,0.0,0.2,0.0,0.1,0.7,0.0,381,1,0.39071999999999996
3496,0.0,0.0,0.1,0.2,0.1,0.6,382,1,0.439374
3496,0.3,0.6,0.0,0.1,0.0,0.0,383,1,0.360998
3496,0.0,0.3,0.3,0.1,0.0,0.3,384,1,0.475102
3496,0.4,0.0,0.0,0.3,0.3,0.0,386,1,0.373614
3496,0.4,0.5,0.0,0.0,0.0,0.1,387,1,0.35987800000000003
3496,0.8,0.1,0.0,0.1,0.0,0.0,388,1,0.348381
3496,0.5,0.1,0.0,0.3,0.1,0.0,389,1,0.369706
3496,0.2,0.0,0.3,0.0,0.1,0.4,390,1,0.41716899999999996
3496,0.5,0.1,0.0,0.0,0.1,0.3,391,1,0.36735
3496,0.3,0.3,0.0,0.1,0.3,0.0,392,1,0.367137
3496,0.0,0.0,0.0,0.3,0.6,0.1,393,1,0.40428000000000003
3496,0.2,0.0,0.2,0.3,0.3,0.0,394,1,0.371965
3496,0.3,0.6,0.0,0.0,0.1,0.0,395,1,0.375372
3496,0.0,0.5,0.0,0.4,0.1,0.0,396,1,0.390588
3496,0.1,0.3,0.0,0.0,0.2,0.4,397,1,0.390138
3496,0.5,0.2,0.0,0.0,0.2,0.1,398,1,0.356815
3496,0.0,0.0,0.0,0.3,0.2,0.5,399,1,0.409772
3496,0.7,0.3,0.0,0.0,0.0,0.0,400,1,0.37505900000000003
3496,0.1,0.5,0.0,0.1,0.3,0.0,401,1,0.38414499999999996
3496,0.2,0.7,0.0,0.1,0.0,0.0,402,1,0.376103
3496,0.7,0.0,0.0,0.3,0.0,0.0,403,1,0.385024
3496,0.0,0.0,0.1,0.3,0.6,0.0,404,1,0.37409499999999996
3496,0.0,0.6,0.0,0.0,0.0,0.4,405,1,0.464533
3496,0.0,0.3,0.0,0.6,0.1,0.0,406,1,0.397285
3496,0.1,0.0,0.3,0.0,0.1,0.5,407,1,0.412196
3496,0.0,0.2,0.1,0.0,0.3,0.4,408,1,0.42107100000000003
3496,0.1,0.0,0.1,0.0,0.7,0.1,409,1,0.40115500000000004
3496,0.2,0.6,0.0,0.1,0.1,0.0,410,1,0.37435
3496,0.0,0.4,0.3,0.0,0.3,0.0,411,1,0.41137399999999996
3496,0.2,0.0,0.0,0.7,0.0,0.1,412,1,0.46134
3496,0.3,0.0,0.3,0.0,0.0,0.4,413,1,0.45001199999999997
3496,0.0,0.1,0.0,0.2,0.4,0.3,414,1,0.420397
3496,0.0,0.2,0.0,0.0,0.1,0.7,415,1,0.420775
3496,0.4,0.0,0.2,0.1,0.0,0.3,416,1,0.44467799999999996
3496,0.0,0.0,0.0,0.5,0.3,0.2,417,1,0.44521099999999997
3496,0.1,0.1,0.0,0.3,0.0,0.5,418,1,0.401122
3496,0.0,0.1,0.6,0.2,0.1,0.0,419,1,0.47078400000000004
3496,0.1,0.1,0.0,0.2,0.0,0.6,420,1,0.399893
3496,0.3,0.3,0.0,0.0,0.1,0.3,421,1,0.36202199999999995
3496,0.1,0.0,0.2,0.4,0.0,0.3,422,1,0.450928
3496,0.0,0.4,0.1,0.0,0.3,0.2,423,1,0.38868
3496,0.0,0.4,0.1,0.2,0.0,0.3,424,1,0.435911
3496,0.2,0.1,0.6,0.0,0.0,0.1,425,1,0.44494399999999995
3496,0.1,0.0,0.6,0.2,0.1,0.0,426,1,0.46707600000000005
3496,0.0,0.5,0.0,0.0,0.3,0.2,427,1,0.404798
3496,0.5,0.0,0.0,0.1,0.4,0.0,428,1,0.391102
3496,0.3,0.0,0.0,0.2,0.4,0.1,429,1,0.392355
3496,0.0,0.0,0.2,0.7,0.1,0.0,430,1,0.43326400000000004
3496,0.0,0.4,0.1,0.0,0.4,0.1,431,1,0.385968
3496,0.0,0.1,0.3,0.5,0.1,0.0,432,1,0.410513
3496,0.0,0.2,0.0,0.4,0.0,0.4,433,1,0.474189
3496,0.0,0.2,0.7,0.0,0.1,0.0,434,1,0.46077700000000005
3496,0.0,0.2,0.7,0.0,0.0,0.1,435,1,0.482633
3496,0.2,0.5,0.0,0.0,0.2,0.1,436,1,0.37245900000000004
3496,0.1,0.0,0.4,0.0,0.0,0.5,437,1,0.403217
3496,0.0,0.3,0.0,0.4,0.1,0.2,438,1,0.43372299999999997
3496,0.5,0.1,0.2,0.2,0.0,0.0,439,1,0.391735
3496,0.0,0.0,0.0,0.7,0.1,0.2,440,1,0.4492
3496,0.1,0.8,0.0,0.0,0.1,0.0,441,1,0.404796
3496,0.0,0.4,0.2,0.3,0.1,0.0,442,1,0.374933
3496,0.0,0.3,0.2,0.0,0.4,0.1,443,1,0.410992
3496,0.3,0.0,0.4,0.1,0.2,0.0,444,1,0.426295
3496,0.0,0.0,0.5,0.4,0.1,0.0,445,1,0.462527
3496,0.0,0.6,0.1,0.2,0.0,0.1,446,1,0.420419
3496,0.0,0.2,0.1,0.4,0.3,0.0,447,1,0.368312
3496,0.4,0.1,0.3,0.2,0.0,0.0,448,1,0.43103
3496,0.3,0.0,0.3,0.1,0.0,0.3,450,1,0.47533800000000004
3496,0.4,0.0,0.0,0.4,0.1,0.1,451,1,0.43246599999999996
3496,0.2,0.1,0.0,0.1,0.6,0.0,452,1,0.38571500000000003
3496,0.1,0.0,0.7,0.0,0.1,0.1,453,1,0.509391
3496,0.7,0.1,0.0,0.0,0.1,0.1,454,1,0.358774
3496,0.4,0.0,0.2,0.3,0.1,0.0,455,1,0.401488
3496,0.5,0.0,0.0,0.0,0.0,0.5,456,1,0.47588400000000003
3496,0.3,0.0,0.0,0.0,0.1,0.6,457,1,0.427364
3496,0.3,0.0,0.0,0.0,0.3,0.4,458,1,0.415001
3496,0.2,0.2,0.3,0.0,0.3,0.0,459,1,0.42106400000000005
3496,0.5,0.1,0.3,0.0,0.1,0.0,460,1,0.397361
3496,0.0,0.0,0.2,0.3,0.0,0.5,461,1,0.615582
3496,0.0,0.4,0.5,0.1,0.0,0.0,462,1,0.455538
3496,0.0,0.3,0.1,0.5,0.0,0.1,463,1,0.473605
3496,0.0,0.1,0.3,0.6,0.0,0.0,464,1,0.501304
3496,0.1,0.0,0.0,0.3,0.5,0.1,465,1,0.388388
3496,0.0,0.4,0.3,0.1,0.0,0.2,466,1,0.43875
3496,0.1,0.1,0.0,0.4,0.4,0.0,467,1,0.410941
3496,0.1,0.0,0.0,0.5,0.2,0.2,468,1,0.424267
3496,0.0,0.5,0.3,0.0,0.0,0.2,469,1,0.432042
3496,0.2,0.0,0.0,0.1,0.1,0.6,470,1,0.413415
3496,0.3,0.0,0.0,0.2,0.0,0.5,471,1,0.425217
3496,0.0,0.0,0.2,0.5,0.0,0.3,472,1,0.554146
3496,0.0,0.2,0.3,0.1,0.4,0.0,473,1,0.406401
3496,0.0,0.4,0.2,0.0,0.1,0.3,474,1,0.423566
3496,0.1,0.2,0.0,0.2,0.5,0.0,475,1,0.38634
3496,0.0,0.5,0.0,0.0,0.1,0.4,476,1,0.447905
3496,0.0,0.1,0.2,0.7,0.0,0.0,477,1,0.495047
3496,0.0,0.2,0.0,0.1,0.2,0.5,478,1,0.39908000000000005
3496,0.3,0.0,0.6,0.0,0.1,0.0,479,1,0.463132
3496,0.1,0.0,0.7,0.2,0.0,0.0,480,1,0.5138739999999999
3496,0.0,0.1,0.2,0.0,0.0,0.7,481,1,0.502488
3496,0.3,0.4,0.3,0.0,0.0,0.0,482,1,0.390469
3496,0.0,0.0,0.0,0.0,0.7,0.3,483,1,0.437616
3496,0.0,0.0,0.5,0.0,0.2,0.3,484,1,0.461183
3496,0.4,0.3,0.3,0.0,0.0,0.0,485,1,0.381423
3496,0.6,0.0,0.2,0.1,0.0,0.1,486,1,0.40624099999999996
3496,0.0,0.1,0.0,0.5,0.3,0.1,487,1,0.42728900000000003
3496,0.0,0.1,0.0,0.1,0.7,0.1,488,1,0.393137
3496,0.0,0.4,0.0,0.0,0.4,0.2,489,1,0.396039
3496,0.2,0.0,0.1,0.1,0.0,0.6,490,1,0.405106
3496,0.5,0.0,0.0,0.3,0.1,0.1,491,1,0.38495
3496,0.0,0.6,0.1,0.2,0.1,0.0,492,1,0.376269
3496,0.0,0.1,0.3,0.2,0.4,0.0,493,1,0.39316100000000004
3496,0.0,0.3,0.1,0.1,0.5,0.0,494,1,0.374178
3496,0.0,0.1,0.5,0.0,0.0,0.4,495,1,0.525987
3496,0.3,0.3,0.0,0.2,0.2,0.0,496,1,0.369218
3496,0.1,0.2,0.1,0.0,0.6,0.0,497,1,0.38000100000000003
3496,0.0,0.8,0.1,0.0,0.1,0.0,498,1,0.389928
3496,0.1,0.7,0.0,0.0,0.0,0.2,499,1,0.442489
3496,0.4,0.0,0.1,0.2,0.0,0.3,500,1,0.481235
3496,0.4,0.3,0.0,0.1,0.0,0.2,501,1,0.345277
3496,0.0,0.0,0.2,0.3,0.3,0.2,502,1,0.438751
3496,0.1,0.0,0.3,0.0,0.0,0.6,503,1,0.424196
3496,0.1,0.6,0.0,0.2,0.0,0.1,504,1,0.402557
3496,0.5,0.2,0.0,0.1,0.0,0.2,505,1,0.357249
3496,0.5,0.3,0.0,0.0,0.2,0.0,506,1,0.378031
3496,0.4,0.0,0.4,0.2,0.0,0.0,507,1,0.450416
3496,0.3,0.2,0.0,0.3,0.2,0.0,508,1,0.377391
3496,0.2,0.3,0.0,0.4,0.0,0.1,509,1,0.407563
3496,0.0,0.1,0.1,0.5,0.0,0.3,510,1,0.538639
3496,0.2,0.3,0.0,0.3,0.0,0.2,511,1,0.400179
3496,0.6,0.0,0.0,0.1,0.3,0.0,512,1,0.412189
3496,0.0,0.3,0.4,0.1,0.0,0.2,514,1,0.475466
3496,0.0,0.1,0.0,0.3,0.0,0.6,515,1,0.5199
3496,0.3,0.1,0.3,0.3,0.0,0.0,516,1,0.40051
3496,0.0,0.0,0.2,0.1,0.7,0.0,517,1,0.41501099999999996
3496,0.0,0.1,0.4,0.3,0.2,0.0,518,1,0.425728
3496,0.0,0.7,0.1,0.1,0.0,0.1,519,1,0.408588
3496,0.3,0.1,0.5,0.0,0.1,0.0,520,1,0.42554899999999996
3496,0.1,0.1,0.2,0.0,0.0,0.6,521,1,0.37792800000000004
3496,0.2,0.0,0.5,0.2,0.0,0.1,522,1,0.592973
3496,0.0,0.0,0.2,0.1,0.5,0.2,523,1,0.412112
3496,0.0,0.5,0.3,0.0,0.1,0.1,524,1,0.422138
3496,0.1,0.2,0.7,0.0,0.0,0.0,525,1,0.509437
3496,0.1,0.1,0.4,0.0,0.0,0.4,526,1,0.427415
3496,0.1,0.0,0.5,0.2,0.2,0.0,527,1,0.46321999999999997
3496,0.1,0.0,0.2,0.0,0.6,0.1,528,1,0.41039200000000003
3496,0.4,0.1,0.2,0.3,0.0,0.0,529,1,0.370638
3496,0.0,0.4,0.0,0.3,0.2,0.1,530,1,0.406704
3496,0.0,0.0,0.1,0.2,0.3,0.4,531,1,0.42776000000000003
3496,0.5,0.5,0.0,0.0,0.0,0.0,532,1,0.376425
3496,0.1,0.4,0.0,0.0,0.1,0.4,533,1,0.401439
3496,0.0,0.4,0.4,0.0,0.2,0.0,534,1,0.42413599999999996
3496,0.0,0.1,0.4,0.0,0.0,0.5,535,1,0.49673100000000003
3496,0.0,0.0,0.3,0.0,0.6,0.1,536,1,0.43972100000000003
3496,0.0,0.3,0.0,0.2,0.3,0.2,537,1,0.40636500000000003
3496,0.0,0.1,0.0,0.2,0.3,0.4,538,1,0.413951
3496,0.3,0.2,0.1,0.4,0.0,0.0,539,1,0.373093
3496,0.0,0.2,0.5,0.0,0.1,0.2,540,1,0.436263
3496,0.0,0.0,0.3,0.2,0.4,0.1,541,1,0.402219
3496,0.4,0.3,0.2,0.1,0.0,0.0,542,1,0.370257
3496,0.1,0.0,0.1,0.0,0.6,0.2,543,1,0.420671
3496,0.0,0.0,0.1,0.1,0.3,0.5,544,1,0.42237700000000006
3496,0.0,0.2,0.0,0.3,0.4,0.1,545,1,0.42271099999999995
3496,0.7,0.2,0.0,0.0,0.0,0.1,546,1,0.36036999999999997
3496,0.1,0.1,0.2,0.6,0.0,0.0,547,1,0.42785100000000004
3496,0.1,0.5,0.0,0.3,0.1,0.0,548,1,0.376232
3496,0.2,0.5,0.0,0.0,0.1,0.2,549,1,0.363952
3496,0.3,0.0,0.0,0.0,0.2,0.5,550,1,0.403582
3496,0.2,0.0,0.0,0.1,0.7,0.0,551,1,0.395805
3496,0.6,0.3,0.1,0.0,0.0,0.0,552,1,0.34331799999999996
3496,0.7,0.1,0.1,0.0,0.0,0.1,553,1,0.349921
3496,0.3,0.0,0.4,0.2,0.1,0.0,554,1,0.430022
3496,0.3,0.5,0.1,0.0,0.0,0.1,555,1,0.358811
3496,0.0,0.0,0.2,0.4,0.3,0.1,556,1,0.39115500000000003
3496,0.7,0.2,0.0,0.0,0.1,0.0,557,1,0.382548
3496,0.0,0.0,0.2,0.1,0.1,0.6,558,1,0.42619700000000005
3496,0.0,0.1,0.0,0.3,0.1,0.5,559,1,0.433626
3496,0.5,0.0,0.1,0.2,0.2,0.0,560,1,0.377127
3496,0.0,0.1,0.2,0.1,0.6,0.0,561,1,0.401055
3496,0.0,0.1,0.5,0.0,0.1,0.3,562,1,0.45460500000000004
3496,0.0,0.0,0.4,0.0,0.3,0.3,563,1,0.483916
3496,0.0,0.1,0.2,0.0,0.4,0.3,564,1,0.45783199999999996
3496,0.0,0.2,0.2,0.3,0.3,0.0,565,1,0.369375
3496,0.0,0.0,0.0,0.1,0.2,0.7,566,1,0.41767200000000004
3496,0.0,0.0,0.7,0.0,0.0,0.3,567,1,0.7499279999999999
3496,0.0,0.0,0.3,0.3,0.2,0.2,568,1,0.449738
3496,0.0,0.1,0.6,0.3,0.0,0.0,569,1,0.598001
3496,0.1,0.0,0.6,0.2,0.0,0.1,570,1,0.663573
3496,0.6,0.1,0.1,0.0,0.0,0.2,571,1,0.363954
3496,0.1,0.3,0.3,0.3,0.0,0.0,572,1,0.40980600000000006
3496,0.3,0.0,0.4,0.3,0.0,0.0,573,1,0.483872
3496,0.0,0.0,0.4,0.2,0.3,0.1,574,1,0.41220200000000007
3496,0.4,0.0,0.1,0.0,0.0,0.5,575,1,0.46855600000000003
3496,0.0,0.2,0.3,0.3,0.0,0.2,576,1,0.49194399999999994
3496,0.0,0.3,0.0,0.0,0.5,0.2,578,1,0.4053
3496,0.0,0.4,0.2,0.1,0.0,0.3,579,1,0.44188299999999997
3496,0.6,0.1,0.1,0.2,0.0,0.0,580,1,0.378158
3496,0.0,0.0,0.0,0.2,0.7,0.1,581,1,0.406114
3496,0.0,0.7,0.0,0.0,0.0,0.3,582,1,0.471605
3496,0.2,0.3,0.4,0.0,0.1,0.0,583,1,0.419368
3496,0.0,0.2,0.3,0.0,0.2,0.3,584,1,0.42564300000000005
3496,0.0,0.0,0.1,0.1,0.0,0.8,585,1,0.541953
3496,0.0,0.0,0.2,0.7,0.0,0.1,586,1,0.603137
3496,0.8,0.0,0.0,0.1,0.1,0.0,587,1,0.394748
3496,0.0,0.0,0.0,0.2,0.1,0.7,588,1,0.412867
3496,0.0,0.0,0.4,0.0,0.4,0.2,589,1,0.5094529999999999
3496,0.0,0.0,0.3,0.7,0.0,0.0,590,1,0.519648
3496,0.0,0.0,0.1,0.7,0.1,0.1,591,1,0.51025
3496,0.1,0.1,0.1,0.0,0.0,0.7,592,1,0.392387
3496,0.0,0.2,0.3,0.2,0.3,0.0,593,1,0.394715
3496,0.0,0.0,0.7,0.1,0.2,0.0,594,1,0.47373999999999994
3496,0.4,0.0,0.4,0.0,0.1,0.1,595,1,0.44456899999999994
3496,0.1,0.0,0.2,0.5,0.0,0.2,596,1,0.498391
3496,0.5,0.0,0.3,0.0,0.2,0.0,597,1,0.396966
3496,0.0,0.6,0.1,0.1,0.2,0.0,598,1,0.383802
3496,0.0,0.0,0.1,0.1,0.8,0.0,599,1,0.424417
3496,0.3,0.1,0.3,0.0,0.3,0.0,600,1,0.406069
3496,0.1,0.1,0.0,0.0,0.3,0.5,601,1,0.40142100000000003
3496,0.0,0.0,0.3,0.0,0.1,0.6,602,1,0.4548
3496,0.2,0.0,0.3,0.0,0.5,0.0,603,1,0.43907799999999997
3496,0.3,0.4,0.0,0.2,0.0,0.1,604,1,0.36233000000000004
3496,0.3,0.0,0.3,0.1,0.3,0.0,605,1,0.441251
3496,0.1,0.1,0.2,0.0,0.6,0.0,606,1,0.42756400000000006
3496,0.3,0.1,0.0,0.6,0.0,0.0,607,1,0.431327
3496,0.1,0.8,0.0,0.1,0.0,0.0,608,1,0.399517
3496,0.5,0.0,0.0,0.3,0.0,0.2,609,1,0.45235
3496,0.6,0.0,0.1,0.0,0.2,0.1,610,1,0.405032
3496,0.1,0.0,0.8,0.1,0.0,0.0,611,1,0.481444
3496,0.3,0.0,0.0,0.4,0.2,0.1,612,1,0.40473000000000003
3496,0.5,0.2,0.0,0.0,0.1,0.2,613,1,0.365973
3496,0.5,0.4,0.0,0.0,0.0,0.1,614,1,0.36951799999999996
3496,0.6,0.2,0.0,0.1,0.1,0.0,615,1,0.362532
3496,0.1,0.1,0.3,0.0,0.5,0.0,616,1,0.418321
3496,0.3,0.0,0.0,0.1,0.6,0.0,617,1,0.395656
3496,0.4,0.0,0.0,0.2,0.1,0.3,618,1,0.400801
3496,0.5,0.3,0.2,0.0,0.0,0.0,619,1,0.376551
3496,0.1,0.8,0.1,0.0,0.0,0.0,620,1,0.400893
3496,0.2,0.0,0.7,0.1,0.0,0.0,621,1,0.5086390000000001
3496,0.1,0.5,0.0,0.4,0.0,0.0,622,1,0.39145
3496,0.1,0.1,0.6,0.0,0.2,0.0,623,1,0.494191
3496,0.0,0.1,0.6,0.1,0.0,0.2,624,1,0.608544
3496,0.2,0.0,0.0,0.4,0.4,0.0,625,1,0.39494
3496,0.2,0.5,0.0,0.2,0.1,0.0,626,1,0.373658
3496,0.1,0.0,0.4,0.0,0.5,0.0,627,1,0.45329200000000003
3496,0.0,0.0,0.5,0.3,0.0,0.2,628,1,0.712214
3496,0.3,0.0,0.1,0.2,0.0,0.4,629,1,0.48751300000000003
3496,0.1,0.6,0.3,0.0,0.0,0.0,630,1,0.419671
3496,0.0,0.0,0.7,0.3,0.0,0.0,631,1,0.655227
3496,0.0,0.3,0.1,0.6,0.0,0.0,632,1,0.465826
3496,0.2,0.0,0.5,0.0,0.0,0.3,633,1,0.5092409999999999
3496,0.0,0.1,0.0,0.1,0.0,0.8,634,1,0.523555
3496,0.0,0.3,0.2,0.3,0.2,0.0,635,1,0.38359299999999996
3496,0.0,0.0,0.8,0.0,0.1,0.1,636,1,0.51162
3496,0.1,0.5,0.0,0.0,0.3,0.1,637,1,0.42665699999999995
3496,0.6,0.1,0.0,0.0,0.2,0.1,638,1,0.365618
3496,0.0,0.1,0.2,0.0,0.1,0.6,639,1,0.45200100000000004
3496,0.0,0.1,0.0,0.2,0.2,0.5,640,1,0.419655
3496,0.4,0.2,0.0,0.0,0.0,0.4,642,1,0.373759
3496,0.3,0.0,0.0,0.1,0.2,0.4,643,1,0.412652
3496,0.0,0.0,0.6,0.0,0.4,0.0,644,1,0.442605
3496,0.0,0.6,0.2,0.0,0.1,0.1,645,1,0.410059
3496,0.0,0.2,0.0,0.5,0.3,0.0,646,1,0.40932199999999996
3496,0.1,0.7,0.0,0.2,0.0,0.0,647,1,0.390777
3496,0.4,0.4,0.1,0.1,0.0,0.0,648,1,0.349873
3496,0.4,0.0,0.2,0.4,0.0,0.0,649,1,0.430303
3496,0.3,0.0,0.0,0.1,0.0,0.6,650,1,0.460744
3496,0.0,0.0,0.0,0.0,0.9,0.1,651,1,0.413246
3496,0.1,0.0,0.5,0.3,0.0,0.1,652,1,0.606212
3496,0.0,0.0,0.4,0.5,0.0,0.1,653,1,0.602726
3496,0.1,0.4,0.0,0.0,0.4,0.1,654,1,0.405989
3496,0.0,0.3,0.4,0.0,0.2,0.1,655,1,0.42123299999999997
3496,0.1,0.4,0.2,0.3,0.0,0.0,656,1,0.385291
3496,0.1,0.2,0.1,0.6,0.0,0.0,657,1,0.400988
3496,0.1,0.3,0.0,0.0,0.1,0.5,658,1,0.40771599999999997
3496,0.0,0.2,0.5,0.1,0.0,0.2,659,1,0.485274
3496,0.0,0.5,0.1,0.2,0.0,0.2,660,1,0.417466
3496,0.2,0.1,0.2,0.5,0.0,0.0,661,1,0.38493099999999997
3496,0.1,0.3,0.2,0.0,0.0,0.4,662,1,0.41090299999999996
3496,0.1,0.0,0.0,0.0,0.2,0.7,663,1,0.412709
3496,0.3,0.3,0.0,0.3,0.0,0.1,664,1,0.36597199999999996
3496,0.0,0.5,0.0,0.2,0.0,0.3,665,1,0.440499
3496,0.0,0.0,0.1,0.6,0.2,0.1,666,1,0.406736
3496,0.0,0.0,0.2,0.3,0.2,0.3,667,1,0.431807
3496,0.4,0.2,0.0,0.3,0.0,0.1,668,1,0.372741
3496,0.0,0.2,0.0,0.3,0.3,0.2,669,1,0.430505
3496,0.1,0.0,0.0,0.1,0.3,0.5,670,1,0.40925500000000004
3496,0.5,0.0,0.2,0.0,0.0,0.3,671,1,0.41248999999999997
3496,0.0,0.2,0.3,0.0,0.3,0.2,672,1,0.434255
3496,0.2,0.1,0.0,0.6,0.0,0.1,673,1,0.423872
3496,0.0,0.0,0.5,0.3,0.2,0.0,674,1,0.448954
3496,0.1,0.4,0.0,0.3,0.2,0.0,675,1,0.387573
3496,0.5,0.0,0.0,0.0,0.1,0.4,676,1,0.430453
3496,0.7,0.0,0.0,0.2,0.1,0.0,677,1,0.39048099999999997
3496,0.2,0.0,0.1,0.3,0.0,0.4,678,1,0.431328
3496,0.0,0.0,0.3,0.1,0.0,0.6,679,1,0.5272939999999999
3496,0.2,0.5,0.0,0.2,0.0,0.1,680,1,0.376861
3496,0.3,0.3,0.1,0.0,0.0,0.3,681,1,0.358596
3496,0.0,0.1,0.0,0.8,0.1,0.0,682,1,0.437569
3496,0.0,0.1,0.7,0.1,0.1,0.0,683,1,0.46507200000000004
3496,0.0,0.0,0.6,0.1,0.0,0.3,684,1,0.679109
3496,0.4,0.0,0.2,0.1,0.3,0.0,685,1,0.41248999999999997
3496,0.2,0.0,0.1,0.3,0.4,0.0,686,1,0.375664
3496,0.3,0.0,0.3,0.0,0.2,0.2,687,1,0.44948
3496,0.0,0.1,0.4,0.5,0.0,0.0,688,1,0.495618
3496,0.0,0.0,0.2,0.0,0.3,0.5,689,1,0.424795
3496,0.4,0.1,0.0,0.1,0.0,0.4,690,1,0.387047
3496,0.0,0.2,0.0,0.3,0.5,0.0,691,1,0.402383
3496,0.2,0.0,0.5,0.1,0.0,0.2,692,1,0.5672590000000001
3496,0.0,0.0,0.1,0.4,0.2,0.3,693,1,0.457646
3496,0.0,0.0,0.2,0.0,0.7,0.1,694,1,0.420994
3496,0.0,0.2,0.1,0.5,0.0,0.2,695,1,0.512567
3496,0.2,0.2,0.0,0.3,0.0,0.3,696,1,0.416354
3496,0.0,0.1,0.2,0.0,0.7,0.0,697,1,0.42516099999999996
3496,0.7,0.0,0.2,0.0,0.0,0.1,698,1,0.41574799999999995
3496,0.2,0.3,0.4,0.1,0.0,0.0,699,1,0.408364
3496,0.1,0.6,0.0,0.0,0.1,0.2,700,1,0.399471
3496,0.2,0.1,0.5,0.2,0.0,0.0,701,1,0.442974
3496,0.4,0.2,0.3,0.1,0.0,0.0,702,1,0.395504
3496,0.2,0.0,0.0,0.1,0.6,0.1,703,1,0.42312700000000003
3496,0.3,0.0,0.0,0.1,0.3,0.3,704,1,0.401698
3496,0.3,0.7,0.0,0.0,0.0,0.0,706,1,0.385154
3496,0.0,0.3,0.0,0.2,0.1,0.4,707,1,0.433217
3496,0.3,0.6,0.0,0.0,0.0,0.1,708,1,0.375202
3496,0.1,0.0,0.1,0.0,0.4,0.4,709,1,0.44104
3496,0.0,0.4,0.1,0.4,0.0,0.1,710,1,0.438141
3496,0.0,0.4,0.0,0.2,0.1,0.3,711,1,0.429238
3496,0.6,0.1,0.0,0.3,0.0,0.0,712,1,0.386973
3496,0.0,0.1,0.1,0.8,0.0,0.0,713,1,0.527072
3496,0.0,0.2,0.0,0.3,0.0,0.5,714,1,0.516741
3496,0.3,0.3,0.0,0.4,0.0,0.0,715,1,0.37090100000000004
3496,0.0,0.0,0.9,0.0,0.1,0.0,716,1,0.49234700000000003
3496,0.0,0.3,0.0,0.2,0.0,0.5,717,1,0.507718
3496,0.2,0.2,0.0,0.5,0.0,0.1,718,1,0.408486
3496,0.5,0.1,0.0,0.0,0.3,0.1,719,1,0.355995
3496,0.0,0.2,0.0,0.2,0.1,0.5,720,1,0.408792
3496,0.0,0.3,0.1,0.4,0.0,0.2,721,1,0.45842
3496,0.1,0.1,0.5,0.0,0.0,0.3,722,1,0.47751099999999996
3496,0.0,0.0,0.0,0.2,0.3,0.5,723,1,0.408903
3496,0.0,0.5,0.1,0.2,0.2,0.0,724,1,0.376972
3496,0.4,0.2,0.0,0.1,0.0,0.3,725,1,0.35740900000000003
3496,0.0,0.3,0.0,0.2,0.2,0.3,726,1,0.408724
3496,0.1,0.5,0.0,0.2,0.2,0.0,727,1,0.385855
3496,0.3,0.2,0.2,0.0,0.0,0.3,728,1,0.38403899999999996
3496,0.0,0.4,0.2,0.0,0.4,0.0,729,1,0.41362200000000005
3496,0.5,0.4,0.0,0.0,0.1,0.0,730,1,0.381771
3496,0.3,0.3,0.2,0.2,0.0,0.0,731,1,0.365638
3496,0.2,0.2,0.1,0.5,0.0,0.0,732,1,0.41541300000000003
3496,0.1,0.0,0.5,0.2,0.0,0.2,733,1,0.531077
3496,0.3,0.1,0.0,0.0,0.2,0.4,734,1,0.39055500000000004
3496,0.1,0.0,0.2,0.0,0.1,0.6,735,1,0.407097
3496,0.2,0.0,0.5,0.3,0.0,0.0,736,1,0.536688
3496,0.6,0.0,0.1,0.0,0.0,0.3,737,1,0.40919099999999997
3496,0.1,0.7,0.1,0.0,0.0,0.1,738,1,0.405677
3496,0.1,0.5,0.2,0.0,0.0,0.2,739,1,0.40687199999999996
3496,0.0,0.0,0.4,0.0,0.2,0.4,740,1,0.469289
3496,0.1,0.0,0.3,0.0,0.4,0.2,741,1,0.45833100000000004
3496,0.1,0.0,0.0,0.2,0.6,0.1,742,1,0.406428
3496,0.0,0.1,0.2,0.0,0.2,0.5,743,1,0.433512
3496,0.0,0.1,0.3,0.3,0.0,0.3,744,1,0.49267799999999995
3496,0.0,0.1,0.6,0.0,0.0,0.3,745,1,0.578563
3496,0.0,0.2,0.1,0.0,0.0,0.7,746,1,0.50025
3496,0.5,0.0,0.0,0.4,0.1,0.0,747,1,0.386142
3496,0.2,0.0,0.4,0.4,0.0,0.0,748,1,0.453218
3496,0.4,0.0,0.2,0.0,0.1,0.3,749,1,0.43692200000000003
3496,0.0,0.7,0.0,0.0,0.2,0.1,750,1,0.42339799999999994
3496,0.2,0.0,0.1,0.0,0.0,0.7,751,1,0.44832700000000003
3496,0.0,0.2,0.0,0.0,0.7,0.1,752,1,0.406091
3496,0.9,0.1,0.0,0.0,0.0,0.0,753,1,0.357844
3496,0.0,0.5,0.0,0.0,0.0,0.5,754,1,0.513788
3496,0.0,0.2,0.0,0.1,0.6,0.1,755,1,0.411155
3496,0.0,0.0,0.0,0.4,0.1,0.5,756,1,0.44260299999999997
3496,0.0,0.0,0.0,0.2,0.5,0.3,757,1,0.43428999999999995
3496,0.4,0.2,0.3,0.0,0.1,0.0,758,1,0.392049
3496,0.2,0.0,0.0,0.0,0.1,0.7,759,1,0.44469
3496,0.0,0.2,0.4,0.4,0.0,0.0,760,1,0.47659700000000005
3496,0.0,0.1,0.5,0.2,0.2,0.0,761,1,0.491015
3496,0.0,0.3,0.1,0.3,0.0,0.3,762,1,0.476872
3496,0.1,0.0,0.2,0.3,0.4,0.0,763,1,0.392756
3496,0.5,0.2,0.0,0.3,0.0,0.0,764,1,0.371147
3496,0.0,0.1,0.1,0.4,0.4,0.0,765,1,0.37995999999999996
3496,0.2,0.5,0.2,0.1,0.0,0.0,766,1,0.395991
3496,0.0,0.0,0.2,0.1,0.3,0.4,767,1,0.483149
3496,0.2,0.6,0.1,0.1,0.0,0.0,768,1,0.366854
3496,0.1,0.2,0.0,0.7,0.0,0.0,770,1,0.414483
3496,0.0,0.3,0.2,0.1,0.0,0.4,771,1,0.46395699999999995
3496,0.4,0.0,0.3,0.1,0.0,0.2,772,1,0.449259
3496,0.0,0.3,0.1,0.0,0.2,0.4,773,1,0.41823999999999995
3496,0.4,0.1,0.0,0.3,0.0,0.2,774,1,0.401658
3496,0.0,0.6,0.0,0.0,0.1,0.3,775,1,0.435596
3496,0.0,0.7,0.3,0.0,0.0,0.0,776,1,0.419213
3496,0.1,0.0,0.0,0.8,0.1,0.0,777,1,0.396111
3496,0.1,0.0,0.3,0.5,0.1,0.0,778,1,0.44096899999999994
3496,0.1,0.0,0.7,0.0,0.2,0.0,779,1,0.46878100000000006
3496,0.1,0.0,0.2,0.4,0.3,0.0,780,1,0.367271
3496,0.0,0.1,0.1,0.2,0.0,0.6,781,1,0.45480699999999996
3496,0.1,0.0,0.0,0.1,0.7,0.1,782,1,0.40235
3496,0.7,0.0,0.0,0.1,0.2,0.0,783,1,0.372225
3496,0.1,0.6,0.0,0.1,0.0,0.2,784,1,0.397099
3496,0.0,0.4,0.1,0.0,0.2,0.3,785,1,0.400269
3496,0.0,0.6,0.0,0.0,0.4,0.0,786,1,0.409195
3496,0.1,0.1,0.0,0.5,0.3,0.0,787,1,0.367077
3496,0.3,0.0,0.2,0.0,0.5,0.0,788,1,0.403861
3496,0.6,0.0,0.0,0.1,0.1,0.2,789,1,0.37940799999999997
3496,0.5,0.2,0.2,0.0,0.0,0.1,790,1,0.356672
3496,0.3,0.0,0.4,0.1,0.0,0.2,791,1,0.44904700000000003
3496,0.1,0.2,0.0,0.6,0.0,0.1,792,1,0.42391599999999996
3496,0.3,0.0,0.0,0.0,0.7,0.0,793,1,0.39758499999999997
3496,0.0,0.9,0.0,0.1,0.0,0.0,794,1,0.405685
3496,0.0,0.3,0.3,0.2,0.2,0.0,795,1,0.376678
3496,0.0,0.5,0.3,0.1,0.0,0.1,796,1,0.434167
3496,0.1,0.0,0.1,0.7,0.1,0.0,797,1,0.408127
3496,0.0,0.1,0.1,0.0,0.5,0.3,798,1,0.42337600000000003
3496,0.4,0.3,0.0,0.1,0.2,0.0,799,1,0.368561
3496,0.5,0.0,0.5,0.0,0.0,0.0,800,1,0.431957
3496,0.0,0.3,0.6,0.0,0.0,0.1,801,1,0.48275200000000007
3496,0.0,0.3,0.1,0.0,0.0,0.6,802,1,0.504367
3496,0.3,0.0,0.4,0.2,0.0,0.1,803,1,0.52185
3496,0.5,0.1,0.0,0.4,0.0,0.0,804,1,0.379882
3496,0.0,0.1,0.4,0.2,0.3,0.0,805,1,0.41663500000000003
3496,0.2,0.1,0.0,0.7,0.0,0.0,806,1,0.410545
3496,0.0,0.0,0.4,0.0,0.0,0.6,807,1,0.5281560000000001
3496,0.4,0.1,0.2,0.0,0.0,0.3,808,1,0.384775
3496,0.1,0.0,0.0,0.6,0.1,0.2,809,1,0.435482
3496,0.3,0.0,0.1,0.0,0.5,0.1,810,1,0.395137
3496,0.3,0.3,0.3,0.0,0.1,0.0,811,1,0.402327
3496,0.6,0.1,0.0,0.0,0.1,0.2,812,1,0.36375
3496,0.3,0.0,0.3,0.0,0.4,0.0,813,1,0.41881999999999997
3496,0.0,0.5,0.0,0.2,0.1,0.2,814,1,0.412206
3496,0.0,0.1,0.5,0.3,0.1,0.0,815,1,0.444271
3496,0.3,0.2,0.0,0.1,0.0,0.4,816,1,0.370284
3496,0.0,0.5,0.0,0.4,0.0,0.1,817,1,0.43515600000000004
3496,0.0,0.0,0.6,0.0,0.0,0.4,818,1,0.567036
3496,0.3,0.0,0.4,0.0,0.2,0.1,819,1,0.457657
3496,0.3,0.4,0.2,0.1,0.0,0.0,820,1,0.374612
3496,0.1,0.7,0.1,0.0,0.1,0.0,821,1,0.387701
3496,0.1,0.3,0.1,0.0,0.5,0.0,822,1,0.38251799999999997
3496,0.3,0.0,0.5,0.2,0.0,0.0,823,1,0.474268
3496,0.1,0.5,0.2,0.0,0.2,0.0,824,1,0.39618000000000003
3496,0.0,0.1,0.0,0.8,0.0,0.1,825,1,0.506021
3496,0.0,0.0,0.2,0.5,0.3,0.0,826,1,0.375316
3496,0.3,0.5,0.1,0.0,0.1,0.0,827,1,0.360717
3496,0.0,0.3,0.2,0.0,0.3,0.2,828,1,0.39861199999999997
3496,0.0,0.0,0.1,0.2,0.6,0.1,829,1,0.394726
3496,0.4,0.0,0.0,0.0,0.3,0.3,830,1,0.406801
3496,0.0,0.4,0.4,0.0,0.0,0.2,831,1,0.47193500000000005
3496,0.4,0.1,0.3,0.0,0.0,0.2,832,1,0.40810100000000005
3496,0.0,0.5,0.0,0.3,0.1,0.1,834,1,0.414756
3496,0.0,0.4,0.0,0.3,0.1,0.2,835,1,0.437596
3496,0.1,0.3,0.5,0.1,0.0,0.0,836,1,0.45176499999999997
3496,0.0,0.1,0.0,0.2,0.6,0.1,837,1,0.408983
3496,0.0,0.0,0.0,0.5,0.0,0.5,838,1,0.488699
3496,0.0,0.1,0.5,0.0,0.3,0.1,839,1,0.484727
3496,0.5,0.0,0.0,0.0,0.2,0.3,840,1,0.430446
3496,0.8,0.0,0.0,0.1,0.0,0.1,841,1,0.386837
3496,0.0,0.3,0.7,0.0,0.0,0.0,842,1,0.4782
3496,0.0,0.4,0.4,0.1,0.1,0.0,843,1,0.43635
3496,0.1,0.4,0.1,0.0,0.4,0.0,844,1,0.39066799999999996
3496,0.3,0.4,0.0,0.1,0.2,0.0,845,1,0.374849
3496,0.0,0.3,0.2,0.0,0.2,0.3,846,1,0.42374799999999996
3496,0.3,0.0,0.0,0.1,0.5,0.1,847,1,0.400303
3496,0.1,0.0,0.5,0.0,0.4,0.0,848,1,0.447442
3496,0.3,0.1,0.0,0.5,0.1,0.0,849,1,0.404211
3496,0.4,0.2,0.0,0.1,0.3,0.0,850,1,0.36841399999999996
3496,0.5,0.3,0.1,0.0,0.0,0.1,851,1,0.346224
3496,0.1,0.5,0.0,0.0,0.0,0.4,852,1,0.440849
3496,0.2,0.5,0.1,0.0,0.0,0.2,853,1,0.378471
3496,0.0,0.4,0.0,0.1,0.2,0.3,854,1,0.407053
3496,0.0,0.3,0.3,0.0,0.1,0.3,855,1,0.445329
3496,0.5,0.0,0.1,0.0,0.0,0.4,856,1,0.442033
3496,0.0,0.1,0.2,0.0,0.5,0.2,857,1,0.43472
3496,0.0,0.3,0.0,0.3,0.1,0.3,858,1,0.45373199999999997
3496,0.6,0.1,0.2,0.1,0.0,0.0,859,1,0.403738
3496,0.0,0.4,0.0,0.2,0.0,0.4,860,1,0.480387
3496,0.0,0.1,0.1,0.7,0.0,0.1,861,1,0.512027
3496,0.0,0.1,0.0,0.2,0.5,0.2,862,1,0.432172
3496,0.0,0.0,0.0,0.1,0.0,0.9,863,1,0.515825
3496,0.1,0.0,0.3,0.3,0.0,0.3,864,1,0.568679
3496,0.0,0.2,0.0,0.5,0.2,0.1,865,1,0.42203999999999997
3496,0.5,0.0,0.4,0.1,0.0,0.0,866,1,0.45786499999999997
3496,0.0,0.0,0.5,0.0,0.0,0.5,867,1,0.511464
3496,0.7,0.0,0.1,0.1,0.1,0.0,868,1,0.41400699999999996
3496,0.1,0.0,0.3,0.2,0.4,0.0,869,1,0.43605
3496,0.0,0.3,0.2,0.2,0.3,0.0,870,1,0.373821
3496,0.0,0.1,0.3,0.0,0.5,0.1,871,1,0.420097
3496,0.1,0.5,0.1,0.0,0.0,0.3,872,1,0.415412
3496,0.0,0.3,0.0,0.1,0.6,0.0,873,1,0.385327
3496,0.2,0.7,0.0,0.0,0.1,0.0,874,1,0.394958
3496,0.0,0.4,0.2,0.4,0.0,0.0,875,1,0.43372799999999995
3496,0.2,0.0,0.3,0.2,0.0,0.3,876,1,0.486785
3496,0.3,0.3,0.2,0.0,0.2,0.0,877,1,0.39958899999999997
3496,0.4,0.0,0.0,0.2,0.4,0.0,878,1,0.389967
3496,0.1,0.7,0.0,0.1,0.0,0.1,879,1,0.401229
3496,0.6,0.0,0.1,0.3,0.0,0.0,880,1,0.395689
3496,0.1,0.2,0.0,0.0,0.2,0.5,881,1,0.404486
3496,0.0,0.0,0.3,0.0,0.2,0.5,882,1,0.440342
3496,0.0,0.0,0.0,0.4,0.4,0.2,883,1,0.453927
3496,0.2,0.1,0.0,0.2,0.5,0.0,884,1,0.39248
3496,0.0,0.3,0.2,0.4,0.0,0.1,885,1,0.47012
3496,0.0,0.4,0.2,0.0,0.3,0.1,886,1,0.407016
3496,0.3,0.0,0.1,0.5,0.1,0.0,887,1,0.39455500000000004
3496,0.0,0.2,0.1,0.6,0.0,0.1,888,1,0.548632
3496,0.5,0.0,0.0,0.1,0.2,0.2,889,1,0.41217700000000007
3496,0.1,0.0,0.3,0.2,0.0,0.4,890,1,0.53435
3496,0.3,0.2,0.0,0.4,0.0,0.1,891,1,0.415397
3496,0.2,0.6,0.0,0.0,0.1,0.1,892,1,0.389731
3496,0.3,0.0,0.1,0.1,0.0,0.5,893,1,0.412671
3496,0.1,0.3,0.0,0.4,0.0,0.2,894,1,0.446215
3496,0.0,0.3,0.0,0.5,0.1,0.1,895,1,0.446817
3496,0.0,0.0,0.8,0.1,0.1,0.0,896,1,0.5788369999999999
3496,0.5,0.0,0.1,0.0,0.1,0.3,898,1,0.437884
3496,0.3,0.0,0.6,0.0,0.0,0.1,899,1,0.521061
3496,0.4,0.0,0.0,0.1,0.3,0.2,900,1,0.40132399999999996
3496,0.2,0.0,0.0,0.0,0.4,0.4,901,1,0.41808100000000004
3496,0.6,0.1,0.0,0.0,0.0,0.3,902,1,0.374822
3496,0.0,0.1,0.0,0.3,0.3,0.3,903,1,0.421242
3496,0.0,0.1,0.0,0.1,0.4,0.4,904,1,0.39381900000000003
3496,0.4,0.3,0.0,0.0,0.0,0.3,905,1,0.359579
3496,0.2,0.1,0.0,0.3,0.4,0.0,906,1,0.384924
3496,0.0,0.2,0.0,0.0,0.3,0.5,907,1,0.406462
3496,0.2,0.0,0.2,0.0,0.5,0.1,908,1,0.402417
3496,0.0,0.3,0.5,0.1,0.1,0.0,909,1,0.438967
3496,0.0,0.2,0.5,0.1,0.2,0.0,910,1,0.431587
3496,0.0,0.3,0.0,0.1,0.3,0.3,911,1,0.407599
3496,0.4,0.0,0.1,0.5,0.0,0.0,912,1,0.414738
3496,0.0,0.4,0.0,0.5,0.0,0.1,913,1,0.44475200000000004
3496,0.1,0.0,0.5,0.1,0.0,0.3,914,1,0.5375270000000001
3496,0.0,0.1,0.3,0.1,0.0,0.5,915,1,0.486245
3496,0.0,0.5,0.4,0.0,0.0,0.1,916,1,0.443402
3496,0.3,0.2,0.0,0.0,0.4,0.1,917,1,0.364412
3496,0.2,0.1,0.0,0.4,0.0,0.3,918,1,0.419724
3496,0.2,0.0,0.3,0.3,0.0,0.2,919,1,0.45977399999999996
3496,0.4,0.0,0.1,0.4,0.1,0.0,920,1,0.381731
3496,0.2,0.1,0.6,0.1,0.0,0.0,921,1,0.449763
3496,0.0,0.2,0.3,0.0,0.1,0.4,922,1,0.451491
3496,0.0,0.1,0.4,0.0,0.2,0.3,923,1,0.489662
3496,0.1,0.1,0.0,0.6,0.0,0.2,924,1,0.469762
3496,0.1,0.3,0.0,0.3,0.3,0.0,925,1,0.399019
3496,0.2,0.3,0.5,0.0,0.0,0.0,926,1,0.420807
3496,0.0,0.3,0.0,0.4,0.3,0.0,927,1,0.40992399999999996
3496,0.4,0.0,0.1,0.4,0.0,0.1,928,1,0.454929
3496,0.3,0.0,0.0,0.2,0.2,0.3,929,1,0.434461
3496,0.2,0.0,0.4,0.0,0.4,0.0,930,1,0.434468
3496,0.2,0.0,0.0,0.3,0.5,0.0,931,1,0.388004
3496,0.0,0.1,0.0,0.0,0.1,0.8,932,1,0.405061
3496,0.0,0.0,0.1,0.0,0.2,0.7,933,1,0.410451
3496,0.4,0.1,0.0,0.4,0.1,0.0,934,1,0.37225
3496,0.3,0.3,0.0,0.0,0.2,0.2,935,1,0.359772
3496,0.0,0.9,0.0,0.0,0.0,0.1,936,1,0.453779
3496,0.2,0.6,0.0,0.1,0.0,0.1,937,1,0.37148600000000004
3496,0.3,0.0,0.6,0.1,0.0,0.0,938,1,0.5106069999999999
3496,0.0,0.4,0.0,0.2,0.4,0.0,939,1,0.397127
3496,0.1,0.6,0.2,0.1,0.0,0.0,940,1,0.395478
3496,0.0,0.2,0.0,0.7,0.1,0.0,941,1,0.399466
3496,0.3,0.5,0.0,0.0,0.2,0.0,942,1,0.376949
3496,0.2,0.1,0.0,0.0,0.5,0.2,943,1,0.370967
3496,0.6,0.1,0.0,0.0,0.3,0.0,944,1,0.36614800000000003
3496,0.1,0.0,0.0,0.1,0.6,0.2,945,1,0.412163
3496,0.4,0.3,0.0,0.2,0.0,0.1,946,1,0.35538800000000004
3496,0.1,0.0,0.4,0.0,0.3,0.2,947,1,0.46746800000000005
3496,0.0,0.0,0.4,0.3,0.3,0.0,948,1,0.43007700000000004
3496,0.0,0.3,0.0,0.1,0.2,0.4,949,1,0.423217
3496,0.0,0.2,0.0,0.0,0.5,0.3,950,1,0.40476
3496,0.1,0.3,0.0,0.5,0.1,0.0,951,1,0.376967
3496,0.0,0.0,0.0,0.4,0.0,0.6,952,1,0.448006
3496,0.6,0.3,0.0,0.0,0.1,0.0,953,1,0.369775
3496,0.0,0.0,0.1,0.1,0.2,0.6,954,1,0.42034099999999996
3496,0.0,0.1,0.8,0.1,0.0,0.0,955,1,0.5378
3496,0.4,0.1,0.1,0.0,0.0,0.4,956,1,0.380648
3496,0.6,0.0,0.1,0.2,0.1,0.0,957,1,0.379159
3496,0.0,0.1,0.2,0.0,0.3,0.4,958,1,0.43424300000000005
3496,0.0,0.3,0.5,0.0,0.1,0.1,959,1,0.465693
3496,0.0,0.0,0.5,0.2,0.1,0.2,960,1,0.47658
3496,0.2,0.2,0.5,0.1,0.0,0.0,962,1,0.44167399999999996
3496,0.1,0.0,0.2,0.0,0.3,0.4,963,1,0.43632600000000005
3496,0.1,0.0,0.3,0.0,0.6,0.0,964,1,0.440895
3496,0.0,0.0,0.3,0.2,0.5,0.0,965,1,0.424063
3496,0.0,0.1,0.2,0.4,0.3,0.0,966,1,0.37958400000000003
3496,0.2,0.2,0.1,0.0,0.5,0.0,967,1,0.377375
3496,0.2,0.4,0.1,0.0,0.0,0.3,968,1,0.368456
3496,0.6,0.2,0.0,0.0,0.1,0.1,969,1,0.356898
3496,0.0,0.0,0.2,0.3,0.4,0.1,970,1,0.402148
3496,0.0,0.0,0.3,0.4,0.3,0.0,971,1,0.427328
3496,0.3,0.4,0.0,0.2,0.1,0.0,972,1,0.363553
3496,0.0,0.8,0.0,0.1,0.1,0.0,973,1,0.385954
3496,0.3,0.0,0.1,0.0,0.3,0.3,974,1,0.41195200000000004
3496,0.2,0.0,0.4,0.0,0.1,0.3,975,1,0.46291099999999996
3496,0.1,0.4,0.4,0.1,0.0,0.0,976,1,0.44287299999999996
3496,0.3,0.3,0.3,0.1,0.0,0.0,977,1,0.406974
3496,0.0,0.3,0.2,0.0,0.0,0.5,978,1,0.49451000000000006
3496,0.1,0.0,0.0,0.3,0.6,0.0,979,1,0.399517
3496,0.4,0.1,0.3,0.0,0.2,0.0,980,1,0.398169
3496,0.5,0.0,0.1,0.4,0.0,0.0,981,1,0.428912
3496,0.1,0.0,0.1,0.0,0.5,0.3,982,1,0.42973100000000003
3496,0.0,0.1,0.0,0.0,0.5,0.4,983,1,0.402627
3496,0.0,0.0,0.6,0.1,0.1,0.2,984,1,0.533443
3496,0.0,0.3,0.0,0.3,0.4,0.0,985,1,0.41113500000000003
3496,0.1,0.0,0.0,0.4,0.4,0.1,986,1,0.425411
3496,0.0,0.2,0.4,0.1,0.0,0.3,987,1,0.434738
3496,0.1,0.2,0.0,0.5,0.0,0.2,988,1,0.44971000000000005
3496,0.1,0.3,0.5,0.0,0.0,0.1,989,1,0.449604
3496,0.4,0.0,0.2,0.0,0.4,0.0,990,1,0.412389
3496,0.0,0.1,0.7,0.2,0.0,0.0,991,1,0.511584
3496,0.0,0.0,0.1,0.1,0.5,0.3,992,1,0.4538
3496,0.2,0.0,0.6,0.1,0.0,0.1,993,1,0.463267
3496,0.2,0.0,0.0,0.1,0.2,0.5,994,1,0.42372600000000005
3496,0.3,0.0,0.0,0.6,0.0,0.1,995,1,0.500007
3496,0.0,0.0,0.1,0.5,0.0,0.4,996,1,0.545608
3496,0.4,0.0,0.0,0.1,0.4,0.1,997,1,0.379865
3496,0.2,0.5,0.0,0.1,0.2,0.0,998,1,0.380184
3496,0.1,0.3,0.6,0.0,0.0,0.0,999,1,0.45006999999999997
3496,0.5,0.0,0.0,0.5,0.0,0.0,1000,1,0.396073
3496,0.0,0.1,0.1,0.0,0.3,0.5,1001,1,0.40515
3496,0.1,0.0,0.5,0.0,0.0,0.4,1002,1,0.43737700000000007
3496,0.0,0.0,0.1,0.4,0.3,0.2,1003,1,0.427571
3496,0.1,0.2,0.6,0.1,0.0,0.0,1004,1,0.462922
3496,0.2,0.3,0.0,0.1,0.0,0.4,1005,1,0.374638
3496,0.2,0.1,0.0,0.0,0.7,0.0,1006,1,0.397136
3496,0.0,0.0,0.0,0.0,0.6,0.4,1007,1,0.439374
3496,0.6,0.1,0.0,0.1,0.0,0.2,1008,1,0.362666
3496,0.2,0.0,0.0,0.7,0.1,0.0,1009,1,0.392259
3496,0.1,0.7,0.1,0.1,0.0,0.0,1010,1,0.389777
3496,0.0,0.0,0.0,0.1,0.5,0.4,1011,1,0.434667
3496,0.0,0.3,0.1,0.1,0.0,0.5,1012,1,0.512009
3496,0.5,0.0,0.2,0.3,0.0,0.0,1013,1,0.40775700000000004
3496,0.0,0.4,0.3,0.0,0.1,0.2,1014,1,0.43317
3496,0.1,0.4,0.0,0.2,0.0,0.3,1015,1,0.410317
3496,0.7,0.1,0.0,0.0,0.0,0.2,1016,1,0.371096
3496,0.6,0.4,0.0,0.0,0.0,0.0,1017,1,0.368265
3496,0.1,0.1,0.0,0.1,0.0,0.7,1018,1,0.404574
3496,0.0,0.3,0.4,0.0,0.1,0.2,1019,1,0.467103
3496,0.2,0.0,0.0,0.6,0.1,0.1,1020,1,0.43295600000000006
3496,0.1,0.0,0.0,0.7,0.2,0.0,1021,1,0.376349
3496,0.5,0.2,0.2,0.1,0.0,0.0,1022,1,0.39804
3496,0.0,0.0,0.1,0.4,0.1,0.4,1023,1,0.484969
3496,0.0,0.0,0.0,0.7,0.3,0.0,1024,1,0.38922399999999996
3496,0.0,0.5,0.0,0.0,0.2,0.3,1026,1,0.415264
3496,0.3,0.3,0.0,0.3,0.1,0.0,1027,1,0.358066
3496,0.1,0.2,0.6,0.0,0.1,0.0,1028,1,0.43159
3496,0.4,0.2,0.1,0.0,0.3,0.0,1029,1,0.358622
3496,0.5,0.0,0.0,0.0,0.5,0.0,1030,1,0.416969
3496,0.4,0.0,0.0,0.1,0.0,0.5,1031,1,0.440461
3496,0.1,0.1,0.7,0.0,0.1,0.0,1032,1,0.482767
3496,0.4,0.1,0.0,0.3,0.2,0.0,1033,1,0.367869
3496,0.5,0.0,0.0,0.0,0.3,0.2,1034,1,0.387972
3496,0.3,0.0,0.2,0.0,0.3,0.2,1035,1,0.388146
3496,0.0,0.1,0.0,0.1,0.6,0.2,1036,1,0.397785
3496,0.0,0.2,0.1,0.4,0.0,0.3,1037,1,0.44764499999999996
3496,0.2,0.5,0.1,0.0,0.2,0.0,1038,1,0.375866
3496,0.0,0.6,0.1,0.1,0.0,0.2,1039,1,0.413177
3496,0.0,0.3,0.4,0.0,0.3,0.0,1040,1,0.42182200000000003
3496,0.1,0.2,0.5,0.2,0.0,0.0,1041,1,0.45854399999999995
3496,0.0,0.1,0.0,0.4,0.2,0.3,1042,1,0.419512
3496,0.0,0.0,0.5,0.0,0.1,0.4,1043,1,0.47887399999999997
3496,0.0,0.0,0.0,0.5,0.5,0.0,1044,1,0.39177399999999996
3496,0.0,0.1,0.1,0.4,0.0,0.4,1045,1,0.56614
3496,0.1,0.0,0.1,0.2,0.0,0.6,1046,1,0.387938
3496,0.0,0.1,0.7,0.1,0.0,0.1,1047,1,0.545322
3496,0.0,0.1,0.5,0.0,0.4,0.0,1048,1,0.44453400000000004
3496,0.1,0.0,0.4,0.4,0.1,0.0,1049,1,0.47229799999999994
3496,0.0,0.3,0.0,0.3,0.3,0.1,1050,1,0.413422
3496,0.6,0.3,0.0,0.1,0.0,0.0,1051,1,0.342061
3496,0.1,0.2,0.0,0.3,0.0,0.4,1052,1,0.416926
3496,0.3,0.1,0.0,0.1,0.5,0.0,1053,1,0.369005
3496,0.1,0.0,0.0,0.3,0.1,0.5,1054,1,0.40728400000000003
3496,0.7,0.0,0.0,0.0,0.1,0.2,1055,1,0.394405
3496,0.5,0.0,0.1,0.2,0.0,0.2,1056,1,0.41308900000000004
3496,0.2,0.0,0.1,0.4,0.3,0.0,1057,1,0.359077
3496,0.0,0.2,0.4,0.1,0.3,0.0,1058,1,0.420416
3496,0.0,0.2,0.0,0.1,0.0,0.7,1059,1,0.519999
3496,0.3,0.0,0.4,0.0,0.3,0.0,1060,1,0.40988
3496,0.1,0.0,0.5,0.0,0.2,0.2,1061,1,0.43616800000000006
3496,0.0,0.0,0.0,0.1,0.1,0.8,1062,1,0.403292
3496,0.0,0.7,0.1,0.1,0.1,0.0,1063,1,0.377821
3496,0.1,0.0,0.0,0.2,0.7,0.0,1064,1,0.395322
3496,0.8,0.0,0.0,0.0,0.1,0.1,1065,1,0.382048
3496,0.3,0.4,0.0,0.0,0.0,0.3,1066,1,0.358617
3496,0.0,0.1,0.0,0.1,0.2,0.6,1067,1,0.387464
3496,0.1,0.0,0.2,0.2,0.0,0.5,1068,1,0.40923200000000004
3496,0.5,0.0,0.0,0.1,0.3,0.1,1069,1,0.380312
3496,0.0,0.1,0.1,0.0,0.6,0.2,1070,1,0.416889
3496,0.1,0.0,0.3,0.0,0.3,0.3,1071,1,0.44171000000000005
3496,0.4,0.3,0.1,0.0,0.2,0.0,1072,1,0.353286
3496,0.3,0.0,0.0,0.2,0.5,0.0,1073,1,0.395394
3496,0.0,0.6,0.3,0.0,0.1,0.0,1074,1,0.403463
3496,0.4,0.0,0.6,0.0,0.0,0.0,1075,1,0.45118100000000005
3496,0.0,0.2,0.1,0.7,0.0,0.0,1076,1,0.461182
3496,0.5,0.1,0.0,0.2,0.2,0.0,1077,1,0.365063
3496,0.0,0.0,0.4,0.3,0.2,0.1,1078,1,0.45810100000000004
3496,0.0,0.2,0.3,0.4,0.1,0.0,1079,1,0.395814
3496,0.1,0.0,0.0,0.0,0.8,0.1,1080,1,0.418473
3496,0.8,0.1,0.0,0.0,0.1,0.0,1081,1,0.363134
3496,0.2,0.3,0.0,0.1,0.4,0.0,1082,1,0.374308
3496,0.1,0.0,0.1,0.8,0.0,0.0,1083,1,0.443492
3496,0.0,0.0,0.6,0.4,0.0,0.0,1084,1,0.518469
3496,0.1,0.4,0.0,0.4,0.1,0.0,1085,1,0.374867
3496,0.1,0.0,0.2,0.0,0.2,0.5,1086,1,0.42008
3496,0.0,0.3,0.3,0.0,0.2,0.2,1087,1,0.39676300000000003
3496,0.1,0.4,0.0,0.1,0.0,0.4,1088,1,0.396627
3496,0.0,0.3,0.6,0.0,0.1,0.0,1090,2,0.49456000000000006
3496,0.2,0.1,0.4,0.3,0.0,0.0,1091,2,0.461579
3496,0.2,0.2,0.0,0.1,0.0,0.5,1092,2,0.372811
3496,0.0,0.2,0.2,0.1,0.0,0.5,1093,2,0.503422
3496,0.0,0.0,0.0,0.5,0.4,0.1,1094,2,0.43178
3496,0.5,0.0,0.2,0.1,0.0,0.2,1095,2,0.416058
3496,0.2,0.0,0.1,0.5,0.0,0.2,1096,2,0.48859300000000006
3496,0.2,0.3,0.0,0.5,0.0,0.0,1097,2,0.377342
3496,0.0,0.1,0.3,0.1,0.5,0.0,1098,2,0.418282
3496,0.3,0.2,0.0,0.2,0.0,0.3,1099,2,0.362064
3496,0.6,0.0,0.0,0.0,0.3,0.1,1100,2,0.377606
3496,0.2,0.4,0.0,0.0,0.1,0.3,1101,2,0.368827
3496,0.4,0.0,0.1,0.0,0.2,0.3,1102,2,0.400339
3496,0.5,0.0,0.1,0.0,0.4,0.0,1103,2,0.384793
3496,0.2,0.0,0.0,0.2,0.1,0.5,1104,2,0.384803
3496,0.0,0.2,0.1,0.1,0.0,0.6,1105,2,0.508478
3496,0.1,0.2,0.0,0.0,0.1,0.6,1106,2,0.393669
3496,0.0,0.2,0.1,0.0,0.2,0.5,1107,2,0.40216
3496,0.2,0.2,0.3,0.0,0.0,0.3,1108,2,0.404152
3496,0.0,0.0,0.3,0.3,0.1,0.3,1109,2,0.497359
3496,0.3,0.0,0.1,0.5,0.0,0.1,1110,2,0.49234799999999995
3496,0.0,0.3,0.2,0.3,0.0,0.2,1111,2,0.457714
3496,0.4,0.0,0.1,0.0,0.1,0.4,1112,2,0.431623
3496,0.0,0.0,0.1,0.3,0.0,0.6,1113,2,0.654929
3496,0.1,0.0,0.0,0.8,0.0,0.1,1114,2,0.55353
3496,0.2,0.0,0.1,0.5,0.2,0.0,1115,2,0.365195
3496,0.0,0.2,0.5,0.0,0.0,0.3,1116,2,0.49310200000000004
3496,0.5,0.4,0.1,0.0,0.0,0.0,1117,2,0.34568000000000004
3496,0.1,0.1,0.6,0.2,0.0,0.0,1118,2,0.46730200000000005
3496,0.0,0.4,0.0,0.1,0.4,0.1,1119,2,0.4034
3496,0.1,0.2,0.3,0.4,0.0,0.0,1120,2,0.403121
3496,0.3,0.0,0.1,0.0,0.0,0.6,1121,2,0.422625
3496,0.2,0.4,0.3,0.0,0.0,0.1,1122,2,0.398754
3496,0.0,0.1,0.0,0.4,0.1,0.4,1123,2,0.445877
3496,0.1,0.0,0.0,0.1,0.1,0.7,1124,2,0.388693
3496,0.5,0.1,0.1,0.0,0.3,0.0,1125,2,0.358547
3496,0.0,0.3,0.6,0.1,0.0,0.0,1126,2,0.46820200000000006
3496,0.0,0.2,0.1,0.0,0.1,0.6,1127,2,0.410362
3496,0.1,0.3,0.0,0.1,0.0,0.5,1128,2,0.404564
3496,0.5,0.1,0.2,0.0,0.0,0.2,1129,2,0.366551
3496,0.4,0.0,0.0,0.2,0.0,0.4,1130,2,0.40432399999999996
3496,0.0,0.6,0.2,0.1,0.0,0.1,1131,2,0.404935
3496,0.0,0.0,0.3,0.4,0.2,0.1,1132,2,0.42313500000000004
3496,0.0,0.1,0.2,0.2,0.5,0.0,1133,2,0.374933
3496,0.0,0.4,0.1,0.0,0.0,0.5,1134,2,0.482508
3496,0.3,0.2,0.4,0.0,0.0,0.1,1135,2,0.40592399999999995
3496,0.3,0.0,0.0,0.3,0.3,0.1,1136,2,0.396321
3496,0.0,0.0,0.0,0.0,0.5,0.5,1137,2,0.42390100000000003
3496,0.0,0.4,0.0,0.4,0.2,0.0,1138,2,0.394376
3496,0.2,0.5,0.3,0.0,0.0,0.0,1139,2,0.401116
3496,0.0,0.1,0.1,0.0,0.7,0.1,1140,2,0.403016
3496,0.0,0.5,0.2,0.0,0.0,0.3,1141,2,0.437562
3496,0.2,0.1,0.6,0.0,0.1,0.0,1142,2,0.44645799999999997
3496,0.1,0.7,0.2,0.0,0.0,0.0,1143,2,0.399723
3496,0.3,0.3,0.4,0.0,0.0,0.0,1144,2,0.406779
3496,0.0,0.0,0.5,0.2,0.0,0.3,1145,2,0.741081
3496,0.0,0.5,0.0,0.2,0.3,0.0,1146,2,0.39524699999999996
3496,0.3,0.2,0.3,0.2,0.0,0.0,1147,1,0.371066
3496,0.3,0.1,0.3,0.0,0.0,0.3,1148,1,0.413912
3496,0.0,0.6,0.1,0.0,0.0,0.3,1149,1,0.44300600000000007
3496,0.1,0.1,0.0,0.0,0.0,0.8,1150,1,0.39821999999999996
3496,0.2,0.3,0.0,0.0,0.2,0.3,1151,1,0.36186399999999996
3496,0.1,0.5,0.0,0.0,0.1,0.3,1152,1,0.3901
3496,0.0,0.1,0.0,0.6,0.0,0.3,1154,2,0.531813
3496,0.0,0.3,0.5,0.1,0.0,0.1,1155,2,0.487546
3496,0.2,0.0,0.0,0.2,0.5,0.1,1156,2,0.39098099999999997
3496,0.2,0.0,0.4,0.1,0.0,0.3,1157,2,0.497316
3496,0.3,0.0,0.7,0.0,0.0,0.0,1158,2,0.484274
3496,0.3,0.0,0.0,0.1,0.1,0.5,1159,2,0.416274
3496,0.2,0.4,0.0,0.4,0.0,0.0,1160,2,0.357122
3496,0.2,0.1,0.0,0.0,0.4,0.3,1161,2,0.37171
3496,0.1,0.5,0.1,0.3,0.0,0.0,1162,2,0.37893899999999997
3496,0.3,0.0,0.2,0.5,0.0,0.0,1163,2,0.42208999999999997
3496,0.0,0.5,0.1,0.0,0.4,0.0,1164,2,0.386923
3496,0.3,0.0,0.3,0.4,0.0,0.0,1165,2,0.451166
3496,0.1,0.0,0.0,0.2,0.0,0.7,1166,2,0.390897
3496,0.6,0.0,0.1,0.0,0.3,0.0,1167,2,0.38866100000000003
3496,0.2,0.0,0.0,0.4,0.1,0.3,1168,2,0.411174
3496,0.0,0.0,0.0,0.3,0.4,0.3,1169,2,0.42758100000000004
3496,0.0,0.3,0.1,0.0,0.3,0.3,1170,2,0.398456
3496,0.3,0.3,0.0,0.0,0.0,0.4,1171,2,0.36628
3496,0.1,0.0,0.0,0.1,0.2,0.6,1172,2,0.402401
3496,0.0,0.1,0.0,0.4,0.4,0.1,1173,2,0.417336
3496,0.4,0.0,0.0,0.3,0.0,0.3,1174,2,0.41619700000000004
3496,0.1,0.8,0.0,0.0,0.0,0.1,1175,2,0.4277
3496,0.2,0.0,0.0,0.3,0.1,0.4,1176,2,0.416959
3496,0.4,0.0,0.5,0.1,0.0,0.0,1177,2,0.433936
3496,0.6,0.1,0.2,0.0,0.0,0.1,1178,2,0.36412100000000003
3496,0.4,0.4,0.0,0.1,0.1,0.0,1179,2,0.360887
3496,0.3,0.2,0.0,0.5,0.0,0.0,1180,2,0.384792
3496,0.2,0.0,0.0,0.5,0.1,0.2,1181,2,0.42580200000000007
3496,0.6,0.0,0.0,0.4,0.0,0.0,1182,2,0.38340100000000005
3496,0.0,0.5,0.0,0.0,0.4,0.1,1183,2,0.42199899999999996
3496,0.1,0.0,0.0,0.0,0.0,0.9,1184,2,0.433296
3496,0.2,0.2,0.5,0.0,0.1,0.0,1185,2,0.42088000000000003
3496,0.0,0.0,0.2,0.2,0.3,0.3,1186,2,0.455822
3496,0.0,0.0,0.5,0.3,0.1,0.1,1187,2,0.5086689999999999
3496,0.0,0.0,0.0,0.4,0.6,0.0,1188,2,0.383678
3496,0.0,0.3,0.0,0.1,0.1,0.5,1189,2,0.434313
3496,0.4,0.0,0.1,0.3,0.2,0.0,1190,2,0.36898400000000003
3496,0.1,0.1,0.0,0.0,0.4,0.4,1191,2,0.391375
3496,0.0,0.1,0.3,0.4,0.0,0.2,1192,2,0.526784
3496,0.3,0.1,0.4,0.2,0.0,0.0,1193,2,0.430147
3496,0.0,0.1,0.6,0.0,0.3,0.0,1194,2,0.452003
3496,0.2,0.4,0.0,0.0,0.3,0.1,1195,2,0.376702
3496,0.0,0.5,0.2,0.0,0.2,0.1,1196,2,0.393469
3496,0.0,0.0,0.4,0.1,0.5,0.0,1197,2,0.43699899999999997
3496,0.2,0.0,0.5,0.0,0.3,0.0,1198,2,0.439671
3496,0.1,0.2,0.4,0.0,0.3,0.0,1199,2,0.420796
3496,0.0,0.0,0.1,0.6,0.0,0.3,1200,2,0.58783
3496,0.1,0.1,0.0,0.0,0.7,0.1,1201,2,0.3907
3496,0.1,0.0,0.3,0.1,0.0,0.5,1202,2,0.426857
3496,0.2,0.1,0.4,0.0,0.0,0.3,1203,2,0.44288900000000003
3496,0.0,0.0,0.2,0.6,0.1,0.1,1204,2,0.483811
3496,0.1,0.6,0.0,0.0,0.0,0.3,1205,2,0.422469
3496,0.1,0.0,0.5,0.1,0.3,0.0,1206,2,0.45270900000000003
3496,0.0,0.0,0.4,0.1,0.0,0.5,1207,2,0.619863
3496,0.0,0.5,0.1,0.1,0.0,0.3,1208,2,0.441892
3496,0.3,0.0,0.2,0.2,0.0,0.3,1209,2,0.425043
3496,0.0,0.0,0.1,0.8,0.0,0.1,1210,2,0.665678
3496,0.2,0.0,0.0,0.1,0.5,0.2,1211,2,0.408183
3496,0.0,0.0,0.3,0.5,0.1,0.1,1212,2,0.479264
3496,0.1,0.4,0.2,0.0,0.3,0.0,1213,2,0.399339
3496,0.2,0.1,0.2,0.0,0.5,0.0,1214,2,0.405955
3496,0.1,0.1,0.0,0.3,0.5,0.0,1215,2,0.389913
3496,0.1,0.3,0.0,0.0,0.3,0.3,1216,2,0.381763
3496,0.3,0.2,0.2,0.0,0.3,0.0,1218,2,0.385666
3496,0.1,0.3,0.2,0.4,0.0,0.0,1219,2,0.389908
3496,0.0,0.0,0.5,0.1,0.4,0.0,1220,2,0.430354
3496,0.4,0.2,0.4,0.0,0.0,0.0,1221,2,0.41238199999999997
3496,0.0,0.0,0.0,0.4,0.2,0.4,1222,2,0.44528500000000004
3496,0.0,0.2,0.0,0.7,0.0,0.1,1223,2,0.5218149999999999
3496,0.9,0.0,0.0,0.1,0.0,0.0,1224,2,0.382226
3496,0.0,0.0,0.1,0.2,0.2,0.5,1225,2,0.42403599999999997
3496,0.0,0.0,0.3,0.3,0.0,0.4,1226,2,0.624841
3496,0.2,0.0,0.1,0.6,0.1,0.0,1227,2,0.410087
3496,0.1,0.0,0.1,0.5,0.0,0.3,1228,2,0.478783
3496,0.0,0.1,0.5,0.0,0.2,0.2,1229,2,0.48945200000000005
3496,0.0,0.0,0.1,0.0,0.0,0.9,1230,2,0.5877
3496,0.0,0.0,0.1,0.2,0.0,0.7,1231,2,0.620499
3496,0.2,0.4,0.1,0.0,0.3,0.0,1232,2,0.37509499999999996
3496,0.1,0.7,0.0,0.0,0.2,0.0,1233,2,0.42237299999999994
3496,0.0,0.3,0.2,0.1,0.4,0.0,1234,2,0.374162
3496,0.5,0.3,0.0,0.2,0.0,0.0,1235,2,0.344145
3496,0.0,0.1,0.2,0.5,0.2,0.0,1236,2,0.375136
3496,0.3,0.2,0.0,0.0,0.0,0.5,1237,2,0.373678
3496,0.3,0.0,0.0,0.3,0.2,0.2,1238,2,0.396173
3496,0.2,0.4,0.3,0.0,0.1,0.0,1239,2,0.402873
3496,0.0,0.0,0.3,0.0,0.7,0.0,1240,2,0.43365200000000004
3496,0.1,0.0,0.2,0.5,0.2,0.0,1241,2,0.374908
3496,0.3,0.0,0.0,0.2,0.1,0.4,1242,2,0.403807
3496,0.2,0.3,0.3,0.0,0.0,0.2,1243,2,0.391309
3496,0.3,0.0,0.0,0.0,0.5,0.2,1244,2,0.392471
3496,0.2,0.3,0.0,0.3,0.2,0.0,1245,2,0.37093000000000004
3496,0.1,0.2,0.0,0.6,0.1,0.0,1246,2,0.388637
3496,0.1,0.1,0.4,0.0,0.4,0.0,1247,2,0.44099399999999994
3496,0.1,0.1,0.6,0.0,0.0,0.2,1248,2,0.488221
3496,0.3,0.5,0.2,0.0,0.0,0.0,1249,2,0.380331
3496,0.4,0.0,0.3,0.0,0.1,0.2,1250,2,0.41529799999999994
3496,0.5,0.1,0.0,0.2,0.0,0.2,1251,2,0.380263
3496,0.0,0.1,0.1,0.5,0.3,0.0,1252,2,0.364206
3496,0.0,0.1,0.0,0.2,0.0,0.7,1253,2,0.546883
3496,0.1,0.0,0.0,0.0,0.1,0.8,1254,2,0.41861099999999996
3496,0.1,0.3,0.2,0.0,0.4,0.0,1255,2,0.402706
3496,0.0,0.2,0.1,0.5,0.2,0.0,1256,2,0.37088499999999996
3496,0.1,0.2,0.0,0.1,0.6,0.0,1257,2,0.382642
3496,0.4,0.0,0.1,0.0,0.3,0.2,1258,2,0.39375
3496,0.2,0.0,0.1,0.7,0.0,0.0,1259,2,0.449376
3496,0.0,0.0,0.3,0.1,0.4,0.2,1260,2,0.41948
3496,0.1,0.0,0.1,0.3,0.0,0.5,1261,2,0.427993
3496,0.3,0.0,0.1,0.1,0.5,0.0,1262,2,0.389071
3496,0.2,0.0,0.2,0.0,0.3,0.3,1263,2,0.43786499999999995
3496,0.0,0.3,0.3,0.1,0.3,0.0,1264,2,0.397275
3496,0.1,0.2,0.0,0.0,0.3,0.4,1265,2,0.38858899999999996
3496,0.0,0.1,0.3,0.0,0.2,0.4,1266,2,0.452259
3496,0.5,0.0,0.1,0.3,0.1,0.0,1267,2,0.37592600000000004
3496,0.0,0.1,0.4,0.0,0.4,0.1,1268,2,0.450982
3496,0.2,0.2,0.1,0.0,0.0,0.5,1269,2,0.382189
3496,0.1,0.0,0.4,0.2,0.3,0.0,1270,2,0.418933
3496,0.0,0.3,0.3,0.4,0.0,0.0,1271,2,0.451779
3496,0.0,0.7,0.0,0.0,0.1,0.2,1272,2,0.43633500000000003
3496,0.2,0.0,0.3,0.0,0.4,0.1,1273,2,0.444881
3496,0.0,0.0,0.2,0.5,0.1,0.2,1274,2,0.47987399999999997
3496,0.1,0.6,0.0,0.2,0.1,0.0,1275,2,0.376279
3496,0.0,0.4,0.3,0.3,0.0,0.0,1276,2,0.426356
3496,0.4,0.2,0.1,0.0,0.0,0.3,1277,2,0.350896
3496,0.1,0.0,0.0,0.6,0.3,0.0,1278,2,0.367694
3496,0.5,0.1,0.0,0.0,0.2,0.2,1279,2,0.359703
3496,0.2,0.0,0.2,0.0,0.1,0.5,1280,2,0.429817
3496,0.4,0.0,0.2,0.0,0.3,0.1,1282,2,0.404033
3496,0.7,0.0,0.1,0.0,0.1,0.1,1283,2,0.385698
3496,0.2,0.0,0.0,0.5,0.2,0.1,1284,2,0.394085
3496,0.0,0.4,0.0,0.1,0.3,0.2,1285,2,0.389477
3496,0.5,0.0,0.2,0.2,0.0,0.1,1286,2,0.408072
3496,0.0,0.5,0.4,0.0,0.1,0.0,1287,2,0.420416
3496,0.3,0.1,0.2,0.4,0.0,0.0,1288,2,0.381177
3496,0.1,0.2,0.1,0.0,0.0,0.6,1289,2,0.384579
3496,0.3,0.0,0.0,0.2,0.3,0.2,1290,2,0.390359
3496,0.1,0.0,0.3,0.5,0.0,0.1,1291,2,0.47902700000000004
3496,0.1,0.5,0.1,0.0,0.3,0.0,1292,2,0.38415
3496,0.0,0.5,0.4,0.1,0.0,0.0,1293,2,0.43375699999999995
3496,0.2,0.0,0.0,0.1,0.0,0.7,1294,2,0.39185
3496,0.0,0.4,0.6,0.0,0.0,0.0,1295,2,0.467638
3496,0.1,0.0,0.0,0.2,0.3,0.4,1296,2,0.392098
3496,0.0,0.4,0.0,0.0,0.0,0.6,1297,2,0.497342
3496,0.0,0.4,0.1,0.0,0.1,0.4,1298,2,0.42088400000000004
3496,0.3,0.2,0.4,0.0,0.1,0.0,1299,2,0.399831
3496,0.2,0.0,0.0,0.3,0.4,0.1,1300,2,0.386511
3496,0.0,0.2,0.3,0.3,0.2,0.0,1301,2,0.374243
3496,0.0,0.2,0.2,0.5,0.1,0.0,1302,2,0.398301
3496,0.3,0.1,0.1,0.5,0.0,0.0,1303,2,0.397872
3496,0.2,0.2,0.5,0.0,0.0,0.1,1304,2,0.424775
3496,0.3,0.5,0.0,0.0,0.0,0.2,1305,2,0.358475
3496,0.4,0.3,0.0,0.0,0.1,0.2,1306,2,0.352946
3496,0.4,0.0,0.3,0.0,0.0,0.3,1307,2,0.41860699999999995
3496,0.1,0.4,0.0,0.0,0.3,0.2,1308,2,0.38797
3496,0.7,0.0,0.2,0.1,0.0,0.0,1309,2,0.403527
3496,0.0,0.0,0.1,0.4,0.4,0.1,1310,2,0.397255
3496,0.2,0.1,0.0,0.5,0.0,0.2,1311,2,0.42655
3496,0.4,0.4,0.1,0.0,0.0,0.1,1312,2,0.346831
3496,0.1,0.4,0.5,0.0,0.0,0.0,1313,2,0.43471899999999997
3496,0.4,0.0,0.3,0.2,0.1,0.0,1314,2,0.421212
3496,0.1,0.0,0.7,0.1,0.0,0.1,1315,2,0.60077
3496,0.1,0.0,0.0,0.9,0.0,0.0,1316,2,0.5092720000000001
3496,0.0,0.0,0.5,0.0,0.3,0.2,1317,2,0.481876
3496,0.0,0.2,0.1,0.0,0.6,0.1,1318,2,0.388592
3496,0.3,0.0,0.0,0.4,0.3,0.0,1319,2,0.375728
3496,0.2,0.0,0.0,0.3,0.2,0.3,1320,2,0.414246
3496,0.3,0.4,0.1,0.2,0.0,0.0,1321,2,0.344499
3496,0.0,0.3,0.0,0.0,0.3,0.4,1322,2,0.41381599999999996
3496,0.0,0.6,0.0,0.1,0.2,0.1,1323,2,0.385354
3496,0.4,0.0,0.0,0.1,0.1,0.4,1324,2,0.402758
3496,0.0,0.1,0.0,0.2,0.1,0.6,1325,2,0.395652
3496,0.1,0.2,0.0,0.3,0.4,0.0,1326,2,0.396308
3496,0.0,0.2,0.3,0.1,0.0,0.4,1327,2,0.49937200000000004
3496,0.4,0.0,0.0,0.5,0.0,0.1,1328,2,0.448097
3496,0.1,0.0,0.0,0.2,0.5,0.2,1329,2,0.430526
3496,0.2,0.3,0.1,0.0,0.0,0.4,1330,2,0.3799
3496,0.0,0.0,0.1,0.9,0.0,0.0,1331,2,0.614038
3496,0.5,0.1,0.3,0.1,0.0,0.0,1332,2,0.398032
3496,0.0,0.4,0.1,0.3,0.0,0.2,1333,2,0.45830200000000004
3496,0.2,0.3,0.0,0.0,0.0,0.5,1334,2,0.385416
3496,0.1,0.3,0.5,0.0,0.1,0.0,1335,2,0.42971099999999995
3496,0.2,0.0,0.5,0.1,0.2,0.0,1336,2,0.44798599999999994
3496,0.3,0.4,0.2,0.0,0.1,0.0,1337,2,0.378875
3496,0.0,0.0,0.2,0.4,0.4,0.0,1338,2,0.36285100000000003
3496,0.0,0.3,0.1,0.2,0.0,0.4,1339,2,0.466455
3496,0.1,0.0,0.4,0.4,0.0,0.1,1340,2,0.5926359999999999
3496,0.0,0.6,0.0,0.1,0.1,0.2,1341,2,0.404645
3496,0.3,0.1,0.2,0.0,0.4,0.0,1342,2,0.403991
3496,0.3,0.0,0.3,0.0,0.3,0.1,1343,2,0.459653
3496,0.4,0.0,0.0,0.4,0.2,0.0,1344,2,0.377133
3496,0.4,0.3,0.0,0.0,0.3,0.0,1346,2,0.37419
3496,0.0,0.8,0.1,0.1,0.0,0.0,1347,2,0.400555
3496,0.0,0.3,0.1,0.0,0.1,0.5,1348,2,0.43966000000000005
3496,0.1,0.1,0.3,0.5,0.0,0.0,1349,2,0.44077700000000003
3496,0.0,0.2,0.2,0.1,0.5,0.0,1350,2,0.388468
3496,0.2,0.0,0.0,0.0,0.3,0.5,1351,2,0.421885
3496,0.0,0.1,0.3,0.0,0.1,0.5,1352,2,0.417785
3496,0.0,0.4,0.0,0.5,0.1,0.0,1353,2,0.407264
3496,0.6,0.1,0.3,0.0,0.0,0.0,1354,2,0.383073
3496,0.1,0.1,0.5,0.3,0.0,0.0,1355,2,0.48879700000000004
3496,0.0,0.0,0.1,0.0,0.3,0.6,1356,2,0.41468299999999997
3496,0.0,0.7,0.0,0.1,0.2,0.0,1357,2,0.379313
3496,0.6,0.2,0.1,0.1,0.0,0.0,1358,2,0.353114
3496,0.0,0.0,0.3,0.0,0.3,0.4,1359,2,0.45930699999999997
3496,0.6,0.0,0.4,0.0,0.0,0.0,1360,2,0.404415
3496,0.1,0.0,0.2,0.6,0.1,0.0,1361,2,0.43022200000000005
3496,0.1,0.1,0.0,0.1,0.7,0.0,1362,2,0.3895
3496,0.0,0.0,0.3,0.4,0.1,0.2,1363,2,0.5129859999999999
3496,0.5,0.1,0.2,0.0,0.2,0.0,1364,2,0.376197
3496,0.6,0.0,0.3,0.0,0.1,0.0,1365,2,0.382819
3496,0.0,0.7,0.2,0.1,0.0,0.0,1366,2,0.400886
3496,0.1,0.1,0.8,0.0,0.0,0.0,1367,2,0.476571
3496,0.2,0.4,0.0,0.3,0.0,0.1,1368,2,0.371369
3496,0.5,0.2,0.0,0.2,0.0,0.1,1369,2,0.356165
3496,0.3,0.1,0.0,0.3,0.3,0.0,1370,2,0.374771
3496,0.1,0.0,0.1,0.6,0.0,0.2,1371,2,0.5021140000000001
3496,0.0,0.0,0.4,0.1,0.1,0.4,1372,2,0.503778
3496,0.1,0.0,0.5,0.0,0.1,0.3,1373,2,0.49432600000000004
3496,0.1,0.0,0.0,0.3,0.2,0.4,1374,2,0.439172
3496,0.3,0.0,0.2,0.1,0.4,0.0,1375,2,0.39729699999999996
3496,0.1,0.1,0.0,0.7,0.0,0.1,1376,2,0.467081
3496,0.4,0.1,0.4,0.1,0.0,0.0,1377,2,0.427137
3496,0.2,0.1,0.3,0.0,0.4,0.0,1378,2,0.428259
3496,0.1,0.0,0.6,0.0,0.3,0.0,1379,2,0.457367
3496,0.1,0.0,0.1,0.3,0.5,0.0,1380,2,0.375907
3496,0.3,0.1,0.0,0.2,0.4,0.0,1381,2,0.369129
3496,0.3,0.6,0.1,0.0,0.0,0.0,1382,2,0.36840300000000004
3496,0.2,0.4,0.0,0.1,0.3,0.0,1383,2,0.377692
3496,0.1,0.0,0.0,0.2,0.4,0.3,1384,2,0.42916000000000004
3496,0.0,0.4,0.1,0.2,0.3,0.0,1385,2,0.368697
3496,0.4,0.0,0.3,0.2,0.0,0.1,1386,2,0.459201
3496,0.1,0.3,0.0,0.1,0.5,0.0,1387,2,0.384725
3496,0.0,0.2,0.2,0.0,0.1,0.5,1388,2,0.452347
3496,0.1,0.5,0.0,0.1,0.0,0.3,1389,2,0.40232399999999996
3496,0.1,0.3,0.0,0.0,0.6,0.0,1390,2,0.39324699999999996
3496,0.5,0.3,0.0,0.0,0.0,0.2,1391,2,0.350817
3496,0.5,0.0,0.2,0.0,0.2,0.1,1392,2,0.399627
3496,0.0,0.0,0.8,0.1,0.0,0.1,1393,2,0.575466
3496,0.0,0.0,0.9,0.1,0.0,0.0,1394,2,0.650796
3496,0.4,0.0,0.0,0.1,0.5,0.0,1395,2,0.39812
3496,0.6,0.0,0.0,0.2,0.1,0.1,1396,2,0.39298
3496,0.0,0.3,0.5,0.0,0.2,0.0,1397,2,0.44489399999999996
3496,0.4,0.0,0.1,0.1,0.0,0.4,1398,2,0.400864
3496,0.1,0.6,0.2,0.0,0.1,0.0,1399,2,0.394886
3496,0.0,0.1,0.1,0.1,0.7,0.0,1400,2,0.389441
3496,0.0,0.5,0.1,0.3,0.1,0.0,1401,2,0.37388699999999997
3496,0.0,0.7,0.1,0.0,0.1,0.1,1402,2,0.39312800000000003
3496,0.3,0.3,0.1,0.3,0.0,0.0,1403,2,0.347604
3496,0.0,0.1,0.0,0.0,0.0,0.9,1404,2,0.530768
3496,0.2,0.1,0.1,0.0,0.6,0.0,1405,2,0.385393
3496,0.0,0.5,0.0,0.1,0.4,0.0,1406,2,0.392796
3496,0.6,0.1,0.2,0.0,0.1,0.0,1407,2,0.38964899999999997
3496,0.1,0.0,0.4,0.2,0.0,0.3,1408,2,0.6115689999999999
3496,0.0,0.0,0.2,0.0,0.4,0.4,1410,2,0.452715
3496,0.1,0.0,0.1,0.0,0.0,0.8,1411,2,0.41474399999999995
3496,0.1,0.0,0.0,0.4,0.2,0.3,1412,2,0.431227
3496,0.2,0.3,0.0,0.0,0.5,0.0,1413,2,0.399113
3496,0.2,0.0,0.0,0.2,0.3,0.3,1414,2,0.410609
3496,0.0,0.0,0.4,0.0,0.1,0.5,1415,2,0.48171400000000003
3496,0.3,0.0,0.1,0.3,0.0,0.3,1416,2,0.442499
3496,0.0,0.0,0.0,0.9,0.0,0.1,1417,2,0.581896
3496,0.1,0.3,0.3,0.0,0.0,0.3,1418,2,0.420642
3496,0.0,0.0,0.2,0.3,0.5,0.0,1419,2,0.37632
3496,0.1,0.2,0.0,0.0,0.0,0.7,1420,2,0.414756
3496,0.0,0.1,0.1,0.0,0.1,0.7,1421,2,0.391629
3496,0.1,0.6,0.1,0.0,0.0,0.2,1422,2,0.400831
3496,0.0,0.0,0.3,0.2,0.1,0.4,1423,2,0.45557299999999995
3496,0.0,0.0,0.3,0.5,0.2,0.0,1424,2,0.40063499999999996
3496,0.0,0.2,0.2,0.3,0.0,0.3,1425,2,0.49276099999999995
3496,0.2,0.6,0.1,0.0,0.1,0.0,1426,2,0.376104
3496,0.0,0.1,0.3,0.5,0.0,0.1,1427,2,0.5717369999999999
3496,0.2,0.4,0.3,0.1,0.0,0.0,1428,2,0.39203000000000005
3496,0.0,0.1,0.0,0.0,0.7,0.2,1429,2,0.409598
3496,0.1,0.0,0.1,0.0,0.1,0.7,1430,2,0.39963899999999997
3496,0.0,0.9,0.0,0.0,0.1,0.0,1431,2,0.41138900000000006
3496,0.1,0.2,0.0,0.4,0.3,0.0,1432,2,0.39110100000000003
3496,0.0,0.4,0.0,0.0,0.5,0.1,1433,2,0.41653500000000004
3496,0.3,0.0,0.0,0.4,0.1,0.2,1434,2,0.41026
3496,0.2,0.3,0.0,0.0,0.3,0.2,1435,2,0.365006
3496,0.0,0.2,0.5,0.2,0.0,0.1,1436,2,0.5242180000000001
3496,0.2,0.5,0.0,0.0,0.0,0.3,1437,2,0.38195100000000004
3496,0.0,0.2,0.4,0.0,0.1,0.3,1438,2,0.48902299999999993
3496,0.1,0.7,0.0,0.1,0.1,0.0,1439,2,0.379741
3496,0.0,0.7,0.1,0.0,0.2,0.0,1440,2,0.386684
3496,0.3,0.0,0.0,0.5,0.1,0.1,1441,2,0.408387
3496,0.0,0.1,0.4,0.4,0.1,0.0,1442,2,0.46350600000000003
3496,0.4,0.0,0.2,0.0,0.0,0.4,1443,2,0.42895500000000003
3496,0.2,0.0,0.3,0.1,0.0,0.4,1444,2,0.429005
3496,0.4,0.3,0.0,0.3,0.0,0.0,1445,2,0.354182
3496,0.0,0.3,0.0,0.0,0.7,0.0,1446,2,0.39716599999999996
3496,0.0,0.1,0.0,0.1,0.1,0.7,1447,2,0.39619899999999997
3496,0.3,0.2,0.5,0.0,0.0,0.0,1448,2,0.426202
3496,0.1,0.0,0.4,0.5,0.0,0.0,1449,2,0.517698
3496,0.0,0.0,0.2,0.3,0.1,0.4,1450,2,0.49163199999999996
3496,0.4,0.2,0.1,0.3,0.0,0.0,1451,2,0.348367
3496,0.0,0.3,0.0,0.5,0.0,0.2,1452,2,0.48466000000000004
3496,0.1,0.0,0.4,0.0,0.4,0.1,1453,2,0.454182
3496,0.1,0.2,0.0,0.0,0.5,0.2,1454,2,0.38296199999999997
3496,0.5,0.2,0.0,0.1,0.2,0.0,1455,2,0.36395900000000003
3496,0.5,0.0,0.0,0.2,0.3,0.0,1456,2,0.390135
3496,0.5,0.4,0.0,0.1,0.0,0.0,1457,2,0.347107
3496,0.4,0.0,0.2,0.3,0.0,0.1,1458,2,0.401146
3496,0.0,0.3,0.1,0.0,0.5,0.1,1459,2,0.384332
3496,0.2,0.3,0.3,0.2,0.0,0.0,1460,2,0.386534
3496,0.1,0.2,0.4,0.0,0.0,0.3,1461,2,0.454104
3496,0.3,0.1,0.0,0.0,0.0,0.6,1462,2,0.390599
3496,0.0,0.5,0.0,0.5,0.0,0.0,1463,2,0.444154
3496,0.0,0.3,0.2,0.0,0.5,0.0,1464,2,0.41127600000000003
3496,0.0,0.0,0.4,0.3,0.1,0.2,1465,2,0.507947
3496,0.2,0.4,0.0,0.0,0.4,0.0,1466,2,0.396473
3496,0.0,0.0,0.6,0.0,0.3,0.1,1467,2,0.47908199999999995
3496,0.1,0.5,0.3,0.0,0.1,0.0,1468,2,0.410358
3496,0.0,0.2,0.0,0.1,0.1,0.6,1469,2,0.44000100000000003
3496,0.7,0.0,0.0,0.1,0.1,0.1,1470,2,0.403933
3496,0.0,0.2,0.1,0.1,0.6,0.0,1471,2,0.38739
3496,0.2,0.0,0.6,0.1,0.1,0.0,1472,2,0.521683
3496,0.0,0.2,0.0,0.4,0.1,0.3,1474,2,0.464873
3496,0.0,0.2,0.6,0.1,0.1,0.0,1475,2,0.48471000000000003
3496,0.4,0.0,0.0,0.5,0.1,0.0,1476,2,0.388308
3496,0.0,0.1,0.5,0.2,0.0,0.2,1477,2,0.554171
3496,0.1,0.6,0.0,0.0,0.3,0.0,1478,2,0.421863
3496,0.0,0.0,0.0,0.0,0.1,0.9,1479,2,0.422771
3496,0.4,0.0,0.1,0.1,0.4,0.0,1480,2,0.39034800000000003
3496,0.7,0.0,0.0,0.2,0.0,0.1,1481,2,0.39252
3496,0.2,0.0,0.3,0.4,0.1,0.0,1482,2,0.41684899999999997
3496,0.1,0.7,0.0,0.0,0.1,0.1,1483,2,0.414908
3496,0.0,0.7,0.0,0.0,0.3,0.0,1484,2,0.41926899999999995
3496,0.0,0.8,0.1,0.0,0.0,0.1,1485,2,0.413558
3496,0.0,0.1,0.0,0.3,0.2,0.4,1486,2,0.40221599999999996
3496,0.4,0.6,0.0,0.0,0.0,0.0,1487,2,0.376693
3496,0.0,0.4,0.1,0.3,0.2,0.0,1488,2,0.374207
3496,0.3,0.0,0.0,0.3,0.1,0.3,1489,2,0.417886
3496,0.6,0.0,0.3,0.0,0.0,0.1,1490,2,0.391281
3496,0.1,0.0,0.2,0.1,0.0,0.6,1491,2,0.383805
3496,0.1,0.2,0.0,0.1,0.0,0.6,1492,2,0.39673200000000003
3496,0.4,0.0,0.4,0.0,0.2,0.0,1493,2,0.399649
3496,0.1,0.4,0.3,0.0,0.2,0.0,1494,2,0.415092
3496,0.5,0.2,0.1,0.0,0.0,0.2,1495,2,0.342391
3496,0.0,0.3,0.0,0.1,0.5,0.1,1496,2,0.402169
3496,0.0,0.0,0.4,0.4,0.2,0.0,1497,2,0.443329
3496,0.4,0.0,0.1,0.0,0.4,0.1,1498,2,0.39576999999999996
3496,0.0,0.1,0.0,0.4,0.5,0.0,1499,2,0.39853099999999997
3496,0.0,0.2,0.3,0.0,0.0,0.5,1500,2,0.488829
3496,0.0,0.0,0.3,0.1,0.6,0.0,1501,2,0.42332600000000004
3496,0.0,0.0,0.2,0.1,0.0,0.7,1502,2,0.57573
3496,0.1,0.0,0.1,0.5,0.3,0.0,1503,2,0.361322
3496,0.0,0.1,0.0,0.0,0.8,0.1,1504,2,0.41668999999999995
3496,0.2,0.4,0.4,0.0,0.0,0.0,1505,2,0.40971899999999994
3496,0.0,0.1,0.3,0.2,0.0,0.4,1506,2,0.574442
3496,0.0,0.3,0.4,0.0,0.0,0.3,1507,2,0.47291700000000003
3496,0.0,0.0,0.3,0.1,0.5,0.1,1508,2,0.421824
3496,0.0,0.6,0.0,0.3,0.1,0.0,1509,2,0.389248
3496,0.7,0.1,0.0,0.1,0.0,0.1,1510,2,0.357168
3496,0.0,0.3,0.5,0.0,0.0,0.2,1511,2,0.48399200000000003
3496,0.0,0.0,0.0,0.7,0.0,0.3,1512,2,0.572781
3496,0.0,0.4,0.0,0.3,0.3,0.0,1513,2,0.397208
3496,0.1,0.0,0.0,0.1,0.5,0.3,1514,2,0.429217
3496,0.1,0.0,0.3,0.1,0.5,0.0,1515,2,0.428907
3496,0.0,0.0,0.0,0.1,0.6,0.3,1516,2,0.442486
3496,0.0,0.5,0.3,0.1,0.1,0.0,1517,2,0.39924699999999996
3496,0.4,0.4,0.0,0.1,0.0,0.1,1518,2,0.34774099999999997
3496,0.0,0.5,0.3,0.0,0.2,0.0,1519,2,0.41439899999999996
3496,0.0,0.5,0.5,0.0,0.0,0.0,1520,2,0.453664
3496,0.0,0.0,0.0,0.3,0.1,0.6,1521,2,0.40621799999999997
3496,0.3,0.2,0.0,0.4,0.1,0.0,1522,2,0.372256
3496,0.5,0.3,0.0,0.1,0.0,0.1,1523,2,0.343593
3496,0.1,0.0,0.6,0.0,0.0,0.3,1524,2,0.513671
3496,0.2,0.1,0.0,0.6,0.1,0.0,1525,2,0.385939
3496,0.0,0.0,0.2,0.0,0.1,0.7,1526,2,0.453296
3496,0.0,0.3,0.0,0.4,0.0,0.3,1527,2,0.497949
3496,0.0,0.4,0.3,0.2,0.0,0.1,1528,2,0.433263
3496,0.0,0.3,0.0,0.0,0.6,0.1,1529,2,0.414025
3496,0.0,0.3,0.0,0.3,0.2,0.2,1530,2,0.422012
3496,0.0,0.5,0.1,0.0,0.3,0.1,1531,2,0.383823
3496,0.2,0.0,0.5,0.0,0.2,0.1,1532,2,0.475238
3496,0.0,0.1,0.0,0.4,0.0,0.5,1533,2,0.582047
3496,0.0,0.0,0.3,0.1,0.3,0.3,1534,2,0.46253
3496,0.1,0.3,0.0,0.2,0.0,0.4,1535,2,0.445147
3496,0.5,0.0,0.4,0.0,0.0,0.1,1536,2,0.454322
3496,0.0,0.4,0.0,0.6,0.0,0.0,1538,2,0.44323100000000004
3496,0.4,0.0,0.0,0.0,0.5,0.1,1539,2,0.382355
3496,0.2,0.4,0.0,0.0,0.0,0.4,1540,2,0.391414
3496,0.0,0.0,0.0,0.3,0.7,0.0,1541,2,0.392399
3496,0.1,0.3,0.0,0.0,0.4,0.2,1542,2,0.38995100000000005
3496,0.2,0.3,0.2,0.0,0.0,0.3,1543,2,0.38366500000000003
3496,0.8,0.0,0.1,0.1,0.0,0.0,1544,2,0.37449499999999997
3496,0.0,0.1,0.4,0.0,0.5,0.0,1545,2,0.440542
3496,0.0,0.6,0.3,0.1,0.0,0.0,1546,2,0.42061899999999997
3496,0.5,0.0,0.4,0.0,0.1,0.0,1547,2,0.39960500000000004
3496,0.1,0.1,0.0,0.4,0.0,0.4,1548,2,0.411778
3496,0.0,0.4,0.0,0.1,0.5,0.0,1549,2,0.393253
3496,0.1,0.3,0.1,0.0,0.0,0.5,1550,2,0.398544
3496,0.0,0.0,0.1,0.5,0.2,0.2,1551,2,0.43435799999999997
3496,0.3,0.1,0.0,0.0,0.1,0.5,1552,2,0.38357600000000003
3496,0.0,0.3,0.4,0.1,0.2,0.0,1553,2,0.425117
3496,0.0,0.1,0.0,0.0,0.4,0.5,1554,2,0.402409
3496,0.2,0.1,0.0,0.0,0.3,0.4,1555,2,0.38821100000000003
3496,0.4,0.0,0.4,0.0,0.0,0.2,1556,2,0.43194499999999997
3496,0.0,0.1,0.1,0.3,0.5,0.0,1557,2,0.372717
3496,0.0,0.0,0.3,0.1,0.1,0.5,1558,2,0.465074
3496,0.7,0.1,0.0,0.1,0.1,0.0,1559,2,0.35817
3496,0.3,0.0,0.1,0.4,0.2,0.0,1560,2,0.368832
3496,0.2,0.1,0.0,0.0,0.0,0.7,1561,2,0.397644
3496,0.5,0.0,0.2,0.0,0.1,0.2,1562,2,0.390685
3496,0.4,0.1,0.0,0.1,0.4,0.0,1563,2,0.370431
3496,0.0,0.2,0.1,0.0,0.5,0.2,1564,2,0.41158199999999995
3496,0.0,0.5,0.2,0.3,0.0,0.0,1565,2,0.408848
3496,0.2,0.0,0.4,0.3,0.1,0.0,1566,2,0.42429700000000004
3496,0.0,0.5,0.0,0.1,0.3,0.1,1567,2,0.399023
3496,0.1,0.0,0.0,0.5,0.1,0.3,1568,2,0.475128
3496,0.0,0.0,0.5,0.2,0.2,0.1,1569,2,0.45719399999999993
3496,0.0,0.2,0.5,0.0,0.3,0.0,1570,2,0.45920500000000003
3496,0.3,0.0,0.0,0.5,0.0,0.2,1571,2,0.42798100000000006
3496,0.1,0.4,0.4,0.0,0.0,0.1,1572,2,0.433626
3496,0.0,0.2,0.4,0.3,0.1,0.0,1573,2,0.43178599999999995
3496,0.0,0.6,0.0,0.1,0.3,0.0,1574,2,0.39039
3496,0.0,0.5,0.2,0.2,0.0,0.1,1575,2,0.423155
3496,0.2,0.6,0.1,0.0,0.0,0.1,1576,2,0.376354
3496,0.3,0.4,0.1,0.0,0.0,0.2,1577,2,0.356087
3496,0.7,0.1,0.2,0.0,0.0,0.0,1578,2,0.380941
3496,0.7,0.0,0.1,0.2,0.0,0.0,1579,2,0.388802
3496,0.0,0.0,0.0,0.6,0.1,0.3,1580,2,0.48772
3496,0.4,0.0,0.0,0.0,0.4,0.2,1581,2,0.41252799999999995
3496,0.2,0.0,0.1,0.2,0.0,0.5,1582,2,0.43638000000000005
3496,0.0,0.0,0.4,0.2,0.4,0.0,1583,2,0.44020600000000004
3496,0.0,0.0,0.4,0.5,0.1,0.0,1584,2,0.472017
3496,0.1,0.4,0.0,0.0,0.2,0.3,1585,2,0.39607600000000004
3496,0.1,0.2,0.2,0.0,0.0,0.5,1586,2,0.439601
3496,0.0,0.0,0.0,0.1,0.4,0.5,1587,2,0.433806
3496,0.7,0.2,0.1,0.0,0.0,0.0,1588,2,0.34415100000000004
3496,0.4,0.0,0.4,0.1,0.1,0.0,1589,2,0.44797
3496,0.1,0.4,0.2,0.0,0.0,0.3,1590,2,0.417832
3496,0.1,0.0,0.0,0.0,0.3,0.6,1591,2,0.44591000000000003
3496,0.5,0.3,0.1,0.0,0.1,0.0,1592,2,0.35442199999999996
3496,0.2,0.0,0.0,0.1,0.3,0.4,1593,2,0.431414
3496,0.1,0.3,0.0,0.4,0.2,0.0,1594,2,0.39209
3496,0.4,0.0,0.0,0.2,0.3,0.1,1595,2,0.39966
3496,0.0,0.5,0.0,0.1,0.1,0.3,1596,2,0.424364
3496,0.0,0.0,0.1,0.1,0.4,0.4,1597,2,0.457693
3496,0.4,0.0,0.1,0.0,0.5,0.0,1598,2,0.412926
3496,0.0,0.0,0.3,0.4,0.0,0.3,1599,2,0.637003
3496,0.0,0.0,0.1,0.3,0.1,0.5,1600,2,0.47036400000000006
3496,0.1,0.5,0.0,0.0,0.2,0.2,1602,2,0.385151
3496,0.0,0.6,0.4,0.0,0.0,0.0,1603,2,0.455848
3496,0.0,0.3,0.0,0.7,0.0,0.0,1604,2,0.491663
3496,0.6,0.2,0.1,0.0,0.1,0.0,1605,2,0.35468099999999997
3496,0.0,0.1,0.8,0.0,0.0,0.1,1606,2,0.532109
3496,0.0,0.3,0.0,0.4,0.2,0.1,1607,2,0.419806
3496,0.2,0.3,0.0,0.2,0.0,0.3,1608,2,0.37185
3496,0.3,0.1,0.1,0.0,0.5,0.0,1609,2,0.377475
3496,0.3,0.1,0.0,0.2,0.0,0.4,1610,2,0.37574
3496,0.1,0.0,0.1,0.1,0.0,0.7,1611,2,0.395283
3496,0.1,0.1,0.7,0.1,0.0,0.0,1612,2,0.488518
3496,0.1,0.2,0.2,0.0,0.5,0.0,1613,2,0.412929
3496,0.2,0.0,0.1,0.0,0.6,0.1,1614,2,0.40796
3496,0.0,0.1,0.0,0.4,0.3,0.2,1615,2,0.44509099999999996
3496,0.0,0.3,0.1,0.0,0.4,0.2,1616,2,0.400833
3496,0.3,0.0,0.0,0.0,0.4,0.3,1617,2,0.408428
3496,0.3,0.0,0.1,0.0,0.4,0.2,1618,2,0.404771
3496,0.7,0.0,0.0,0.0,0.0,0.3,1619,2,0.41653
3496,0.2,0.1,0.5,0.0,0.0,0.2,1620,2,0.43451300000000004
3496,0.0,0.5,0.2,0.0,0.1,0.2,1621,2,0.416361
3496,0.3,0.0,0.5,0.1,0.0,0.1,1622,2,0.45783199999999996
3496,0.0,0.4,0.1,0.1,0.4,0.0,1623,2,0.375485
3496,0.0,0.3,0.0,0.3,0.0,0.4,1624,2,0.478308
3496,0.2,0.0,0.4,0.3,0.0,0.1,1625,2,0.45816899999999994
3496,0.2,0.0,0.2,0.1,0.0,0.5,1626,2,0.404453
3496,0.0,0.6,0.1,0.0,0.2,0.1,1627,2,0.390885
3496,0.0,0.3,0.3,0.0,0.0,0.4,1628,2,0.467782
3496,0.0,0.3,0.1,0.4,0.2,0.0,1629,2,0.375172
3496,0.1,0.0,0.3,0.3,0.3,0.0,1630,2,0.407952
3496,0.0,0.2,0.1,0.6,0.1,0.0,1631,2,0.423146
3496,0.1,0.2,0.6,0.0,0.0,0.1,1632,2,0.449258
3496,0.3,0.0,0.0,0.3,0.4,0.0,1633,2,0.387401
3496,0.3,0.0,0.3,0.0,0.1,0.3,1634,2,0.434643
3496,0.0,0.3,0.1,0.3,0.3,0.0,1635,2,0.374683
3496,0.3,0.3,0.2,0.0,0.0,0.2,1636,2,0.367374
3496,0.3,0.0,0.3,0.2,0.0,0.2,1637,2,0.47387299999999993
3496,0.0,0.1,0.0,0.1,0.8,0.0,1638,2,0.40008699999999997
3496,0.0,0.0,0.3,0.2,0.2,0.3,1639,2,0.460495
3496,0.5,0.3,0.0,0.0,0.1,0.1,1640,2,0.36395900000000003
3496,0.3,0.0,0.1,0.4,0.0,0.2,1641,2,0.47035699999999997
3496,0.3,0.0,0.1,0.3,0.3,0.0,1642,2,0.375653
3496,0.0,0.0,0.4,0.0,0.6,0.0,1643,2,0.44666000000000006
3496,0.0,0.6,0.0,0.2,0.1,0.1,1644,2,0.397964
3496,0.1,0.0,0.2,0.7,0.0,0.0,1645,2,0.526041
3496,0.0,0.0,0.7,0.2,0.1,0.0,1646,2,0.540632
3496,0.1,0.0,0.1,0.4,0.0,0.4,1647,2,0.589601
3496,0.6,0.0,0.1,0.1,0.0,0.2,1648,2,0.39335
3496,0.2,0.5,0.2,0.0,0.1,0.0,1649,2,0.403385
3496,0.0,0.0,0.2,0.0,0.5,0.3,1650,2,0.458977
3496,0.3,0.0,0.0,0.4,0.0,0.3,1651,2,0.508387
3496,0.1,0.3,0.3,0.0,0.3,0.0,1652,2,0.42176099999999994
3496,0.2,0.0,0.7,0.0,0.0,0.1,1653,2,0.537429
3496,0.0,0.0,0.1,0.3,0.5,0.1,1654,2,0.39529899999999996
3496,0.0,0.1,0.5,0.1,0.3,0.0,1655,2,0.450535
3496,0.0,0.1,0.0,0.3,0.5,0.1,1656,2,0.43277200000000005
3496,0.4,0.0,0.0,0.4,0.0,0.2,1657,2,0.459216
3496,0.4,0.3,0.2,0.0,0.0,0.1,1658,2,0.37103400000000003
3496,0.1,0.0,0.1,0.0,0.8,0.0,1659,2,0.41163500000000003
3496,0.0,0.0,0.1,0.3,0.2,0.4,1660,2,0.459812
3496,0.1,0.4,0.0,0.4,0.0,0.1,1661,2,0.41697399999999996
3496,0.5,0.2,0.2,0.0,0.1,0.0,1662,2,0.386631
3496,0.0,0.0,0.2,0.4,0.1,0.3,1663,2,0.5089100000000001
3496,0.3,0.3,0.1,0.0,0.3,0.0,1664,2,0.370031
3496,0.1,0.0,0.1,0.4,0.4,0.0,1666,2,0.360901
3496,0.0,0.1,0.5,0.4,0.0,0.0,1667,2,0.502865
3496,0.3,0.0,0.3,0.3,0.0,0.1,1668,2,0.429788
3496,0.0,0.7,0.0,0.2,0.0,0.1,1669,2,0.41261899999999996
3496,0.0,0.2,0.0,0.1,0.4,0.3,1670,2,0.407551
3496,0.1,0.0,0.9,0.0,0.0,0.0,1671,2,0.5380020000000001
3496,0.4,0.1,0.0,0.0,0.0,0.5,1672,2,0.383117
3496,0.1,0.4,0.1,0.4,0.0,0.0,1673,2,0.380925
3496,0.0,0.0,0.0,0.6,0.0,0.4,1674,2,0.636811
3496,0.1,0.0,0.6,0.3,0.0,0.0,1675,2,0.58197
3496,0.4,0.0,0.0,0.1,0.2,0.3,1676,2,0.402467
3496,0.0,0.1,0.1,0.0,0.4,0.4,1677,2,0.415029
3496,0.0,0.0,0.1,0.6,0.3,0.0,1678,2,0.371127
3496,0.0,0.0,0.0,0.4,0.5,0.1,1679,2,0.428899
3496,0.0,0.0,0.7,0.0,0.3,0.0,1680,2,0.491637
3496,0.0,0.0,0.0,0.5,0.2,0.3,1681,2,0.44892
3496,0.2,0.3,0.1,0.4,0.0,0.0,1682,2,0.361568
3496,0.4,0.1,0.1,0.4,0.0,0.0,1683,2,0.368464
3496,0.0,0.3,0.0,0.1,0.0,0.6,1684,2,0.466771
3496,0.3,0.2,0.4,0.1,0.0,0.0,1685,2,0.411404
3496,0.0,0.0,0.7,0.0,0.1,0.2,1686,2,0.505474
3496,0.0,0.5,0.3,0.2,0.0,0.0,1687,2,0.40821399999999997
3496,0.0,0.7,0.0,0.2,0.1,0.0,1688,2,0.386293
3496,0.4,0.3,0.1,0.2,0.0,0.0,1689,2,0.342876
3496,0.0,0.1,0.0,0.9,0.0,0.0,1690,2,0.576034
3496,0.1,0.0,0.0,0.1,0.8,0.0,1691,2,0.40794899999999995
3496,0.0,0.5,0.0,0.1,0.2,0.2,1692,2,0.398287
3496,0.3,0.4,0.0,0.1,0.0,0.2,1693,2,0.353576
3496,0.3,0.1,0.0,0.1,0.0,0.5,1694,2,0.38256799999999996
3496,0.7,0.0,0.2,0.0,0.1,0.0,1695,2,0.38708000000000004
3496,0.3,0.0,0.1,0.2,0.4,0.0,1696,2,0.373531
3496,0.3,0.2,0.0,0.1,0.4,0.0,1697,2,0.376217
3496,0.0,0.6,0.1,0.0,0.1,0.2,1698,2,0.404373
3496,0.0,0.0,0.3,0.0,0.5,0.2,1699,2,0.45289300000000005
3496,0.0,0.1,0.6,0.2,0.0,0.1,1700,2,0.52652
3496,0.2,0.0,0.0,0.0,0.7,0.1,1701,2,0.400326
3496,0.1,0.6,0.2,0.0,0.0,0.1,1702,2,0.40765300000000004
3496,0.2,0.5,0.2,0.0,0.0,0.1,1703,2,0.394352
3496,0.0,0.3,0.2,0.5,0.0,0.0,1704,2,0.45862600000000003
3496,0.3,0.1,0.4,0.0,0.2,0.0,1705,2,0.41623000000000004
3496,0.1,0.1,0.0,0.8,0.0,0.0,1706,2,0.428479
3496,0.0,0.4,0.1,0.1,0.0,0.4,1707,2,0.45069499999999996
3496,0.4,0.2,0.0,0.0,0.3,0.1,1708,2,0.35762
3496,0.0,0.6,0.1,0.3,0.0,0.0,1709,2,0.40776599999999996
3496,0.0,0.0,0.1,0.0,0.5,0.4,1710,2,0.445906
3496,0.0,0.1,0.4,0.0,0.3,0.2,1711,2,0.466024
3496,0.1,0.4,0.1,0.0,0.0,0.4,1712,2,0.414501
3496,0.0,0.3,0.5,0.2,0.0,0.0,1713,2,0.484153
3496,0.2,0.0,0.0,0.4,0.3,0.1,1714,2,0.410208
3496,0.1,0.0,0.0,0.4,0.0,0.5,1715,2,0.5208520000000001
3496,0.0,0.1,0.0,0.6,0.3,0.0,1716,2,0.391169
3496,0.0,0.0,0.1,0.0,0.4,0.5,1717,2,0.43181800000000004
3496,0.0,0.0,0.0,0.9,0.1,0.0,1718,2,0.45273800000000003
3496,0.0,0.3,0.2,0.0,0.1,0.4,1719,2,0.432162
3496,0.5,0.0,0.3,0.0,0.0,0.2,1720,2,0.43957399999999996
3496,0.3,0.2,0.0,0.0,0.1,0.4,1721,2,0.37922
3496,0.1,0.4,0.4,0.0,0.1,0.0,1722,2,0.43258599999999997
3496,0.1,0.0,0.1,0.6,0.2,0.0,1723,2,0.364738
3496,0.0,0.4,0.0,0.4,0.1,0.1,1724,2,0.419613
3496,0.0,0.4,0.4,0.0,0.1,0.1,1725,2,0.43942
3496,0.0,0.2,0.1,0.0,0.4,0.3,1726,2,0.426022
3496,0.3,0.0,0.5,0.1,0.1,0.0,1727,2,0.48651400000000006
3496,0.7,0.0,0.0,0.0,0.2,0.1,1728,2,0.423253
3496,0.0,0.9,0.1,0.0,0.0,0.0,1730,2,0.411473
3496,0.3,0.4,0.0,0.3,0.0,0.0,1731,2,0.349408
3496,0.5,0.0,0.0,0.1,0.1,0.3,1732,2,0.413603
3496,0.0,0.0,0.2,0.5,0.2,0.1,1733,2,0.43868999999999997
3496,0.3,0.0,0.1,0.0,0.6,0.0,1734,2,0.399544
3496,0.0,0.3,0.1,0.5,0.1,0.0,1735,2,0.40560799999999997
3496,0.0,0.5,0.0,0.3,0.0,0.2,1736,2,0.443958
3496,0.0,0.1,0.4,0.3,0.0,0.2,1737,2,0.547254
3496,0.0,0.0,0.5,0.1,0.3,0.1,1738,2,0.47063299999999997
3496,0.0,0.0,0.5,0.0,0.5,0.0,1739,2,0.460607
3496,0.1,0.3,0.4,0.2,0.0,0.0,1740,2,0.43557700000000005
3496,0.5,0.0,0.0,0.2,0.1,0.2,1741,2,0.41182700000000005
3496,0.5,0.0,0.3,0.2,0.0,0.0,1742,2,0.435158
3496,0.0,0.0,0.3,0.0,0.4,0.3,1743,2,0.459066
3496,0.1,0.0,0.3,0.6,0.0,0.0,1744,2,0.492858
3496,0.0,0.4,0.2,0.3,0.0,0.1,1745,2,0.43857799999999997
3496,0.3,0.0,0.3,0.3,0.1,0.0,1746,2,0.43063500000000005
3496,0.2,0.5,0.0,0.0,0.3,0.0,1747,2,0.40728400000000003
3496,0.3,0.5,0.0,0.2,0.0,0.0,1748,2,0.356244
3496,0.0,0.7,0.2,0.0,0.0,0.1,1749,2,0.42227600000000004
3496,0.7,0.0,0.1,0.0,0.2,0.0,1750,2,0.384022
3496,0.4,0.3,0.0,0.2,0.1,0.0,1751,2,0.364477
3496,0.0,0.0,0.6,0.3,0.1,0.0,1752,2,0.5002300000000001
3496,0.0,0.0,0.3,0.2,0.0,0.5,1753,2,0.559057
3496,0.0,0.1,0.4,0.4,0.0,0.1,1754,2,0.5372060000000001
3496,0.1,0.3,0.0,0.5,0.0,0.1,1755,2,0.404605
3496,0.0,0.7,0.1,0.2,0.0,0.0,1756,2,0.403462
3496,0.0,0.1,0.6,0.1,0.2,0.0,1757,2,0.46180600000000005
3496,0.3,0.0,0.0,0.6,0.1,0.0,1758,2,0.389326
3496,0.0,0.3,0.3,0.0,0.4,0.0,1759,2,0.41950600000000005
3496,0.0,0.3,0.1,0.0,0.6,0.0,1760,2,0.38798499999999997
3496,0.0,0.4,0.0,0.0,0.3,0.3,1761,2,0.414912
3496,0.2,0.1,0.1,0.0,0.0,0.6,1762,2,0.387318
3496,0.0,0.1,0.6,0.0,0.1,0.2,1763,2,0.517762
3496,0.0,0.5,0.1,0.1,0.3,0.0,1764,2,0.37677
3496,0.2,0.5,0.1,0.2,0.0,0.0,1765,2,0.36194499999999996
3496,0.2,0.4,0.0,0.3,0.1,0.0,1766,2,0.369317
3496,0.0,0.2,0.4,0.0,0.0,0.4,1767,2,0.514822
3496,0.1,0.0,0.2,0.0,0.4,0.3,1768,2,0.45411599999999996
3496,0.6,0.0,0.2,0.1,0.1,0.0,1769,2,0.400748
3496,0.5,0.2,0.0,0.2,0.1,0.0,1770,2,0.36451
3496,0.2,0.2,0.0,0.0,0.3,0.3,1771,2,0.377135
3496,0.4,0.2,0.0,0.4,0.0,0.0,1772,2,0.375488
3496,0.0,0.2,0.0,0.2,0.5,0.1,1773,2,0.417207
3496,0.0,0.6,0.0,0.4,0.0,0.0,1774,2,0.429501
3496,0.0,0.0,0.0,0.3,0.5,0.2,1775,2,0.43923599999999996
3496,0.2,0.3,0.2,0.3,0.0,0.0,1776,2,0.36668
3496,0.0,0.1,0.6,0.0,0.2,0.1,1777,2,0.48915699999999995
3496,0.1,0.0,0.0,0.0,0.5,0.4,1778,2,0.43663
3496,0.5,0.0,0.1,0.1,0.0,0.3,1779,2,0.455113
3496,0.0,0.0,0.5,0.0,0.4,0.1,1780,2,0.47007
3496,0.3,0.5,0.0,0.1,0.1,0.0,1781,2,0.37096599999999996
3496,0.2,0.2,0.0,0.1,0.5,0.0,1782,2,0.387544
3496,0.4,0.3,0.0,0.0,0.2,0.1,1783,2,0.361697
3496,0.5,0.0,0.2,0.0,0.3,0.0,1784,2,0.42553900000000006
3496,0.0,0.3,0.0,0.0,0.1,0.6,1785,2,0.44509899999999997
3496,0.0,0.1,0.2,0.6,0.1,0.0,1786,2,0.439695
3496,0.0,0.2,0.0,0.0,0.4,0.4,1787,2,0.40907
3496,0.1,0.0,0.4,0.0,0.1,0.4,1788,2,0.47329
3496,0.0,0.7,0.1,0.0,0.0,0.2,1789,2,0.436271
3496,0.0,0.0,0.2,0.1,0.6,0.1,1790,2,0.415851
3496,0.0,0.0,0.6,0.0,0.1,0.3,1791,2,0.543568
3496,0.1,0.0,0.8,0.0,0.1,0.0,1792,2,0.540423
3496,0.2,0.0,0.5,0.0,0.1,0.2,1794,2,0.466235
3496,0.4,0.2,0.0,0.0,0.1,0.3,1795,2,0.368338
3496,0.1,0.0,0.2,0.2,0.5,0.0,1796,2,0.389126
3496,0.5,0.0,0.1,0.0,0.2,0.2,1797,2,0.39227
3496,0.2,0.0,0.1,0.0,0.5,0.2,1798,2,0.40587199999999996
3496,0.0,0.1,0.4,0.0,0.1,0.4,1799,2,0.459138
3496,0.2,0.0,0.4,0.0,0.0,0.4,1800,2,0.437576
3496,0.2,0.0,0.3,0.1,0.4,0.0,1801,2,0.42285500000000004
3496,0.2,0.0,0.0,0.0,0.5,0.3,1802,2,0.392917
3496,0.0,0.6,0.0,0.1,0.0,0.3,1803,2,0.43284700000000004
3496,0.0,0.0,0.7,0.0,0.2,0.1,1804,2,0.527939
3496,0.1,0.0,0.0,0.5,0.3,0.1,1805,2,0.39865100000000003
3496,0.0,0.3,0.0,0.0,0.4,0.3,1806,2,0.40562800000000004
3496,0.5,0.1,0.0,0.0,0.0,0.4,1807,2,0.377677
3496,0.3,0.4,0.2,0.0,0.0,0.1,1808,2,0.375544
3496,0.0,0.0,0.3,0.2,0.3,0.2,1809,2,0.42673999999999995
3496,0.4,0.2,0.3,0.0,0.0,0.1,1810,2,0.385164
3496,0.0,0.3,0.4,0.3,0.0,0.0,1811,2,0.44964499999999996
3496,0.5,0.0,0.0,0.2,0.0,0.3,1812,2,0.41822600000000004
3496,0.0,0.0,0.4,0.6,0.0,0.0,1813,2,0.545181
3496,0.1,0.3,0.0,0.3,0.0,0.3,1814,2,0.404364
3496,0.3,0.2,0.1,0.0,0.0,0.4,1815,2,0.370465
3496,0.3,0.0,0.0,0.7,0.0,0.0,1816,2,0.403127
3496,0.0,0.5,0.2,0.2,0.1,0.0,1817,2,0.383899
3496,0.3,0.4,0.0,0.0,0.3,0.0,1818,2,0.389067
3496,0.2,0.1,0.0,0.4,0.3,0.0,1819,2,0.38711100000000004
3496,0.0,0.3,0.0,0.1,0.4,0.2,1820,2,0.41518999999999995
3496,0.5,0.1,0.4,0.0,0.0,0.0,1821,2,0.399989
3496,0.0,0.1,0.1,0.2,0.6,0.0,1822,2,0.37161500000000003
3496,0.4,0.3,0.1,0.0,0.0,0.2,1823,2,0.343843
3496,0.0,0.4,0.1,0.4,0.1,0.0,1824,2,0.382175
3496,0.2,0.0,0.0,0.3,0.3,0.2,1825,2,0.404429
3496,0.1,0.6,0.0,0.3,0.0,0.0,1826,2,0.39126700000000003
3496,0.0,0.5,0.1,0.3,0.0,0.1,1827,2,0.43276400000000004
3496,0.0,0.0,0.3,0.3,0.3,0.1,1828,2,0.408159
3496,0.0,0.2,0.2,0.5,0.0,0.1,1829,2,0.5227229999999999
3496,0.1,0.1,0.1,0.0,0.7,0.0,1830,2,0.389807
3496,0.6,0.0,0.0,0.0,0.1,0.3,1831,2,0.405305
3496,0.0,0.8,0.0,0.0,0.1,0.1,1832,2,0.429329
3496,0.2,0.1,0.0,0.0,0.1,0.6,1833,2,0.391436
3496,0.2,0.0,0.1,0.6,0.0,0.1,1834,2,0.46837399999999996
3496,0.3,0.1,0.0,0.0,0.6,0.0,1835,2,0.391018
3496,0.0,0.0,0.1,0.8,0.1,0.0,1836,2,0.458471
3496,0.2,0.7,0.0,0.0,0.0,0.1,1837,2,0.39815300000000003
3496,0.4,0.0,0.0,0.0,0.0,0.6,1838,2,0.44463800000000003
3496,0.2,0.0,0.1,0.2,0.5,0.0,1839,2,0.386288
3496,0.2,0.1,0.3,0.4,0.0,0.0,1840,2,0.408719
3496,0.0,0.1,0.3,0.0,0.4,0.2,1841,2,0.444655
3496,0.2,0.0,0.1,0.0,0.7,0.0,1842,2,0.409136
3496,0.9,0.0,0.1,0.0,0.0,0.0,1843,2,0.400555
3496,0.6,0.0,0.1,0.2,0.0,0.1,1844,2,0.39848
3496,0.1,0.0,0.1,0.2,0.6,0.0,1845,2,0.385848
3496,0.0,0.0,0.3,0.0,0.0,0.7,1846,2,0.5272
3496,0.3,0.0,0.2,0.0,0.4,0.1,1847,2,0.43515
3496,0.0,0.0,0.2,0.1,0.4,0.3,1848,2,0.43382600000000004
3496,0.1,0.0,0.5,0.4,0.0,0.0,1849,2,0.5809949999999999
3496,0.2,0.0,0.3,0.0,0.2,0.3,1850,2,0.474261
3496,0.3,0.3,0.0,0.1,0.0,0.3,1851,2,0.35744499999999996
3496,0.5,0.2,0.1,0.0,0.2,0.0,1852,2,0.357722
3496,0.1,0.0,0.1,0.0,0.2,0.6,1853,2,0.42455299999999996
3496,0.3,0.1,0.5,0.1,0.0,0.0,1854,2,0.42874700000000004
3496,0.1,0.0,0.2,0.1,0.6,0.0,1855,2,0.411501
3496,0.2,0.1,0.5,0.0,0.2,0.0,1856,2,0.43931099999999995
3496,0.0,0.0,0.1,0.4,0.5,0.0,1858,2,0.378691
3496,0.1,0.9,0.0,0.0,0.0,0.0,1859,2,0.43218900000000005
3496,0.0,0.0,0.5,0.1,0.0,0.4,1860,2,0.7379100000000001
3496,0.3,0.0,0.1,0.0,0.2,0.4,1861,2,0.42407399999999995
3496,0.0,0.0,0.0,0.3,0.3,0.4,1862,2,0.42266400000000004
3496,0.1,0.6,0.0,0.1,0.2,0.0,1863,2,0.375319
3496,0.1,0.0,0.2,0.0,0.5,0.2,1864,2,0.418484
3496,0.1,0.2,0.0,0.5,0.2,0.0,1865,2,0.385896
3496,0.0,0.0,0.2,0.2,0.5,0.1,1866,2,0.38706199999999996
3496,0.1,0.0,0.0,0.3,0.3,0.3,1867,2,0.417434
3496,0.0,0.1,0.2,0.5,0.0,0.2,1868,2,0.503293
3496,0.2,0.1,0.0,0.2,0.0,0.5,1869,2,0.367817
3496,0.2,0.0,0.1,0.1,0.6,0.0,1870,2,0.406981
3496,0.0,0.2,0.0,0.4,0.4,0.0,1871,2,0.408593
3496,0.1,0.0,0.8,0.0,0.0,0.1,1872,2,0.496903
3496,0.0,0.1,0.0,0.5,0.1,0.3,1873,2,0.448748
3496,0.0,0.0,0.1,0.6,0.1,0.2,1874,2,0.49095900000000003
3496,0.0,0.0,0.1,0.0,0.6,0.3,1875,2,0.435583
3496,0.5,0.2,0.0,0.0,0.3,0.0,1876,2,0.378263
3496,0.0,0.1,0.3,0.0,0.3,0.3,1877,2,0.45091800000000004
3496,0.4,0.3,0.2,0.0,0.1,0.0,1878,2,0.379914
3496,0.0,0.1,0.0,0.5,0.4,0.0,1879,2,0.39529200000000003
3496,0.3,0.4,0.1,0.0,0.2,0.0,1880,2,0.368152
3496,0.0,0.1,0.4,0.2,0.0,0.3,1881,2,0.504447
3496,0.3,0.1,0.0,0.0,0.3,0.3,1882,2,0.371977
3496,0.2,0.1,0.0,0.3,0.0,0.4,1883,2,0.39174499999999995
3496,0.0,0.1,0.3,0.0,0.0,0.6,1884,2,0.532688
3496,0.0,0.0,0.1,0.7,0.0,0.2,1885,2,0.566669
3496,0.6,0.2,0.1,0.0,0.0,0.1,1886,2,0.34266399999999997
3496,0.0,0.1,0.0,0.7,0.1,0.1,1887,2,0.462685
3496,0.5,0.0,0.1,0.0,0.3,0.1,1888,2,0.379179
3496,0.4,0.1,0.0,0.5,0.0,0.0,1889,2,0.390572
3496,0.0,0.5,0.0,0.0,0.5,0.0,1890,2,0.41786899999999993
3496,0.0,0.4,0.5,0.0,0.0,0.1,1891,2,0.46538599999999997
3496,0.0,0.1,0.5,0.1,0.0,0.3,1892,2,0.529188
3496,0.1,0.0,0.0,0.6,0.0,0.3,1893,2,0.535992
3496,0.3,0.2,0.2,0.3,0.0,0.0,1894,2,0.357696
3496,0.0,0.4,0.4,0.2,0.0,0.0,1895,2,0.45882
3496,0.0,0.0,0.4,0.4,0.0,0.2,1896,2,0.575417
3496,0.0,0.4,0.4,0.1,0.0,0.1,1897,2,0.459815
3496,0.0,0.0,0.4,0.1,0.3,0.2,1898,2,0.44805
3496,0.9,0.0,0.0,0.0,0.1,0.0,1899,2,0.38306100000000004
3496,0.5,0.1,0.0,0.0,0.4,0.0,1900,2,0.381115
3496,0.0,0.2,0.3,0.0,0.4,0.1,1901,2,0.41990600000000006
3496,0.2,0.3,0.1,0.0,0.4,0.0,1902,2,0.37492600000000004
3496,0.3,0.0,0.0,0.0,0.0,0.7,1903,2,0.45948199999999995
3496,0.6,0.0,0.0,0.1,0.2,0.1,1904,2,0.403855
3496,0.7,0.0,0.1,0.1,0.0,0.1,1905,2,0.40076
3496,0.6,0.0,0.1,0.1,0.2,0.0,1906,2,0.40179699999999996
3496,0.0,0.1,0.3,0.4,0.2,0.0,1907,2,0.39520900000000003
3496,0.0,0.2,0.0,0.5,0.0,0.3,1908,2,0.536329
3496,0.0,0.2,0.2,0.0,0.5,0.1,1909,2,0.41215799999999997
3496,0.1,0.2,0.0,0.0,0.4,0.3,1910,2,0.390204
3496,0.0,0.0,0.6,0.1,0.3,0.0,1911,2,0.457967
3496,0.4,0.5,0.0,0.1,0.0,0.0,1912,2,0.354998
3496,0.0,0.3,0.3,0.2,0.0,0.2,1913,2,0.471858
3496,0.0,0.1,0.2,0.6,0.0,0.1,1914,2,0.56296
3496,0.1,0.0,0.0,0.1,0.4,0.4,1915,2,0.437943
3496,0.0,0.0,0.0,0.1,0.9,0.0,1916,2,0.423044
3496,0.4,0.1,0.0,0.0,0.2,0.3,1917,2,0.37368
3496,0.2,0.0,0.2,0.1,0.5,0.0,1918,2,0.41409300000000004
3496,0.3,0.1,0.0,0.5,0.0,0.1,1919,2,0.438537
3496,0.0,0.1,0.7,0.0,0.1,0.1,1920,2,0.514732
3496,0.0,0.1,0.2,0.3,0.4,0.0,1922,2,0.36696599999999996
3496,0.2,0.0,0.0,0.5,0.3,0.0,1923,2,0.375092
3496,0.0,0.0,0.4,0.3,0.0,0.3,1924,2,0.553142
3496,0.3,0.0,0.2,0.3,0.0,0.2,1925,2,0.457477
3496,0.2,0.3,0.0,0.2,0.3,0.0,1926,2,0.369345
3496,0.0,0.4,0.1,0.0,0.5,0.0,1927,2,0.386227
3496,0.2,0.2,0.0,0.5,0.1,0.0,1928,2,0.370913
3496,0.3,0.5,0.0,0.0,0.1,0.1,1929,2,0.365172
3496,0.6,0.1,0.0,0.2,0.0,0.1,1930,2,0.36341100000000004
3496,0.4,0.1,0.0,0.0,0.4,0.1,1931,2,0.354617
3496,0.0,0.2,0.1,0.3,0.4,0.0,1932,2,0.367105
3496,0.9,0.0,0.0,0.0,0.0,0.1,1933,2,0.420436
3496,0.4,0.0,0.0,0.3,0.2,0.1,1934,2,0.38652600000000004
3496,0.1,0.0,0.4,0.1,0.0,0.4,1935,2,0.427982
3496,0.4,0.0,0.1,0.2,0.3,0.0,1936,2,0.378098
3496,0.2,0.5,0.0,0.3,0.0,0.0,1937,2,0.359668
3496,0.3,0.0,0.2,0.0,0.1,0.4,1938,2,0.42651300000000003
3496,0.1,0.2,0.4,0.3,0.0,0.0,1939,2,0.426124
3496,0.3,0.1,0.5,0.0,0.0,0.1,1940,2,0.427088
3496,0.2,0.1,0.7,0.0,0.0,0.0,1941,2,0.430921
3496,0.0,0.1,0.0,0.3,0.4,0.2,1942,2,0.434055
3496,0.1,0.1,0.0,0.0,0.1,0.7,1943,2,0.390406
3496,0.7,0.0,0.0,0.0,0.3,0.0,1944,2,0.389532
3496,0.6,0.1,0.0,0.1,0.2,0.0,1945,2,0.364124
3496,0.0,0.2,0.5,0.3,0.0,0.0,1946,2,0.467628
3496,0.0,0.2,0.3,0.0,0.5,0.0,1947,2,0.42919300000000005
3496,0.1,0.4,0.3,0.0,0.0,0.2,1948,2,0.4182
3496,0.0,0.5,0.1,0.0,0.2,0.2,1949,2,0.392317
3496,0.0,0.0,0.1,0.3,0.4,0.2,1950,2,0.44737299999999997
3496,0.1,0.0,0.6,0.1,0.0,0.2,1951,2,0.49560200000000004
3496,0.0,0.3,0.3,0.3,0.1,0.0,1952,2,0.38511
3496,0.2,0.3,0.0,0.0,0.4,0.1,1953,2,0.377696
3496,0.0,0.0,0.1,0.1,0.6,0.2,1954,2,0.427464
3496,0.3,0.1,0.0,0.0,0.5,0.1,1955,2,0.360164
3496,0.0,0.1,0.0,0.0,0.9,0.0,1956,2,0.40111399999999997
3496,0.5,0.0,0.3,0.1,0.0,0.1,1957,2,0.422318
3496,0.1,0.0,0.0,0.1,0.0,0.8,1958,2,0.41569799999999996
3496,0.0,0.2,0.6,0.0,0.1,0.1,1959,2,0.47979399999999994
3496,0.1,0.5,0.0,0.0,0.4,0.0,1960,2,0.41746700000000003
3496,0.1,0.3,0.0,0.2,0.4,0.0,1961,2,0.39378
3496,0.0,0.0,0.5,0.1,0.1,0.3,1962,2,0.502351
3496,0.6,0.0,0.0,0.3,0.0,0.1,1963,2,0.406353
3496,0.1,0.0,0.0,0.5,0.0,0.4,1964,2,0.568451
3496,0.7,0.1,0.1,0.1,0.0,0.0,1965,2,0.363469
3496,0.1,0.0,0.0,0.0,0.6,0.3,1966,2,0.42863
3496,0.1,0.0,0.1,0.1,0.7,0.0,1967,2,0.400093
3496,0.0,0.1,0.0,0.1,0.5,0.3,1968,2,0.421468
3496,0.2,0.0,0.4,0.0,0.3,0.1,1969,2,0.46295200000000003
3496,0.3,0.2,0.3,0.0,0.0,0.2,1970,2,0.39008400000000004
3496,0.7,0.1,0.1,0.0,0.1,0.0,1971,2,0.354189
3496,0.0,0.1,0.2,0.1,0.0,0.6,1972,2,0.516625
3496,0.3,0.0,0.5,0.0,0.2,0.0,1973,2,0.44432
3496,0.5,0.1,0.0,0.3,0.0,0.1,1974,2,0.383247
3496,0.4,0.1,0.1,0.0,0.4,0.0,1975,2,0.373026
3496,0.0,0.5,0.0,0.1,0.0,0.4,1976,2,0.469401
3496,0.3,0.0,0.2,0.0,0.2,0.3,1977,2,0.425616
3496,0.1,0.0,0.2,0.3,0.0,0.4,1978,2,0.5176229999999999
3496,0.1,0.5,0.4,0.0,0.0,0.0,1979,2,0.42623900000000003
3496,0.3,0.0,0.4,0.0,0.1,0.2,1980,2,0.49799399999999994
3496,0.0,0.0,0.1,0.0,0.9,0.0,1981,2,0.4106
3496,0.0,0.1,0.9,0.0,0.0,0.0,1982,2,0.516854
3496,0.0,0.0,0.1,0.5,0.1,0.3,1983,2,0.500819
3496,0.7,0.0,0.1,0.0,0.0,0.2,1984,2,0.42168999999999995
3496,0.0,0.1,0.3,0.3,0.3,0.0,1986,2,0.399507
3496,0.2,0.2,0.3,0.3,0.0,0.0,1987,2,0.384231
3496,0.3,0.0,0.2,0.4,0.1,0.0,1988,2,0.41595600000000005
3496,0.2,0.0,0.2,0.3,0.0,0.3,1989,2,0.519158
3496,0.2,0.1,0.0,0.0,0.6,0.1,1990,2,0.370186
3496,0.1,0.4,0.0,0.0,0.5,0.0,1991,2,0.403986
3496,0.4,0.4,0.1,0.0,0.1,0.0,1992,2,0.368865
3496,0.0,0.2,0.6,0.1,0.0,0.1,1993,2,0.5124850000000001
3496,0.6,0.0,0.2,0.0,0.1,0.1,1994,2,0.397002
3496,0.1,0.0,0.0,0.0,0.4,0.5,1995,2,0.43943000000000004
3496,0.1,0.0,0.0,0.2,0.2,0.5,1996,2,0.406621
3496,0.0,0.1,0.1,0.7,0.1,0.0,1997,2,0.439385
3496,0.1,0.2,0.0,0.4,0.0,0.3,1998,2,0.414677
3496,0.8,0.1,0.0,0.0,0.0,0.1,1999,2,0.354623
3496,0.0,0.2,0.4,0.0,0.4,0.0,2000,2,0.42921499999999996
3496,0.1,0.3,0.0,0.0,0.0,0.6,2001,2,0.41860699999999995
3496,0.2,0.3,0.3,0.0,0.2,0.0,2002,2,0.413484
3496,0.5,0.0,0.3,0.1,0.1,0.0,2003,2,0.42253
3496,0.1,0.0,0.0,0.0,0.7,0.2,2004,2,0.422969
3496,0.6,0.0,0.1,0.0,0.1,0.2,2005,2,0.402597
3496,0.0,0.0,0.4,0.1,0.4,0.1,2006,2,0.438862
3496,0.0,0.2,0.0,0.4,0.3,0.1,2007,2,0.424234
3496,0.5,0.0,0.0,0.1,0.0,0.4,2008,2,0.431046
3496,0.1,0.0,0.0,0.6,0.2,0.1,2009,2,0.411988
3496,0.0,0.0,0.1,0.5,0.4,0.0,2010,2,0.37216
3496,0.1,0.0,0.2,0.0,0.7,0.0,2011,2,0.413459
3496,0.1,0.4,0.0,0.5,0.0,0.0,2012,2,0.382704
3496,0.0,0.4,0.2,0.1,0.3,0.0,2013,2,0.37654099999999996
3496,0.0,0.1,0.5,0.3,0.0,0.1,2014,2,0.563503
3496,0.1,0.2,0.0,0.2,0.0,0.5,2015,2,0.41634899999999997
3496,0.2,0.2,0.0,0.3,0.3,0.0,2016,2,0.37601799999999996
3496,0.2,0.0,0.3,0.0,0.0,0.5,2017,2,0.408853
3496,0.6,0.0,0.0,0.0,0.4,0.0,2018,2,0.384964
3496,0.0,0.5,0.2,0.0,0.3,0.0,2019,2,0.39658899999999997
3496,0.0,0.3,0.0,0.5,0.2,0.0,2020,2,0.40434699999999996
3496,0.4,0.0,0.4,0.1,0.0,0.1,2021,2,0.457707
3496,0.3,0.0,0.0,0.3,0.0,0.4,2022,2,0.448194
3496,0.1,0.1,0.7,0.0,0.0,0.1,2023,2,0.483996
3496,0.0,0.2,0.5,0.0,0.2,0.1,2024,2,0.466337
3496,0.0,0.5,0.0,0.3,0.2,0.0,2025,2,0.39140199999999997
3496,0.5,0.0,0.2,0.2,0.1,0.0,2026,2,0.418936
3496,0.0,0.4,0.0,0.2,0.3,0.1,2027,2,0.410817
3496,0.0,0.2,0.3,0.2,0.0,0.3,2028,2,0.46585299999999996
3496,0.4,0.0,0.3,0.0,0.3,0.0,2029,2,0.41696400000000006
3496,0.1,0.0,0.2,0.0,0.0,0.7,2030,2,0.41725500000000004
3496,0.4,0.1,0.5,0.0,0.0,0.0,2031,2,0.425533
3496,0.0,0.7,0.0,0.3,0.0,0.0,2032,2,0.41689499999999996
3496,0.1,0.5,0.3,0.0,0.0,0.1,2033,2,0.424387
3496,0.4,0.0,0.0,0.0,0.2,0.4,2034,2,0.411746
3496,0.3,0.0,0.2,0.3,0.2,0.0,2035,2,0.392509
3496,0.0,0.4,0.0,0.0,0.6,0.0,2036,2,0.407934
3496,0.4,0.1,0.0,0.2,0.0,0.3,2037,2,0.389106
3496,0.3,0.2,0.0,0.3,0.0,0.2,2038,2,0.375967
3496,0.0,0.4,0.0,0.3,0.0,0.3,2039,2,0.46425900000000003
3496,0.0,0.0,0.6,0.2,0.1,0.1,2040,2,0.533594
3496,0.1,0.2,0.3,0.0,0.4,0.0,2041,2,0.433406
3496,0.2,0.3,0.4,0.0,0.0,0.1,2042,2,0.42638100000000007
3496,0.1,0.5,0.0,0.3,0.0,0.1,2043,2,0.404455
3496,0.1,0.0,0.3,0.4,0.0,0.2,2044,2,0.508939
3496,0.8,0.0,0.1,0.0,0.1,0.0,2045,2,0.406592
3496,0.0,0.1,0.0,0.0,0.2,0.7,2046,2,0.402571
3496,0.1,0.0,0.0,0.3,0.4,0.2,2047,2,0.439813
3496,0.0,0.1,0.4,0.1,0.0,0.4,2048,2,0.607118
3496,0.0,0.4,0.0,0.1,0.0,0.5,2050,2,0.467107
3496,0.1,0.0,0.4,0.3,0.2,0.0,2051,2,0.42242700000000005
3496,0.0,0.1,0.2,0.4,0.0,0.3,2052,2,0.55806
3496,0.0,0.0,0.3,0.1,0.2,0.4,2053,2,0.475391
3496,0.1,0.6,0.1,0.2,0.0,0.0,2054,2,0.381496
3496,0.0,0.2,0.0,0.3,0.1,0.4,2055,2,0.420525
3496,0.0,0.0,0.1,0.0,0.7,0.2,2056,2,0.43437600000000004
3496,0.0,0.0,0.0,0.6,0.3,0.1,2057,2,0.42368599999999995
3496,0.0,0.7,0.2,0.0,0.1,0.0,2058,2,0.40150399999999997
3496,0.1,0.0,0.6,0.1,0.2,0.0,2059,2,0.45948500000000003
3496,0.3,0.2,0.0,0.2,0.3,0.0,2060,2,0.364575
3496,0.2,0.2,0.0,0.0,0.5,0.1,2061,2,0.37358800000000003
3496,0.0,0.7,0.0,0.1,0.0,0.2,2062,2,0.42648199999999997
3496,0.0,0.0,0.2,0.2,0.1,0.5,2063,2,0.44941899999999996
3496,0.0,0.4,0.3,0.0,0.2,0.1,2064,2,0.42838999999999994
3496,0.1,0.2,0.5,0.0,0.2,0.0,2065,2,0.447308
3496,0.0,0.4,0.3,0.2,0.1,0.0,2066,2,0.387127
3496,0.3,0.0,0.2,0.0,0.0,0.5,2067,2,0.45192299999999996
3496,0.2,0.0,0.3,0.5,0.0,0.0,2068,2,0.46968999999999994
3496,0.1,0.0,0.0,0.7,0.1,0.1,2069,2,0.42479300000000003
3496,0.0,0.0,0.1,0.1,0.7,0.1,2070,2,0.421555
3496,0.0,0.2,0.4,0.0,0.3,0.1,2071,2,0.438295
3496,0.0,0.3,0.3,0.0,0.3,0.1,2072,2,0.42311899999999997
3496,0.0,0.6,0.0,0.0,0.3,0.1,2073,2,0.415894
3496,0.0,0.4,0.0,0.4,0.0,0.2,2074,2,0.44433500000000004
3496,0.4,0.0,0.1,0.3,0.0,0.2,2075,2,0.417896
3496,0.0,0.5,0.2,0.1,0.2,0.0,2076,2,0.381627
3496,0.0,0.0,0.0,0.0,0.4,0.6,2077,2,0.428125
3496,0.0,0.0,0.0,0.1,0.3,0.6,2078,2,0.435542
3496,0.0,0.3,0.4,0.2,0.0,0.1,2079,2,0.451553
3496,0.5,0.1,0.0,0.1,0.0,0.3,2080,2,0.36980999999999997
3496,0.0,0.0,0.3,0.3,0.4,0.0,2081,2,0.401301
3496,0.6,0.0,0.0,0.0,0.0,0.4,2082,2,0.452553
3496,0.0,0.1,0.0,0.7,0.2,0.0,2083,2,0.382583
3496,0.0,0.1,0.0,0.1,0.3,0.5,2084,2,0.4088
3496,0.1,0.1,0.0,0.7,0.1,0.0,2085,2,0.382819
3496,0.2,0.0,0.1,0.0,0.2,0.5,2086,2,0.421012
3496,0.1,0.3,0.0,0.6,0.0,0.0,2087,2,0.385227
3496,0.0,0.0,0.5,0.5,0.0,0.0,2088,2,0.549706
3496,0.1,0.3,0.1,0.5,0.0,0.0,2089,2,0.388038
3496,0.0,0.3,0.2,0.4,0.1,0.0,2090,2,0.38373
3496,0.0,0.1,0.1,0.0,0.0,0.8,2091,2,0.499762
3496,0.3,0.5,0.1,0.1,0.0,0.0,2092,2,0.352971
3496,0.1,0.0,0.3,0.4,0.2,0.0,2093,2,0.386886
3496,0.2,0.0,0.0,0.1,0.4,0.3,2094,2,0.415397
3496,0.1,0.0,0.0,0.4,0.5,0.0,2095,2,0.38572199999999995
3496,0.0,0.0,0.0,0.6,0.4,0.0,2096,2,0.380583
3496,0.1,0.0,0.4,0.3,0.0,0.2,2097,2,0.533428
3496,0.0,0.2,0.0,0.2,0.3,0.3,2098,2,0.42700299999999997
3496,0.3,0.1,0.0,0.3,0.0,0.3,2099,2,0.41039799999999993
3496,0.0,0.0,0.0,0.3,0.0,0.7,2100,2,0.518854
3496,0.3,0.1,0.1,0.0,0.0,0.5,2101,2,0.388164
3496,0.4,0.5,0.1,0.0,0.0,0.0,2102,2,0.357448
3496,0.0,0.2,0.0,0.1,0.5,0.2,2103,2,0.413364
3496,0.0,0.1,0.0,0.0,0.6,0.3,2104,2,0.416087
3496,0.0,0.2,0.5,0.2,0.1,0.0,2105,2,0.44965
3496,0.2,0.0,0.4,0.1,0.3,0.0,2106,2,0.45196499999999995
3496,0.1,0.1,0.0,0.6,0.2,0.0,2107,2,0.369496
3496,0.0,0.0,0.5,0.2,0.3,0.0,2108,2,0.42606000000000005
3496,0.0,0.1,0.0,0.3,0.6,0.0,2109,2,0.394786
3496,0.6,0.2,0.0,0.1,0.0,0.1,2110,2,0.340246
3496,0.0,0.5,0.2,0.1,0.0,0.2,2111,2,0.44034799999999996
3496,0.0,0.0,0.4,0.1,0.2,0.3,2112,2,0.48310600000000004
3496,0.3,0.3,0.3,0.0,0.0,0.1,2135,2,0.39361999999999997
3496,0.0,0.0,0.1,0.0,0.8,0.1,2136,2,0.419387
3496,0.4,0.0,0.0,0.0,0.1,0.5,2137,2,0.43511700000000003
3496,0.0,0.0,0.1,0.0,0.1,0.8,2138,2,0.435271
3496,0.3,0.0,0.2,0.1,0.0,0.4,2139,2,0.453229
3496,0.0,0.1,0.7,0.0,0.2,0.0,2140,2,0.481746
3496,0.4,0.1,0.0,0.0,0.1,0.4,2141,2,0.375459
3496,0.0,0.0,0.4,0.2,0.0,0.4,2142,2,0.653474
3496,0.5,0.3,0.0,0.1,0.1,0.0,2143,2,0.358095
3496,0.0,0.2,0.1,0.2,0.5,0.0,2144,2,0.371053
3496,0.0,0.6,0.1,0.0,0.3,0.0,2145,2,0.387758
3496,0.0,0.0,0.3,0.6,0.1,0.0,2146,2,0.497374
3496,0.2,0.5,0.0,0.1,0.0,0.2,2147,2,0.378019
3496,0.1,0.1,0.1,0.7,0.0,0.0,2148,2,0.44761300000000004
3496,0.4,0.1,0.0,0.2,0.3,0.0,2149,2,0.37202199999999996
3496,0.2,0.1,0.0,0.5,0.2,0.0,2150,2,0.379688
3496,0.0,0.1,0.0,0.0,0.3,0.6,2151,2,0.402712
3496,0.0,0.4,0.0,0.0,0.2,0.4,2152,2,0.433863
3496,0.0,0.8,0.0,0.1,0.0,0.1,2153,2,0.42136899999999994
3496,0.0,0.2,0.2,0.0,0.3,0.3,2154,2,0.43484399999999995
3496,0.0,0.0,0.1,0.2,0.7,0.0,2155,2,0.38826
3496,0.0,0.2,0.1,0.0,0.7,0.0,2156,2,0.392226
3496,0.3,0.1,0.0,0.4,0.0,0.2,2157,2,0.433796
3496,0.3,0.0,0.2,0.2,0.3,0.0,2158,2,0.40700000000000003
3496,0.0,0.0,0.3,0.5,0.0,0.2,2159,2,0.697823
3496,0.3,0.2,0.0,0.0,0.3,0.2,2160,2,0.363232
3496,0.0,0.0,0.2,0.1,0.2,0.5,2161,2,0.469228
3496,0.5,0.0,0.2,0.1,0.2,0.0,2162,2,0.420932
3496,0.3,0.0,0.0,0.0,0.6,0.1,2163,2,0.428438
3496,0.1,0.1,0.0,0.0,0.8,0.0,2164,2,0.405529
3496,0.0,0.0,0.1,0.3,0.3,0.3,2165,2,0.45324799999999993
3496,0.0,0.4,0.2,0.0,0.0,0.4,2166,2,0.47498900000000005
3496,0.3,0.2,0.3,0.0,0.2,0.0,2167,2,0.406074
3496,0.0,0.0,0.0,0.2,0.4,0.4,2168,2,0.44406599999999996
3496,0.0,0.1,0.2,0.3,0.0,0.4,2169,2,0.566736
3496,0.1,0.2,0.3,0.0,0.0,0.4,2170,2,0.454032
3496,0.3,0.1,0.0,0.4,0.2,0.0,2171,2,0.385455
3496,0.4,0.2,0.0,0.3,0.1,0.0,2172,2,0.373216
3496,0.0,0.5,0.1,0.0,0.1,0.3,2173,2,0.425145
3496,0.7,0.1,0.0,0.0,0.2,0.0,2174,2,0.369665
3496,0.4,0.0,0.3,0.3,0.0,0.0,2175,2,0.46123800000000004
3496,0.0,0.0,0.0,0.1,0.7,0.2,2176,2,0.452975
3851,0.1,0.2,0.0,0.0,0.6,0.1,2,2,0.400783
3851,0.0,0.3,0.0,0.2,0.5,0.0,3,2,0.402123
3851,0.2,0.0,0.1,0.0,0.4,0.3,4,2,0.44870600000000005
3851,0.1,0.0,0.4,0.1,0.4,0.0,5,2,0.44113199999999997
3851,0.2,0.1,0.2,0.0,0.0,0.5,6,2,0.473652
3851,0.0,0.1,0.1,0.6,0.0,0.2,7,2,0.473529
3851,0.4,0.0,0.3,0.1,0.2,0.0,8,2,0.44979300000000005
3851,0.0,0.0,0.7,0.1,0.1,0.1,9,2,0.45683599999999996
3851,0.2,0.1,0.0,0.1,0.0,0.6,10,2,0.448611
3851,0.4,0.0,0.3,0.0,0.2,0.1,11,2,0.44494399999999995
3851,0.0,0.6,0.0,0.3,0.0,0.1,12,2,0.44844399999999995
3851,0.3,0.4,0.0,0.0,0.1,0.2,13,2,0.399579
3851,0.1,0.3,0.4,0.0,0.2,0.0,14,2,0.41669300000000004
3851,0.1,0.1,0.0,0.5,0.0,0.3,15,2,0.47343199999999996
3851,0.0,0.0,0.1,0.7,0.2,0.0,16,2,0.430544
3851,0.1,0.6,0.0,0.0,0.2,0.1,17,2,0.41007200000000005
3851,0.0,0.3,0.1,0.2,0.4,0.0,18,2,0.418419
3851,0.2,0.0,0.6,0.0,0.1,0.1,19,2,0.452672
3851,0.4,0.2,0.0,0.0,0.2,0.2,20,2,0.390901
3851,0.4,0.2,0.0,0.2,0.2,0.0,21,2,0.391838
3851,0.2,0.8,0.0,0.0,0.0,0.0,22,2,0.394337
3851,0.2,0.0,0.2,0.6,0.0,0.0,23,2,0.45803299999999997
3851,0.0,0.2,0.2,0.2,0.0,0.4,24,2,0.507951
3851,0.0,0.0,0.2,0.2,0.4,0.2,25,2,0.440042
3851,0.0,0.0,0.0,0.2,0.8,0.0,26,2,0.419854
3851,0.2,0.6,0.0,0.0,0.2,0.0,27,2,0.40187
3851,0.0,0.0,0.0,0.2,0.6,0.2,28,2,0.426885
3851,0.0,0.2,0.2,0.0,0.6,0.0,29,2,0.40938
3851,1.0,0.0,0.0,0.0,0.0,0.0,30,2,0.428641
3851,0.2,0.2,0.0,0.0,0.4,0.2,31,2,0.41307200000000005
3851,0.0,0.0,0.4,0.2,0.2,0.2,32,2,0.47268599999999994
3851,0.0,0.6,0.0,0.2,0.2,0.0,33,2,0.407674
3851,0.0,0.2,0.0,0.6,0.2,0.0,34,2,0.421746
3851,0.2,0.0,0.0,0.8,0.0,0.0,35,2,0.45368400000000003
3851,0.2,0.4,0.0,0.0,0.2,0.2,36,2,0.402086
3851,0.0,0.0,0.2,0.6,0.0,0.2,37,2,0.47818900000000003
3851,0.4,0.2,0.2,0.2,0.0,0.0,38,2,0.448151
3851,0.2,0.4,0.0,0.2,0.2,0.0,39,2,0.408738
3851,0.8,0.0,0.0,0.2,0.0,0.0,40,2,0.453585
3851,0.0,0.0,0.8,0.0,0.2,0.0,41,2,0.443891
3851,0.0,0.2,0.4,0.0,0.2,0.2,42,2,0.446597
3851,0.0,0.2,0.2,0.6,0.0,0.0,43,2,0.448833
3851,0.0,0.2,0.0,0.8,0.0,0.0,44,2,0.45202700000000007
3851,0.0,0.2,0.0,0.0,0.6,0.2,45,2,0.418936
3851,0.0,0.0,0.0,0.5,0.1,0.4,46,2,0.48044499999999996
3851,0.3,0.1,0.6,0.0,0.0,0.0,47,2,0.38559499999999997
3851,0.1,0.1,0.4,0.4,0.0,0.0,48,2,0.48421000000000003
3851,0.4,0.1,0.0,0.0,0.5,0.0,49,2,0.4012
3851,0.0,0.0,0.1,0.5,0.3,0.1,50,2,0.44309
3851,0.1,0.0,0.0,0.7,0.0,0.2,51,2,0.49592700000000006
3851,0.2,0.4,0.1,0.3,0.0,0.0,52,2,0.433467
3851,0.0,0.1,0.1,0.6,0.2,0.0,53,2,0.430993
3851,0.3,0.3,0.0,0.0,0.3,0.1,54,2,0.383621
3851,0.0,0.4,0.0,0.1,0.1,0.4,55,2,0.43665
3851,0.2,0.2,0.0,0.0,0.1,0.5,56,2,0.410599
3851,0.4,0.4,0.0,0.0,0.1,0.1,57,2,0.37735599999999997
3851,0.0,0.3,0.0,0.0,0.0,0.7,58,2,0.495504
3851,0.2,0.0,0.1,0.0,0.1,0.6,59,2,0.47194899999999995
3851,0.3,0.3,0.0,0.0,0.4,0.0,60,2,0.381337
3851,0.0,0.2,0.3,0.4,0.0,0.1,61,2,0.48300600000000005
3851,0.1,0.4,0.0,0.2,0.3,0.0,62,2,0.402445
3851,0.5,0.0,0.0,0.4,0.0,0.1,63,2,0.45859099999999997
3851,0.1,0.0,0.0,0.4,0.1,0.4,64,2,0.476524
3851,0.1,0.3,0.0,0.0,0.5,0.1,66,2,0.400955
3851,0.6,0.1,0.0,0.2,0.1,0.0,67,2,0.382762
3851,0.0,0.3,0.0,0.6,0.0,0.1,68,2,0.46066899999999994
3851,0.4,0.1,0.0,0.4,0.0,0.1,69,2,0.421546
3851,0.6,0.0,0.0,0.3,0.1,0.0,70,2,0.417434
3851,0.3,0.5,0.0,0.1,0.0,0.1,71,2,0.380281
3851,0.4,0.2,0.0,0.0,0.4,0.0,72,2,0.401967
3851,0.5,0.1,0.0,0.1,0.3,0.0,73,2,0.408909
3851,0.1,0.1,0.5,0.0,0.3,0.0,74,2,0.42578
3851,0.0,0.2,0.0,0.6,0.1,0.1,75,2,0.43779799999999996
3851,0.1,0.2,0.0,0.0,0.7,0.0,76,2,0.41723699999999997
3851,0.5,0.2,0.1,0.2,0.0,0.0,77,2,0.441863
3851,0.1,0.0,0.6,0.0,0.1,0.2,78,2,0.46201899999999996
3851,0.2,0.1,0.1,0.6,0.0,0.0,79,2,0.447999
3851,0.0,0.7,0.0,0.1,0.1,0.1,80,2,0.417195
3851,0.0,0.0,0.1,0.2,0.4,0.3,81,2,0.44132299999999997
3851,0.1,0.1,0.0,0.0,0.2,0.6,82,2,0.43381499999999995
3851,0.3,0.1,0.0,0.0,0.4,0.2,83,2,0.393671
3851,0.8,0.0,0.0,0.0,0.2,0.0,84,2,0.42347700000000005
3851,0.2,0.4,0.2,0.0,0.0,0.2,85,2,0.425734
3851,0.4,0.2,0.2,0.0,0.2,0.0,86,2,0.403936
3851,0.0,0.0,0.0,0.2,0.0,0.8,87,2,0.503627
3851,0.4,0.0,0.2,0.2,0.0,0.2,88,2,0.49344099999999996
3851,0.2,0.2,0.2,0.0,0.0,0.4,89,2,0.45299300000000003
3851,0.0,0.2,0.2,0.0,0.2,0.4,90,2,0.44969899999999996
3851,0.2,0.0,0.2,0.2,0.0,0.4,91,2,0.480336
3851,0.6,0.2,0.0,0.0,0.0,0.2,92,2,0.394289
3851,0.6,0.2,0.0,0.2,0.0,0.0,93,2,0.404298
3851,0.0,0.0,0.2,0.4,0.2,0.2,94,2,0.451817
3851,0.0,0.0,0.6,0.2,0.2,0.0,95,2,0.45428900000000005
3851,0.0,0.2,0.2,0.0,0.0,0.6,96,2,0.506504
3851,0.2,0.2,0.0,0.6,0.0,0.0,97,2,0.44183199999999995
3851,0.0,0.2,0.0,0.2,0.0,0.6,98,2,0.509858
3851,0.2,0.6,0.0,0.2,0.0,0.0,99,2,0.421299
3851,0.8,0.0,0.2,0.0,0.0,0.0,100,2,0.41927200000000003
3851,0.4,0.0,0.0,0.2,0.2,0.2,101,2,0.43283900000000003
3851,0.2,0.0,0.0,0.0,0.6,0.2,102,2,0.437245
3851,0.4,0.0,0.2,0.2,0.2,0.0,103,2,0.45011999999999996
3851,0.0,0.0,0.0,0.8,0.0,0.2,104,2,0.482354
3851,0.0,0.0,0.2,0.8,0.0,0.0,105,2,0.428565
3851,0.0,0.2,0.2,0.2,0.4,0.0,106,2,0.42999899999999996
3851,0.2,0.2,0.4,0.0,0.2,0.0,107,2,0.406489
3851,0.2,0.0,0.0,0.2,0.4,0.2,108,2,0.430861
3851,0.4,0.0,0.2,0.0,0.2,0.2,109,2,0.44905600000000007
3851,0.1,0.4,0.0,0.0,0.0,0.5,110,2,0.436874
3851,0.2,0.7,0.1,0.0,0.0,0.0,111,2,0.385363
3851,0.0,0.4,0.0,0.0,0.1,0.5,112,2,0.44701899999999994
3851,0.0,0.0,0.4,0.4,0.1,0.1,113,2,0.45883599999999997
3851,0.0,0.3,0.0,0.2,0.4,0.1,114,2,0.42103500000000005
3851,0.4,0.0,0.0,0.3,0.1,0.2,115,2,0.44146199999999997
3851,0.3,0.0,0.3,0.2,0.2,0.0,116,2,0.44991000000000003
3851,0.0,0.0,0.4,0.0,0.5,0.1,117,2,0.43405600000000005
3851,0.6,0.3,0.0,0.0,0.0,0.1,118,2,0.37300300000000003
3851,0.4,0.0,0.0,0.6,0.0,0.0,119,2,0.435762
3851,0.0,0.3,0.4,0.2,0.1,0.0,120,2,0.431623
3851,0.0,0.1,0.7,0.0,0.0,0.2,121,2,0.44435600000000003
3851,0.0,0.1,0.1,0.1,0.0,0.7,122,2,0.49982600000000005
3851,0.5,0.1,0.1,0.3,0.0,0.0,123,2,0.45444399999999996
3851,0.0,0.2,0.3,0.5,0.0,0.0,124,2,0.43509
3851,0.5,0.2,0.3,0.0,0.0,0.0,125,2,0.370867
3851,0.4,0.1,0.0,0.0,0.3,0.2,126,2,0.384488
3851,0.1,0.2,0.2,0.5,0.0,0.0,127,2,0.445604
3851,0.5,0.1,0.1,0.0,0.0,0.3,128,2,0.415174
3851,0.4,0.0,0.0,0.0,0.6,0.0,130,2,0.405223
3851,0.1,0.0,0.0,0.4,0.3,0.2,131,2,0.42437299999999994
3851,0.2,0.0,0.0,0.3,0.0,0.5,132,2,0.470999
3851,0.3,0.1,0.2,0.0,0.0,0.4,133,2,0.46033500000000005
3851,0.6,0.1,0.1,0.0,0.2,0.0,134,2,0.401593
3851,0.4,0.1,0.2,0.0,0.3,0.0,135,2,0.404781
3851,0.5,0.0,0.1,0.3,0.0,0.1,136,2,0.45660600000000007
3851,0.3,0.1,0.4,0.0,0.0,0.2,137,2,0.44944300000000004
3851,0.1,0.0,0.4,0.0,0.2,0.3,138,2,0.45656499999999994
3851,0.1,0.5,0.3,0.1,0.0,0.0,139,2,0.435137
3851,0.0,0.1,0.0,0.5,0.2,0.2,140,2,0.438205
3851,0.2,0.0,0.5,0.2,0.1,0.0,141,2,0.457546
3851,0.1,0.0,0.5,0.0,0.3,0.1,142,2,0.449821
3851,0.5,0.0,0.0,0.0,0.4,0.1,143,2,0.43132
3851,0.0,0.6,0.3,0.0,0.0,0.1,144,2,0.44109499999999996
3851,0.0,0.4,0.5,0.0,0.1,0.0,145,2,0.418188
3851,0.0,0.5,0.1,0.4,0.0,0.0,146,2,0.439054
3851,0.2,0.0,0.0,0.4,0.0,0.4,147,2,0.466258
3851,0.0,0.0,0.8,0.2,0.0,0.0,148,2,0.462462
3851,0.0,0.0,0.2,0.0,0.8,0.0,149,2,0.420782
3851,0.2,0.0,0.0,0.0,0.8,0.0,150,2,0.43044899999999997
3851,0.2,0.0,0.2,0.2,0.4,0.0,151,2,0.434386
3851,0.0,0.6,0.0,0.0,0.2,0.2,152,2,0.43345600000000006
3851,0.8,0.0,0.0,0.0,0.0,0.2,153,2,0.436583
3851,0.0,0.4,0.0,0.2,0.2,0.2,154,2,0.43015299999999995
3851,0.2,0.0,0.0,0.0,0.0,0.8,155,2,0.48650299999999996
3851,0.0,0.4,0.2,0.0,0.2,0.2,156,2,0.437287
3851,0.0,0.2,0.0,0.6,0.0,0.2,157,2,0.462895
3851,0.0,0.0,0.6,0.2,0.0,0.2,158,2,0.49326499999999995
3851,0.2,0.2,0.2,0.4,0.0,0.0,159,2,0.455403
3851,0.2,0.2,0.0,0.0,0.2,0.4,160,2,0.427393
3851,0.0,0.2,0.0,0.2,0.2,0.4,161,2,0.44057799999999997
3851,0.8,0.2,0.0,0.0,0.0,0.0,162,2,0.385511
3851,0.2,0.0,0.6,0.0,0.2,0.0,163,2,0.436946
3851,0.0,0.2,0.0,0.0,0.8,0.0,164,2,0.410387
3851,0.2,0.4,0.2,0.0,0.2,0.0,165,2,0.407906
3851,0.2,0.4,0.2,0.2,0.0,0.0,166,2,0.443038
3851,0.6,0.0,0.2,0.0,0.0,0.2,167,2,0.461563
3851,0.2,0.0,0.2,0.0,0.0,0.6,168,2,0.519138
3851,0.0,0.0,0.2,0.0,0.2,0.6,169,2,0.458082
3851,0.4,0.2,0.0,0.2,0.0,0.2,170,2,0.407111
3851,0.2,0.2,0.0,0.2,0.0,0.4,171,2,0.43315299999999995
3851,0.2,0.2,0.0,0.4,0.2,0.0,172,2,0.418017
3851,0.0,0.0,0.0,1.0,0.0,0.0,173,2,0.465733
3851,0.5,0.3,0.1,0.1,0.0,0.0,174,2,0.42837
3851,0.3,0.2,0.0,0.0,0.2,0.3,175,2,0.397041
3851,0.0,0.0,0.5,0.4,0.0,0.1,176,2,0.473868
3851,0.6,0.0,0.0,0.1,0.0,0.3,177,2,0.45814499999999997
3851,0.0,0.1,0.0,0.7,0.0,0.2,178,2,0.479966
3851,0.0,0.0,0.7,0.2,0.0,0.1,179,2,0.492637
3851,0.1,0.4,0.0,0.3,0.0,0.2,180,2,0.465761
3851,0.4,0.4,0.2,0.0,0.0,0.0,181,2,0.374257
3851,0.0,0.2,0.0,0.5,0.1,0.2,182,2,0.433745
3851,0.3,0.4,0.0,0.0,0.2,0.1,183,2,0.395311
3851,0.0,0.0,0.1,0.4,0.0,0.5,184,2,0.49145
3851,0.4,0.4,0.0,0.0,0.2,0.0,185,2,0.393599
3851,0.4,0.0,0.5,0.0,0.0,0.1,186,2,0.476793
3851,0.2,0.0,0.3,0.0,0.3,0.2,187,2,0.460017
3851,0.1,0.0,0.5,0.3,0.1,0.0,188,2,0.472397
3851,0.0,0.1,0.1,0.3,0.0,0.5,189,2,0.45396800000000004
3851,0.1,0.0,0.3,0.0,0.5,0.1,190,2,0.42599499999999996
3851,0.2,0.0,0.3,0.3,0.2,0.0,191,2,0.44591800000000004
3851,0.5,0.1,0.3,0.0,0.0,0.1,192,2,0.397554
3851,0.6,0.0,0.3,0.1,0.0,0.0,194,2,0.468412
3851,0.0,0.0,0.0,0.0,0.3,0.7,195,2,0.447082
3851,0.1,0.0,0.0,0.5,0.4,0.0,196,2,0.41989499999999996
3851,0.0,0.0,0.6,0.1,0.2,0.1,197,2,0.456574
3851,0.2,0.0,0.2,0.5,0.0,0.1,198,2,0.463236
3851,0.1,0.1,0.0,0.0,0.5,0.3,199,2,0.42077200000000003
3851,0.1,0.0,0.0,0.2,0.1,0.6,200,2,0.461226
3851,0.0,0.1,0.4,0.1,0.4,0.0,201,2,0.427058
3851,0.1,0.1,0.0,0.2,0.6,0.0,202,2,0.416785
3851,0.3,0.0,0.0,0.1,0.4,0.2,203,2,0.42949
3851,0.1,0.3,0.4,0.0,0.0,0.2,204,2,0.450035
3851,0.0,0.0,0.9,0.0,0.0,0.1,205,2,0.466872
3851,0.1,0.1,0.0,0.0,0.6,0.2,206,2,0.42468599999999995
3851,0.0,0.3,0.3,0.3,0.0,0.1,207,2,0.46127799999999997
3851,0.0,0.4,0.3,0.1,0.2,0.0,208,2,0.432625
3851,0.0,0.3,0.0,0.0,0.2,0.5,209,2,0.440145
3851,0.2,0.0,0.1,0.0,0.3,0.4,210,2,0.45315900000000003
3851,0.0,0.2,0.1,0.3,0.0,0.4,211,2,0.494518
3851,0.0,0.0,0.0,0.0,1.0,0.0,212,2,0.428763
3851,0.6,0.0,0.0,0.2,0.2,0.0,213,2,0.42440600000000006
3851,0.0,0.0,0.0,0.0,0.0,1.0,214,2,0.497583
3851,0.2,0.2,0.2,0.0,0.4,0.0,215,2,0.419104
3851,0.0,0.0,0.2,0.6,0.2,0.0,216,2,0.43161400000000005
3851,0.6,0.0,0.2,0.0,0.2,0.0,217,2,0.42931199999999997
3851,0.0,0.8,0.2,0.0,0.0,0.0,218,2,0.42936899999999995
3851,0.2,0.4,0.0,0.2,0.0,0.2,219,2,0.421495
3851,0.0,0.6,0.2,0.0,0.0,0.2,220,2,0.462421
3851,0.0,0.8,0.0,0.0,0.2,0.0,221,2,0.43201999999999996
3851,0.0,0.0,0.2,0.2,0.2,0.4,222,2,0.464793
3851,0.2,0.0,0.0,0.6,0.0,0.2,223,2,0.478761
3851,0.2,0.0,0.6,0.2,0.0,0.0,224,2,0.486437
3851,0.0,0.2,0.4,0.2,0.2,0.0,225,2,0.444362
3851,0.2,0.2,0.4,0.2,0.0,0.0,226,2,0.45169799999999993
3851,0.0,0.0,0.0,0.6,0.2,0.2,227,2,0.45201
3851,0.6,0.2,0.2,0.0,0.0,0.0,228,2,0.38431
3851,0.2,0.0,0.2,0.0,0.6,0.0,229,2,0.434623
3851,0.0,0.6,0.2,0.2,0.0,0.0,230,2,0.44584399999999996
3851,0.0,0.0,0.2,0.2,0.6,0.0,231,2,0.43524300000000005
3851,0.0,0.4,0.2,0.2,0.2,0.0,232,2,0.434863
3851,0.0,0.2,0.0,0.0,0.2,0.6,233,2,0.45311599999999996
3851,0.2,0.2,0.0,0.4,0.0,0.2,234,2,0.444126
3851,0.0,0.2,0.6,0.2,0.0,0.0,235,2,0.45941099999999996
3851,0.2,0.0,0.0,0.6,0.2,0.0,236,2,0.43049799999999994
3851,0.0,0.0,1.0,0.0,0.0,0.0,237,2,0.485883
3851,0.0,0.0,0.1,0.1,0.1,0.7,238,2,0.46689899999999995
3851,0.1,0.0,0.0,0.0,0.9,0.0,239,2,0.43433999999999995
3851,0.2,0.3,0.0,0.4,0.1,0.0,240,2,0.42593000000000003
3851,0.0,0.2,0.4,0.3,0.0,0.1,241,2,0.482987
3851,0.0,0.6,0.2,0.1,0.1,0.0,242,2,0.42087299999999994
3851,0.7,0.1,0.0,0.2,0.0,0.0,243,2,0.42008900000000005
3851,0.3,0.3,0.0,0.2,0.0,0.2,244,2,0.402395
3851,0.5,0.0,0.0,0.3,0.2,0.0,245,2,0.41604399999999997
3851,0.4,0.1,0.4,0.0,0.1,0.0,246,2,0.391897
3851,0.0,0.0,0.5,0.1,0.2,0.2,247,2,0.450164
3851,0.2,0.1,0.4,0.0,0.3,0.0,248,2,0.41779499999999997
3851,0.0,0.0,0.3,0.6,0.0,0.1,249,2,0.445184
3851,0.2,0.3,0.2,0.0,0.3,0.0,250,2,0.40571
3851,0.1,0.2,0.5,0.0,0.0,0.2,251,2,0.445518
3851,0.3,0.0,0.4,0.0,0.0,0.3,252,2,0.494467
3851,0.0,0.0,0.1,0.2,0.5,0.2,253,2,0.43739300000000003
3851,0.3,0.2,0.0,0.0,0.5,0.0,254,2,0.400225
3851,0.4,0.0,0.5,0.0,0.1,0.0,255,2,0.44456999999999997
3851,0.0,0.0,0.0,0.7,0.2,0.1,256,2,0.430483
3851,0.8,0.1,0.1,0.0,0.0,0.0,258,2,0.39102800000000004
3851,0.0,0.1,0.8,0.0,0.1,0.0,259,2,0.425386
3851,0.2,0.0,0.1,0.4,0.0,0.3,260,2,0.478916
3851,0.4,0.4,0.0,0.0,0.0,0.2,261,2,0.398971
3851,0.0,0.1,0.0,0.6,0.1,0.2,262,2,0.45305
3851,0.0,0.5,0.1,0.0,0.0,0.4,263,2,0.475725
3851,0.1,0.0,0.0,0.3,0.0,0.6,264,2,0.49763900000000005
3851,0.1,0.5,0.2,0.2,0.0,0.0,265,2,0.43732600000000005
3851,0.1,0.0,0.2,0.6,0.0,0.1,266,2,0.45915600000000006
3851,0.0,0.1,0.1,0.0,0.2,0.6,267,2,0.44877399999999995
3851,0.1,0.5,0.0,0.2,0.0,0.2,268,2,0.44665900000000003
3851,0.1,0.0,0.1,0.0,0.3,0.5,269,2,0.450209
3851,0.0,0.2,0.7,0.1,0.0,0.0,270,2,0.45200799999999997
3851,0.7,0.0,0.3,0.0,0.0,0.0,271,2,0.427936
3851,0.2,0.4,0.0,0.1,0.0,0.3,272,2,0.405119
3851,0.7,0.0,0.0,0.1,0.0,0.2,273,2,0.444579
3851,0.1,0.6,0.1,0.0,0.2,0.0,274,2,0.41948500000000005
3851,0.2,0.0,0.0,0.5,0.0,0.3,275,2,0.479471
3851,0.0,0.0,0.6,0.0,0.2,0.2,276,2,0.456413
3851,0.0,0.2,0.0,0.4,0.2,0.2,277,2,0.437837
3851,0.0,0.0,0.0,0.8,0.2,0.0,278,2,0.433321
3851,0.0,0.2,0.2,0.4,0.2,0.0,279,2,0.429717
3851,0.2,0.0,0.0,0.2,0.2,0.4,280,2,0.42650299999999997
3851,0.2,0.0,0.2,0.0,0.4,0.2,281,2,0.45096899999999995
3851,0.2,0.0,0.2,0.4,0.0,0.2,282,2,0.47553100000000004
3851,0.0,0.2,0.2,0.4,0.0,0.2,283,2,0.47156099999999995
3851,0.0,0.8,0.0,0.2,0.0,0.0,284,2,0.45253000000000004
3851,0.2,0.2,0.0,0.0,0.0,0.6,285,2,0.43986000000000003
3851,0.2,0.0,0.0,0.4,0.2,0.2,286,2,0.43672
3851,0.0,0.0,0.2,0.2,0.0,0.6,287,2,0.509065
3851,0.6,0.2,0.0,0.0,0.2,0.0,288,2,0.398974
3851,0.0,0.0,0.0,0.0,0.2,0.8,289,2,0.45623500000000006
3851,0.2,0.6,0.2,0.0,0.0,0.0,290,2,0.393706
3851,0.2,0.2,0.6,0.0,0.0,0.0,291,2,0.403231
3851,0.0,0.0,0.8,0.0,0.0,0.2,292,2,0.470649
3851,0.0,0.2,0.6,0.0,0.0,0.2,293,2,0.46494399999999997
3851,0.0,0.0,0.0,0.2,0.2,0.6,294,2,0.455376
3851,0.0,0.2,0.8,0.0,0.0,0.0,295,2,0.421255
3851,0.0,0.0,0.2,0.0,0.6,0.2,296,2,0.43240500000000004
3851,0.0,1.0,0.0,0.0,0.0,0.0,297,2,0.44581800000000005
3851,0.2,0.0,0.2,0.0,0.2,0.4,298,2,0.459634
3851,0.0,0.2,0.0,0.0,0.0,0.8,299,2,0.505199
3851,0.2,0.0,0.0,0.2,0.0,0.6,300,2,0.488588
3851,0.2,0.2,0.0,0.2,0.4,0.0,301,2,0.421533
3851,0.0,0.3,0.2,0.2,0.0,0.3,302,2,0.500218
3851,0.5,0.0,0.3,0.0,0.1,0.1,303,2,0.44222700000000004
3851,0.1,0.4,0.0,0.1,0.4,0.0,304,2,0.41958199999999995
3851,0.1,0.1,0.3,0.0,0.0,0.5,305,2,0.48967700000000003
3851,0.2,0.0,0.3,0.2,0.3,0.0,306,2,0.441838
3851,0.0,0.1,0.0,0.2,0.7,0.0,307,2,0.414434
3851,0.3,0.0,0.5,0.0,0.1,0.1,308,2,0.442554
3851,0.3,0.0,0.1,0.0,0.1,0.5,309,2,0.454546
3851,0.2,0.0,0.7,0.0,0.1,0.0,310,2,0.439188
3851,0.1,0.0,0.7,0.1,0.1,0.0,311,2,0.45885
3851,0.0,0.1,0.1,0.0,0.8,0.0,312,2,0.406302
3851,0.0,0.0,0.4,0.2,0.1,0.3,313,2,0.47387299999999993
3851,0.0,0.0,0.0,0.4,0.3,0.3,314,2,0.443626
3851,0.0,0.0,0.2,0.4,0.0,0.4,315,2,0.486158
3851,0.8,0.0,0.1,0.0,0.0,0.1,316,2,0.44323199999999996
3851,0.7,0.2,0.0,0.1,0.0,0.0,317,2,0.389744
3851,0.3,0.0,0.1,0.6,0.0,0.0,318,2,0.449957
3851,0.0,0.1,0.2,0.0,0.6,0.1,319,2,0.42124399999999995
3851,0.2,0.1,0.0,0.0,0.2,0.5,320,2,0.432039
3851,0.0,0.4,0.1,0.5,0.0,0.0,322,2,0.434808
3851,0.3,0.2,0.1,0.0,0.4,0.0,323,2,0.41274799999999995
3851,0.5,0.2,0.0,0.0,0.0,0.3,324,2,0.398595
3851,0.4,0.4,0.0,0.2,0.0,0.0,325,2,0.402962
3851,0.0,0.4,0.3,0.0,0.0,0.3,326,2,0.46727799999999997
3851,0.5,0.0,0.1,0.1,0.3,0.0,327,2,0.445593
3851,0.4,0.1,0.4,0.0,0.0,0.1,328,2,0.42440900000000004
3851,0.2,0.0,0.3,0.4,0.0,0.1,329,2,0.482704
3851,0.0,0.0,0.7,0.1,0.0,0.2,330,2,0.493334
3851,0.1,0.0,0.1,0.7,0.0,0.1,331,2,0.45822700000000005
3851,0.4,0.5,0.0,0.0,0.1,0.0,332,2,0.387725
3851,0.0,0.0,0.0,0.1,0.8,0.1,333,2,0.42357700000000004
3851,0.0,0.5,0.0,0.2,0.2,0.1,334,2,0.417241
3851,0.0,0.1,0.0,0.6,0.2,0.1,335,2,0.42890900000000004
3851,0.2,0.0,0.2,0.5,0.1,0.0,336,2,0.444499
3851,0.0,0.2,0.1,0.2,0.0,0.5,337,2,0.49041999999999997
3851,0.0,0.1,0.0,0.5,0.0,0.4,338,2,0.48873599999999995
3851,0.0,0.2,0.0,0.1,0.3,0.4,339,2,0.43693999999999994
3851,0.2,0.0,0.2,0.4,0.2,0.0,340,2,0.44471099999999997
3851,0.0,0.4,0.2,0.2,0.0,0.2,341,2,0.47470100000000004
3851,0.2,0.0,0.0,0.2,0.6,0.0,342,2,0.42495299999999997
3851,0.0,0.2,0.0,0.2,0.6,0.0,343,2,0.41289899999999996
3851,0.0,0.0,0.0,0.0,0.8,0.2,344,2,0.425649
3851,0.2,0.2,0.4,0.0,0.0,0.2,345,2,0.445971
3851,0.0,0.2,0.6,0.0,0.2,0.0,346,2,0.420382
3851,0.2,0.0,0.4,0.0,0.2,0.2,347,2,0.464341
3851,0.2,0.2,0.0,0.0,0.6,0.0,348,2,0.41923
3851,0.0,0.8,0.0,0.0,0.0,0.2,349,2,0.457214
3851,0.2,0.0,0.8,0.0,0.0,0.0,350,2,0.44341499999999995
3851,0.0,0.2,0.2,0.0,0.4,0.2,351,2,0.43093000000000004
3851,0.2,0.6,0.0,0.0,0.0,0.2,352,2,0.405948
3851,0.0,0.2,0.4,0.2,0.0,0.2,353,2,0.487887
3851,0.6,0.0,0.0,0.0,0.2,0.2,354,2,0.429831
3851,0.4,0.2,0.2,0.0,0.0,0.2,355,2,0.43039499999999997
3851,0.6,0.0,0.0,0.2,0.0,0.2,356,2,0.462185
3851,0.2,0.0,0.0,0.0,0.2,0.6,357,2,0.45373500000000005
3851,0.0,0.0,0.2,0.0,0.0,0.8,358,2,0.536111
3851,0.6,0.0,0.2,0.2,0.0,0.0,359,2,0.482993
3851,0.0,0.2,0.0,0.2,0.4,0.2,360,2,0.43494099999999997
3851,0.0,0.6,0.0,0.2,0.0,0.2,361,2,0.476371
3851,0.0,0.6,0.2,0.0,0.2,0.0,362,2,0.429591
3851,0.2,0.0,0.4,0.2,0.2,0.0,363,2,0.46149300000000004
3851,0.2,0.0,0.4,0.2,0.0,0.2,364,2,0.509479
3851,0.2,0.0,0.6,0.0,0.0,0.2,365,2,0.47788800000000003
3851,0.5,0.0,0.0,0.2,0.2,0.1,366,2,0.43339099999999997
3851,0.0,0.1,0.3,0.0,0.6,0.0,367,2,0.412358
3851,0.0,0.0,0.0,0.8,0.1,0.1,368,2,0.45270600000000005
3851,0.1,0.0,0.6,0.0,0.2,0.1,369,2,0.45843599999999995
3851,0.0,0.0,0.6,0.3,0.0,0.1,370,2,0.493759
3851,0.3,0.0,0.2,0.4,0.0,0.1,371,2,0.47582700000000006
3851,0.1,0.0,0.3,0.0,0.2,0.4,372,2,0.46345
3851,0.1,0.4,0.3,0.2,0.0,0.0,373,2,0.448578
3851,0.3,0.0,0.5,0.0,0.0,0.2,374,2,0.47393
3851,0.1,0.0,0.7,0.0,0.0,0.2,375,2,0.49791499999999994
3851,0.0,0.1,0.2,0.2,0.0,0.5,376,2,0.489026
3851,0.2,0.1,0.3,0.0,0.0,0.4,377,2,0.462942
3851,0.2,0.3,0.0,0.0,0.1,0.4,378,2,0.40929
3851,0.3,0.0,0.0,0.5,0.2,0.0,379,2,0.431015
3851,0.0,0.2,0.0,0.3,0.2,0.3,380,2,0.43963500000000005
3851,0.0,0.2,0.0,0.1,0.7,0.0,381,2,0.41158500000000003
3851,0.0,0.0,0.1,0.2,0.1,0.6,382,2,0.46407200000000004
3851,0.3,0.6,0.0,0.1,0.0,0.0,383,2,0.385206
3851,0.0,0.3,0.3,0.1,0.0,0.3,384,2,0.474735
3851,0.4,0.0,0.0,0.3,0.3,0.0,386,2,0.41769300000000004
3851,0.4,0.5,0.0,0.0,0.0,0.1,387,2,0.387935
3851,0.8,0.1,0.0,0.1,0.0,0.0,388,2,0.410749
3851,0.5,0.1,0.0,0.3,0.1,0.0,389,2,0.412141
3851,0.2,0.0,0.3,0.0,0.1,0.4,390,2,0.460996
3851,0.5,0.1,0.0,0.0,0.1,0.3,391,2,0.40331100000000003
3851,0.3,0.3,0.0,0.1,0.3,0.0,392,2,0.408117
3851,0.0,0.0,0.0,0.3,0.6,0.1,393,2,0.42336899999999994
3851,0.2,0.0,0.2,0.3,0.3,0.0,394,2,0.436663
3851,0.3,0.6,0.0,0.0,0.1,0.0,395,2,0.390048
3851,0.0,0.5,0.0,0.4,0.1,0.0,396,2,0.416213
3851,0.1,0.3,0.0,0.0,0.2,0.4,397,2,0.412706
3851,0.5,0.2,0.0,0.0,0.2,0.1,398,2,0.379411
3851,0.0,0.0,0.0,0.3,0.2,0.5,399,2,0.444053
3851,0.7,0.3,0.0,0.0,0.0,0.0,400,2,0.375267
3851,0.1,0.5,0.0,0.1,0.3,0.0,401,2,0.41650299999999996
3851,0.2,0.7,0.0,0.1,0.0,0.0,402,2,0.398644
3851,0.7,0.0,0.0,0.3,0.0,0.0,403,2,0.44073999999999997
3851,0.0,0.0,0.1,0.3,0.6,0.0,404,2,0.418655
3851,0.0,0.6,0.0,0.0,0.0,0.4,405,2,0.465513
3851,0.0,0.3,0.0,0.6,0.1,0.0,406,2,0.429572
3851,0.1,0.0,0.3,0.0,0.1,0.5,407,2,0.454913
3851,0.0,0.2,0.1,0.0,0.3,0.4,408,2,0.437986
3851,0.1,0.0,0.1,0.0,0.7,0.1,409,2,0.432493
3851,0.2,0.6,0.0,0.1,0.1,0.0,410,2,0.40174499999999996
3851,0.0,0.4,0.3,0.0,0.3,0.0,411,2,0.41609700000000005
3851,0.2,0.0,0.0,0.7,0.0,0.1,412,2,0.45031000000000004
3851,0.3,0.0,0.3,0.0,0.0,0.4,413,2,0.483051
3851,0.0,0.1,0.0,0.2,0.4,0.3,414,2,0.43841
3851,0.0,0.2,0.0,0.0,0.1,0.7,415,2,0.456221
3851,0.4,0.0,0.2,0.1,0.0,0.3,416,2,0.473308
3851,0.0,0.0,0.0,0.5,0.3,0.2,417,2,0.447172
3851,0.1,0.1,0.0,0.3,0.0,0.5,418,2,0.475182
3851,0.0,0.1,0.6,0.2,0.1,0.0,419,2,0.451413
3851,0.1,0.1,0.0,0.2,0.0,0.6,420,2,0.47048
3851,0.3,0.3,0.0,0.0,0.1,0.3,421,2,0.409792
3851,0.1,0.0,0.2,0.4,0.0,0.3,422,2,0.508931
3851,0.0,0.4,0.1,0.0,0.3,0.2,423,2,0.439313
3851,0.0,0.4,0.1,0.2,0.0,0.3,424,2,0.481113
3851,0.2,0.1,0.6,0.0,0.0,0.1,425,2,0.43073599999999995
3851,0.1,0.0,0.6,0.2,0.1,0.0,426,2,0.464888
3851,0.0,0.5,0.0,0.0,0.3,0.2,427,2,0.43226400000000004
3851,0.5,0.0,0.0,0.1,0.4,0.0,428,2,0.43079300000000004
3851,0.3,0.0,0.0,0.2,0.4,0.1,429,2,0.431795
3851,0.0,0.0,0.2,0.7,0.1,0.0,430,2,0.42745900000000003
3851,0.0,0.4,0.1,0.0,0.4,0.1,431,2,0.41577200000000003
3851,0.0,0.1,0.3,0.5,0.1,0.0,432,2,0.445463
3851,0.0,0.2,0.0,0.4,0.0,0.4,433,2,0.49069399999999996
3851,0.0,0.2,0.7,0.0,0.1,0.0,434,2,0.423654
3851,0.0,0.2,0.7,0.0,0.0,0.1,435,2,0.447446
3851,0.2,0.5,0.0,0.0,0.2,0.1,436,2,0.397889
3851,0.1,0.0,0.4,0.0,0.0,0.5,437,2,0.48826899999999995
3851,0.0,0.3,0.0,0.4,0.1,0.2,438,2,0.45191899999999996
3851,0.5,0.1,0.2,0.2,0.0,0.0,439,2,0.46709300000000004
3851,0.0,0.0,0.0,0.7,0.1,0.2,440,2,0.472963
3851,0.1,0.8,0.0,0.0,0.1,0.0,441,2,0.399244
3851,0.0,0.4,0.2,0.3,0.1,0.0,442,2,0.428148
3851,0.0,0.3,0.2,0.0,0.4,0.1,443,2,0.418872
3851,0.3,0.0,0.4,0.1,0.2,0.0,444,2,0.443683
3851,0.0,0.0,0.5,0.4,0.1,0.0,445,2,0.451952
3851,0.0,0.6,0.1,0.2,0.0,0.1,446,2,0.463818
3851,0.0,0.2,0.1,0.4,0.3,0.0,447,2,0.412196
3851,0.4,0.1,0.3,0.2,0.0,0.0,448,2,0.46059300000000003
3851,0.3,0.0,0.3,0.1,0.0,0.3,450,2,0.498903
3851,0.4,0.0,0.0,0.4,0.1,0.1,451,2,0.430514
3851,0.2,0.1,0.0,0.1,0.6,0.0,452,2,0.418983
3851,0.1,0.0,0.7,0.0,0.1,0.1,453,2,0.449421
3851,0.7,0.1,0.0,0.0,0.1,0.1,454,2,0.408702
3851,0.4,0.0,0.2,0.3,0.1,0.0,455,2,0.46207700000000007
3851,0.5,0.0,0.0,0.0,0.0,0.5,456,2,0.45944300000000005
3851,0.3,0.0,0.0,0.0,0.1,0.6,457,2,0.44904499999999997
3851,0.3,0.0,0.0,0.0,0.3,0.4,458,2,0.432783
3851,0.2,0.2,0.3,0.0,0.3,0.0,459,2,0.413851
3851,0.5,0.1,0.3,0.0,0.1,0.0,460,2,0.405332
3851,0.0,0.0,0.2,0.3,0.0,0.5,461,2,0.494357
3851,0.0,0.4,0.5,0.1,0.0,0.0,462,2,0.44107299999999994
3851,0.0,0.3,0.1,0.5,0.0,0.1,463,2,0.45827799999999996
3851,0.0,0.1,0.3,0.6,0.0,0.0,464,2,0.429609
3851,0.1,0.0,0.0,0.3,0.5,0.1,465,2,0.416759
3851,0.0,0.4,0.3,0.1,0.0,0.2,466,2,0.46096899999999996
3851,0.1,0.1,0.0,0.4,0.4,0.0,467,2,0.408396
3851,0.1,0.0,0.0,0.5,0.2,0.2,468,2,0.440497
3851,0.0,0.5,0.3,0.0,0.0,0.2,469,2,0.46016599999999996
3851,0.2,0.0,0.0,0.1,0.1,0.6,470,2,0.451928
3851,0.3,0.0,0.0,0.2,0.0,0.5,471,2,0.47609700000000005
3851,0.0,0.0,0.2,0.5,0.0,0.3,472,2,0.479839
3851,0.0,0.2,0.3,0.1,0.4,0.0,473,2,0.425829
3851,0.0,0.4,0.2,0.0,0.1,0.3,474,2,0.44175699999999996
3851,0.1,0.2,0.0,0.2,0.5,0.0,475,2,0.41276599999999997
3851,0.0,0.5,0.0,0.0,0.1,0.4,476,2,0.44091099999999994
3851,0.0,0.1,0.2,0.7,0.0,0.0,477,2,0.43169799999999997
3851,0.0,0.2,0.0,0.1,0.2,0.5,478,2,0.442866
3851,0.3,0.0,0.6,0.0,0.1,0.0,479,2,0.43970600000000004
3851,0.1,0.0,0.7,0.2,0.0,0.0,480,2,0.484512
3851,0.0,0.1,0.2,0.0,0.0,0.7,481,2,0.518072
3851,0.3,0.4,0.3,0.0,0.0,0.0,482,2,0.390127
3851,0.0,0.0,0.0,0.0,0.7,0.3,483,2,0.42934399999999995
3851,0.0,0.0,0.5,0.0,0.2,0.3,484,2,0.466858
3851,0.4,0.3,0.3,0.0,0.0,0.0,485,2,0.384934
3851,0.6,0.0,0.2,0.1,0.0,0.1,486,2,0.49200200000000005
3851,0.0,0.1,0.0,0.5,0.3,0.1,487,2,0.432965
3851,0.0,0.1,0.0,0.1,0.7,0.1,488,2,0.42029700000000003
3851,0.0,0.4,0.0,0.0,0.4,0.2,489,2,0.423075
3851,0.2,0.0,0.1,0.1,0.0,0.6,490,2,0.496321
3851,0.5,0.0,0.0,0.3,0.1,0.1,491,2,0.42902299999999993
3851,0.0,0.6,0.1,0.2,0.1,0.0,492,2,0.42156800000000005
3851,0.0,0.1,0.3,0.2,0.4,0.0,493,2,0.43567
3851,0.0,0.3,0.1,0.1,0.5,0.0,494,2,0.42259300000000005
3851,0.0,0.1,0.5,0.0,0.0,0.4,495,2,0.49375600000000003
3851,0.3,0.3,0.0,0.2,0.2,0.0,496,2,0.405465
3851,0.1,0.2,0.1,0.0,0.6,0.0,497,2,0.414412
3851,0.0,0.8,0.1,0.0,0.1,0.0,498,2,0.42605
3851,0.1,0.7,0.0,0.0,0.0,0.2,499,2,0.409683
3851,0.4,0.0,0.1,0.2,0.0,0.3,500,2,0.452722
3851,0.4,0.3,0.0,0.1,0.0,0.2,501,2,0.38772399999999996
3851,0.0,0.0,0.2,0.3,0.3,0.2,502,2,0.453532
3851,0.1,0.0,0.3,0.0,0.0,0.6,503,2,0.492584
3851,0.1,0.6,0.0,0.2,0.0,0.1,504,2,0.43570299999999995
3851,0.5,0.2,0.0,0.1,0.0,0.2,505,2,0.382293
3851,0.5,0.3,0.0,0.0,0.2,0.0,506,2,0.380129
3851,0.4,0.0,0.4,0.2,0.0,0.0,507,2,0.467945
3851,0.3,0.2,0.0,0.3,0.2,0.0,508,2,0.404717
3851,0.2,0.3,0.0,0.4,0.0,0.1,509,2,0.43941800000000003
3851,0.0,0.1,0.1,0.5,0.0,0.3,510,2,0.488562
3851,0.2,0.3,0.0,0.3,0.0,0.2,511,2,0.42881400000000003
3851,0.6,0.0,0.0,0.1,0.3,0.0,512,2,0.42994799999999994
3851,0.0,0.3,0.4,0.1,0.0,0.2,514,2,0.46910100000000005
3851,0.0,0.1,0.0,0.3,0.0,0.6,515,2,0.507083
3851,0.3,0.1,0.3,0.3,0.0,0.0,516,2,0.46307299999999996
3851,0.0,0.0,0.2,0.1,0.7,0.0,517,2,0.42275
3851,0.0,0.1,0.4,0.3,0.2,0.0,518,2,0.435975
3851,0.0,0.7,0.1,0.1,0.0,0.1,519,2,0.450384
3851,0.3,0.1,0.5,0.0,0.1,0.0,520,2,0.41138800000000003
3851,0.1,0.1,0.2,0.0,0.0,0.6,521,2,0.489034
3851,0.2,0.0,0.5,0.2,0.0,0.1,522,2,0.488332
3851,0.0,0.0,0.2,0.1,0.5,0.2,523,2,0.430253
3851,0.0,0.5,0.3,0.0,0.1,0.1,524,2,0.433274
3851,0.1,0.2,0.7,0.0,0.0,0.0,525,2,0.41336000000000006
3851,0.1,0.1,0.4,0.0,0.0,0.4,526,2,0.47866000000000003
3851,0.1,0.0,0.5,0.2,0.2,0.0,527,2,0.447748
3851,0.1,0.0,0.2,0.0,0.6,0.1,528,2,0.43656000000000006
3851,0.4,0.1,0.2,0.3,0.0,0.0,529,2,0.458524
3851,0.0,0.4,0.0,0.3,0.2,0.1,530,2,0.42805299999999996
3851,0.0,0.0,0.1,0.2,0.3,0.4,531,2,0.441957
3851,0.5,0.5,0.0,0.0,0.0,0.0,532,2,0.39586
3851,0.1,0.4,0.0,0.0,0.1,0.4,533,2,0.41885100000000003
3851,0.0,0.4,0.4,0.0,0.2,0.0,534,2,0.41926800000000003
3851,0.0,0.1,0.4,0.0,0.0,0.5,535,2,0.500238
3851,0.0,0.0,0.3,0.0,0.6,0.1,536,2,0.42658999999999997
3851,0.0,0.3,0.0,0.2,0.3,0.2,537,2,0.426892
3851,0.0,0.1,0.0,0.2,0.3,0.4,538,2,0.43251300000000004
3851,0.3,0.2,0.1,0.4,0.0,0.0,539,2,0.435042
3851,0.0,0.2,0.5,0.0,0.1,0.2,540,2,0.44745100000000004
3851,0.0,0.0,0.3,0.2,0.4,0.1,541,2,0.439999
3851,0.4,0.3,0.2,0.1,0.0,0.0,542,2,0.443396
3851,0.1,0.0,0.1,0.0,0.6,0.2,543,2,0.43783
3851,0.0,0.0,0.1,0.1,0.3,0.5,544,2,0.448567
3851,0.0,0.2,0.0,0.3,0.4,0.1,545,2,0.425991
3851,0.7,0.2,0.0,0.0,0.0,0.1,546,2,0.383073
3851,0.1,0.1,0.2,0.6,0.0,0.0,547,2,0.437777
3851,0.1,0.5,0.0,0.3,0.1,0.0,548,2,0.42095
3851,0.2,0.5,0.0,0.0,0.1,0.2,549,2,0.39776300000000003
3851,0.3,0.0,0.0,0.0,0.2,0.5,550,2,0.43666099999999997
3851,0.2,0.0,0.0,0.1,0.7,0.0,551,2,0.43115
3851,0.6,0.3,0.1,0.0,0.0,0.0,552,2,0.370823
3851,0.7,0.1,0.1,0.0,0.0,0.1,553,2,0.399883
3851,0.3,0.0,0.4,0.2,0.1,0.0,554,2,0.470893
3851,0.3,0.5,0.1,0.0,0.0,0.1,555,2,0.392893
3851,0.0,0.0,0.2,0.4,0.3,0.1,556,2,0.440684
3851,0.7,0.2,0.0,0.0,0.1,0.0,557,2,0.390893
3851,0.0,0.0,0.2,0.1,0.1,0.6,558,2,0.46232
3851,0.0,0.1,0.0,0.3,0.1,0.5,559,2,0.47083800000000003
3851,0.5,0.0,0.1,0.2,0.2,0.0,560,2,0.436604
3851,0.0,0.1,0.2,0.1,0.6,0.0,561,2,0.418835
3851,0.0,0.1,0.5,0.0,0.1,0.3,562,2,0.457621
3851,0.0,0.0,0.4,0.0,0.3,0.3,563,2,0.44904099999999997
3851,0.0,0.1,0.2,0.0,0.4,0.3,564,2,0.44239799999999996
3851,0.0,0.2,0.2,0.3,0.3,0.0,565,2,0.42465699999999995
3851,0.0,0.0,0.0,0.1,0.2,0.7,566,2,0.452668
3851,0.0,0.0,0.7,0.0,0.0,0.3,567,2,0.514573
3851,0.0,0.0,0.3,0.3,0.2,0.2,568,2,0.46021599999999996
3851,0.0,0.1,0.6,0.3,0.0,0.0,569,2,0.44967799999999997
3851,0.1,0.0,0.6,0.2,0.0,0.1,570,2,0.44987
3851,0.6,0.1,0.1,0.0,0.0,0.2,571,2,0.409477
3851,0.1,0.3,0.3,0.3,0.0,0.0,572,2,0.45059099999999996
3851,0.3,0.0,0.4,0.3,0.0,0.0,573,2,0.471729
3851,0.0,0.0,0.4,0.2,0.3,0.1,574,2,0.460596
3851,0.4,0.0,0.1,0.0,0.0,0.5,575,2,0.461395
3851,0.0,0.2,0.3,0.3,0.0,0.2,576,2,0.47146499999999997
3851,0.0,0.3,0.0,0.0,0.5,0.2,578,2,0.42096999999999996
3851,0.0,0.4,0.2,0.1,0.0,0.3,579,2,0.485684
3851,0.6,0.1,0.1,0.2,0.0,0.0,580,2,0.449141
3851,0.0,0.0,0.0,0.2,0.7,0.1,581,2,0.418946
3851,0.0,0.7,0.0,0.0,0.0,0.3,582,2,0.45944300000000005
3851,0.2,0.3,0.4,0.0,0.1,0.0,583,2,0.410233
3851,0.0,0.2,0.3,0.0,0.2,0.3,584,2,0.44704799999999995
3851,0.0,0.0,0.1,0.1,0.0,0.8,585,2,0.520309
3851,0.0,0.0,0.2,0.7,0.0,0.1,586,2,0.44258400000000003
3851,0.8,0.0,0.0,0.1,0.1,0.0,587,2,0.43935100000000005
3851,0.0,0.0,0.0,0.2,0.1,0.7,588,2,0.465762
3851,0.0,0.0,0.4,0.0,0.4,0.2,589,2,0.433521
3851,0.0,0.0,0.3,0.7,0.0,0.0,590,2,0.42203
3851,0.0,0.0,0.1,0.7,0.1,0.1,591,2,0.436587
3851,0.1,0.1,0.1,0.0,0.0,0.7,592,2,0.48710600000000004
3851,0.0,0.2,0.3,0.2,0.3,0.0,593,2,0.437004
3851,0.0,0.0,0.7,0.1,0.2,0.0,594,2,0.442828
3851,0.4,0.0,0.4,0.0,0.1,0.1,595,2,0.445524
3851,0.1,0.0,0.2,0.5,0.0,0.2,596,2,0.45692299999999997
3851,0.5,0.0,0.3,0.0,0.2,0.0,597,2,0.423803
3851,0.0,0.6,0.1,0.1,0.2,0.0,598,2,0.427117
3851,0.0,0.0,0.1,0.1,0.8,0.0,599,2,0.42309300000000005
3851,0.3,0.1,0.3,0.0,0.3,0.0,600,2,0.41076599999999996
3851,0.1,0.1,0.0,0.0,0.3,0.5,601,2,0.431071
3851,0.0,0.0,0.3,0.0,0.1,0.6,602,2,0.46215
3851,0.2,0.0,0.3,0.0,0.5,0.0,603,2,0.43621800000000005
3851,0.3,0.4,0.0,0.2,0.0,0.1,604,2,0.414954
3851,0.3,0.0,0.3,0.1,0.3,0.0,605,2,0.448575
3851,0.1,0.1,0.2,0.0,0.6,0.0,606,2,0.42197399999999996
3851,0.3,0.1,0.0,0.6,0.0,0.0,607,2,0.430357
3851,0.1,0.8,0.0,0.1,0.0,0.0,608,2,0.419929
3851,0.5,0.0,0.0,0.3,0.0,0.2,609,2,0.453183
3851,0.6,0.0,0.1,0.0,0.2,0.1,610,2,0.437974
3851,0.1,0.0,0.8,0.1,0.0,0.0,611,2,0.486361
3851,0.3,0.0,0.0,0.4,0.2,0.1,612,2,0.428845
3851,0.5,0.2,0.0,0.0,0.1,0.2,613,2,0.39050999999999997
3851,0.5,0.4,0.0,0.0,0.0,0.1,614,2,0.37932
3851,0.6,0.2,0.0,0.1,0.1,0.0,615,2,0.408173
3851,0.1,0.1,0.3,0.0,0.5,0.0,616,2,0.41589899999999996
3851,0.3,0.0,0.0,0.1,0.6,0.0,617,2,0.423124
3851,0.4,0.0,0.0,0.2,0.1,0.3,618,2,0.4285
3851,0.5,0.3,0.2,0.0,0.0,0.0,619,2,0.373282
3851,0.1,0.8,0.1,0.0,0.0,0.0,620,2,0.401341
3851,0.2,0.0,0.7,0.1,0.0,0.0,621,2,0.465606
3851,0.1,0.5,0.0,0.4,0.0,0.0,622,2,0.441858
3851,0.1,0.1,0.6,0.0,0.2,0.0,623,2,0.42164799999999997
3851,0.0,0.1,0.6,0.1,0.0,0.2,624,2,0.487626
3851,0.2,0.0,0.0,0.4,0.4,0.0,625,2,0.413554
3851,0.2,0.5,0.0,0.2,0.1,0.0,626,2,0.408227
3851,0.1,0.0,0.4,0.0,0.5,0.0,627,2,0.445151
3851,0.0,0.0,0.5,0.3,0.0,0.2,628,2,0.49265299999999995
3851,0.3,0.0,0.1,0.2,0.0,0.4,629,2,0.475078
3851,0.1,0.6,0.3,0.0,0.0,0.0,630,2,0.392996
3851,0.0,0.0,0.7,0.3,0.0,0.0,631,2,0.495787
3851,0.0,0.3,0.1,0.6,0.0,0.0,632,2,0.447446
3851,0.2,0.0,0.5,0.0,0.0,0.3,633,2,0.496271
3851,0.0,0.1,0.0,0.1,0.0,0.8,634,2,0.538524
3851,0.0,0.3,0.2,0.3,0.2,0.0,635,2,0.426125
3851,0.0,0.0,0.8,0.0,0.1,0.1,636,2,0.45581800000000006
3851,0.1,0.5,0.0,0.0,0.3,0.1,637,2,0.42039799999999994
3851,0.6,0.1,0.0,0.0,0.2,0.1,638,2,0.39300300000000005
3851,0.0,0.1,0.2,0.0,0.1,0.6,639,2,0.46851800000000005
3851,0.0,0.1,0.0,0.2,0.2,0.5,640,2,0.449901
3851,0.4,0.2,0.0,0.0,0.0,0.4,642,2,0.404011
3851,0.3,0.0,0.0,0.1,0.2,0.4,643,2,0.42333000000000004
3851,0.0,0.0,0.6,0.0,0.4,0.0,644,2,0.42358100000000004
3851,0.0,0.6,0.2,0.0,0.1,0.1,645,2,0.43436099999999994
3851,0.0,0.2,0.0,0.5,0.3,0.0,646,2,0.414092
3851,0.1,0.7,0.0,0.2,0.0,0.0,647,2,0.423588
3851,0.4,0.4,0.1,0.1,0.0,0.0,648,2,0.42837200000000003
3851,0.4,0.0,0.2,0.4,0.0,0.0,649,2,0.496357
3851,0.3,0.0,0.0,0.1,0.0,0.6,650,2,0.479851
3851,0.0,0.0,0.0,0.0,0.9,0.1,651,2,0.424835
3851,0.1,0.0,0.5,0.3,0.0,0.1,652,2,0.471458
3851,0.0,0.0,0.4,0.5,0.0,0.1,653,2,0.470208
3851,0.1,0.4,0.0,0.0,0.4,0.1,654,2,0.41793199999999997
3851,0.0,0.3,0.4,0.0,0.2,0.1,655,2,0.430651
3851,0.1,0.4,0.2,0.3,0.0,0.0,656,2,0.44373999999999997
3851,0.1,0.2,0.1,0.6,0.0,0.0,657,2,0.433996
3851,0.1,0.3,0.0,0.0,0.1,0.5,658,2,0.43023199999999995
3851,0.0,0.2,0.5,0.1,0.0,0.2,659,2,0.473742
3851,0.0,0.5,0.1,0.2,0.0,0.2,660,2,0.48135900000000004
3851,0.2,0.1,0.2,0.5,0.0,0.0,661,2,0.448608
3851,0.1,0.3,0.2,0.0,0.0,0.4,662,2,0.457212
3851,0.1,0.0,0.0,0.0,0.2,0.7,663,2,0.44578900000000005
3851,0.3,0.3,0.0,0.3,0.0,0.1,664,2,0.40972600000000003
3851,0.0,0.5,0.0,0.2,0.0,0.3,665,2,0.4751
3851,0.0,0.0,0.1,0.6,0.2,0.1,666,2,0.437699
3851,0.0,0.0,0.2,0.3,0.2,0.3,667,2,0.455191
3851,0.4,0.2,0.0,0.3,0.0,0.1,668,2,0.4097
3851,0.0,0.2,0.0,0.3,0.3,0.2,669,2,0.430924
3851,0.1,0.0,0.0,0.1,0.3,0.5,670,2,0.43436800000000003
3851,0.5,0.0,0.2,0.0,0.0,0.3,671,2,0.46703500000000003
3851,0.0,0.2,0.3,0.0,0.3,0.2,672,2,0.42990900000000004
3851,0.2,0.1,0.0,0.6,0.0,0.1,673,2,0.45054799999999995
3851,0.0,0.0,0.5,0.3,0.2,0.0,674,2,0.464491
3851,0.1,0.4,0.0,0.3,0.2,0.0,675,2,0.414346
3851,0.5,0.0,0.0,0.0,0.1,0.4,676,2,0.433483
3851,0.7,0.0,0.0,0.2,0.1,0.0,677,2,0.42321800000000004
3851,0.2,0.0,0.1,0.3,0.0,0.4,678,2,0.45020699999999997
3851,0.0,0.0,0.3,0.1,0.0,0.6,679,2,0.47684099999999996
3851,0.2,0.5,0.0,0.2,0.0,0.1,680,2,0.41598900000000005
3851,0.3,0.3,0.1,0.0,0.0,0.3,681,2,0.421415
3851,0.0,0.1,0.0,0.8,0.1,0.0,682,2,0.437187
3851,0.0,0.1,0.7,0.1,0.1,0.0,683,2,0.430622
3851,0.0,0.0,0.6,0.1,0.0,0.3,684,2,0.469894
3851,0.4,0.0,0.2,0.1,0.3,0.0,685,2,0.44985299999999995
3851,0.2,0.0,0.1,0.3,0.4,0.0,686,2,0.424313
3851,0.3,0.0,0.3,0.0,0.2,0.2,687,2,0.449323
3851,0.0,0.1,0.4,0.5,0.0,0.0,688,2,0.46879799999999994
3851,0.0,0.0,0.2,0.0,0.3,0.5,689,2,0.449908
3851,0.4,0.1,0.0,0.1,0.0,0.4,690,2,0.418447
3851,0.0,0.2,0.0,0.3,0.5,0.0,691,2,0.41502
3851,0.2,0.0,0.5,0.1,0.0,0.2,692,2,0.5041760000000001
3851,0.0,0.0,0.1,0.4,0.2,0.3,693,2,0.465413
3851,0.0,0.0,0.2,0.0,0.7,0.1,694,2,0.424967
3851,0.0,0.2,0.1,0.5,0.0,0.2,695,2,0.473038
3851,0.2,0.2,0.0,0.3,0.0,0.3,696,2,0.449747
3851,0.0,0.1,0.2,0.0,0.7,0.0,697,2,0.410332
3851,0.7,0.0,0.2,0.0,0.0,0.1,698,2,0.462838
3851,0.2,0.3,0.4,0.1,0.0,0.0,699,2,0.43700000000000006
3851,0.1,0.6,0.0,0.0,0.1,0.2,700,2,0.412743
3851,0.2,0.1,0.5,0.2,0.0,0.0,701,2,0.452883
3851,0.4,0.2,0.3,0.1,0.0,0.0,702,2,0.427962
3851,0.2,0.0,0.0,0.1,0.6,0.1,703,2,0.428641
3851,0.3,0.0,0.0,0.1,0.3,0.3,704,2,0.43050200000000005
3851,0.3,0.7,0.0,0.0,0.0,0.0,706,2,0.39159099999999997
3851,0.0,0.3,0.0,0.2,0.1,0.4,707,2,0.44582700000000003
3851,0.3,0.6,0.0,0.0,0.0,0.1,708,2,0.400486
3851,0.1,0.0,0.1,0.0,0.4,0.4,709,2,0.449805
3851,0.0,0.4,0.1,0.4,0.0,0.1,710,2,0.455952
3851,0.0,0.4,0.0,0.2,0.1,0.3,711,2,0.439429
3851,0.6,0.1,0.0,0.3,0.0,0.0,712,2,0.41783100000000006
3851,0.0,0.1,0.1,0.8,0.0,0.0,713,2,0.431655
3851,0.0,0.2,0.0,0.3,0.0,0.5,714,2,0.502926
3851,0.3,0.3,0.0,0.4,0.0,0.0,715,2,0.421358
3851,0.0,0.0,0.9,0.0,0.1,0.0,716,2,0.44029300000000005
3851,0.0,0.3,0.0,0.2,0.0,0.5,717,2,0.491246
3851,0.2,0.2,0.0,0.5,0.0,0.1,718,2,0.442179
3851,0.5,0.1,0.0,0.0,0.3,0.1,719,2,0.39867199999999997
3851,0.0,0.2,0.0,0.2,0.1,0.5,720,2,0.44993
3851,0.0,0.3,0.1,0.4,0.0,0.2,721,2,0.47266199999999997
3851,0.1,0.1,0.5,0.0,0.0,0.3,722,2,0.47638800000000003
3851,0.0,0.0,0.0,0.2,0.3,0.5,723,2,0.44123900000000005
3851,0.0,0.5,0.1,0.2,0.2,0.0,724,2,0.425166
3851,0.4,0.2,0.0,0.1,0.0,0.3,725,2,0.40818000000000004
3851,0.0,0.3,0.0,0.2,0.2,0.3,726,2,0.43603500000000006
3851,0.1,0.5,0.0,0.2,0.2,0.0,727,2,0.41235299999999997
3851,0.3,0.2,0.2,0.0,0.0,0.3,728,2,0.443597
3851,0.0,0.4,0.2,0.0,0.4,0.0,729,2,0.410886
3851,0.5,0.4,0.0,0.0,0.1,0.0,730,2,0.40223600000000004
3851,0.3,0.3,0.2,0.2,0.0,0.0,731,2,0.451218
3851,0.2,0.2,0.1,0.5,0.0,0.0,732,2,0.44559099999999996
3851,0.1,0.0,0.5,0.2,0.0,0.2,733,2,0.50657
3851,0.3,0.1,0.0,0.0,0.2,0.4,734,2,0.416387
3851,0.1,0.0,0.2,0.0,0.1,0.6,735,2,0.469346
3851,0.2,0.0,0.5,0.3,0.0,0.0,736,2,0.489422
3851,0.6,0.0,0.1,0.0,0.0,0.3,737,2,0.475372
3851,0.1,0.7,0.1,0.0,0.0,0.1,738,2,0.428305
3851,0.1,0.5,0.2,0.0,0.0,0.2,739,2,0.43311499999999997
3851,0.0,0.0,0.4,0.0,0.2,0.4,740,2,0.46398599999999995
3851,0.1,0.0,0.3,0.0,0.4,0.2,741,2,0.452258
3851,0.1,0.0,0.0,0.2,0.6,0.1,742,2,0.423846
3851,0.0,0.1,0.2,0.0,0.2,0.5,743,2,0.46136499999999997
3851,0.0,0.1,0.3,0.3,0.0,0.3,744,2,0.49150900000000003
3851,0.0,0.1,0.6,0.0,0.0,0.3,745,2,0.481505
3851,0.0,0.2,0.1,0.0,0.0,0.7,746,2,0.513464
3851,0.5,0.0,0.0,0.4,0.1,0.0,747,2,0.44014200000000003
3851,0.2,0.0,0.4,0.4,0.0,0.0,748,2,0.510452
3851,0.4,0.0,0.2,0.0,0.1,0.3,749,2,0.46333500000000005
3851,0.0,0.7,0.0,0.0,0.2,0.1,750,2,0.431119
3851,0.2,0.0,0.1,0.0,0.0,0.7,751,2,0.48271800000000004
3851,0.0,0.2,0.0,0.0,0.7,0.1,752,2,0.41845600000000005
3851,0.9,0.1,0.0,0.0,0.0,0.0,753,2,0.376736
3851,0.0,0.5,0.0,0.0,0.0,0.5,754,2,0.472505
3851,0.0,0.2,0.0,0.1,0.6,0.1,755,2,0.41782700000000006
3851,0.0,0.0,0.0,0.4,0.1,0.5,756,2,0.482501
3851,0.0,0.0,0.0,0.2,0.5,0.3,757,2,0.434571
3851,0.4,0.2,0.3,0.0,0.1,0.0,758,2,0.39193
3851,0.2,0.0,0.0,0.0,0.1,0.7,759,2,0.46512200000000004
3851,0.0,0.2,0.4,0.4,0.0,0.0,760,2,0.464816
3851,0.0,0.1,0.5,0.2,0.2,0.0,761,2,0.441859
3851,0.0,0.3,0.1,0.3,0.0,0.3,762,2,0.47955
3851,0.1,0.0,0.2,0.3,0.4,0.0,763,2,0.426436
3851,0.5,0.2,0.0,0.3,0.0,0.0,764,2,0.41456899999999997
3851,0.0,0.1,0.1,0.4,0.4,0.0,765,2,0.42329700000000003
3851,0.2,0.5,0.2,0.1,0.0,0.0,766,2,0.423779
3851,0.0,0.0,0.2,0.1,0.3,0.4,767,2,0.45002200000000003
3851,0.2,0.6,0.1,0.1,0.0,0.0,768,2,0.4141
3851,0.1,0.2,0.0,0.7,0.0,0.0,770,2,0.430486
3851,0.0,0.3,0.2,0.1,0.0,0.4,771,2,0.499802
3851,0.4,0.0,0.3,0.1,0.0,0.2,772,2,0.482504
3851,0.0,0.3,0.1,0.0,0.2,0.4,773,2,0.44165600000000005
3851,0.4,0.1,0.0,0.3,0.0,0.2,774,2,0.41698
3851,0.0,0.6,0.0,0.0,0.1,0.3,775,2,0.43123900000000004
3851,0.0,0.7,0.3,0.0,0.0,0.0,776,2,0.424162
3851,0.1,0.0,0.0,0.8,0.1,0.0,777,2,0.43066400000000005
3851,0.1,0.0,0.3,0.5,0.1,0.0,778,2,0.451003
3851,0.1,0.0,0.7,0.0,0.2,0.0,779,2,0.43956999999999996
3851,0.1,0.0,0.2,0.4,0.3,0.0,780,2,0.428708
3851,0.0,0.1,0.1,0.2,0.0,0.6,781,2,0.491991
3851,0.1,0.0,0.0,0.1,0.7,0.1,782,2,0.425054
3851,0.7,0.0,0.0,0.1,0.2,0.0,783,2,0.41550200000000004
3851,0.1,0.6,0.0,0.1,0.0,0.2,784,2,0.42862700000000004
3851,0.0,0.4,0.1,0.0,0.2,0.3,785,2,0.44150900000000004
3851,0.0,0.6,0.0,0.0,0.4,0.0,786,2,0.415604
3851,0.1,0.1,0.0,0.5,0.3,0.0,787,2,0.41284499999999996
3851,0.3,0.0,0.2,0.0,0.5,0.0,788,2,0.42937
3851,0.6,0.0,0.0,0.1,0.1,0.2,789,2,0.423016
3851,0.5,0.2,0.2,0.0,0.0,0.1,790,2,0.415695
3851,0.3,0.0,0.4,0.1,0.0,0.2,791,2,0.48171099999999994
3851,0.1,0.2,0.0,0.6,0.0,0.1,792,2,0.45088500000000004
3851,0.3,0.0,0.0,0.0,0.7,0.0,793,2,0.42611400000000005
3851,0.0,0.9,0.0,0.1,0.0,0.0,794,2,0.440172
3851,0.0,0.3,0.3,0.2,0.2,0.0,795,2,0.435095
3851,0.0,0.5,0.3,0.1,0.0,0.1,796,2,0.450804
3851,0.1,0.0,0.1,0.7,0.1,0.0,797,2,0.434342
3851,0.0,0.1,0.1,0.0,0.5,0.3,798,2,0.423357
3851,0.4,0.3,0.0,0.1,0.2,0.0,799,2,0.411415
3851,0.5,0.0,0.5,0.0,0.0,0.0,800,2,0.43766099999999997
3851,0.0,0.3,0.6,0.0,0.0,0.1,801,2,0.441259
3851,0.0,0.3,0.1,0.0,0.0,0.6,802,2,0.490806
3851,0.3,0.0,0.4,0.2,0.0,0.1,803,2,0.47913100000000003
3851,0.5,0.1,0.0,0.4,0.0,0.0,804,2,0.439105
3851,0.0,0.1,0.4,0.2,0.3,0.0,805,2,0.442717
3851,0.2,0.1,0.0,0.7,0.0,0.0,806,2,0.43839700000000004
3851,0.0,0.0,0.4,0.0,0.0,0.6,807,2,0.5097149999999999
3851,0.4,0.1,0.2,0.0,0.0,0.3,808,2,0.452942
3851,0.1,0.0,0.0,0.6,0.1,0.2,809,2,0.465199
3851,0.3,0.0,0.1,0.0,0.5,0.1,810,2,0.44685699999999995
3851,0.3,0.3,0.3,0.0,0.1,0.0,811,2,0.39761599999999997
3851,0.6,0.1,0.0,0.0,0.1,0.2,812,2,0.41008100000000003
3851,0.3,0.0,0.3,0.0,0.4,0.0,813,2,0.436746
3851,0.0,0.5,0.0,0.2,0.1,0.2,814,2,0.439989
3851,0.0,0.1,0.5,0.3,0.1,0.0,815,2,0.46341499999999997
3851,0.3,0.2,0.0,0.1,0.0,0.4,816,2,0.41637299999999994
3851,0.0,0.5,0.0,0.4,0.0,0.1,817,2,0.434601
3851,0.0,0.0,0.6,0.0,0.0,0.4,818,2,0.501153
3851,0.3,0.0,0.4,0.0,0.2,0.1,819,2,0.445028
3851,0.3,0.4,0.2,0.1,0.0,0.0,820,2,0.437197
3851,0.1,0.7,0.1,0.0,0.1,0.0,821,2,0.404569
3851,0.1,0.3,0.1,0.0,0.5,0.0,822,2,0.41069700000000003
3851,0.3,0.0,0.5,0.2,0.0,0.0,823,2,0.48093199999999997
3851,0.1,0.5,0.2,0.0,0.2,0.0,824,2,0.41238199999999997
3851,0.0,0.1,0.0,0.8,0.0,0.1,825,2,0.47144300000000006
3851,0.0,0.0,0.2,0.5,0.3,0.0,826,2,0.43889300000000003
3851,0.3,0.5,0.1,0.0,0.1,0.0,827,2,0.390892
3851,0.0,0.3,0.2,0.0,0.3,0.2,828,2,0.43283
3851,0.0,0.0,0.1,0.2,0.6,0.1,829,2,0.417004
3851,0.4,0.0,0.0,0.0,0.3,0.3,830,2,0.42578
3851,0.0,0.4,0.4,0.0,0.0,0.2,831,2,0.459844
3851,0.4,0.1,0.3,0.0,0.0,0.2,832,2,0.42248100000000005
3851,0.0,0.5,0.0,0.3,0.1,0.1,834,2,0.437618
3851,0.0,0.4,0.0,0.3,0.1,0.2,835,2,0.44975299999999996
3851,0.1,0.3,0.5,0.1,0.0,0.0,836,2,0.445935
3851,0.0,0.1,0.0,0.2,0.6,0.1,837,2,0.41448199999999996
3851,0.0,0.0,0.0,0.5,0.0,0.5,838,2,0.44266400000000006
3851,0.0,0.1,0.5,0.0,0.3,0.1,839,2,0.428516
3851,0.5,0.0,0.0,0.0,0.2,0.3,840,2,0.428821
3851,0.8,0.0,0.0,0.1,0.0,0.1,841,2,0.44900500000000004
3851,0.0,0.3,0.7,0.0,0.0,0.0,842,2,0.42045699999999997
3851,0.0,0.4,0.4,0.1,0.1,0.0,843,2,0.412588
3851,0.1,0.4,0.1,0.0,0.4,0.0,844,2,0.42245200000000005
3851,0.3,0.4,0.0,0.1,0.2,0.0,845,2,0.412533
3851,0.0,0.3,0.2,0.0,0.2,0.3,846,2,0.443967
3851,0.3,0.0,0.0,0.1,0.5,0.1,847,2,0.42558199999999996
3851,0.1,0.0,0.5,0.0,0.4,0.0,848,2,0.43631899999999996
3851,0.3,0.1,0.0,0.5,0.1,0.0,849,2,0.415394
3851,0.4,0.2,0.0,0.1,0.3,0.0,850,2,0.407904
3851,0.5,0.3,0.1,0.0,0.0,0.1,851,2,0.4019
3851,0.1,0.5,0.0,0.0,0.0,0.4,852,2,0.43083699999999997
3851,0.2,0.5,0.1,0.0,0.0,0.2,853,2,0.423192
3851,0.0,0.4,0.0,0.1,0.2,0.3,854,2,0.43086199999999997
3851,0.0,0.3,0.3,0.0,0.1,0.3,855,2,0.456766
3851,0.5,0.0,0.1,0.0,0.0,0.4,856,2,0.473762
3851,0.0,0.1,0.2,0.0,0.5,0.2,857,2,0.42226800000000003
3851,0.0,0.3,0.0,0.3,0.1,0.3,858,2,0.45179899999999995
3851,0.6,0.1,0.2,0.1,0.0,0.0,859,2,0.450984
3851,0.0,0.4,0.0,0.2,0.0,0.4,860,2,0.492012
3851,0.0,0.1,0.1,0.7,0.0,0.1,861,2,0.453358
3851,0.0,0.1,0.0,0.2,0.5,0.2,862,2,0.426138
3851,0.0,0.0,0.0,0.1,0.0,0.9,863,2,0.495583
3851,0.1,0.0,0.3,0.3,0.0,0.3,864,2,0.503546
3851,0.0,0.2,0.0,0.5,0.2,0.1,865,2,0.43500200000000006
3851,0.5,0.0,0.4,0.1,0.0,0.0,866,2,0.488387
3851,0.0,0.0,0.5,0.0,0.0,0.5,867,2,0.547515
3851,0.7,0.0,0.1,0.1,0.1,0.0,868,2,0.45685
3851,0.1,0.0,0.3,0.2,0.4,0.0,869,2,0.439029
3851,0.0,0.3,0.2,0.2,0.3,0.0,870,2,0.43237200000000003
3851,0.0,0.1,0.3,0.0,0.5,0.1,871,2,0.420757
3851,0.1,0.5,0.1,0.0,0.0,0.3,872,2,0.43236800000000003
3851,0.0,0.3,0.0,0.1,0.6,0.0,873,2,0.42099
3851,0.2,0.7,0.0,0.0,0.1,0.0,874,2,0.39487
3851,0.0,0.4,0.2,0.4,0.0,0.0,875,2,0.450271
3851,0.2,0.0,0.3,0.2,0.0,0.3,876,2,0.4792
3851,0.3,0.3,0.2,0.0,0.2,0.0,877,2,0.399221
3851,0.4,0.0,0.0,0.2,0.4,0.0,878,2,0.42853100000000005
3851,0.1,0.7,0.0,0.1,0.0,0.1,879,2,0.42527200000000004
3851,0.6,0.0,0.1,0.3,0.0,0.0,880,2,0.468959
3851,0.1,0.2,0.0,0.0,0.2,0.5,881,2,0.431733
3851,0.0,0.0,0.3,0.0,0.2,0.5,882,2,0.468088
3851,0.0,0.0,0.0,0.4,0.4,0.2,883,2,0.445586
3851,0.2,0.1,0.0,0.2,0.5,0.0,884,2,0.41932700000000006
3851,0.0,0.3,0.2,0.4,0.0,0.1,885,2,0.45085
3851,0.0,0.4,0.2,0.0,0.3,0.1,886,2,0.423212
3851,0.3,0.0,0.1,0.5,0.1,0.0,887,2,0.463067
3851,0.0,0.2,0.1,0.6,0.0,0.1,888,2,0.449723
3851,0.5,0.0,0.0,0.1,0.2,0.2,889,2,0.433896
3851,0.1,0.0,0.3,0.2,0.0,0.4,890,2,0.499933
3851,0.3,0.2,0.0,0.4,0.0,0.1,891,2,0.41910299999999995
3851,0.2,0.6,0.0,0.0,0.1,0.1,892,2,0.398609
3851,0.3,0.0,0.1,0.1,0.0,0.5,893,2,0.469941
3851,0.1,0.3,0.0,0.4,0.0,0.2,894,2,0.459038
3851,0.0,0.3,0.0,0.5,0.1,0.1,895,2,0.445175
3851,0.0,0.0,0.8,0.1,0.1,0.0,896,2,0.45133900000000005
3851,0.5,0.0,0.1,0.0,0.1,0.3,898,2,0.445488
3851,0.3,0.0,0.6,0.0,0.0,0.1,899,2,0.46492
3851,0.4,0.0,0.0,0.1,0.3,0.2,900,2,0.430683
3851,0.2,0.0,0.0,0.0,0.4,0.4,901,2,0.43466000000000005
3851,0.6,0.1,0.0,0.0,0.0,0.3,902,2,0.42061499999999996
3851,0.0,0.1,0.0,0.3,0.3,0.3,903,2,0.435674
3851,0.0,0.1,0.0,0.1,0.4,0.4,904,2,0.433399
3851,0.4,0.3,0.0,0.0,0.0,0.3,905,2,0.399018
3851,0.2,0.1,0.0,0.3,0.4,0.0,906,2,0.407502
3851,0.0,0.2,0.0,0.0,0.3,0.5,907,2,0.432791
3851,0.2,0.0,0.2,0.0,0.5,0.1,908,2,0.43883599999999995
3851,0.0,0.3,0.5,0.1,0.1,0.0,909,2,0.426209
3851,0.0,0.2,0.5,0.1,0.2,0.0,910,2,0.42686
3851,0.0,0.3,0.0,0.1,0.3,0.3,911,2,0.42967799999999995
3851,0.4,0.0,0.1,0.5,0.0,0.0,912,2,0.46621899999999994
3851,0.0,0.4,0.0,0.5,0.0,0.1,913,2,0.45389300000000005
3851,0.1,0.0,0.5,0.1,0.0,0.3,914,2,0.495329
3851,0.0,0.1,0.3,0.1,0.0,0.5,915,2,0.497778
3851,0.0,0.5,0.4,0.0,0.0,0.1,916,2,0.44153000000000003
3851,0.3,0.2,0.0,0.0,0.4,0.1,917,2,0.400868
3851,0.2,0.1,0.0,0.4,0.0,0.3,918,2,0.451045
3851,0.2,0.0,0.3,0.3,0.0,0.2,919,2,0.48540600000000006
3851,0.4,0.0,0.1,0.4,0.1,0.0,920,2,0.456211
3851,0.2,0.1,0.6,0.1,0.0,0.0,921,2,0.457896
3851,0.0,0.2,0.3,0.0,0.1,0.4,922,2,0.45582799999999996
3851,0.0,0.1,0.4,0.0,0.2,0.3,923,2,0.45361899999999994
3851,0.1,0.1,0.0,0.6,0.0,0.2,924,2,0.47409300000000004
3851,0.1,0.3,0.0,0.3,0.3,0.0,925,2,0.411592
3851,0.2,0.3,0.5,0.0,0.0,0.0,926,2,0.398461
3851,0.0,0.3,0.0,0.4,0.3,0.0,927,2,0.42316099999999995
3851,0.4,0.0,0.1,0.4,0.0,0.1,928,2,0.47374799999999995
3851,0.3,0.0,0.0,0.2,0.2,0.3,929,2,0.42867200000000005
3851,0.2,0.0,0.4,0.0,0.4,0.0,930,2,0.439932
3851,0.2,0.0,0.0,0.3,0.5,0.0,931,2,0.422548
3851,0.0,0.1,0.0,0.0,0.1,0.8,932,2,0.459496
3851,0.0,0.0,0.1,0.0,0.2,0.7,933,2,0.45455200000000007
3851,0.4,0.1,0.0,0.4,0.1,0.0,934,2,0.422378
3851,0.3,0.3,0.0,0.0,0.2,0.2,935,2,0.397787
3851,0.0,0.9,0.0,0.0,0.0,0.1,936,2,0.446795
3851,0.2,0.6,0.0,0.1,0.0,0.1,937,2,0.400862
3851,0.3,0.0,0.6,0.1,0.0,0.0,938,2,0.462659
3851,0.0,0.4,0.0,0.2,0.4,0.0,939,2,0.41717600000000005
3851,0.1,0.6,0.2,0.1,0.0,0.0,940,2,0.43108100000000005
3851,0.0,0.2,0.0,0.7,0.1,0.0,941,2,0.43265200000000004
3851,0.3,0.5,0.0,0.0,0.2,0.0,942,2,0.39303
3851,0.2,0.1,0.0,0.0,0.5,0.2,943,2,0.40522199999999997
3851,0.6,0.1,0.0,0.0,0.3,0.0,944,2,0.39000300000000004
3851,0.1,0.0,0.0,0.1,0.6,0.2,945,2,0.421757
3851,0.4,0.3,0.0,0.2,0.0,0.1,946,2,0.396917
3851,0.1,0.0,0.4,0.0,0.3,0.2,947,2,0.45841800000000005
3851,0.0,0.0,0.4,0.3,0.3,0.0,948,2,0.449643
3851,0.0,0.3,0.0,0.1,0.2,0.4,949,2,0.43947700000000006
3851,0.0,0.2,0.0,0.0,0.5,0.3,950,2,0.422779
3851,0.1,0.3,0.0,0.5,0.1,0.0,951,2,0.42955
3851,0.0,0.0,0.0,0.4,0.0,0.6,952,2,0.515243
3851,0.6,0.3,0.0,0.0,0.1,0.0,953,2,0.39010900000000004
3851,0.0,0.0,0.1,0.1,0.2,0.6,954,2,0.45615600000000006
3851,0.0,0.1,0.8,0.1,0.0,0.0,955,2,0.465052
3851,0.4,0.1,0.1,0.0,0.0,0.4,956,2,0.42460299999999995
3851,0.6,0.0,0.1,0.2,0.1,0.0,957,2,0.451925
3851,0.0,0.1,0.2,0.0,0.3,0.4,958,2,0.451258
3851,0.0,0.3,0.5,0.0,0.1,0.1,959,2,0.43164300000000005
3851,0.0,0.0,0.5,0.2,0.1,0.2,960,2,0.475929
3851,0.2,0.2,0.5,0.1,0.0,0.0,962,2,0.44723
3851,0.1,0.0,0.2,0.0,0.3,0.4,963,2,0.459921
3851,0.1,0.0,0.3,0.0,0.6,0.0,964,2,0.434357
3851,0.0,0.0,0.3,0.2,0.5,0.0,965,2,0.433511
3851,0.0,0.1,0.2,0.4,0.3,0.0,966,2,0.426726
3851,0.2,0.2,0.1,0.0,0.5,0.0,967,2,0.422843
3851,0.2,0.4,0.1,0.0,0.0,0.3,968,2,0.430356
3851,0.6,0.2,0.0,0.0,0.1,0.1,969,2,0.395409
3851,0.0,0.0,0.2,0.3,0.4,0.1,970,2,0.43427
3851,0.0,0.0,0.3,0.4,0.3,0.0,971,2,0.44097600000000003
3851,0.3,0.4,0.0,0.2,0.1,0.0,972,2,0.39514699999999997
3851,0.0,0.8,0.0,0.1,0.1,0.0,973,2,0.40967600000000004
3851,0.3,0.0,0.1,0.0,0.3,0.3,974,2,0.45025
3851,0.2,0.0,0.4,0.0,0.1,0.3,975,2,0.461937
3851,0.1,0.4,0.4,0.1,0.0,0.0,976,2,0.44005600000000006
3851,0.3,0.3,0.3,0.1,0.0,0.0,977,2,0.44563400000000003
3851,0.0,0.3,0.2,0.0,0.0,0.5,978,2,0.506846
3851,0.1,0.0,0.0,0.3,0.6,0.0,979,2,0.413454
3851,0.4,0.1,0.3,0.0,0.2,0.0,980,2,0.405544
3851,0.5,0.0,0.1,0.4,0.0,0.0,981,2,0.461046
3851,0.1,0.0,0.1,0.0,0.5,0.3,982,2,0.44959399999999994
3851,0.0,0.1,0.0,0.0,0.5,0.4,983,2,0.431967
3851,0.0,0.0,0.6,0.1,0.1,0.2,984,2,0.469235
3851,0.0,0.3,0.0,0.3,0.4,0.0,985,2,0.418379
3851,0.1,0.0,0.0,0.4,0.4,0.1,986,2,0.419652
3851,0.0,0.2,0.4,0.1,0.0,0.3,987,2,0.492095
3851,0.1,0.2,0.0,0.5,0.0,0.2,988,2,0.478839
3851,0.1,0.3,0.5,0.0,0.0,0.1,989,2,0.43323599999999995
3851,0.4,0.0,0.2,0.0,0.4,0.0,990,2,0.42206099999999996
3851,0.0,0.1,0.7,0.2,0.0,0.0,991,2,0.460509
3851,0.0,0.0,0.1,0.1,0.5,0.3,992,2,0.43988299999999997
3851,0.2,0.0,0.6,0.1,0.0,0.1,993,2,0.495172
3851,0.2,0.0,0.0,0.1,0.2,0.5,994,2,0.44076800000000005
3851,0.3,0.0,0.0,0.6,0.0,0.1,995,2,0.459557
3851,0.0,0.0,0.1,0.5,0.0,0.4,996,2,0.499671
3851,0.4,0.0,0.0,0.1,0.4,0.1,997,2,0.43850600000000006
3851,0.2,0.5,0.0,0.1,0.2,0.0,998,2,0.413699
3851,0.1,0.3,0.6,0.0,0.0,0.0,999,2,0.396334
3851,0.5,0.0,0.0,0.5,0.0,0.0,1000,2,0.44133599999999995
3851,0.0,0.1,0.1,0.0,0.3,0.5,1001,2,0.44291499999999995
3851,0.1,0.0,0.5,0.0,0.0,0.4,1002,2,0.501925
3851,0.0,0.0,0.1,0.4,0.3,0.2,1003,2,0.44495100000000004
3851,0.1,0.2,0.6,0.1,0.0,0.0,1004,2,0.444525
3851,0.2,0.3,0.0,0.1,0.0,0.4,1005,2,0.422838
3851,0.2,0.1,0.0,0.0,0.7,0.0,1006,2,0.41360600000000003
3851,0.0,0.0,0.0,0.0,0.6,0.4,1007,2,0.423018
3851,0.6,0.1,0.0,0.1,0.0,0.2,1008,2,0.395683
3851,0.2,0.0,0.0,0.7,0.1,0.0,1009,2,0.43062399999999995
3851,0.1,0.7,0.1,0.1,0.0,0.0,1010,2,0.419634
3851,0.0,0.0,0.0,0.1,0.5,0.4,1011,2,0.43941199999999997
3851,0.0,0.3,0.1,0.1,0.0,0.5,1012,2,0.502375
3851,0.5,0.0,0.2,0.3,0.0,0.0,1013,2,0.482629
3851,0.0,0.4,0.3,0.0,0.1,0.2,1014,2,0.441795
3851,0.1,0.4,0.0,0.2,0.0,0.3,1015,2,0.448417
3851,0.7,0.1,0.0,0.0,0.0,0.2,1016,2,0.38629
3851,0.6,0.4,0.0,0.0,0.0,0.0,1017,2,0.365763
3851,0.1,0.1,0.0,0.1,0.0,0.7,1018,2,0.461462
3851,0.0,0.3,0.4,0.0,0.1,0.2,1019,2,0.45270900000000003
3851,0.2,0.0,0.0,0.6,0.1,0.1,1020,2,0.441126
3851,0.1,0.0,0.0,0.7,0.2,0.0,1021,2,0.42884300000000003
3851,0.5,0.2,0.2,0.1,0.0,0.0,1022,2,0.43933199999999994
3851,0.0,0.0,0.1,0.4,0.1,0.4,1023,2,0.462851
3851,0.0,0.0,0.0,0.7,0.3,0.0,1024,2,0.426245
3851,0.0,0.5,0.0,0.0,0.2,0.3,1026,2,0.42818100000000003
3851,0.3,0.3,0.0,0.3,0.1,0.0,1027,2,0.40223000000000003
3851,0.1,0.2,0.6,0.0,0.1,0.0,1028,2,0.40621799999999997
3851,0.4,0.2,0.1,0.0,0.3,0.0,1029,2,0.408182
3851,0.5,0.0,0.0,0.0,0.5,0.0,1030,2,0.42408900000000005
3851,0.4,0.0,0.0,0.1,0.0,0.5,1031,2,0.44035799999999997
3851,0.1,0.1,0.7,0.0,0.1,0.0,1032,2,0.418483
3851,0.4,0.1,0.0,0.3,0.2,0.0,1033,2,0.39045100000000005
3851,0.5,0.0,0.0,0.0,0.3,0.2,1034,2,0.427659
3851,0.3,0.0,0.2,0.0,0.3,0.2,1035,2,0.441646
3851,0.0,0.1,0.0,0.1,0.6,0.2,1036,2,0.407058
3851,0.0,0.2,0.1,0.4,0.0,0.3,1037,2,0.446304
3851,0.2,0.5,0.1,0.0,0.2,0.0,1038,2,0.41293199999999997
3851,0.0,0.6,0.1,0.1,0.0,0.2,1039,2,0.46070900000000004
3851,0.0,0.3,0.4,0.0,0.3,0.0,1040,2,0.4103
3851,0.1,0.2,0.5,0.2,0.0,0.0,1041,2,0.43892600000000004
3851,0.0,0.1,0.0,0.4,0.2,0.3,1042,2,0.445957
3851,0.0,0.0,0.5,0.0,0.1,0.4,1043,2,0.447067
3851,0.0,0.0,0.0,0.5,0.5,0.0,1044,2,0.408956
3851,0.0,0.1,0.1,0.4,0.0,0.4,1045,2,0.47927200000000003
3851,0.1,0.0,0.1,0.2,0.0,0.6,1046,2,0.49315
3851,0.0,0.1,0.7,0.1,0.0,0.1,1047,2,0.45915100000000003
3851,0.0,0.1,0.5,0.0,0.4,0.0,1048,2,0.41043
3851,0.1,0.0,0.4,0.4,0.1,0.0,1049,2,0.442641
3851,0.0,0.3,0.0,0.3,0.3,0.1,1050,2,0.418512
3851,0.6,0.3,0.0,0.1,0.0,0.0,1051,2,0.401779
3851,0.1,0.2,0.0,0.3,0.0,0.4,1052,2,0.45861999999999997
3851,0.3,0.1,0.0,0.1,0.5,0.0,1053,2,0.409143
3851,0.1,0.0,0.0,0.3,0.1,0.5,1054,2,0.441433
3851,0.7,0.0,0.0,0.0,0.1,0.2,1055,2,0.43194899999999997
3851,0.5,0.0,0.1,0.2,0.0,0.2,1056,2,0.46636700000000003
3851,0.2,0.0,0.1,0.4,0.3,0.0,1057,2,0.42766000000000004
3851,0.0,0.2,0.4,0.1,0.3,0.0,1058,2,0.42957399999999996
3851,0.0,0.2,0.0,0.1,0.0,0.7,1059,2,0.482088
3851,0.3,0.0,0.4,0.0,0.3,0.0,1060,2,0.428062
3851,0.1,0.0,0.5,0.0,0.2,0.2,1061,2,0.458921
3851,0.0,0.0,0.0,0.1,0.1,0.8,1062,2,0.440247
3851,0.0,0.7,0.1,0.1,0.1,0.0,1063,2,0.408024
3851,0.1,0.0,0.0,0.2,0.7,0.0,1064,2,0.41656899999999997
3851,0.8,0.0,0.0,0.0,0.1,0.1,1065,2,0.431
3851,0.3,0.4,0.0,0.0,0.0,0.3,1066,2,0.402563
3851,0.0,0.1,0.0,0.1,0.2,0.6,1067,2,0.443053
3851,0.1,0.0,0.2,0.2,0.0,0.5,1068,2,0.46043199999999995
3851,0.5,0.0,0.0,0.1,0.3,0.1,1069,2,0.41184799999999994
3851,0.0,0.1,0.1,0.0,0.6,0.2,1070,2,0.408491
3851,0.1,0.0,0.3,0.0,0.3,0.3,1071,2,0.446883
3851,0.4,0.3,0.1,0.0,0.2,0.0,1072,2,0.381334
3851,0.3,0.0,0.0,0.2,0.5,0.0,1073,2,0.419386
3851,0.0,0.6,0.3,0.0,0.1,0.0,1074,2,0.408498
3851,0.4,0.0,0.6,0.0,0.0,0.0,1075,2,0.415412
3851,0.0,0.2,0.1,0.7,0.0,0.0,1076,2,0.44528599999999996
3851,0.5,0.1,0.0,0.2,0.2,0.0,1077,2,0.412037
3851,0.0,0.0,0.4,0.3,0.2,0.1,1078,2,0.43066800000000005
3851,0.0,0.2,0.3,0.4,0.1,0.0,1079,2,0.418968
3851,0.1,0.0,0.0,0.0,0.8,0.1,1080,2,0.40871999999999997
3851,0.8,0.1,0.0,0.0,0.1,0.0,1081,2,0.374693
3851,0.2,0.3,0.0,0.1,0.4,0.0,1082,2,0.403767
3851,0.1,0.0,0.1,0.8,0.0,0.0,1083,2,0.43908100000000005
3851,0.0,0.0,0.6,0.4,0.0,0.0,1084,2,0.46100399999999997
3851,0.1,0.4,0.0,0.4,0.1,0.0,1085,2,0.421109
3851,0.1,0.0,0.2,0.0,0.2,0.5,1086,2,0.41715699999999994
3851,0.0,0.3,0.3,0.0,0.2,0.2,1087,2,0.439754
3851,0.1,0.4,0.0,0.1,0.0,0.4,1088,2,0.41894
3851,0.0,0.3,0.6,0.0,0.1,0.0,1090,2,0.412642
3851,0.2,0.1,0.4,0.3,0.0,0.0,1091,2,0.420788
3851,0.2,0.2,0.0,0.1,0.0,0.5,1092,2,0.41511499999999996
3851,0.0,0.2,0.2,0.1,0.0,0.5,1093,2,0.428374
3851,0.0,0.0,0.0,0.5,0.4,0.1,1094,2,0.41908900000000004
3851,0.5,0.0,0.2,0.1,0.0,0.2,1095,2,0.446032
3851,0.2,0.0,0.1,0.5,0.0,0.2,1096,2,0.42967700000000003
3851,0.2,0.3,0.0,0.5,0.0,0.0,1097,2,0.391256
3851,0.0,0.1,0.3,0.1,0.5,0.0,1098,2,0.39923200000000003
3851,0.3,0.2,0.0,0.2,0.0,0.3,1099,2,0.39532
3851,0.6,0.0,0.0,0.0,0.3,0.1,1100,2,0.399834
3851,0.2,0.4,0.0,0.0,0.1,0.3,1101,2,0.396706
3851,0.4,0.0,0.1,0.0,0.2,0.3,1102,2,0.412029
3851,0.5,0.0,0.1,0.0,0.4,0.0,1103,2,0.417908
3851,0.2,0.0,0.0,0.2,0.1,0.5,1104,2,0.437033
3851,0.0,0.2,0.1,0.1,0.0,0.6,1105,2,0.46596400000000004
3851,0.1,0.2,0.0,0.0,0.1,0.6,1106,2,0.428022
3851,0.0,0.2,0.1,0.0,0.2,0.5,1107,2,0.41838500000000006
3851,0.2,0.2,0.3,0.0,0.0,0.3,1108,2,0.42032600000000003
3851,0.0,0.0,0.3,0.3,0.1,0.3,1109,2,0.44303000000000003
3851,0.3,0.0,0.1,0.5,0.0,0.1,1110,2,0.45021400000000006
3851,0.0,0.3,0.2,0.3,0.0,0.2,1111,2,0.44771400000000006
3851,0.4,0.0,0.1,0.0,0.1,0.4,1112,2,0.419653
3851,0.0,0.0,0.1,0.3,0.0,0.6,1113,2,0.43511099999999997
3851,0.1,0.0,0.0,0.8,0.0,0.1,1114,2,0.407337
3851,0.2,0.0,0.1,0.5,0.2,0.0,1115,2,0.42663
3851,0.0,0.2,0.5,0.0,0.0,0.3,1116,2,0.483088
3851,0.5,0.4,0.1,0.0,0.0,0.0,1117,2,0.387406
3851,0.1,0.1,0.6,0.2,0.0,0.0,1118,2,0.42362299999999997
3851,0.0,0.4,0.0,0.1,0.4,0.1,1119,2,0.41147
3851,0.1,0.2,0.3,0.4,0.0,0.0,1120,2,0.41324399999999994
3851,0.3,0.0,0.1,0.0,0.0,0.6,1121,2,0.402919
3851,0.2,0.4,0.3,0.0,0.0,0.1,1122,2,0.408852
3851,0.0,0.1,0.0,0.4,0.1,0.4,1123,2,0.430863
3851,0.1,0.0,0.0,0.1,0.1,0.7,1124,2,0.418231
3851,0.5,0.1,0.1,0.0,0.3,0.0,1125,2,0.398447
3851,0.0,0.3,0.6,0.1,0.0,0.0,1126,2,0.41320200000000007
3851,0.0,0.2,0.1,0.0,0.1,0.6,1127,2,0.408065
3851,0.1,0.3,0.0,0.1,0.0,0.5,1128,2,0.408429
3851,0.5,0.1,0.2,0.0,0.0,0.2,1129,2,0.398555
3851,0.4,0.0,0.0,0.2,0.0,0.4,1130,2,0.40910799999999997
3851,0.0,0.6,0.2,0.1,0.0,0.1,1131,2,0.42223599999999994
3851,0.0,0.0,0.3,0.4,0.2,0.1,1132,2,0.421861
3851,0.0,0.1,0.2,0.2,0.5,0.0,1133,2,0.42464399999999997
3851,0.0,0.4,0.1,0.0,0.0,0.5,1134,2,0.403461
3851,0.3,0.2,0.4,0.0,0.0,0.1,1135,2,0.395999
3851,0.3,0.0,0.0,0.3,0.3,0.1,1136,2,0.38509299999999996
3851,0.0,0.0,0.0,0.0,0.5,0.5,1137,2,0.40029899999999996
3851,0.0,0.4,0.0,0.4,0.2,0.0,1138,2,0.39577399999999996
3851,0.2,0.5,0.3,0.0,0.0,0.0,1139,2,0.375206
3851,0.0,0.1,0.1,0.0,0.7,0.1,1140,2,0.397336
3851,0.0,0.5,0.2,0.0,0.0,0.3,1141,2,0.40307800000000005
3851,0.2,0.1,0.6,0.0,0.1,0.0,1142,2,0.391372
3851,0.1,0.7,0.2,0.0,0.0,0.0,1143,2,0.393801
3851,0.3,0.3,0.4,0.0,0.0,0.0,1144,2,0.374771
3851,0.0,0.0,0.5,0.2,0.0,0.3,1145,2,0.39083
3851,0.0,0.5,0.0,0.2,0.3,0.0,1146,2,0.390571
3851,0.3,0.2,0.3,0.2,0.0,0.0,1147,2,0.413062
3851,0.3,0.1,0.3,0.0,0.0,0.3,1148,2,0.43736899999999995
3851,0.0,0.6,0.1,0.0,0.0,0.3,1149,2,0.41708599999999996
3851,0.1,0.1,0.0,0.0,0.0,0.8,1150,2,0.430429
3851,0.2,0.3,0.0,0.0,0.2,0.3,1151,2,0.39362600000000003
3851,0.1,0.5,0.0,0.0,0.1,0.3,1152,2,0.399457
3851,0.0,0.1,0.0,0.6,0.0,0.3,1154,2,0.45789399999999997
3851,0.0,0.3,0.5,0.1,0.0,0.1,1155,2,0.45903
3851,0.2,0.0,0.0,0.2,0.5,0.1,1156,2,0.419567
3851,0.2,0.0,0.4,0.1,0.0,0.3,1157,2,0.475879
3851,0.3,0.0,0.7,0.0,0.0,0.0,1158,2,0.44852
3851,0.3,0.0,0.0,0.1,0.1,0.5,1159,2,0.44002299999999994
3851,0.2,0.4,0.0,0.4,0.0,0.0,1160,2,0.430551
3851,0.2,0.1,0.0,0.0,0.4,0.3,1161,2,0.405912
3851,0.1,0.5,0.1,0.3,0.0,0.0,1162,2,0.43218
3851,0.3,0.0,0.2,0.5,0.0,0.0,1163,2,0.43627299999999997
3851,0.0,0.5,0.1,0.0,0.4,0.0,1164,2,0.41168299999999997
3851,0.3,0.0,0.3,0.4,0.0,0.0,1165,2,0.439859
3851,0.1,0.0,0.0,0.2,0.0,0.7,1166,2,0.478239
3851,0.6,0.0,0.1,0.0,0.3,0.0,1167,2,0.43156700000000003
3851,0.2,0.0,0.0,0.4,0.1,0.3,1168,2,0.43526099999999995
3851,0.0,0.0,0.0,0.3,0.4,0.3,1169,2,0.441856
3851,0.0,0.3,0.1,0.0,0.3,0.3,1170,2,0.424716
3851,0.3,0.3,0.0,0.0,0.0,0.4,1171,2,0.407124
3851,0.1,0.0,0.0,0.1,0.2,0.6,1172,2,0.435076
3851,0.0,0.1,0.0,0.4,0.4,0.1,1173,2,0.422245
3851,0.4,0.0,0.0,0.3,0.0,0.3,1174,2,0.443935
3851,0.1,0.8,0.0,0.0,0.0,0.1,1175,2,0.423677
3851,0.2,0.0,0.0,0.3,0.1,0.4,1176,2,0.43221400000000004
3851,0.4,0.0,0.5,0.1,0.0,0.0,1177,2,0.483843
3851,0.6,0.1,0.2,0.0,0.0,0.1,1178,2,0.415286
3851,0.4,0.4,0.0,0.1,0.1,0.0,1179,2,0.40436500000000003
3851,0.3,0.2,0.0,0.5,0.0,0.0,1180,2,0.428888
3851,0.2,0.0,0.0,0.5,0.1,0.2,1181,2,0.430088
3851,0.6,0.0,0.0,0.4,0.0,0.0,1182,2,0.43833900000000003
3851,0.0,0.5,0.0,0.0,0.4,0.1,1183,2,0.414946
3851,0.1,0.0,0.0,0.0,0.0,0.9,1184,2,0.46769099999999997
3851,0.2,0.2,0.5,0.0,0.1,0.0,1185,2,0.410361
3851,0.0,0.0,0.2,0.2,0.3,0.3,1186,2,0.442097
3851,0.0,0.0,0.5,0.3,0.1,0.1,1187,2,0.46458599999999994
3851,0.0,0.0,0.0,0.4,0.6,0.0,1188,2,0.416627
3851,0.0,0.3,0.0,0.1,0.1,0.5,1189,2,0.43218199999999996
3851,0.4,0.0,0.1,0.3,0.2,0.0,1190,2,0.432871
3851,0.1,0.1,0.0,0.0,0.4,0.4,1191,2,0.428037
3851,0.0,0.1,0.3,0.4,0.0,0.2,1192,2,0.45223100000000005
3851,0.3,0.1,0.4,0.2,0.0,0.0,1193,2,0.447932
3851,0.0,0.1,0.6,0.0,0.3,0.0,1194,2,0.41243
3851,0.2,0.4,0.0,0.0,0.3,0.1,1195,2,0.409042
3851,0.0,0.5,0.2,0.0,0.2,0.1,1196,2,0.432133
3851,0.0,0.0,0.4,0.1,0.5,0.0,1197,2,0.43005299999999996
3851,0.2,0.0,0.5,0.0,0.3,0.0,1198,2,0.441979
3851,0.1,0.2,0.4,0.0,0.3,0.0,1199,2,0.41025100000000003
3851,0.0,0.0,0.1,0.6,0.0,0.3,1200,2,0.447067
3851,0.1,0.1,0.0,0.0,0.7,0.1,1201,2,0.422372
3851,0.1,0.0,0.3,0.1,0.0,0.5,1202,2,0.448355
3851,0.2,0.1,0.4,0.0,0.0,0.3,1203,2,0.40633800000000003
3851,0.0,0.0,0.2,0.6,0.1,0.1,1204,2,0.41990900000000003
3851,0.1,0.6,0.0,0.0,0.0,0.3,1205,2,0.41764799999999996
3851,0.1,0.0,0.5,0.1,0.3,0.0,1206,2,0.414637
3851,0.0,0.0,0.4,0.1,0.0,0.5,1207,2,0.425825
3851,0.0,0.5,0.1,0.1,0.0,0.3,1208,2,0.413512
3851,0.3,0.0,0.2,0.2,0.0,0.3,1209,2,0.45824799999999993
3851,0.0,0.0,0.1,0.8,0.0,0.1,1210,2,0.435355
3851,0.2,0.0,0.0,0.1,0.5,0.2,1211,2,0.423101
3851,0.0,0.0,0.3,0.5,0.1,0.1,1212,2,0.438037
3851,0.1,0.4,0.2,0.0,0.3,0.0,1213,2,0.41329099999999996
3851,0.2,0.1,0.2,0.0,0.5,0.0,1214,2,0.411293
3851,0.1,0.1,0.0,0.3,0.5,0.0,1215,2,0.393362
3851,0.1,0.3,0.0,0.0,0.3,0.3,1216,2,0.39555300000000004
3851,0.3,0.2,0.2,0.0,0.3,0.0,1218,2,0.407053
3851,0.1,0.3,0.2,0.4,0.0,0.0,1219,2,0.43273
3851,0.0,0.0,0.5,0.1,0.4,0.0,1220,2,0.417072
3851,0.4,0.2,0.4,0.0,0.0,0.0,1221,2,0.39857600000000004
3851,0.0,0.0,0.0,0.4,0.2,0.4,1222,2,0.42002399999999995
3851,0.0,0.2,0.0,0.7,0.0,0.1,1223,2,0.41809700000000005
3851,0.9,0.0,0.0,0.1,0.0,0.0,1224,2,0.414214
3851,0.0,0.0,0.1,0.2,0.2,0.5,1225,2,0.409171
3851,0.0,0.0,0.3,0.3,0.0,0.4,1226,2,0.42123900000000003
3851,0.2,0.0,0.1,0.6,0.1,0.0,1227,2,0.43478
3851,0.1,0.0,0.1,0.5,0.0,0.3,1228,2,0.42337600000000003
3851,0.0,0.1,0.5,0.0,0.2,0.2,1229,2,0.43324799999999997
3851,0.0,0.0,0.1,0.0,0.0,0.9,1230,2,0.47656800000000005
3851,0.0,0.0,0.1,0.2,0.0,0.7,1231,2,0.44347600000000004
3851,0.2,0.4,0.1,0.0,0.3,0.0,1232,2,0.409337
3851,0.1,0.7,0.0,0.0,0.2,0.0,1233,2,0.408048
3851,0.0,0.3,0.2,0.1,0.4,0.0,1234,2,0.40842
3851,0.5,0.3,0.0,0.2,0.0,0.0,1235,2,0.389967
3851,0.0,0.1,0.2,0.5,0.2,0.0,1236,2,0.41157200000000005
3851,0.3,0.2,0.0,0.0,0.0,0.5,1237,2,0.411386
3851,0.3,0.0,0.0,0.3,0.2,0.2,1238,2,0.406141
3851,0.2,0.4,0.3,0.0,0.1,0.0,1239,2,0.394698
3851,0.0,0.0,0.3,0.0,0.7,0.0,1240,2,0.412692
3851,0.1,0.0,0.2,0.5,0.2,0.0,1241,2,0.402462
3851,0.3,0.0,0.0,0.2,0.1,0.4,1242,2,0.41026899999999994
3851,0.2,0.3,0.3,0.0,0.0,0.2,1243,2,0.421626
3851,0.3,0.0,0.0,0.0,0.5,0.2,1244,2,0.393085
3851,0.2,0.3,0.0,0.3,0.2,0.0,1245,2,0.396536
3851,0.1,0.2,0.0,0.6,0.1,0.0,1246,2,0.41868999999999995
3851,0.1,0.1,0.4,0.0,0.4,0.0,1247,2,0.403393
3851,0.1,0.1,0.6,0.0,0.0,0.2,1248,2,0.422303
3851,0.3,0.5,0.2,0.0,0.0,0.0,1249,2,0.38167399999999996
3851,0.4,0.0,0.3,0.0,0.1,0.2,1250,2,0.416958
3851,0.5,0.1,0.0,0.2,0.0,0.2,1251,2,0.40078400000000003
3851,0.0,0.1,0.1,0.5,0.3,0.0,1252,2,0.42599499999999996
3851,0.0,0.1,0.0,0.2,0.0,0.7,1253,2,0.443058
3851,0.1,0.0,0.0,0.0,0.1,0.8,1254,2,0.416076
3851,0.1,0.3,0.2,0.0,0.4,0.0,1255,2,0.403878
3851,0.0,0.2,0.1,0.5,0.2,0.0,1256,2,0.408538
3851,0.1,0.2,0.0,0.1,0.6,0.0,1257,2,0.40455
3851,0.4,0.0,0.1,0.0,0.3,0.2,1258,2,0.40807
3851,0.2,0.0,0.1,0.7,0.0,0.0,1259,2,0.394994
3851,0.0,0.0,0.3,0.1,0.4,0.2,1260,2,0.43998400000000004
3851,0.1,0.0,0.1,0.3,0.0,0.5,1261,2,0.423529
3851,0.3,0.0,0.1,0.1,0.5,0.0,1262,2,0.41583400000000004
3851,0.2,0.0,0.2,0.0,0.3,0.3,1263,2,0.419113
3851,0.0,0.3,0.3,0.1,0.3,0.0,1264,2,0.42157700000000004
3851,0.1,0.2,0.0,0.0,0.3,0.4,1265,2,0.410894
3851,0.0,0.1,0.3,0.0,0.2,0.4,1266,2,0.429439
3851,0.5,0.0,0.1,0.3,0.1,0.0,1267,2,0.430946
3851,0.0,0.1,0.4,0.0,0.4,0.1,1268,2,0.41545600000000005
3851,0.2,0.2,0.1,0.0,0.0,0.5,1269,2,0.405217
3851,0.1,0.0,0.4,0.2,0.3,0.0,1270,2,0.43054799999999993
3851,0.0,0.3,0.3,0.4,0.0,0.0,1271,2,0.426583
3851,0.0,0.7,0.0,0.0,0.1,0.2,1272,2,0.42468
3851,0.2,0.0,0.3,0.0,0.4,0.1,1273,2,0.435978
3851,0.0,0.0,0.2,0.5,0.1,0.2,1274,2,0.446667
3851,0.1,0.6,0.0,0.2,0.1,0.0,1275,2,0.402008
3851,0.0,0.4,0.3,0.3,0.0,0.0,1276,2,0.43509
3851,0.4,0.2,0.1,0.0,0.0,0.3,1277,2,0.39024000000000003
3851,0.1,0.0,0.0,0.6,0.3,0.0,1278,2,0.39810500000000004
3851,0.5,0.1,0.0,0.0,0.2,0.2,1279,2,0.388833
3851,0.2,0.0,0.2,0.0,0.1,0.5,1280,2,0.420947
3851,0.4,0.0,0.2,0.0,0.3,0.1,1282,2,0.43149499999999996
3851,0.7,0.0,0.1,0.0,0.1,0.1,1283,2,0.43016400000000005
3851,0.2,0.0,0.0,0.5,0.2,0.1,1284,2,0.422929
3851,0.0,0.4,0.0,0.1,0.3,0.2,1285,2,0.414246
3851,0.5,0.0,0.2,0.2,0.0,0.1,1286,2,0.458646
3851,0.0,0.5,0.4,0.0,0.1,0.0,1287,2,0.420177
3851,0.3,0.1,0.2,0.4,0.0,0.0,1288,2,0.44634300000000005
3851,0.1,0.2,0.1,0.0,0.0,0.6,1289,2,0.45491899999999996
3851,0.3,0.0,0.0,0.2,0.3,0.2,1290,2,0.42889700000000003
3851,0.1,0.0,0.3,0.5,0.0,0.1,1291,2,0.461032
3851,0.1,0.5,0.1,0.0,0.3,0.0,1292,2,0.42203199999999996
3851,0.0,0.5,0.4,0.1,0.0,0.0,1293,2,0.43721499999999996
3851,0.2,0.0,0.0,0.1,0.0,0.7,1294,2,0.47471499999999994
3851,0.0,0.4,0.6,0.0,0.0,0.0,1295,2,0.421638
3851,0.1,0.0,0.0,0.2,0.3,0.4,1296,2,0.419067
3851,0.0,0.4,0.0,0.0,0.0,0.6,1297,2,0.44805600000000007
3851,0.0,0.4,0.1,0.0,0.1,0.4,1298,2,0.432058
3851,0.3,0.2,0.4,0.0,0.1,0.0,1299,2,0.40160300000000004
3851,0.2,0.0,0.0,0.3,0.4,0.1,1300,2,0.411371
3851,0.0,0.2,0.3,0.3,0.2,0.0,1301,2,0.428029
3851,0.0,0.2,0.2,0.5,0.1,0.0,1302,2,0.42198
3851,0.3,0.1,0.1,0.5,0.0,0.0,1303,2,0.42821400000000004
3851,0.2,0.2,0.5,0.0,0.0,0.1,1304,2,0.42428299999999997
3851,0.3,0.5,0.0,0.0,0.0,0.2,1305,2,0.398848
3851,0.4,0.3,0.0,0.0,0.1,0.2,1306,2,0.396883
3851,0.4,0.0,0.3,0.0,0.0,0.3,1307,2,0.448395
3851,0.1,0.4,0.0,0.0,0.3,0.2,1308,2,0.417605
3851,0.7,0.0,0.2,0.1,0.0,0.0,1309,2,0.442248
3851,0.0,0.0,0.1,0.4,0.4,0.1,1310,2,0.427883
3851,0.2,0.1,0.0,0.5,0.0,0.2,1311,2,0.442538
3851,0.4,0.4,0.1,0.0,0.0,0.1,1312,2,0.405062
3851,0.1,0.4,0.5,0.0,0.0,0.0,1313,2,0.397902
3851,0.4,0.0,0.3,0.2,0.1,0.0,1314,2,0.44749799999999995
3851,0.1,0.0,0.7,0.1,0.0,0.1,1315,2,0.46687700000000004
3851,0.1,0.0,0.0,0.9,0.0,0.0,1316,2,0.44088299999999997
3851,0.0,0.0,0.5,0.0,0.3,0.2,1317,2,0.44826099999999997
3851,0.0,0.2,0.1,0.0,0.6,0.1,1318,2,0.408736
3851,0.3,0.0,0.0,0.4,0.3,0.0,1319,2,0.41380500000000003
3851,0.2,0.0,0.0,0.3,0.2,0.3,1320,2,0.425412
3851,0.3,0.4,0.1,0.2,0.0,0.0,1321,2,0.419559
3851,0.0,0.3,0.0,0.0,0.3,0.4,1322,2,0.428196
3851,0.0,0.6,0.0,0.1,0.2,0.1,1323,2,0.421343
3851,0.4,0.0,0.0,0.1,0.1,0.4,1324,2,0.42834300000000003
3851,0.0,0.1,0.0,0.2,0.1,0.6,1325,2,0.462002
3851,0.1,0.2,0.0,0.3,0.4,0.0,1326,2,0.406736
3851,0.0,0.2,0.3,0.1,0.0,0.4,1327,2,0.475793
3851,0.4,0.0,0.0,0.5,0.0,0.1,1328,2,0.43726499999999996
3851,0.1,0.0,0.0,0.2,0.5,0.2,1329,2,0.41121599999999997
3851,0.2,0.3,0.1,0.0,0.0,0.4,1330,2,0.424317
3851,0.0,0.0,0.1,0.9,0.0,0.0,1331,2,0.442015
3851,0.5,0.1,0.3,0.1,0.0,0.0,1332,2,0.427511
3851,0.0,0.4,0.1,0.3,0.0,0.2,1333,2,0.451608
3851,0.2,0.3,0.0,0.0,0.0,0.5,1334,2,0.410491
3851,0.1,0.3,0.5,0.0,0.1,0.0,1335,2,0.401072
3851,0.2,0.0,0.5,0.1,0.2,0.0,1336,2,0.42450200000000005
3851,0.3,0.4,0.2,0.0,0.1,0.0,1337,2,0.388394
3851,0.0,0.0,0.2,0.4,0.4,0.0,1338,2,0.424854
3851,0.0,0.3,0.1,0.2,0.0,0.4,1339,2,0.423496
3851,0.1,0.0,0.4,0.4,0.0,0.1,1340,2,0.45835600000000004
3851,0.0,0.6,0.0,0.1,0.1,0.2,1341,2,0.41185
3851,0.3,0.1,0.2,0.0,0.4,0.0,1342,2,0.396393
3851,0.3,0.0,0.3,0.0,0.3,0.1,1343,2,0.41214300000000004
3851,0.4,0.0,0.0,0.4,0.2,0.0,1344,2,0.41743
3851,0.4,0.3,0.0,0.0,0.3,0.0,1346,2,0.378136
3851,0.0,0.8,0.1,0.1,0.0,0.0,1347,2,0.423284
3851,0.0,0.3,0.1,0.0,0.1,0.5,1348,2,0.429713
3851,0.1,0.1,0.3,0.5,0.0,0.0,1349,2,0.436608
3851,0.0,0.2,0.2,0.1,0.5,0.0,1350,2,0.403506
3851,0.2,0.0,0.0,0.0,0.3,0.5,1351,2,0.414735
3851,0.0,0.1,0.3,0.0,0.1,0.5,1352,2,0.453463
3851,0.0,0.4,0.0,0.5,0.1,0.0,1353,2,0.41499300000000006
3851,0.6,0.1,0.3,0.0,0.0,0.0,1354,2,0.386466
3851,0.1,0.1,0.5,0.3,0.0,0.0,1355,2,0.44054
3851,0.0,0.0,0.1,0.0,0.3,0.6,1356,2,0.427933
3851,0.0,0.7,0.0,0.1,0.2,0.0,1357,2,0.403947
3851,0.6,0.2,0.1,0.1,0.0,0.0,1358,2,0.428588
3851,0.0,0.0,0.3,0.0,0.3,0.4,1359,2,0.451162
3851,0.6,0.0,0.4,0.0,0.0,0.0,1360,2,0.422907
3851,0.1,0.0,0.2,0.6,0.1,0.0,1361,2,0.423354
3851,0.1,0.1,0.0,0.1,0.7,0.0,1362,2,0.407168
3851,0.0,0.0,0.3,0.4,0.1,0.2,1363,2,0.408977
3851,0.5,0.1,0.2,0.0,0.2,0.0,1364,2,0.386621
3851,0.6,0.0,0.3,0.0,0.1,0.0,1365,2,0.403903
3851,0.0,0.7,0.2,0.1,0.0,0.0,1366,2,0.42243500000000006
3851,0.1,0.1,0.8,0.0,0.0,0.0,1367,2,0.405091
3851,0.2,0.4,0.0,0.3,0.0,0.1,1368,2,0.419488
3851,0.5,0.2,0.0,0.2,0.0,0.1,1369,2,0.381723
3851,0.3,0.1,0.0,0.3,0.3,0.0,1370,2,0.377956
3851,0.1,0.0,0.1,0.6,0.0,0.2,1371,2,0.4493
3851,0.0,0.0,0.4,0.1,0.1,0.4,1372,2,0.42011000000000004
3851,0.1,0.0,0.5,0.0,0.1,0.3,1373,2,0.42868
3851,0.1,0.0,0.0,0.3,0.2,0.4,1374,2,0.439562
3851,0.3,0.0,0.2,0.1,0.4,0.0,1375,2,0.417854
3851,0.1,0.1,0.0,0.7,0.0,0.1,1376,2,0.406697
3851,0.4,0.1,0.4,0.1,0.0,0.0,1377,2,0.40830900000000003
3851,0.2,0.1,0.3,0.0,0.4,0.0,1378,2,0.416005
3851,0.1,0.0,0.6,0.0,0.3,0.0,1379,2,0.431004
3851,0.1,0.0,0.1,0.3,0.5,0.0,1380,2,0.414625
3851,0.3,0.1,0.0,0.2,0.4,0.0,1381,2,0.398325
3851,0.3,0.6,0.1,0.0,0.0,0.0,1382,2,0.36964
3851,0.2,0.4,0.0,0.1,0.3,0.0,1383,2,0.396503
3851,0.1,0.0,0.0,0.2,0.4,0.3,1384,2,0.392617
3851,0.0,0.4,0.1,0.2,0.3,0.0,1385,2,0.415016
3851,0.4,0.0,0.3,0.2,0.0,0.1,1386,2,0.429883
3851,0.1,0.3,0.0,0.1,0.5,0.0,1387,2,0.397897
3851,0.0,0.2,0.2,0.0,0.1,0.5,1388,2,0.424957
3851,0.1,0.5,0.0,0.1,0.0,0.3,1389,2,0.411441
3851,0.1,0.3,0.0,0.0,0.6,0.0,1390,2,0.403525
3851,0.5,0.3,0.0,0.0,0.0,0.2,1391,2,0.380399
3851,0.5,0.0,0.2,0.0,0.2,0.1,1392,2,0.41647799999999996
3851,0.0,0.0,0.8,0.1,0.0,0.1,1393,2,0.42981400000000003
3851,0.0,0.0,0.9,0.1,0.0,0.0,1394,2,0.453036
3851,0.4,0.0,0.0,0.1,0.5,0.0,1395,2,0.414178
3851,0.6,0.0,0.0,0.2,0.1,0.1,1396,2,0.426597
3851,0.0,0.3,0.5,0.0,0.2,0.0,1397,2,0.41156499999999996
3851,0.4,0.0,0.1,0.1,0.0,0.4,1398,2,0.42968999999999996
3851,0.1,0.6,0.2,0.0,0.1,0.0,1399,2,0.38976700000000003
3851,0.0,0.1,0.1,0.1,0.7,0.0,1400,2,0.39224899999999996
3851,0.0,0.5,0.1,0.3,0.1,0.0,1401,2,0.392852
3851,0.0,0.7,0.1,0.0,0.1,0.1,1402,2,0.402283
3851,0.3,0.3,0.1,0.3,0.0,0.0,1403,2,0.42398800000000003
3851,0.0,0.1,0.0,0.0,0.0,0.9,1404,2,0.495483
3851,0.2,0.1,0.1,0.0,0.6,0.0,1405,2,0.405859
3851,0.0,0.5,0.0,0.1,0.4,0.0,1406,2,0.389207
3851,0.6,0.1,0.2,0.0,0.1,0.0,1407,2,0.37766900000000003
3851,0.1,0.0,0.4,0.2,0.0,0.3,1408,2,0.45361999999999997
3851,0.0,0.0,0.2,0.0,0.4,0.4,1410,2,0.41811400000000004
3851,0.1,0.0,0.1,0.0,0.0,0.8,1411,2,0.46617200000000003
3851,0.1,0.0,0.0,0.4,0.2,0.3,1412,2,0.44038299999999997
3851,0.2,0.3,0.0,0.0,0.5,0.0,1413,2,0.410896
3851,0.2,0.0,0.0,0.2,0.3,0.3,1414,2,0.41575
3851,0.0,0.0,0.4,0.0,0.1,0.5,1415,2,0.44549399999999995
3851,0.3,0.0,0.1,0.3,0.0,0.3,1416,2,0.465909
3851,0.0,0.0,0.0,0.9,0.0,0.1,1417,2,0.450654
3851,0.1,0.3,0.3,0.0,0.0,0.3,1418,2,0.439014
3851,0.0,0.0,0.2,0.3,0.5,0.0,1419,2,0.41970100000000005
3851,0.1,0.2,0.0,0.0,0.0,0.7,1420,2,0.43444799999999995
3851,0.0,0.1,0.1,0.0,0.1,0.7,1421,2,0.446221
3851,0.1,0.6,0.1,0.0,0.0,0.2,1422,2,0.42833000000000004
3851,0.0,0.0,0.3,0.2,0.1,0.4,1423,2,0.45384399999999997
3851,0.0,0.0,0.3,0.5,0.2,0.0,1424,2,0.432478
3851,0.0,0.2,0.2,0.3,0.0,0.3,1425,2,0.468329
3851,0.2,0.6,0.1,0.0,0.1,0.0,1426,2,0.402881
3851,0.0,0.1,0.3,0.5,0.0,0.1,1427,2,0.43138999999999994
3851,0.2,0.4,0.3,0.1,0.0,0.0,1428,2,0.42856700000000003
3851,0.0,0.1,0.0,0.0,0.7,0.2,1429,2,0.41462
3851,0.1,0.0,0.1,0.0,0.1,0.7,1430,2,0.450246
3851,0.0,0.9,0.0,0.0,0.1,0.0,1431,2,0.419018
3851,0.1,0.2,0.0,0.4,0.3,0.0,1432,2,0.398988
3851,0.0,0.4,0.0,0.0,0.5,0.1,1433,2,0.402518
3851,0.3,0.0,0.0,0.4,0.1,0.2,1434,2,0.41673599999999994
3851,0.2,0.3,0.0,0.0,0.3,0.2,1435,2,0.395063
3851,0.0,0.2,0.5,0.2,0.0,0.1,1436,2,0.456585
3851,0.2,0.5,0.0,0.0,0.0,0.3,1437,2,0.407885
3851,0.0,0.2,0.4,0.0,0.1,0.3,1438,2,0.447683
3851,0.1,0.7,0.0,0.1,0.1,0.0,1439,2,0.406719
3851,0.0,0.7,0.1,0.0,0.2,0.0,1440,2,0.43463
3851,0.3,0.0,0.0,0.5,0.1,0.1,1441,2,0.43739799999999995
3851,0.0,0.1,0.4,0.4,0.1,0.0,1442,2,0.442504
3851,0.4,0.0,0.2,0.0,0.0,0.4,1443,2,0.469693
3851,0.2,0.0,0.3,0.1,0.0,0.4,1444,2,0.469983
3851,0.4,0.3,0.0,0.3,0.0,0.0,1445,2,0.40812800000000005
3851,0.0,0.3,0.0,0.0,0.7,0.0,1446,2,0.399593
3851,0.0,0.1,0.0,0.1,0.1,0.7,1447,2,0.42040600000000006
3851,0.3,0.2,0.5,0.0,0.0,0.0,1448,2,0.387312
3851,0.1,0.0,0.4,0.5,0.0,0.0,1449,2,0.43845
3851,0.0,0.0,0.2,0.3,0.1,0.4,1450,2,0.468976
3851,0.4,0.2,0.1,0.3,0.0,0.0,1451,2,0.430918
3851,0.0,0.3,0.0,0.5,0.0,0.2,1452,2,0.47119799999999995
3851,0.1,0.0,0.4,0.0,0.4,0.1,1453,2,0.43068900000000004
3851,0.1,0.2,0.0,0.0,0.5,0.2,1454,2,0.409033
3851,0.5,0.2,0.0,0.1,0.2,0.0,1455,2,0.378905
3851,0.5,0.0,0.0,0.2,0.3,0.0,1456,2,0.421303
3851,0.5,0.4,0.0,0.1,0.0,0.0,1457,2,0.387866
3851,0.4,0.0,0.2,0.3,0.0,0.1,1458,2,0.44321000000000005
3851,0.0,0.3,0.1,0.0,0.5,0.1,1459,2,0.407283
3851,0.2,0.3,0.3,0.2,0.0,0.0,1460,2,0.432529
3851,0.1,0.2,0.4,0.0,0.0,0.3,1461,2,0.440083
3851,0.3,0.1,0.0,0.0,0.0,0.6,1462,2,0.43584700000000004
3851,0.0,0.5,0.0,0.5,0.0,0.0,1463,2,0.42527299999999996
3851,0.0,0.3,0.2,0.0,0.5,0.0,1464,2,0.397646
3851,0.0,0.0,0.4,0.3,0.1,0.2,1465,2,0.43511700000000003
3851,0.2,0.4,0.0,0.0,0.4,0.0,1466,2,0.39695
3851,0.0,0.0,0.6,0.0,0.3,0.1,1467,2,0.42784300000000003
3851,0.1,0.5,0.3,0.0,0.1,0.0,1468,2,0.40157600000000004
3851,0.0,0.2,0.0,0.1,0.1,0.6,1469,2,0.42349799999999993
3851,0.7,0.0,0.0,0.1,0.1,0.1,1470,2,0.405671
3851,0.0,0.2,0.1,0.1,0.6,0.0,1471,2,0.395458
3851,0.2,0.0,0.6,0.1,0.1,0.0,1472,2,0.421717
3851,0.0,0.2,0.0,0.4,0.1,0.3,1474,2,0.435906
3851,0.0,0.2,0.6,0.1,0.1,0.0,1475,2,0.430217
3851,0.4,0.0,0.0,0.5,0.1,0.0,1476,2,0.42002700000000004
3851,0.0,0.1,0.5,0.2,0.0,0.2,1477,2,0.474484
3851,0.1,0.6,0.0,0.0,0.3,0.0,1478,2,0.409107
3851,0.0,0.0,0.0,0.0,0.1,0.9,1479,2,0.42046999999999995
3851,0.4,0.0,0.1,0.1,0.4,0.0,1480,2,0.43055299999999996
3851,0.7,0.0,0.0,0.2,0.0,0.1,1481,2,0.45342299999999996
3851,0.2,0.0,0.3,0.4,0.1,0.0,1482,2,0.435388
3851,0.1,0.7,0.0,0.0,0.1,0.1,1483,2,0.396993
3851,0.0,0.7,0.0,0.0,0.3,0.0,1484,2,0.411304
3851,0.0,0.8,0.1,0.0,0.0,0.1,1485,2,0.440301
3851,0.0,0.1,0.0,0.3,0.2,0.4,1486,2,0.436121
3851,0.4,0.6,0.0,0.0,0.0,0.0,1487,2,0.391987
3851,0.0,0.4,0.1,0.3,0.2,0.0,1488,2,0.412684
3851,0.3,0.0,0.0,0.3,0.1,0.3,1489,2,0.429924
3851,0.6,0.0,0.3,0.0,0.0,0.1,1490,2,0.408509
3851,0.1,0.0,0.2,0.1,0.0,0.6,1491,2,0.42859200000000003
3851,0.1,0.2,0.0,0.1,0.0,0.6,1492,2,0.45001899999999995
3851,0.4,0.0,0.4,0.0,0.2,0.0,1493,2,0.426885
3851,0.1,0.4,0.3,0.0,0.2,0.0,1494,2,0.416494
3851,0.5,0.2,0.1,0.0,0.0,0.2,1495,2,0.41266
3851,0.0,0.3,0.0,0.1,0.5,0.1,1496,2,0.397233
3851,0.0,0.0,0.4,0.4,0.2,0.0,1497,2,0.41948900000000006
3851,0.4,0.0,0.1,0.0,0.4,0.1,1498,2,0.41289499999999996
3851,0.0,0.1,0.0,0.4,0.5,0.0,1499,2,0.399409
3851,0.0,0.2,0.3,0.0,0.0,0.5,1500,2,0.442698
3851,0.0,0.0,0.3,0.1,0.6,0.0,1501,2,0.411645
3851,0.0,0.0,0.2,0.1,0.0,0.7,1502,2,0.45085
3851,0.1,0.0,0.1,0.5,0.3,0.0,1503,2,0.42536
3851,0.0,0.1,0.0,0.0,0.8,0.1,1504,2,0.413641
3851,0.2,0.4,0.4,0.0,0.0,0.0,1505,2,0.390487
3851,0.0,0.1,0.3,0.2,0.0,0.4,1506,2,0.453324
3851,0.0,0.3,0.4,0.0,0.0,0.3,1507,2,0.478267
3851,0.0,0.0,0.3,0.1,0.5,0.1,1508,2,0.437435
3851,0.0,0.6,0.0,0.3,0.1,0.0,1509,2,0.406889
3851,0.7,0.1,0.0,0.1,0.0,0.1,1510,2,0.395638
3851,0.0,0.3,0.5,0.0,0.0,0.2,1511,2,0.441647
3851,0.0,0.0,0.0,0.7,0.0,0.3,1512,2,0.47233800000000004
3851,0.0,0.4,0.0,0.3,0.3,0.0,1513,2,0.411415
3851,0.1,0.0,0.0,0.1,0.5,0.3,1514,2,0.420709
3851,0.1,0.0,0.3,0.1,0.5,0.0,1515,2,0.42626800000000004
3851,0.0,0.0,0.0,0.1,0.6,0.3,1516,2,0.41861400000000004
3851,0.0,0.5,0.3,0.1,0.1,0.0,1517,2,0.420234
3851,0.4,0.4,0.0,0.1,0.0,0.1,1518,2,0.382467
3851,0.0,0.5,0.3,0.0,0.2,0.0,1519,2,0.391413
3851,0.0,0.5,0.5,0.0,0.0,0.0,1520,2,0.41038100000000005
3851,0.0,0.0,0.0,0.3,0.1,0.6,1521,2,0.412951
3851,0.3,0.2,0.0,0.4,0.1,0.0,1522,2,0.406929
3851,0.5,0.3,0.0,0.1,0.0,0.1,1523,2,0.386117
3851,0.1,0.0,0.6,0.0,0.0,0.3,1524,2,0.464262
3851,0.2,0.1,0.0,0.6,0.1,0.0,1525,2,0.42257799999999995
3851,0.0,0.0,0.2,0.0,0.1,0.7,1526,2,0.458688
3851,0.0,0.3,0.0,0.4,0.0,0.3,1527,2,0.481142
3851,0.0,0.4,0.3,0.2,0.0,0.1,1528,2,0.41213500000000003
3851,0.0,0.3,0.0,0.0,0.6,0.1,1529,2,0.411285
3851,0.0,0.3,0.0,0.3,0.2,0.2,1530,2,0.425408
3851,0.0,0.5,0.1,0.0,0.3,0.1,1531,2,0.40168400000000004
3851,0.2,0.0,0.5,0.0,0.2,0.1,1532,2,0.404414
3851,0.0,0.1,0.0,0.4,0.0,0.5,1533,2,0.473768
3851,0.0,0.0,0.3,0.1,0.3,0.3,1534,2,0.43438000000000004
3851,0.1,0.3,0.0,0.2,0.0,0.4,1535,2,0.41200000000000003
3851,0.5,0.0,0.4,0.0,0.0,0.1,1536,2,0.42994799999999994
3851,0.0,0.4,0.0,0.6,0.0,0.0,1538,2,0.43245
3851,0.4,0.0,0.0,0.0,0.5,0.1,1539,2,0.408906
3851,0.2,0.4,0.0,0.0,0.0,0.4,1540,2,0.391561
3851,0.0,0.0,0.0,0.3,0.7,0.0,1541,2,0.393968
3851,0.1,0.3,0.0,0.0,0.4,0.2,1542,2,0.405677
3851,0.2,0.3,0.2,0.0,0.0,0.3,1543,2,0.431104
3851,0.8,0.0,0.1,0.1,0.0,0.0,1544,2,0.44823199999999996
3851,0.0,0.1,0.4,0.0,0.5,0.0,1545,2,0.404088
3851,0.0,0.6,0.3,0.1,0.0,0.0,1546,2,0.422436
3851,0.5,0.0,0.4,0.0,0.1,0.0,1547,2,0.433896
3851,0.1,0.1,0.0,0.4,0.0,0.4,1548,2,0.443086
3851,0.0,0.4,0.0,0.1,0.5,0.0,1549,2,0.40899800000000003
3851,0.1,0.3,0.1,0.0,0.0,0.5,1550,2,0.437431
3851,0.0,0.0,0.1,0.5,0.2,0.2,1551,2,0.403862
3851,0.3,0.1,0.0,0.0,0.1,0.5,1552,2,0.40613499999999997
3851,0.0,0.3,0.4,0.1,0.2,0.0,1553,2,0.421242
3851,0.0,0.1,0.0,0.0,0.4,0.5,1554,2,0.42052700000000004
3851,0.2,0.1,0.0,0.0,0.3,0.4,1555,2,0.41316800000000004
3851,0.4,0.0,0.4,0.0,0.0,0.2,1556,2,0.44048999999999994
3851,0.0,0.1,0.1,0.3,0.5,0.0,1557,2,0.408358
3851,0.0,0.0,0.3,0.1,0.1,0.5,1558,2,0.421249
3851,0.7,0.1,0.0,0.1,0.1,0.0,1559,2,0.406611
3851,0.3,0.0,0.1,0.4,0.2,0.0,1560,2,0.408258
3851,0.2,0.1,0.0,0.0,0.0,0.7,1561,2,0.437508
3851,0.5,0.0,0.2,0.0,0.1,0.2,1562,2,0.442665
3851,0.4,0.1,0.0,0.1,0.4,0.0,1563,2,0.403364
3851,0.0,0.2,0.1,0.0,0.5,0.2,1564,2,0.410183
3851,0.0,0.5,0.2,0.3,0.0,0.0,1565,2,0.42397700000000005
3851,0.2,0.0,0.4,0.3,0.1,0.0,1566,2,0.45148900000000003
3851,0.0,0.5,0.0,0.1,0.3,0.1,1567,2,0.425587
3851,0.1,0.0,0.0,0.5,0.1,0.3,1568,2,0.45996899999999996
3851,0.0,0.0,0.5,0.2,0.2,0.1,1569,2,0.408983
3851,0.0,0.2,0.5,0.0,0.3,0.0,1570,2,0.407499
3851,0.3,0.0,0.0,0.5,0.0,0.2,1571,2,0.44538
3851,0.1,0.4,0.4,0.0,0.0,0.1,1572,2,0.411992
3851,0.0,0.2,0.4,0.3,0.1,0.0,1573,2,0.422759
3851,0.0,0.6,0.0,0.1,0.3,0.0,1574,2,0.405692
3851,0.0,0.5,0.2,0.2,0.0,0.1,1575,2,0.446078
3851,0.2,0.6,0.1,0.0,0.0,0.1,1576,2,0.394951
3851,0.3,0.4,0.1,0.0,0.0,0.2,1577,2,0.395909
3851,0.7,0.1,0.2,0.0,0.0,0.0,1578,2,0.37451100000000004
3851,0.7,0.0,0.1,0.2,0.0,0.0,1579,2,0.424436
3851,0.0,0.0,0.0,0.6,0.1,0.3,1580,2,0.447578
3851,0.4,0.0,0.0,0.0,0.4,0.2,1581,2,0.409521
3851,0.2,0.0,0.1,0.2,0.0,0.5,1582,2,0.392406
3851,0.0,0.0,0.4,0.2,0.4,0.0,1583,2,0.405185
3851,0.0,0.0,0.4,0.5,0.1,0.0,1584,2,0.42723999999999995
3851,0.1,0.4,0.0,0.0,0.2,0.3,1585,2,0.405212
3851,0.1,0.2,0.2,0.0,0.0,0.5,1586,2,0.41102799999999995
3851,0.0,0.0,0.0,0.1,0.4,0.5,1587,2,0.433892
3851,0.7,0.2,0.1,0.0,0.0,0.0,1588,2,0.361149
3851,0.4,0.0,0.4,0.1,0.1,0.0,1589,2,0.395995
3851,0.1,0.4,0.2,0.0,0.0,0.3,1590,2,0.420072
3851,0.1,0.0,0.0,0.0,0.3,0.6,1591,2,0.4502
3851,0.5,0.3,0.1,0.0,0.1,0.0,1592,2,0.3828
3851,0.1,0.3,0.0,0.4,0.2,0.0,1594,1,0.41509799999999997
3851,0.4,0.0,0.0,0.2,0.3,0.1,1595,1,0.42246999999999996
3851,0.0,0.5,0.0,0.1,0.1,0.3,1596,1,0.437275
3851,0.0,0.0,0.1,0.1,0.4,0.4,1597,1,0.452791
3851,0.4,0.0,0.1,0.0,0.5,0.0,1598,1,0.43396
3851,0.0,0.0,0.3,0.4,0.0,0.3,1599,1,0.47844799999999993
3851,0.0,0.0,0.1,0.3,0.1,0.5,1600,1,0.453326
3851,0.1,0.5,0.0,0.0,0.2,0.2,1602,1,0.419788
3851,0.0,0.6,0.4,0.0,0.0,0.0,1603,1,0.42461000000000004
3851,0.0,0.3,0.0,0.7,0.0,0.0,1604,1,0.444669
3851,0.6,0.2,0.1,0.0,0.1,0.0,1605,1,0.401536
3851,0.0,0.1,0.8,0.0,0.0,0.1,1606,1,0.449271
3851,0.0,0.3,0.0,0.4,0.2,0.1,1607,1,0.43179700000000004
3851,0.2,0.3,0.0,0.2,0.0,0.3,1608,1,0.424425
3851,0.3,0.1,0.1,0.0,0.5,0.0,1609,1,0.419121
3851,0.3,0.1,0.0,0.2,0.0,0.4,1610,1,0.431176
3851,0.1,0.0,0.1,0.1,0.0,0.7,1611,1,0.514447
3851,0.1,0.1,0.7,0.1,0.0,0.0,1612,1,0.466992
3851,0.1,0.2,0.2,0.0,0.5,0.0,1613,1,0.420183
3851,0.2,0.0,0.1,0.0,0.6,0.1,1614,1,0.448776
3851,0.0,0.1,0.0,0.4,0.3,0.2,1615,1,0.44148699999999996
3851,0.0,0.3,0.1,0.0,0.4,0.2,1616,1,0.42121000000000003
3851,0.3,0.0,0.0,0.0,0.4,0.3,1617,1,0.43252799999999997
3851,0.3,0.0,0.1,0.0,0.4,0.2,1618,1,0.44898999999999994
3851,0.7,0.0,0.0,0.0,0.0,0.3,1619,1,0.444529
3851,0.2,0.1,0.5,0.0,0.0,0.2,1620,1,0.46188900000000005
3851,0.0,0.5,0.2,0.0,0.1,0.2,1621,1,0.44799999999999995
3851,0.3,0.0,0.5,0.1,0.0,0.1,1622,1,0.5032760000000001
3851,0.0,0.4,0.1,0.1,0.4,0.0,1623,1,0.425141
3851,0.0,0.3,0.0,0.3,0.0,0.4,1624,1,0.499407
3851,0.2,0.0,0.4,0.3,0.0,0.1,1625,1,0.50275
3851,0.2,0.0,0.2,0.1,0.0,0.5,1626,1,0.506822
3851,0.0,0.6,0.1,0.0,0.2,0.1,1627,1,0.43738
3851,0.0,0.3,0.3,0.0,0.0,0.4,1628,1,0.48245600000000005
3851,0.0,0.3,0.1,0.4,0.2,0.0,1629,1,0.43179399999999996
3851,0.1,0.0,0.3,0.3,0.3,0.0,1630,1,0.446297
3851,0.0,0.2,0.1,0.6,0.1,0.0,1631,1,0.42990600000000007
3851,0.1,0.2,0.6,0.0,0.0,0.1,1632,1,0.438921
3851,0.3,0.0,0.0,0.3,0.4,0.0,1633,1,0.42924300000000004
3851,0.3,0.0,0.3,0.0,0.1,0.3,1634,1,0.454196
3851,0.0,0.3,0.1,0.3,0.3,0.0,1635,1,0.43126400000000004
3851,0.3,0.3,0.2,0.0,0.0,0.2,1636,1,0.43015200000000003
3851,0.3,0.0,0.3,0.2,0.0,0.2,1637,1,0.501395
3851,0.0,0.1,0.0,0.1,0.8,0.0,1638,1,0.42248100000000005
3851,0.0,0.0,0.3,0.2,0.2,0.3,1639,1,0.47441099999999997
3851,0.5,0.3,0.0,0.0,0.1,0.1,1640,1,0.394095
3851,0.3,0.0,0.1,0.4,0.0,0.2,1641,1,0.45514899999999997
3851,0.3,0.0,0.1,0.3,0.3,0.0,1642,1,0.420659
3851,0.0,0.0,0.4,0.0,0.6,0.0,1643,1,0.43489399999999995
3851,0.0,0.6,0.0,0.2,0.1,0.1,1644,1,0.434332
3851,0.1,0.0,0.2,0.7,0.0,0.0,1645,1,0.447007
3851,0.0,0.0,0.7,0.2,0.1,0.0,1646,1,0.48559399999999997
3851,0.1,0.0,0.1,0.4,0.0,0.4,1647,1,0.504887
3851,0.6,0.0,0.1,0.1,0.0,0.2,1648,1,0.483525
3851,0.2,0.5,0.2,0.0,0.1,0.0,1649,1,0.39202
3851,0.0,0.0,0.2,0.0,0.5,0.3,1650,1,0.439687
3851,0.3,0.0,0.0,0.4,0.0,0.3,1651,1,0.46732799999999997
3851,0.1,0.3,0.3,0.0,0.3,0.0,1652,1,0.40620300000000004
3851,0.2,0.0,0.7,0.0,0.0,0.1,1653,1,0.468179
3851,0.0,0.0,0.1,0.3,0.5,0.1,1654,1,0.423303
3851,0.0,0.1,0.5,0.1,0.3,0.0,1655,1,0.43908800000000003
3851,0.0,0.1,0.0,0.3,0.5,0.1,1656,1,0.414666
3851,0.4,0.0,0.0,0.4,0.0,0.2,1657,1,0.43800100000000003
3851,0.4,0.3,0.2,0.0,0.0,0.1,1658,1,0.3906
3851,0.1,0.0,0.1,0.0,0.8,0.0,1659,1,0.435654
3851,0.0,0.0,0.1,0.3,0.2,0.4,1660,1,0.44847299999999996
3851,0.1,0.4,0.0,0.4,0.0,0.1,1661,1,0.457004
3851,0.5,0.2,0.2,0.0,0.1,0.0,1662,1,0.378413
3851,0.0,0.0,0.2,0.4,0.1,0.3,1663,1,0.483998
3851,0.3,0.3,0.1,0.0,0.3,0.0,1664,1,0.393043
3851,0.1,0.0,0.1,0.4,0.4,0.0,1666,1,0.41578699999999996
3851,0.0,0.1,0.5,0.4,0.0,0.0,1667,1,0.45678599999999997
3851,0.3,0.0,0.3,0.3,0.0,0.1,1668,1,0.497913
3851,0.0,0.7,0.0,0.2,0.0,0.1,1669,1,0.46130600000000005
3851,0.0,0.2,0.0,0.1,0.4,0.3,1670,1,0.43472
3851,0.1,0.0,0.9,0.0,0.0,0.0,1671,1,0.45788999999999996
3851,0.4,0.1,0.0,0.0,0.0,0.5,1672,1,0.435626
3851,0.1,0.4,0.1,0.4,0.0,0.0,1673,1,0.44013800000000003
3851,0.0,0.0,0.0,0.6,0.0,0.4,1674,1,0.487129
3851,0.1,0.0,0.6,0.3,0.0,0.0,1675,1,0.480641
3851,0.4,0.0,0.0,0.1,0.2,0.3,1676,1,0.43493000000000004
3851,0.0,0.1,0.1,0.0,0.4,0.4,1677,1,0.43577299999999997
3851,0.0,0.0,0.1,0.6,0.3,0.0,1678,1,0.42819799999999997
3851,0.0,0.0,0.0,0.4,0.5,0.1,1679,1,0.42824300000000004
3851,0.0,0.0,0.7,0.0,0.3,0.0,1680,1,0.42953900000000006
3851,0.0,0.0,0.0,0.5,0.2,0.3,1681,1,0.455424
3851,0.2,0.3,0.1,0.4,0.0,0.0,1682,1,0.443612
3851,0.4,0.1,0.1,0.4,0.0,0.0,1683,1,0.452887
3851,0.0,0.3,0.0,0.1,0.0,0.6,1684,1,0.508099
3851,0.3,0.2,0.4,0.1,0.0,0.0,1685,1,0.452763
3851,0.0,0.0,0.7,0.0,0.1,0.2,1686,1,0.46538900000000005
3851,0.0,0.5,0.3,0.2,0.0,0.0,1687,1,0.44884300000000005
3851,0.0,0.7,0.0,0.2,0.1,0.0,1688,1,0.423663
3851,0.4,0.3,0.1,0.2,0.0,0.0,1689,1,0.443217
3851,0.0,0.1,0.0,0.9,0.0,0.0,1690,1,0.47049300000000005
3851,0.1,0.0,0.0,0.1,0.8,0.0,1691,1,0.430846
3851,0.0,0.5,0.0,0.1,0.2,0.2,1692,1,0.43454799999999993
3851,0.3,0.4,0.0,0.1,0.0,0.2,1693,1,0.40113000000000004
3851,0.3,0.1,0.0,0.1,0.0,0.5,1694,1,0.449888
3851,0.7,0.0,0.2,0.0,0.1,0.0,1695,1,0.430361
3851,0.3,0.0,0.1,0.2,0.4,0.0,1696,1,0.432595
3851,0.3,0.2,0.0,0.1,0.4,0.0,1697,1,0.417488
3851,0.0,0.6,0.1,0.0,0.1,0.2,1698,1,0.446008
3851,0.0,0.0,0.3,0.0,0.5,0.2,1699,1,0.436051
3851,0.0,0.1,0.6,0.2,0.0,0.1,1700,1,0.473387
3851,0.2,0.0,0.0,0.0,0.7,0.1,1701,1,0.43699399999999994
3851,0.1,0.6,0.2,0.0,0.0,0.1,1702,1,0.420843
3851,0.2,0.5,0.2,0.0,0.0,0.1,1703,1,0.41093999999999997
3851,0.0,0.3,0.2,0.5,0.0,0.0,1704,1,0.43823599999999996
3851,0.3,0.1,0.4,0.0,0.2,0.0,1705,1,0.409593
3851,0.1,0.1,0.0,0.8,0.0,0.0,1706,1,0.45386400000000005
3851,0.0,0.4,0.1,0.1,0.0,0.4,1707,1,0.49796
3851,0.4,0.2,0.0,0.0,0.3,0.1,1708,1,0.382899
3851,0.0,0.6,0.1,0.3,0.0,0.0,1709,1,0.45489300000000005
3851,0.0,0.0,0.1,0.0,0.5,0.4,1710,1,0.442539
3851,0.0,0.1,0.4,0.0,0.3,0.2,1711,1,0.453031
3851,0.1,0.4,0.1,0.0,0.0,0.4,1712,1,0.447234
3851,0.0,0.3,0.5,0.2,0.0,0.0,1713,1,0.45138100000000003
3851,0.2,0.0,0.0,0.4,0.3,0.1,1714,1,0.425072
3851,0.1,0.0,0.0,0.4,0.0,0.5,1715,1,0.5118689999999999
3851,0.0,0.1,0.0,0.6,0.3,0.0,1716,1,0.42030200000000006
3851,0.0,0.0,0.1,0.0,0.4,0.5,1717,1,0.451345
3851,0.0,0.0,0.0,0.9,0.1,0.0,1718,1,0.44288500000000003
3851,0.0,0.3,0.2,0.0,0.1,0.4,1719,1,0.45730200000000004
3851,0.5,0.0,0.3,0.0,0.0,0.2,1720,1,0.449769
3851,0.3,0.2,0.0,0.0,0.1,0.4,1721,1,0.415808
3851,0.1,0.4,0.4,0.0,0.1,0.0,1722,1,0.396325
3851,0.1,0.0,0.1,0.6,0.2,0.0,1723,1,0.430025
3851,0.0,0.4,0.0,0.4,0.1,0.1,1724,1,0.446956
3851,0.0,0.4,0.4,0.0,0.1,0.1,1725,1,0.43986000000000003
3851,0.0,0.2,0.1,0.0,0.4,0.3,1726,1,0.419112
3851,0.3,0.0,0.5,0.1,0.1,0.0,1727,1,0.46247200000000005
3851,0.7,0.0,0.0,0.0,0.2,0.1,1728,1,0.42378000000000005
3851,0.0,0.9,0.1,0.0,0.0,0.0,1730,1,0.431829
3851,0.3,0.4,0.0,0.3,0.0,0.0,1731,1,0.42581
3851,0.5,0.0,0.0,0.1,0.1,0.3,1732,1,0.43989399999999995
3851,0.0,0.0,0.2,0.5,0.2,0.1,1733,1,0.44640100000000005
3851,0.3,0.0,0.1,0.0,0.6,0.0,1734,1,0.43785100000000005
3851,0.0,0.3,0.1,0.5,0.1,0.0,1735,1,0.431778
3851,0.0,0.5,0.0,0.3,0.0,0.2,1736,1,0.478142
3851,0.0,0.1,0.4,0.3,0.0,0.2,1737,1,0.49251999999999996
3851,0.0,0.0,0.5,0.1,0.3,0.1,1738,1,0.45754399999999995
3851,0.0,0.0,0.5,0.0,0.5,0.0,1739,1,0.426544
3851,0.1,0.3,0.4,0.2,0.0,0.0,1740,1,0.456355
3851,0.5,0.0,0.0,0.2,0.1,0.2,1741,1,0.436191
3851,0.5,0.0,0.3,0.2,0.0,0.0,1742,1,0.49021899999999996
3851,0.0,0.0,0.3,0.0,0.4,0.3,1743,1,0.446479
3851,0.1,0.0,0.3,0.6,0.0,0.0,1744,1,0.454466
3851,0.0,0.4,0.2,0.3,0.0,0.1,1745,1,0.4738
3851,0.3,0.0,0.3,0.3,0.1,0.0,1746,1,0.474242
3851,0.2,0.5,0.0,0.0,0.3,0.0,1747,1,0.414889
3851,0.3,0.5,0.0,0.2,0.0,0.0,1748,1,0.412941
3851,0.0,0.7,0.2,0.0,0.0,0.1,1749,1,0.44781400000000005
3851,0.7,0.0,0.1,0.0,0.2,0.0,1750,1,0.426926
3851,0.4,0.3,0.0,0.2,0.1,0.0,1751,1,0.405944
3851,0.0,0.0,0.6,0.3,0.1,0.0,1752,1,0.463397
3851,0.0,0.0,0.3,0.2,0.0,0.5,1753,1,0.526706
3851,0.0,0.1,0.4,0.4,0.0,0.1,1754,1,0.48695900000000003
3851,0.1,0.3,0.0,0.5,0.0,0.1,1755,1,0.461512
3851,0.0,0.7,0.1,0.2,0.0,0.0,1756,1,0.448697
3851,0.0,0.1,0.6,0.1,0.2,0.0,1757,1,0.43249499999999996
3851,0.3,0.0,0.0,0.6,0.1,0.0,1758,1,0.440021
3851,0.0,0.3,0.3,0.0,0.4,0.0,1759,1,0.406364
3851,0.0,0.3,0.1,0.0,0.6,0.0,1760,1,0.40207800000000005
3851,0.0,0.4,0.0,0.0,0.3,0.3,1761,1,0.432093
3851,0.2,0.1,0.1,0.0,0.0,0.6,1762,1,0.47275600000000007
3851,0.0,0.1,0.6,0.0,0.1,0.2,1763,1,0.45945699999999995
3851,0.0,0.5,0.1,0.1,0.3,0.0,1764,1,0.43317
3851,0.2,0.5,0.1,0.2,0.0,0.0,1765,1,0.430278
3851,0.2,0.4,0.0,0.3,0.1,0.0,1766,1,0.420283
3851,0.0,0.2,0.4,0.0,0.0,0.4,1767,1,0.481627
3851,0.1,0.0,0.2,0.0,0.4,0.3,1768,1,0.46478
3851,0.6,0.0,0.2,0.1,0.1,0.0,1769,1,0.448391
3851,0.5,0.2,0.0,0.2,0.1,0.0,1770,1,0.40055
3851,0.2,0.2,0.0,0.0,0.3,0.3,1771,1,0.400098
3851,0.4,0.2,0.0,0.4,0.0,0.0,1772,1,0.407932
3851,0.0,0.2,0.0,0.2,0.5,0.1,1773,1,0.422913
3851,0.0,0.6,0.0,0.4,0.0,0.0,1774,1,0.443412
3851,0.0,0.0,0.0,0.3,0.5,0.2,1775,1,0.437015
3851,0.2,0.3,0.2,0.3,0.0,0.0,1776,1,0.450273
3851,0.0,0.1,0.6,0.0,0.2,0.1,1777,1,0.440921
3851,0.1,0.0,0.0,0.0,0.5,0.4,1778,1,0.43910600000000005
3851,0.5,0.0,0.1,0.1,0.0,0.3,1779,1,0.5063409999999999
3851,0.0,0.0,0.5,0.0,0.4,0.1,1780,1,0.438051
3851,0.3,0.5,0.0,0.1,0.1,0.0,1781,1,0.399357
3851,0.2,0.2,0.0,0.1,0.5,0.0,1782,1,0.417288
3851,0.4,0.3,0.0,0.0,0.2,0.1,1783,1,0.389278
3851,0.5,0.0,0.2,0.0,0.3,0.0,1784,1,0.43128900000000003
3851,0.0,0.3,0.0,0.0,0.1,0.6,1785,1,0.447061
3851,0.0,0.1,0.2,0.6,0.1,0.0,1786,1,0.42660699999999996
3851,0.0,0.2,0.0,0.0,0.4,0.4,1787,1,0.43410699999999997
3851,0.1,0.0,0.4,0.0,0.1,0.4,1788,1,0.46766899999999995
3851,0.0,0.7,0.1,0.0,0.0,0.2,1789,1,0.45943
3851,0.0,0.0,0.2,0.1,0.6,0.1,1790,1,0.42732299999999995
3851,0.0,0.0,0.6,0.0,0.1,0.3,1791,1,0.478408
3851,0.1,0.0,0.8,0.0,0.1,0.0,1792,1,0.45188500000000004
3851,0.2,0.0,0.5,0.0,0.1,0.2,1794,1,0.463217
3851,0.4,0.2,0.0,0.0,0.1,0.3,1795,1,0.404456
3851,0.1,0.0,0.2,0.2,0.5,0.0,1796,1,0.429857
3851,0.5,0.0,0.1,0.0,0.2,0.2,1797,1,0.446799
3851,0.2,0.0,0.1,0.0,0.5,0.2,1798,1,0.449166
3851,0.0,0.1,0.4,0.0,0.1,0.4,1799,1,0.46055100000000004
3851,0.2,0.0,0.4,0.0,0.0,0.4,1800,1,0.507684
3851,0.2,0.0,0.3,0.1,0.4,0.0,1801,1,0.44690100000000005
3851,0.2,0.0,0.0,0.0,0.5,0.3,1802,1,0.431938
3851,0.0,0.6,0.0,0.1,0.0,0.3,1803,1,0.477797
3851,0.0,0.0,0.7,0.0,0.2,0.1,1804,1,0.44723100000000005
3851,0.1,0.0,0.0,0.5,0.3,0.1,1805,1,0.430993
3851,0.0,0.3,0.0,0.0,0.4,0.3,1806,1,0.427968
3851,0.5,0.1,0.0,0.0,0.0,0.4,1807,1,0.437183
3851,0.3,0.4,0.2,0.0,0.0,0.1,1808,1,0.427726
3851,0.0,0.0,0.3,0.2,0.3,0.2,1809,1,0.462179
3851,0.4,0.2,0.3,0.0,0.0,0.1,1810,1,0.42535100000000003
3851,0.0,0.3,0.4,0.3,0.0,0.0,1811,1,0.454387
3851,0.5,0.0,0.0,0.2,0.0,0.3,1812,1,0.446617
3851,0.0,0.0,0.4,0.6,0.0,0.0,1813,1,0.442355
3851,0.1,0.3,0.0,0.3,0.0,0.3,1814,1,0.47051400000000004
3851,0.3,0.2,0.1,0.0,0.0,0.4,1815,1,0.43793699999999997
3851,0.3,0.0,0.0,0.7,0.0,0.0,1816,1,0.45673400000000003
3851,0.0,0.5,0.2,0.2,0.1,0.0,1817,1,0.43246899999999994
3851,0.3,0.4,0.0,0.0,0.3,0.0,1818,1,0.409317
3851,0.2,0.1,0.0,0.4,0.3,0.0,1819,1,0.415605
3851,0.0,0.3,0.0,0.1,0.4,0.2,1820,1,0.434571
3851,0.5,0.1,0.4,0.0,0.0,0.0,1821,1,0.393444
3851,0.0,0.1,0.1,0.2,0.6,0.0,1822,1,0.420309
3851,0.4,0.3,0.1,0.0,0.0,0.2,1823,1,0.417896
3851,0.0,0.4,0.1,0.4,0.1,0.0,1824,1,0.429367
3851,0.2,0.0,0.0,0.3,0.3,0.2,1825,1,0.43026400000000004
3851,0.1,0.6,0.0,0.3,0.0,0.0,1826,1,0.44379399999999997
3851,0.0,0.5,0.1,0.3,0.0,0.1,1827,1,0.470728
3851,0.0,0.0,0.3,0.3,0.3,0.1,1828,1,0.454068
3851,0.0,0.2,0.2,0.5,0.0,0.1,1829,1,0.453668
3851,0.1,0.1,0.1,0.0,0.7,0.0,1830,1,0.41651099999999996
3851,0.6,0.0,0.0,0.0,0.1,0.3,1831,1,0.440147
3851,0.0,0.8,0.0,0.0,0.1,0.1,1832,1,0.4228
3851,0.2,0.1,0.0,0.0,0.1,0.6,1833,1,0.45296499999999995
3851,0.2,0.0,0.1,0.6,0.0,0.1,1834,1,0.452928
3851,0.3,0.1,0.0,0.0,0.6,0.0,1835,1,0.400215
3851,0.0,0.0,0.1,0.8,0.1,0.0,1836,1,0.427425
3851,0.2,0.7,0.0,0.0,0.0,0.1,1837,1,0.39476300000000003
3851,0.4,0.0,0.0,0.0,0.0,0.6,1838,1,0.489731
3851,0.2,0.0,0.1,0.2,0.5,0.0,1839,1,0.426878
3851,0.2,0.1,0.3,0.4,0.0,0.0,1840,1,0.470704
3851,0.0,0.1,0.3,0.0,0.4,0.2,1841,1,0.43226499999999995
3851,0.2,0.0,0.1,0.0,0.7,0.0,1842,1,0.442644
3851,0.9,0.0,0.1,0.0,0.0,0.0,1843,1,0.434346
3851,0.6,0.0,0.1,0.2,0.0,0.1,1844,1,0.486242
3851,0.1,0.0,0.1,0.2,0.6,0.0,1845,1,0.412605
3851,0.0,0.0,0.3,0.0,0.0,0.7,1846,1,0.496841
3851,0.3,0.0,0.2,0.0,0.4,0.1,1847,1,0.43268199999999996
3851,0.0,0.0,0.2,0.1,0.4,0.3,1848,1,0.448554
3851,0.1,0.0,0.5,0.4,0.0,0.0,1849,1,0.492167
3851,0.2,0.0,0.3,0.0,0.2,0.3,1850,1,0.464404
3851,0.3,0.3,0.0,0.1,0.0,0.3,1851,1,0.404359
3851,0.5,0.2,0.1,0.0,0.2,0.0,1852,1,0.38159
3851,0.1,0.0,0.1,0.0,0.2,0.6,1853,1,0.456872
3851,0.3,0.1,0.5,0.1,0.0,0.0,1854,1,0.45556899999999995
3851,0.1,0.0,0.2,0.1,0.6,0.0,1855,1,0.441038
3851,0.2,0.1,0.5,0.0,0.2,0.0,1856,1,0.411026
3851,0.0,0.0,0.1,0.4,0.5,0.0,1858,1,0.423138
3851,0.1,0.9,0.0,0.0,0.0,0.0,1859,1,0.41648900000000005
3851,0.0,0.0,0.5,0.1,0.0,0.4,1860,1,0.514707
3851,0.3,0.0,0.1,0.0,0.2,0.4,1861,1,0.45574499999999996
3851,0.0,0.0,0.0,0.3,0.3,0.4,1862,1,0.44430200000000003
3851,0.1,0.6,0.0,0.1,0.2,0.0,1863,1,0.421393
3851,0.1,0.0,0.2,0.0,0.5,0.2,1864,1,0.450367
3851,0.1,0.2,0.0,0.5,0.2,0.0,1865,1,0.42361400000000005
3851,0.0,0.0,0.2,0.2,0.5,0.1,1866,1,0.43331099999999995
3851,0.1,0.0,0.0,0.3,0.3,0.3,1867,1,0.43829700000000005
3851,0.0,0.1,0.2,0.5,0.0,0.2,1868,1,0.47246800000000005
3851,0.2,0.1,0.0,0.2,0.0,0.5,1869,1,0.450169
3851,0.2,0.0,0.1,0.1,0.6,0.0,1870,1,0.43179399999999996
3851,0.0,0.2,0.0,0.4,0.4,0.0,1871,1,0.41763900000000004
3851,0.1,0.0,0.8,0.0,0.0,0.1,1872,1,0.47635600000000006
3851,0.0,0.1,0.0,0.5,0.1,0.3,1873,1,0.46753900000000004
3851,0.0,0.0,0.1,0.6,0.1,0.2,1874,1,0.45106999999999997
3851,0.0,0.0,0.1,0.0,0.6,0.3,1875,1,0.43367799999999995
3851,0.5,0.2,0.0,0.0,0.3,0.0,1876,1,0.404927
3851,0.0,0.1,0.3,0.0,0.3,0.3,1877,1,0.449363
3851,0.4,0.3,0.2,0.0,0.1,0.0,1878,1,0.407545
3851,0.0,0.1,0.0,0.5,0.4,0.0,1879,1,0.41969300000000004
3851,0.3,0.4,0.1,0.0,0.2,0.0,1880,1,0.40997100000000003
3851,0.0,0.1,0.4,0.2,0.0,0.3,1881,1,0.49353
3851,0.3,0.1,0.0,0.0,0.3,0.3,1882,1,0.402889
3851,0.2,0.1,0.0,0.3,0.0,0.4,1883,1,0.446093
3851,0.0,0.1,0.3,0.0,0.0,0.6,1884,1,0.516983
3851,0.0,0.0,0.1,0.7,0.0,0.2,1885,1,0.45178199999999996
3851,0.6,0.2,0.1,0.0,0.0,0.1,1886,1,0.401406
3851,0.0,0.1,0.0,0.7,0.1,0.1,1887,1,0.44270299999999996
3851,0.5,0.0,0.1,0.0,0.3,0.1,1888,1,0.44162700000000005
3851,0.4,0.1,0.0,0.5,0.0,0.0,1889,1,0.435512
3851,0.0,0.5,0.0,0.0,0.5,0.0,1890,1,0.414829
3851,0.0,0.4,0.5,0.0,0.0,0.1,1891,1,0.45206499999999994
3851,0.0,0.1,0.5,0.1,0.0,0.3,1892,1,0.510862
3851,0.1,0.0,0.0,0.6,0.0,0.3,1893,1,0.499309
3851,0.3,0.2,0.2,0.3,0.0,0.0,1894,1,0.45792
3851,0.0,0.4,0.4,0.2,0.0,0.0,1895,1,0.463203
3851,0.0,0.0,0.4,0.4,0.0,0.2,1896,1,0.48209799999999997
3851,0.0,0.4,0.4,0.1,0.0,0.1,1897,1,0.463742
3851,0.0,0.0,0.4,0.1,0.3,0.2,1898,1,0.47311899999999996
3851,0.9,0.0,0.0,0.0,0.1,0.0,1899,1,0.42598800000000003
3851,0.5,0.1,0.0,0.0,0.4,0.0,1900,1,0.396833
3851,0.0,0.2,0.3,0.0,0.4,0.1,1901,1,0.412045
3851,0.2,0.3,0.1,0.0,0.4,0.0,1902,1,0.420304
3851,0.3,0.0,0.0,0.0,0.0,0.7,1903,1,0.48079799999999995
3851,0.6,0.0,0.0,0.1,0.2,0.1,1904,1,0.441171
3851,0.7,0.0,0.1,0.1,0.0,0.1,1905,1,0.48213999999999996
3851,0.6,0.0,0.1,0.1,0.2,0.0,1906,1,0.443921
3851,0.0,0.1,0.3,0.4,0.2,0.0,1907,1,0.44566999999999996
3851,0.0,0.2,0.0,0.5,0.0,0.3,1908,1,0.5116930000000001
3851,0.0,0.2,0.2,0.0,0.5,0.1,1909,1,0.414972
3851,0.1,0.2,0.0,0.0,0.4,0.3,1910,1,0.43183
3851,0.0,0.0,0.6,0.1,0.3,0.0,1911,1,0.45269899999999996
3851,0.4,0.5,0.0,0.1,0.0,0.0,1912,1,0.38773
3851,0.0,0.3,0.3,0.2,0.0,0.2,1913,1,0.503629
3851,0.0,0.1,0.2,0.6,0.0,0.1,1914,1,0.47542
3851,0.1,0.0,0.0,0.1,0.4,0.4,1915,1,0.42543800000000004
3851,0.0,0.0,0.0,0.1,0.9,0.0,1916,1,0.412991
3851,0.4,0.1,0.0,0.0,0.2,0.3,1917,1,0.40289
3851,0.2,0.0,0.2,0.1,0.5,0.0,1918,1,0.44239300000000004
3851,0.3,0.1,0.0,0.5,0.0,0.1,1919,1,0.446978
3851,0.0,0.1,0.7,0.0,0.1,0.1,1920,1,0.44075699999999995
3851,0.0,0.1,0.2,0.3,0.4,0.0,1922,1,0.42648500000000006
3851,0.2,0.0,0.0,0.5,0.3,0.0,1923,1,0.41873900000000003
3851,0.0,0.0,0.4,0.3,0.0,0.3,1924,1,0.516454
3851,0.3,0.0,0.2,0.3,0.0,0.2,1925,1,0.49131199999999997
3851,0.2,0.3,0.0,0.2,0.3,0.0,1926,1,0.413839
3851,0.0,0.4,0.1,0.0,0.5,0.0,1927,1,0.406566
3851,0.2,0.2,0.0,0.5,0.1,0.0,1928,1,0.42132
3851,0.3,0.5,0.0,0.0,0.1,0.1,1929,1,0.39111799999999997
3851,0.6,0.1,0.0,0.2,0.0,0.1,1930,1,0.411966
3851,0.4,0.1,0.0,0.0,0.4,0.1,1931,1,0.392385
3851,0.0,0.2,0.1,0.3,0.4,0.0,1932,1,0.42423599999999995
3851,0.9,0.0,0.0,0.0,0.0,0.1,1933,1,0.431972
3851,0.4,0.0,0.0,0.3,0.2,0.1,1934,1,0.43048800000000004
3851,0.1,0.0,0.4,0.1,0.0,0.4,1935,1,0.504211
3851,0.4,0.0,0.1,0.2,0.3,0.0,1936,1,0.44199499999999997
3851,0.2,0.5,0.0,0.3,0.0,0.0,1937,1,0.432493
3851,0.3,0.0,0.2,0.0,0.1,0.4,1938,1,0.46192799999999995
3851,0.1,0.2,0.4,0.3,0.0,0.0,1939,1,0.460661
3851,0.3,0.1,0.5,0.0,0.0,0.1,1940,1,0.42814300000000005
3851,0.2,0.1,0.7,0.0,0.0,0.0,1941,1,0.41102700000000003
3851,0.0,0.1,0.0,0.3,0.4,0.2,1942,1,0.42766899999999997
3851,0.1,0.1,0.0,0.0,0.1,0.7,1943,1,0.44748000000000004
3851,0.7,0.0,0.0,0.0,0.3,0.0,1944,1,0.423146
3851,0.6,0.1,0.0,0.1,0.2,0.0,1945,1,0.41362
3851,0.0,0.2,0.5,0.3,0.0,0.0,1946,1,0.45580699999999996
3851,0.0,0.2,0.3,0.0,0.5,0.0,1947,1,0.403855
3851,0.1,0.4,0.3,0.0,0.0,0.2,1948,1,0.44697200000000004
3851,0.0,0.5,0.1,0.0,0.2,0.2,1949,1,0.444355
3851,0.0,0.0,0.1,0.3,0.4,0.2,1950,1,0.42890900000000004
3851,0.1,0.0,0.6,0.1,0.0,0.2,1951,1,0.50034
3851,0.0,0.3,0.3,0.3,0.1,0.0,1952,1,0.44681000000000004
3851,0.2,0.3,0.0,0.0,0.4,0.1,1953,1,0.413529
3851,0.0,0.0,0.1,0.1,0.6,0.2,1954,1,0.42057799999999995
3851,0.3,0.1,0.0,0.0,0.5,0.1,1955,1,0.411364
3851,0.0,0.1,0.0,0.0,0.9,0.0,1956,1,0.414541
3851,0.5,0.0,0.3,0.1,0.0,0.1,1957,1,0.5005930000000001
3851,0.1,0.0,0.0,0.1,0.0,0.8,1958,1,0.5314369999999999
3851,0.0,0.2,0.6,0.0,0.1,0.1,1959,1,0.440729
3851,0.1,0.5,0.0,0.0,0.4,0.0,1960,1,0.42266899999999996
3851,0.1,0.3,0.0,0.2,0.4,0.0,1961,1,0.41661499999999996
3851,0.0,0.0,0.5,0.1,0.1,0.3,1962,1,0.477574
3851,0.6,0.0,0.0,0.3,0.0,0.1,1963,1,0.45493
3851,0.1,0.0,0.0,0.5,0.0,0.4,1964,1,0.46495200000000003
3851,0.7,0.1,0.1,0.1,0.0,0.0,1965,1,0.444579
3851,0.1,0.0,0.0,0.0,0.6,0.3,1966,1,0.425592
3851,0.1,0.0,0.1,0.1,0.7,0.0,1967,1,0.432098
3851,0.0,0.1,0.0,0.1,0.5,0.3,1968,1,0.43094899999999997
3851,0.2,0.0,0.4,0.0,0.3,0.1,1969,1,0.455092
3851,0.3,0.2,0.3,0.0,0.0,0.2,1970,1,0.42912700000000004
3851,0.7,0.1,0.1,0.0,0.1,0.0,1971,1,0.38265
3851,0.0,0.1,0.2,0.1,0.0,0.6,1972,1,0.544459
3851,0.3,0.0,0.5,0.0,0.2,0.0,1973,1,0.42622
3851,0.5,0.1,0.0,0.3,0.0,0.1,1974,1,0.419688
3851,0.4,0.1,0.1,0.0,0.4,0.0,1975,1,0.396565
3851,0.0,0.5,0.0,0.1,0.0,0.4,1976,1,0.450226
3851,0.3,0.0,0.2,0.0,0.2,0.3,1977,1,0.45700799999999997
3851,0.1,0.0,0.2,0.3,0.0,0.4,1978,1,0.515904
3851,0.1,0.5,0.4,0.0,0.0,0.0,1979,1,0.384492
3851,0.3,0.0,0.4,0.0,0.1,0.2,1980,1,0.447767
3851,0.0,0.0,0.1,0.0,0.9,0.0,1981,1,0.416216
3851,0.0,0.1,0.9,0.0,0.0,0.0,1982,1,0.43260200000000004
3851,0.0,0.0,0.1,0.5,0.1,0.3,1983,1,0.46445699999999995
3851,0.7,0.0,0.1,0.0,0.0,0.2,1984,1,0.44097600000000003
3851,0.0,0.1,0.3,0.3,0.3,0.0,1986,1,0.43525699999999995
3851,0.2,0.2,0.3,0.3,0.0,0.0,1987,1,0.45489300000000005
3851,0.3,0.0,0.2,0.4,0.1,0.0,1988,1,0.472746
3851,0.2,0.0,0.2,0.3,0.0,0.3,1989,1,0.511387
3851,0.2,0.1,0.0,0.0,0.6,0.1,1990,1,0.40596
3851,0.1,0.4,0.0,0.0,0.5,0.0,1991,1,0.413941
3851,0.4,0.4,0.1,0.0,0.1,0.0,1992,1,0.40529699999999996
3851,0.0,0.2,0.6,0.1,0.0,0.1,1993,1,0.459236
3851,0.6,0.0,0.2,0.0,0.1,0.1,1994,1,0.439144
3851,0.1,0.0,0.0,0.0,0.4,0.5,1995,1,0.43221899999999996
3851,0.1,0.0,0.0,0.2,0.2,0.5,1996,1,0.436713
3851,0.0,0.1,0.1,0.7,0.1,0.0,1997,1,0.424241
3851,0.1,0.2,0.0,0.4,0.0,0.3,1998,1,0.468983
3851,0.8,0.1,0.0,0.0,0.0,0.1,1999,1,0.390359
3851,0.0,0.2,0.4,0.0,0.4,0.0,2000,1,0.407506
3851,0.1,0.3,0.0,0.0,0.0,0.6,2001,1,0.44815299999999997
3851,0.2,0.3,0.3,0.0,0.2,0.0,2002,1,0.41456499999999996
3851,0.5,0.0,0.3,0.1,0.1,0.0,2003,1,0.45749300000000004
3851,0.1,0.0,0.0,0.0,0.7,0.2,2004,1,0.43059
3851,0.6,0.0,0.1,0.0,0.1,0.2,2005,1,0.438029
3851,0.0,0.0,0.4,0.1,0.4,0.1,2006,1,0.447011
3851,0.0,0.2,0.0,0.4,0.3,0.1,2007,1,0.429777
3851,0.5,0.0,0.0,0.1,0.0,0.4,2008,1,0.460525
3851,0.1,0.0,0.0,0.6,0.2,0.1,2009,1,0.431487
3851,0.0,0.0,0.1,0.5,0.4,0.0,2010,1,0.425099
3851,0.1,0.0,0.2,0.0,0.7,0.0,2011,1,0.42908999999999997
3851,0.1,0.4,0.0,0.5,0.0,0.0,2012,1,0.44016400000000006
3851,0.0,0.4,0.2,0.1,0.3,0.0,2013,1,0.426863
3851,0.0,0.1,0.5,0.3,0.0,0.1,2014,1,0.47805699999999995
3851,0.1,0.2,0.0,0.2,0.0,0.5,2015,1,0.490338
3851,0.2,0.2,0.0,0.3,0.3,0.0,2016,1,0.413943
3851,0.2,0.0,0.3,0.0,0.0,0.5,2017,1,0.47827700000000006
3851,0.6,0.0,0.0,0.0,0.4,0.0,2018,1,0.42786
3851,0.0,0.5,0.2,0.0,0.3,0.0,2019,1,0.41152299999999997
3851,0.0,0.3,0.0,0.5,0.2,0.0,2020,1,0.422387
3851,0.4,0.0,0.4,0.1,0.0,0.1,2021,1,0.5065029999999999
3851,0.3,0.0,0.0,0.3,0.0,0.4,2022,1,0.496687
3851,0.1,0.1,0.7,0.0,0.0,0.1,2023,1,0.45241899999999996
3851,0.0,0.2,0.5,0.0,0.2,0.1,2024,1,0.431278
3851,0.0,0.5,0.0,0.3,0.2,0.0,2025,1,0.41872700000000007
3851,0.5,0.0,0.2,0.2,0.1,0.0,2026,1,0.470896
3851,0.0,0.4,0.0,0.2,0.3,0.1,2027,1,0.42467
3851,0.0,0.2,0.3,0.2,0.0,0.3,2028,1,0.5168689999999999
3851,0.4,0.0,0.3,0.0,0.3,0.0,2029,1,0.42283699999999996
3851,0.1,0.0,0.2,0.0,0.0,0.7,2030,1,0.504243
3851,0.4,0.1,0.5,0.0,0.0,0.0,2031,1,0.38058600000000004
3851,0.0,0.7,0.0,0.3,0.0,0.0,2032,1,0.45267799999999997
3851,0.1,0.5,0.3,0.0,0.0,0.1,2033,1,0.409867
3851,0.4,0.0,0.0,0.0,0.2,0.4,2034,1,0.426882
3851,0.3,0.0,0.2,0.3,0.2,0.0,2035,1,0.42989099999999997
3851,0.0,0.4,0.0,0.0,0.6,0.0,2036,1,0.41609300000000005
3851,0.4,0.1,0.0,0.2,0.0,0.3,2037,1,0.417857
3851,0.3,0.2,0.0,0.3,0.0,0.2,2038,1,0.42431800000000003
3851,0.0,0.4,0.0,0.3,0.0,0.3,2039,1,0.45996000000000004
3851,0.0,0.0,0.6,0.2,0.1,0.1,2040,1,0.486188
3851,0.1,0.2,0.3,0.0,0.4,0.0,2041,1,0.416655
3851,0.2,0.3,0.4,0.0,0.0,0.1,2042,1,0.40525500000000003
3851,0.1,0.5,0.0,0.3,0.0,0.1,2043,1,0.431471
3851,0.1,0.0,0.3,0.4,0.0,0.2,2044,1,0.5037159999999999
3851,0.8,0.0,0.1,0.0,0.1,0.0,2045,1,0.42601400000000006
3851,0.0,0.1,0.0,0.0,0.2,0.7,2046,1,0.450421
3851,0.1,0.0,0.0,0.3,0.4,0.2,2047,1,0.42689099999999996
3851,0.0,0.1,0.4,0.1,0.0,0.4,2048,1,0.49836
3851,0.0,0.4,0.0,0.1,0.0,0.5,2050,1,0.48758199999999996
3851,0.1,0.0,0.4,0.3,0.2,0.0,2051,1,0.45169799999999993
3851,0.0,0.1,0.2,0.4,0.0,0.3,2052,1,0.494312
3851,0.0,0.0,0.3,0.1,0.2,0.4,2053,1,0.469099
3851,0.1,0.6,0.1,0.2,0.0,0.0,2054,1,0.42854
3851,0.0,0.2,0.0,0.3,0.1,0.4,2055,1,0.44813000000000003
3851,0.0,0.0,0.1,0.0,0.7,0.2,2056,1,0.418767
3851,0.0,0.0,0.0,0.6,0.3,0.1,2057,1,0.43393000000000004
3851,0.0,0.7,0.2,0.0,0.1,0.0,2058,1,0.425779
3851,0.1,0.0,0.6,0.1,0.2,0.0,2059,1,0.445047
3851,0.3,0.2,0.0,0.2,0.3,0.0,2060,1,0.39625
3851,0.2,0.2,0.0,0.0,0.5,0.1,2061,1,0.394348
3851,0.0,0.7,0.0,0.1,0.0,0.2,2062,1,0.471796
3851,0.0,0.0,0.2,0.2,0.1,0.5,2063,1,0.448218
3851,0.0,0.4,0.3,0.0,0.2,0.1,2064,1,0.432806
3851,0.1,0.2,0.5,0.0,0.2,0.0,2065,1,0.42133699999999996
3851,0.0,0.4,0.3,0.2,0.1,0.0,2066,1,0.43275699999999995
3851,0.3,0.0,0.2,0.0,0.0,0.5,2067,1,0.490867
3851,0.2,0.0,0.3,0.5,0.0,0.0,2068,1,0.47856099999999996
3851,0.1,0.0,0.0,0.7,0.1,0.1,2069,1,0.44960900000000004
3851,0.0,0.0,0.1,0.1,0.7,0.1,2070,1,0.421041
3851,0.0,0.2,0.4,0.0,0.3,0.1,2071,1,0.422388
3851,0.0,0.3,0.3,0.0,0.3,0.1,2072,1,0.425519
3851,0.0,0.6,0.0,0.0,0.3,0.1,2073,1,0.427508
3851,0.0,0.4,0.0,0.4,0.0,0.2,2074,1,0.470607
3851,0.4,0.0,0.1,0.3,0.0,0.2,2075,1,0.479311
3851,0.0,0.5,0.2,0.1,0.2,0.0,2076,1,0.43165699999999996
3851,0.0,0.0,0.0,0.1,0.3,0.6,2078,1,0.44991400000000004
3851,0.0,0.3,0.4,0.2,0.0,0.1,2079,1,0.469103
3851,0.5,0.1,0.0,0.1,0.0,0.3,2080,1,0.42513599999999996
3851,0.0,0.0,0.3,0.3,0.4,0.0,2081,1,0.448941
3851,0.6,0.0,0.0,0.0,0.0,0.4,2082,1,0.46024899999999996
3851,0.0,0.1,0.0,0.7,0.2,0.0,2083,1,0.424338
3851,0.0,0.1,0.0,0.1,0.3,0.5,2084,1,0.43948999999999994
3851,0.1,0.1,0.0,0.7,0.1,0.0,2085,1,0.44112799999999996
3851,0.2,0.0,0.1,0.0,0.2,0.5,2086,1,0.456736
3851,0.1,0.3,0.0,0.6,0.0,0.0,2087,1,0.44317
3851,0.0,0.0,0.5,0.5,0.0,0.0,2088,1,0.462937
3851,0.1,0.3,0.1,0.5,0.0,0.0,2089,1,0.441766
3851,0.0,0.3,0.2,0.4,0.1,0.0,2090,1,0.44359
3851,0.0,0.1,0.1,0.0,0.0,0.8,2091,1,0.497666
3851,0.3,0.5,0.1,0.1,0.0,0.0,2092,1,0.421364
3851,0.1,0.0,0.3,0.4,0.2,0.0,2093,1,0.446978
3851,0.2,0.0,0.0,0.1,0.4,0.3,2094,1,0.441486
3851,0.1,0.0,0.0,0.4,0.5,0.0,2095,1,0.404633
3851,0.0,0.0,0.0,0.6,0.4,0.0,2096,1,0.42778999999999995
3851,0.1,0.0,0.4,0.3,0.0,0.2,2097,1,0.47097700000000003
3851,0.0,0.2,0.0,0.2,0.3,0.3,2098,1,0.43472299999999997
3851,0.3,0.1,0.0,0.3,0.0,0.3,2099,1,0.44583599999999995
3851,0.0,0.0,0.0,0.3,0.0,0.7,2100,1,0.485783
3851,0.3,0.1,0.1,0.0,0.0,0.5,2101,1,0.42739799999999994
3851,0.4,0.5,0.1,0.0,0.0,0.0,2102,1,0.360648
3851,0.0,0.2,0.0,0.1,0.5,0.2,2103,1,0.435846
3851,0.0,0.1,0.0,0.0,0.6,0.3,2104,1,0.42223599999999994
3851,0.0,0.2,0.5,0.2,0.1,0.0,2105,1,0.440125
3851,0.2,0.0,0.4,0.1,0.3,0.0,2106,1,0.43083599999999994
3851,0.1,0.1,0.0,0.6,0.2,0.0,2107,1,0.423099
3851,0.0,0.0,0.5,0.2,0.3,0.0,2108,1,0.455733
3851,0.0,0.1,0.0,0.3,0.6,0.0,2109,1,0.410797
3851,0.6,0.2,0.0,0.1,0.0,0.1,2110,1,0.368946
3851,0.0,0.5,0.2,0.1,0.0,0.2,2111,1,0.470199
3851,0.0,0.0,0.4,0.1,0.2,0.3,2112,1,0.47921899999999995
3851,0.3,0.3,0.3,0.0,0.0,0.1,2135,1,0.423983
3851,0.0,0.0,0.1,0.0,0.8,0.1,2136,1,0.42200699999999997
3851,0.4,0.0,0.0,0.0,0.1,0.5,2137,1,0.442356
3851,0.0,0.0,0.1,0.0,0.1,0.8,2138,1,0.474854
3851,0.3,0.0,0.2,0.1,0.0,0.4,2139,1,0.511738
3851,0.0,0.1,0.7,0.0,0.2,0.0,2140,1,0.419133
3851,0.4,0.1,0.0,0.0,0.1,0.4,2141,1,0.41907799999999995
3851,0.0,0.0,0.4,0.2,0.0,0.4,2142,1,0.517404
3851,0.5,0.3,0.0,0.1,0.1,0.0,2143,1,0.408425
3851,0.0,0.2,0.1,0.2,0.5,0.0,2144,1,0.4183
3851,0.0,0.6,0.1,0.0,0.3,0.0,2145,1,0.419667
3851,0.0,0.0,0.3,0.6,0.1,0.0,2146,1,0.442643
3851,0.2,0.5,0.0,0.1,0.0,0.2,2147,1,0.412631
3851,0.1,0.1,0.1,0.7,0.0,0.0,2148,1,0.44574300000000006
3851,0.4,0.1,0.0,0.2,0.3,0.0,2149,1,0.41287799999999997
3851,0.2,0.1,0.0,0.5,0.2,0.0,2150,1,0.422548
3851,0.0,0.1,0.0,0.0,0.3,0.6,2151,1,0.44549700000000003
3851,0.0,0.4,0.0,0.0,0.2,0.4,2152,1,0.438367
3851,0.0,0.8,0.0,0.1,0.0,0.1,2153,1,0.46292
3851,0.0,0.2,0.2,0.0,0.3,0.3,2154,1,0.447409
3851,0.0,0.0,0.1,0.2,0.7,0.0,2155,1,0.42142700000000005
3851,0.0,0.2,0.1,0.0,0.7,0.0,2156,1,0.396981
3851,0.3,0.1,0.0,0.4,0.0,0.2,2157,1,0.44309399999999993
3851,0.3,0.0,0.2,0.2,0.3,0.0,2158,1,0.44505100000000003
3851,0.0,0.0,0.3,0.5,0.0,0.2,2159,1,0.477126
3851,0.3,0.2,0.0,0.0,0.3,0.2,2160,1,0.38621
3851,0.0,0.0,0.2,0.1,0.2,0.5,2161,1,0.459837
3851,0.5,0.0,0.2,0.1,0.2,0.0,2162,1,0.44430600000000003
3851,0.3,0.0,0.0,0.0,0.6,0.1,2163,1,0.428421
3851,0.1,0.1,0.0,0.0,0.8,0.0,2164,1,0.419108
3851,0.0,0.0,0.1,0.3,0.3,0.3,2165,1,0.438751
3851,0.0,0.4,0.2,0.0,0.0,0.4,2166,1,0.433036
3851,0.3,0.2,0.3,0.0,0.2,0.0,2167,1,0.386856
3851,0.0,0.0,0.0,0.2,0.4,0.4,2168,1,0.435064
3851,0.0,0.1,0.2,0.3,0.0,0.4,2169,1,0.504468
3851,0.1,0.2,0.3,0.0,0.0,0.4,2170,1,0.462139
3851,0.3,0.1,0.0,0.4,0.2,0.0,2171,1,0.4067
3851,0.4,0.2,0.0,0.3,0.1,0.0,2172,1,0.36641599999999996
3851,0.0,0.5,0.1,0.0,0.1,0.3,2173,1,0.43378500000000003
3851,0.7,0.1,0.0,0.0,0.2,0.0,2174,1,0.356252
3851,0.4,0.0,0.3,0.3,0.0,0.0,2175,1,0.499796
3851,0.0,0.0,0.0,0.1,0.7,0.2,2176,1,0.42709300000000006
